total_std_bin,total_std_lo,total_std_hi,pred_bin,pred_lo,pred_hi,n,mean_alpha,std_alpha,mean_GT,mean_pred,mean_total_std,axis,eps
0,0.0,0.0,1,-0.57,-0.45699999999999996,6,0.03446488454937935,0.0017422065138816833,-0.5547511577606201,-0.4724174439907074,5.0635504722595215,x,2.2
0,0.0,0.0,2,-0.45699999999999996,-0.344,701,0.034557029604911804,0.04804949462413788,-0.3854092061519623,-0.36629626154899597,1.9448623657226562,x,2.2
0,0.0,0.0,3,-0.344,-0.23099999999999998,2344,0.1429409235715866,0.3044116795063019,-0.33078303933143616,-0.2825385332107544,2.4856152534484863,x,2.2
0,0.0,0.0,4,-0.23099999999999998,-0.118,6429,0.39728695154190063,1.1575279235839844,-0.21076536178588867,-0.16666968166828156,1.2352230548858643,x,2.2
0,0.0,0.0,5,-0.118,-0.0050000000000000044,30543,19.29001235961914,52.84477233886719,-0.19413311779499054,-0.04005875810980797,0.5193782448768616,x,2.2
0,0.0,0.0,7,0.095,0.19,9408,0.7151784896850586,1.9232758283615112,0.18090245127677917,0.14024414122104645,0.7812670469284058,x,2.2
0,0.0,0.0,8,0.19,0.28500000000000003,3466,0.22050634026527405,0.5037115216255188,0.290357381105423,0.23290149867534637,2.014648914337158,x,2.2
0,0.0,0.0,9,0.28500000000000003,0.38,1528,0.08601430058479309,0.1401871144771576,0.37116876244544983,0.3238140046596527,2.608522653579712,x,2.2
0,0.0,0.0,10,0.38,0.475,202,0.04040231555700302,0.006944822613149881,0.49237385392189026,0.4236069619655609,4.309306621551514,x,2.2
0,0.0,0.0,11,0.475,0.57,34,0.017966290935873985,0.006231558974832296,0.5231160521507263,0.4920370876789093,3.5972766876220703,x,2.2
1,0.0,0.02631578947368421,1,-0.57,-0.45699999999999996,6,0.03446488454937935,0.0017422065138816833,-0.5547511577606201,-0.4724174439907074,5.0635504722595215,x,2.2
1,0.0,0.02631578947368421,2,-0.45699999999999996,-0.344,701,0.034557029604911804,0.04804949462413788,-0.3854092061519623,-0.36629626154899597,1.9448623657226562,x,2.2
1,0.0,0.02631578947368421,3,-0.344,-0.23099999999999998,2344,0.1429409235715866,0.3044116795063019,-0.33078303933143616,-0.2825385332107544,2.4856152534484863,x,2.2
1,0.0,0.02631578947368421,4,-0.23099999999999998,-0.118,6429,0.39728695154190063,1.1575279235839844,-0.21076536178588867,-0.16666968166828156,1.2352230548858643,x,2.2
1,0.0,0.02631578947368421,5,-0.118,-0.0050000000000000044,30543,19.29001235961914,52.84477233886719,-0.19413311779499054,-0.04005875810980797,0.5193782448768616,x,2.2
1,0.0,0.02631578947368421,7,0.095,0.19,9408,0.7151784896850586,1.9232758283615112,0.18090245127677917,0.14024414122104645,0.7812670469284058,x,2.2
1,0.0,0.02631578947368421,8,0.19,0.28500000000000003,3466,0.22050634026527405,0.5037115216255188,0.290357381105423,0.23290149867534637,2.014648914337158,x,2.2
1,0.0,0.02631578947368421,9,0.28500000000000003,0.38,1528,0.08601430058479309,0.1401871144771576,0.37116876244544983,0.3238140046596527,2.608522653579712,x,2.2
1,0.0,0.02631578947368421,10,0.38,0.475,202,0.04040231555700302,0.006944822613149881,0.49237385392189026,0.4236069619655609,4.309306621551514,x,2.2
1,0.0,0.02631578947368421,11,0.475,0.57,34,0.017966290935873985,0.006231558974832296,0.5231160521507263,0.4920370876789093,3.5972766876220703,x,2.2
2,0.02631578947368421,0.05263157894736842,1,-0.57,-0.45699999999999996,6,0.03446488454937935,0.0017422065138816833,-0.5547511577606201,-0.4724174439907074,5.0635504722595215,x,2.2
2,0.02631578947368421,0.05263157894736842,2,-0.45699999999999996,-0.344,701,0.034557029604911804,0.04804949462413788,-0.3854092061519623,-0.36629626154899597,1.9448623657226562,x,2.2
2,0.02631578947368421,0.05263157894736842,3,-0.344,-0.23099999999999998,2344,0.1429409235715866,0.3044116795063019,-0.33078303933143616,-0.2825385332107544,2.4856152534484863,x,2.2
2,0.02631578947368421,0.05263157894736842,4,-0.23099999999999998,-0.118,6429,0.39728695154190063,1.1575279235839844,-0.21076536178588867,-0.16666968166828156,1.2352230548858643,x,2.2
2,0.02631578947368421,0.05263157894736842,5,-0.118,-0.0050000000000000044,30543,19.29001235961914,52.84477233886719,-0.19413311779499054,-0.04005875810980797,0.5193782448768616,x,2.2
2,0.02631578947368421,0.05263157894736842,7,0.095,0.19,9408,0.7151784896850586,1.9232758283615112,0.18090245127677917,0.14024414122104645,0.7812670469284058,x,2.2
2,0.02631578947368421,0.05263157894736842,8,0.19,0.28500000000000003,3466,0.22050634026527405,0.5037115216255188,0.290357381105423,0.23290149867534637,2.014648914337158,x,2.2
2,0.02631578947368421,0.05263157894736842,9,0.28500000000000003,0.38,1528,0.08601430058479309,0.1401871144771576,0.37116876244544983,0.3238140046596527,2.608522653579712,x,2.2
2,0.02631578947368421,0.05263157894736842,10,0.38,0.475,202,0.04040231555700302,0.006944822613149881,0.49237385392189026,0.4236069619655609,4.309306621551514,x,2.2
2,0.02631578947368421,0.05263157894736842,11,0.475,0.57,34,0.017966290935873985,0.006231558974832296,0.5231160521507263,0.4920370876789093,3.5972766876220703,x,2.2
3,0.05263157894736842,0.07894736842105263,1,-0.57,-0.45699999999999996,6,0.03446488454937935,0.0017422065138816833,-0.5547511577606201,-0.4724174439907074,5.0635504722595215,x,2.2
3,0.05263157894736842,0.07894736842105263,2,-0.45699999999999996,-0.344,701,0.034557029604911804,0.04804949462413788,-0.3854092061519623,-0.36629626154899597,1.9448623657226562,x,2.2
3,0.05263157894736842,0.07894736842105263,3,-0.344,-0.23099999999999998,2344,0.1429409235715866,0.3044116795063019,-0.33078303933143616,-0.2825385332107544,2.4856152534484863,x,2.2
3,0.05263157894736842,0.07894736842105263,4,-0.23099999999999998,-0.118,6429,0.39728695154190063,1.1575279235839844,-0.21076536178588867,-0.16666968166828156,1.2352230548858643,x,2.2
3,0.05263157894736842,0.07894736842105263,5,-0.118,-0.0050000000000000044,30543,19.29001235961914,52.84477233886719,-0.19413311779499054,-0.04005875810980797,0.5193782448768616,x,2.2
3,0.05263157894736842,0.07894736842105263,7,0.095,0.19,9408,0.7151784896850586,1.9232758283615112,0.18090245127677917,0.14024414122104645,0.7812670469284058,x,2.2
3,0.05263157894736842,0.07894736842105263,8,0.19,0.28500000000000003,3466,0.22050634026527405,0.5037115216255188,0.290357381105423,0.23290149867534637,2.014648914337158,x,2.2
3,0.05263157894736842,0.07894736842105263,9,0.28500000000000003,0.38,1528,0.08601430058479309,0.1401871144771576,0.37116876244544983,0.3238140046596527,2.608522653579712,x,2.2
3,0.05263157894736842,0.07894736842105263,10,0.38,0.475,202,0.04040231555700302,0.006944822613149881,0.49237385392189026,0.4236069619655609,4.309306621551514,x,2.2
3,0.05263157894736842,0.07894736842105263,11,0.475,0.57,34,0.017966290935873985,0.006231558974832296,0.5231160521507263,0.4920370876789093,3.5972766876220703,x,2.2
4,0.07894736842105263,0.10526315789473684,1,-0.57,-0.45699999999999996,6,0.03446488454937935,0.0017422065138816833,-0.5547511577606201,-0.4724174439907074,5.0635504722595215,x,2.2
4,0.07894736842105263,0.10526315789473684,2,-0.45699999999999996,-0.344,701,0.034557029604911804,0.04804949462413788,-0.3854092061519623,-0.36629626154899597,1.9448623657226562,x,2.2
4,0.07894736842105263,0.10526315789473684,3,-0.344,-0.23099999999999998,2344,0.1429409235715866,0.3044116795063019,-0.33078303933143616,-0.2825385332107544,2.4856152534484863,x,2.2
4,0.07894736842105263,0.10526315789473684,4,-0.23099999999999998,-0.118,6429,0.39728695154190063,1.1575279235839844,-0.21076536178588867,-0.16666968166828156,1.2352230548858643,x,2.2
4,0.07894736842105263,0.10526315789473684,5,-0.118,-0.0050000000000000044,30543,19.29001235961914,52.84477233886719,-0.19413311779499054,-0.04005875810980797,0.5193782448768616,x,2.2
4,0.07894736842105263,0.10526315789473684,7,0.095,0.19,9408,0.7151784896850586,1.9232758283615112,0.18090245127677917,0.14024414122104645,0.7812670469284058,x,2.2
4,0.07894736842105263,0.10526315789473684,8,0.19,0.28500000000000003,3466,0.22050634026527405,0.5037115216255188,0.290357381105423,0.23290149867534637,2.014648914337158,x,2.2
4,0.07894736842105263,0.10526315789473684,9,0.28500000000000003,0.38,1528,0.08601430058479309,0.1401871144771576,0.37116876244544983,0.3238140046596527,2.608522653579712,x,2.2
4,0.07894736842105263,0.10526315789473684,10,0.38,0.475,202,0.04040231555700302,0.006944822613149881,0.49237385392189026,0.4236069619655609,4.309306621551514,x,2.2
4,0.07894736842105263,0.10526315789473684,11,0.475,0.57,34,0.017966290935873985,0.006231558974832296,0.5231160521507263,0.4920370876789093,3.5972766876220703,x,2.2
5,0.10526315789473684,0.13157894736842105,1,-0.57,-0.45699999999999996,6,0.03446488454937935,0.0017422065138816833,-0.5547511577606201,-0.4724174439907074,5.0635504722595215,x,2.2
5,0.10526315789473684,0.13157894736842105,2,-0.45699999999999996,-0.344,701,0.034557029604911804,0.04804949462413788,-0.3854092061519623,-0.36629626154899597,1.9448623657226562,x,2.2
5,0.10526315789473684,0.13157894736842105,3,-0.344,-0.23099999999999998,2344,0.1429409235715866,0.3044116795063019,-0.33078303933143616,-0.2825385332107544,2.4856152534484863,x,2.2
5,0.10526315789473684,0.13157894736842105,4,-0.23099999999999998,-0.118,6429,0.39728695154190063,1.1575279235839844,-0.21076536178588867,-0.16666968166828156,1.2352230548858643,x,2.2
5,0.10526315789473684,0.13157894736842105,5,-0.118,-0.0050000000000000044,30543,19.29001235961914,52.84477233886719,-0.19413311779499054,-0.04005875810980797,0.5193782448768616,x,2.2
5,0.10526315789473684,0.13157894736842105,7,0.095,0.19,9408,0.7151784896850586,1.9232758283615112,0.18090245127677917,0.14024414122104645,0.7812670469284058,x,2.2
5,0.10526315789473684,0.13157894736842105,8,0.19,0.28500000000000003,3466,0.22050634026527405,0.5037115216255188,0.290357381105423,0.23290149867534637,2.014648914337158,x,2.2
5,0.10526315789473684,0.13157894736842105,9,0.28500000000000003,0.38,1528,0.08601430058479309,0.1401871144771576,0.37116876244544983,0.3238140046596527,2.608522653579712,x,2.2
5,0.10526315789473684,0.13157894736842105,10,0.38,0.475,202,0.04040231555700302,0.006944822613149881,0.49237385392189026,0.4236069619655609,4.309306621551514,x,2.2
5,0.10526315789473684,0.13157894736842105,11,0.475,0.57,34,0.017966290935873985,0.006231558974832296,0.5231160521507263,0.4920370876789093,3.5972766876220703,x,2.2
6,0.13157894736842105,0.15789473684210525,1,-0.57,-0.45699999999999996,6,0.03446488454937935,0.0017422065138816833,-0.5547511577606201,-0.4724174439907074,5.0635504722595215,x,2.2
6,0.13157894736842105,0.15789473684210525,2,-0.45699999999999996,-0.344,701,0.034557029604911804,0.04804949462413788,-0.3854092061519623,-0.36629626154899597,1.9448623657226562,x,2.2
6,0.13157894736842105,0.15789473684210525,3,-0.344,-0.23099999999999998,2344,0.1429409235715866,0.3044116795063019,-0.33078303933143616,-0.2825385332107544,2.4856152534484863,x,2.2
6,0.13157894736842105,0.15789473684210525,4,-0.23099999999999998,-0.118,6429,0.39728695154190063,1.1575279235839844,-0.21076536178588867,-0.16666968166828156,1.2352230548858643,x,2.2
6,0.13157894736842105,0.15789473684210525,5,-0.118,-0.0050000000000000044,30543,19.29001235961914,52.84477233886719,-0.19413311779499054,-0.04005875810980797,0.5193782448768616,x,2.2
6,0.13157894736842105,0.15789473684210525,7,0.095,0.19,9408,0.7151784896850586,1.9232758283615112,0.18090245127677917,0.14024414122104645,0.7812670469284058,x,2.2
6,0.13157894736842105,0.15789473684210525,8,0.19,0.28500000000000003,3466,0.22050634026527405,0.5037115216255188,0.290357381105423,0.23290149867534637,2.014648914337158,x,2.2
6,0.13157894736842105,0.15789473684210525,9,0.28500000000000003,0.38,1528,0.08601430058479309,0.1401871144771576,0.37116876244544983,0.3238140046596527,2.608522653579712,x,2.2
6,0.13157894736842105,0.15789473684210525,10,0.38,0.475,202,0.04040231555700302,0.006944822613149881,0.49237385392189026,0.4236069619655609,4.309306621551514,x,2.2
6,0.13157894736842105,0.15789473684210525,11,0.475,0.57,34,0.017966290935873985,0.006231558974832296,0.5231160521507263,0.4920370876789093,3.5972766876220703,x,2.2
7,0.15789473684210525,0.18421052631578946,1,-0.57,-0.45699999999999996,6,0.03446488454937935,0.0017422065138816833,-0.5547511577606201,-0.4724174439907074,5.0635504722595215,x,2.2
7,0.15789473684210525,0.18421052631578946,2,-0.45699999999999996,-0.344,701,0.034557029604911804,0.04804949462413788,-0.3854092061519623,-0.36629626154899597,1.9448623657226562,x,2.2
7,0.15789473684210525,0.18421052631578946,3,-0.344,-0.23099999999999998,2344,0.1429409235715866,0.3044116795063019,-0.33078303933143616,-0.2825385332107544,2.4856152534484863,x,2.2
7,0.15789473684210525,0.18421052631578946,4,-0.23099999999999998,-0.118,6429,0.39728695154190063,1.1575279235839844,-0.21076536178588867,-0.16666968166828156,1.2352230548858643,x,2.2
7,0.15789473684210525,0.18421052631578946,5,-0.118,-0.0050000000000000044,30543,19.29001235961914,52.84477233886719,-0.19413311779499054,-0.04005875810980797,0.5193782448768616,x,2.2
7,0.15789473684210525,0.18421052631578946,7,0.095,0.19,9408,0.7151784896850586,1.9232758283615112,0.18090245127677917,0.14024414122104645,0.7812670469284058,x,2.2
7,0.15789473684210525,0.18421052631578946,8,0.19,0.28500000000000003,3466,0.22050634026527405,0.5037115216255188,0.290357381105423,0.23290149867534637,2.014648914337158,x,2.2
7,0.15789473684210525,0.18421052631578946,9,0.28500000000000003,0.38,1528,0.08601430058479309,0.1401871144771576,0.37116876244544983,0.3238140046596527,2.608522653579712,x,2.2
7,0.15789473684210525,0.18421052631578946,10,0.38,0.475,202,0.04040231555700302,0.006944822613149881,0.49237385392189026,0.4236069619655609,4.309306621551514,x,2.2
7,0.15789473684210525,0.18421052631578946,11,0.475,0.57,34,0.017966290935873985,0.006231558974832296,0.5231160521507263,0.4920370876789093,3.5972766876220703,x,2.2
8,0.18421052631578946,0.21052631578947367,1,-0.57,-0.45699999999999996,6,0.03446488454937935,0.0017422065138816833,-0.5547511577606201,-0.4724174439907074,5.0635504722595215,x,2.2
8,0.18421052631578946,0.21052631578947367,2,-0.45699999999999996,-0.344,701,0.034557029604911804,0.04804949462413788,-0.3854092061519623,-0.36629626154899597,1.9448623657226562,x,2.2
8,0.18421052631578946,0.21052631578947367,3,-0.344,-0.23099999999999998,2344,0.1429409235715866,0.3044116795063019,-0.33078303933143616,-0.2825385332107544,2.4856152534484863,x,2.2
8,0.18421052631578946,0.21052631578947367,4,-0.23099999999999998,-0.118,6429,0.39728695154190063,1.1575279235839844,-0.21076536178588867,-0.16666968166828156,1.2352230548858643,x,2.2
8,0.18421052631578946,0.21052631578947367,5,-0.118,-0.0050000000000000044,30543,19.29001235961914,52.84477233886719,-0.19413311779499054,-0.04005875810980797,0.5193782448768616,x,2.2
8,0.18421052631578946,0.21052631578947367,7,0.095,0.19,9408,0.7151784896850586,1.9232758283615112,0.18090245127677917,0.14024414122104645,0.7812670469284058,x,2.2
8,0.18421052631578946,0.21052631578947367,8,0.19,0.28500000000000003,3466,0.22050634026527405,0.5037115216255188,0.290357381105423,0.23290149867534637,2.014648914337158,x,2.2
8,0.18421052631578946,0.21052631578947367,9,0.28500000000000003,0.38,1528,0.08601430058479309,0.1401871144771576,0.37116876244544983,0.3238140046596527,2.608522653579712,x,2.2
8,0.18421052631578946,0.21052631578947367,10,0.38,0.475,202,0.04040231555700302,0.006944822613149881,0.49237385392189026,0.4236069619655609,4.309306621551514,x,2.2
8,0.18421052631578946,0.21052631578947367,11,0.475,0.57,34,0.017966290935873985,0.006231558974832296,0.5231160521507263,0.4920370876789093,3.5972766876220703,x,2.2
9,0.21052631578947367,0.23684210526315788,1,-0.57,-0.45699999999999996,6,0.03446488454937935,0.0017422065138816833,-0.5547511577606201,-0.4724174439907074,5.0635504722595215,x,2.2
9,0.21052631578947367,0.23684210526315788,2,-0.45699999999999996,-0.344,701,0.034557029604911804,0.04804949462413788,-0.3854092061519623,-0.36629626154899597,1.9448623657226562,x,2.2
9,0.21052631578947367,0.23684210526315788,3,-0.344,-0.23099999999999998,2344,0.1429409235715866,0.3044116795063019,-0.33078303933143616,-0.2825385332107544,2.4856152534484863,x,2.2
9,0.21052631578947367,0.23684210526315788,4,-0.23099999999999998,-0.118,6429,0.39728695154190063,1.1575279235839844,-0.21076536178588867,-0.16666968166828156,1.2352230548858643,x,2.2
9,0.21052631578947367,0.23684210526315788,5,-0.118,-0.0050000000000000044,29977,19.606895446777344,52.81254959106445,-0.19777004420757294,-0.04049009084701538,0.5253645181655884,x,2.2
9,0.21052631578947367,0.23684210526315788,7,0.095,0.19,9408,0.7151784896850586,1.9232758283615112,0.18090245127677917,0.14024414122104645,0.7812670469284058,x,2.2
9,0.21052631578947367,0.23684210526315788,8,0.19,0.28500000000000003,3466,0.22050634026527405,0.5037115216255188,0.290357381105423,0.23290149867534637,2.014648914337158,x,2.2
9,0.21052631578947367,0.23684210526315788,9,0.28500000000000003,0.38,1528,0.08601430058479309,0.1401871144771576,0.37116876244544983,0.3238140046596527,2.608522653579712,x,2.2
9,0.21052631578947367,0.23684210526315788,10,0.38,0.475,202,0.04040231555700302,0.006944822613149881,0.49237385392189026,0.4236069619655609,4.309306621551514,x,2.2
9,0.21052631578947367,0.23684210526315788,11,0.475,0.57,34,0.017966290935873985,0.006231558974832296,0.5231160521507263,0.4920370876789093,3.5972766876220703,x,2.2
10,0.23684210526315788,0.2631578947368421,1,-0.57,-0.45699999999999996,6,0.03446488454937935,0.0017422065138816833,-0.5547511577606201,-0.4724174439907074,5.0635504722595215,x,2.2
10,0.23684210526315788,0.2631578947368421,2,-0.45699999999999996,-0.344,701,0.034557029604911804,0.04804949462413788,-0.3854092061519623,-0.36629626154899597,1.9448623657226562,x,2.2
10,0.23684210526315788,0.2631578947368421,3,-0.344,-0.23099999999999998,2344,0.1429409235715866,0.3044116795063019,-0.33078303933143616,-0.2825385332107544,2.4856152534484863,x,2.2
10,0.23684210526315788,0.2631578947368421,4,-0.23099999999999998,-0.118,6429,0.39728695154190063,1.1575279235839844,-0.21076536178588867,-0.16666968166828156,1.2352230548858643,x,2.2
10,0.23684210526315788,0.2631578947368421,5,-0.118,-0.0050000000000000044,26219,19.480907440185547,52.09370422363281,-0.21309855580329895,-0.0433143712580204,0.5685131549835205,x,2.2
10,0.23684210526315788,0.2631578947368421,7,0.095,0.19,9394,0.7137647867202759,1.9244576692581177,0.18097372353076935,0.14030487835407257,0.782088041305542,x,2.2
10,0.23684210526315788,0.2631578947368421,8,0.19,0.28500000000000003,3465,0.22019840776920319,0.5035855770111084,0.2903372347354889,0.2328871190547943,2.0151631832122803,x,2.2
10,0.23684210526315788,0.2631578947368421,9,0.28500000000000003,0.38,1528,0.08601430058479309,0.1401871144771576,0.37116876244544983,0.3238140046596527,2.608522653579712,x,2.2
10,0.23684210526315788,0.2631578947368421,10,0.38,0.475,202,0.04040231555700302,0.006944822613149881,0.49237385392189026,0.4236069619655609,4.309306621551514,x,2.2
10,0.23684210526315788,0.2631578947368421,11,0.475,0.57,34,0.017966290935873985,0.006231558974832296,0.5231160521507263,0.4920370876789093,3.5972766876220703,x,2.2
11,0.2631578947368421,0.2894736842105263,1,-0.57,-0.45699999999999996,6,0.03446488454937935,0.0017422065138816833,-0.5547511577606201,-0.4724174439907074,5.0635504722595215,x,2.2
11,0.2631578947368421,0.2894736842105263,2,-0.45699999999999996,-0.344,701,0.034557029604911804,0.04804949462413788,-0.3854092061519623,-0.36629626154899597,1.9448623657226562,x,2.2
11,0.2631578947368421,0.2894736842105263,3,-0.344,-0.23099999999999998,2344,0.1429409235715866,0.3044116795063019,-0.33078303933143616,-0.2825385332107544,2.4856152534484863,x,2.2
11,0.2631578947368421,0.2894736842105263,4,-0.23099999999999998,-0.118,6422,0.3979671001434326,1.1569833755493164,-0.210869699716568,-0.16672150790691376,1.2362847328186035,x,2.2
11,0.2631578947368421,0.2894736842105263,5,-0.118,-0.0050000000000000044,22127,18.899511337280273,51.62910461425781,-0.20981404185295105,-0.043032530695199966,0.627327024936676,x,2.2
11,0.2631578947368421,0.2894736842105263,7,0.095,0.19,9236,0.6830967664718628,1.891062617301941,0.18021957576274872,0.14055459201335907,0.7910968065261841,x,2.2
11,0.2631578947368421,0.2894736842105263,8,0.19,0.28500000000000003,3461,0.21919335424900055,0.5026895403862,0.29025524854660034,0.23284250497817993,2.017204761505127,x,2.2
11,0.2631578947368421,0.2894736842105263,9,0.28500000000000003,0.38,1525,0.08545997738838196,0.13697552680969238,0.3712085783481598,0.3238740861415863,2.613152027130127,x,2.2
11,0.2631578947368421,0.2894736842105263,10,0.38,0.475,202,0.04040231555700302,0.006944822613149881,0.49237385392189026,0.4236069619655609,4.309306621551514,x,2.2
11,0.2631578947368421,0.2894736842105263,11,0.475,0.57,34,0.017966290935873985,0.006231558974832296,0.5231160521507263,0.4920370876789093,3.5972766876220703,x,2.2
12,0.2894736842105263,0.3157894736842105,1,-0.57,-0.45699999999999996,6,0.03446488454937935,0.0017422065138816833,-0.5547511577606201,-0.4724174439907074,5.0635504722595215,x,2.2
12,0.2894736842105263,0.3157894736842105,2,-0.45699999999999996,-0.344,701,0.034557029604911804,0.04804949462413788,-0.3854092061519623,-0.36629626154899597,1.9448623657226562,x,2.2
12,0.2894736842105263,0.3157894736842105,3,-0.344,-0.23099999999999998,2344,0.1429409235715866,0.3044116795063019,-0.33078303933143616,-0.2825385332107544,2.4856152534484863,x,2.2
12,0.2894736842105263,0.3157894736842105,4,-0.23099999999999998,-0.118,6071,0.3581292927265167,1.1438426971435547,-0.21166549623012543,-0.16762390732765198,1.2915823459625244,x,2.2
12,0.2894736842105263,0.3157894736842105,5,-0.118,-0.0050000000000000044,17458,16.17394256591797,48.44034957885742,-0.20291252434253693,-0.04452625289559364,0.7212486863136292,x,2.2
12,0.2894736842105263,0.3157894736842105,7,0.095,0.19,7377,0.4853478670120239,1.8380993604660034,0.1747339367866516,0.1400139331817627,0.9204990267753601,x,2.2
12,0.2894736842105263,0.3157894736842105,8,0.19,0.28500000000000003,3452,0.21660080552101135,0.49803951382637024,0.2901184558868408,0.2328224629163742,2.0217301845550537,x,2.2
12,0.2894736842105263,0.3157894736842105,9,0.28500000000000003,0.38,1524,0.08527494966983795,0.13647574186325073,0.37122488021850586,0.32389166951179504,2.614677906036377,x,2.2
12,0.2894736842105263,0.3157894736842105,10,0.38,0.475,202,0.04040231555700302,0.006944822613149881,0.49237385392189026,0.4236069619655609,4.309306621551514,x,2.2
12,0.2894736842105263,0.3157894736842105,11,0.475,0.57,34,0.017966290935873985,0.006231558974832296,0.5231160521507263,0.4920370876789093,3.5972766876220703,x,2.2
13,0.3157894736842105,0.3421052631578947,1,-0.57,-0.45699999999999996,6,0.03446488454937935,0.0017422065138816833,-0.5547511577606201,-0.4724174439907074,5.0635504722595215,x,2.2
13,0.3157894736842105,0.3421052631578947,2,-0.45699999999999996,-0.344,701,0.034557029604911804,0.04804949462413788,-0.3854092061519623,-0.36629626154899597,1.9448623657226562,x,2.2
13,0.3157894736842105,0.3421052631578947,3,-0.344,-0.23099999999999998,2334,0.13982604444026947,0.30192136764526367,-0.33093512058258057,-0.2827540338039398,2.4949302673339844,x,2.2
13,0.3157894736842105,0.3421052631578947,4,-0.23099999999999998,-0.118,5627,0.30050012469291687,1.1311155557632446,-0.2115391045808792,-0.16802017390727997,1.3696482181549072,x,2.2
13,0.3157894736842105,0.3421052631578947,5,-0.118,-0.0050000000000000044,10827,13.852537155151367,36.81109619140625,-0.22090786695480347,-0.04904836416244507,0.9773738980293274,x,2.2
13,0.3157894736842105,0.3421052631578947,7,0.095,0.19,6177,0.33990803360939026,1.6891130208969116,0.16972172260284424,0.1407041847705841,1.0407792329788208,x,2.2
13,0.3157894736842105,0.3421052631578947,8,0.19,0.28500000000000003,3367,0.19595712423324585,0.4524632394313812,0.28986310958862305,0.23362506926059723,2.0651144981384277,x,2.2
13,0.3157894736842105,0.3421052631578947,9,0.28500000000000003,0.38,1522,0.08490482717752457,0.1354314386844635,0.37125709652900696,0.32392704486846924,2.6177287101745605,x,2.2
13,0.3157894736842105,0.3421052631578947,10,0.38,0.475,202,0.04040231555700302,0.006944822613149881,0.49237385392189026,0.4236069619655609,4.309306621551514,x,2.2
13,0.3157894736842105,0.3421052631578947,11,0.475,0.57,34,0.017966290935873985,0.006231558974832296,0.5231160521507263,0.4920370876789093,3.5972766876220703,x,2.2
14,0.3421052631578947,0.3684210526315789,1,-0.57,-0.45699999999999996,6,0.03446488454937935,0.0017422065138816833,-0.5547511577606201,-0.4724174439907074,5.0635504722595215,x,2.2
14,0.3421052631578947,0.3684210526315789,2,-0.45699999999999996,-0.344,695,0.0344666950404644,0.04824773967266083,-0.38546520471572876,-0.3662338852882385,1.958741307258606,x,2.2
14,0.3421052631578947,0.3684210526315789,3,-0.344,-0.23099999999999998,2276,0.12236453592777252,0.28549450635910034,-0.3316149413585663,-0.28393757343292236,2.5501089096069336,x,2.2
14,0.3421052631578947,0.3684210526315789,4,-0.23099999999999998,-0.118,5217,0.22771364450454712,1.0658081769943237,-0.21120239794254303,-0.16934233903884888,1.451456069946289,x,2.2
14,0.3421052631578947,0.3684210526315789,5,-0.118,-0.0050000000000000044,5770,3.9520347118377686,23.3061466217041,-0.17976006865501404,-0.05839303135871887,1.5466904640197754,x,2.2
14,0.3421052631578947,0.3684210526315789,7,0.095,0.19,5321,0.3770594596862793,1.6383267641067505,0.17336209118366241,0.14129284024238586,1.1553609371185303,x,2.2
14,0.3421052631578947,0.3684210526315789,8,0.19,0.28500000000000003,3302,0.18294106423854828,0.39640742540359497,0.28912538290023804,0.23419810831546783,2.0992860794067383,x,2.2
14,0.3421052631578947,0.3684210526315789,9,0.28500000000000003,0.38,1512,0.08312979340553284,0.13262419402599335,0.37118929624557495,0.32387688755989075,2.6328518390655518,x,2.2
14,0.3421052631578947,0.3684210526315789,10,0.38,0.475,202,0.04040231555700302,0.006944822613149881,0.49237385392189026,0.4236069619655609,4.309306621551514,x,2.2
14,0.3421052631578947,0.3684210526315789,11,0.475,0.57,34,0.017966290935873985,0.006231558974832296,0.5231160521507263,0.4920370876789093,3.5972766876220703,x,2.2
15,0.3684210526315789,0.39473684210526316,1,-0.57,-0.45699999999999996,6,0.03446488454937935,0.0017422065138816833,-0.5547511577606201,-0.4724174439907074,5.0635504722595215,x,2.2
15,0.3684210526315789,0.39473684210526316,2,-0.45699999999999996,-0.344,678,0.03382674232125282,0.04862143471837044,-0.3855834901332855,-0.36605778336524963,1.9989467859268188,x,2.2
15,0.3684210526315789,0.39473684210526316,3,-0.344,-0.23099999999999998,2217,0.10527294129133224,0.26609060168266296,-0.3320336639881134,-0.28505560755729675,2.608529567718506,x,2.2
15,0.3684210526315789,0.39473684210526316,4,-0.23099999999999998,-0.118,4804,0.17247603833675385,0.9881823658943176,-0.21170662343502045,-0.17083562910556793,1.545650839805603,x,2.2
15,0.3684210526315789,0.39473684210526316,5,-0.118,-0.0050000000000000044,4373,2.4141674041748047,15.394338607788086,-0.17609529197216034,-0.05986594036221504,1.9279670715332031,x,2.2
15,0.3684210526315789,0.39473684210526316,7,0.095,0.19,4641,0.4037475287914276,1.3439592123031616,0.17923025786876678,0.1420343518257141,1.2728999853134155,x,2.2
15,0.3684210526315789,0.39473684210526316,8,0.19,0.28500000000000003,3244,0.1730617731809616,0.3490227162837982,0.28849658370018005,0.2347310185432434,2.130455493927002,x,2.2
15,0.3684210526315789,0.39473684210526316,9,0.28500000000000003,0.38,1499,0.08086880296468735,0.12996463477611542,0.3710303008556366,0.32372409105300903,2.6525986194610596,x,2.2
15,0.3684210526315789,0.39473684210526316,10,0.38,0.475,202,0.04040231555700302,0.006944822613149881,0.49237385392189026,0.4236069619655609,4.309306621551514,x,2.2
15,0.3684210526315789,0.39473684210526316,11,0.475,0.57,34,0.017966290935873985,0.006231558974832296,0.5231160521507263,0.4920370876789093,3.5972766876220703,x,2.2
16,0.39473684210526316,0.42105263157894735,1,-0.57,-0.45699999999999996,6,0.03446488454937935,0.0017422065138816833,-0.5547511577606201,-0.4724174439907074,5.0635504722595215,x,2.2
16,0.39473684210526316,0.42105263157894735,2,-0.45699999999999996,-0.344,658,0.03305722028017044,0.04883991926908493,-0.3857204020023346,-0.36584708094596863,2.048086404800415,x,2.2
16,0.39473684210526316,0.42105263157894735,3,-0.344,-0.23099999999999998,2155,0.08920114487409592,0.2372036576271057,-0.33211749792099,-0.2861999571323395,2.6725924015045166,x,2.2
16,0.39473684210526316,0.42105263157894735,4,-0.23099999999999998,-0.118,4227,0.1339666098356247,0.8569045066833496,-0.21409110724925995,-0.1727147102355957,1.7044365406036377,x,2.2
16,0.39473684210526316,0.42105263157894735,5,-0.118,-0.0050000000000000044,3787,1.900038242340088,11.845991134643555,-0.1678595244884491,-0.05969506502151489,2.1675164699554443,x,2.2
16,0.39473684210526316,0.42105263157894735,7,0.095,0.19,4339,0.38791927695274353,1.2534587383270264,0.1811935305595398,0.1427689641714096,1.3350133895874023,x,2.2
16,0.39473684210526316,0.42105263157894735,8,0.19,0.28500000000000003,3200,0.16639360785484314,0.31588709354400635,0.2879883646965027,0.2351013720035553,2.154491662979126,x,2.2
16,0.39473684210526316,0.42105263157894735,9,0.28500000000000003,0.38,1472,0.07676690071821213,0.12783925235271454,0.37080681324005127,0.3233393430709839,2.694206476211548,x,2.2
16,0.39473684210526316,0.42105263157894735,10,0.38,0.475,202,0.04040231555700302,0.006944822613149881,0.49237385392189026,0.4236069619655609,4.309306621551514,x,2.2
16,0.39473684210526316,0.42105263157894735,11,0.475,0.57,34,0.017966290935873985,0.006231558974832296,0.5231160521507263,0.4920370876789093,3.5972766876220703,x,2.2
17,0.42105263157894735,0.4473684210526315,1,-0.57,-0.45699999999999996,6,0.03446488454937935,0.0017422065138816833,-0.5547511577606201,-0.4724174439907074,5.0635504722595215,x,2.2
17,0.42105263157894735,0.4473684210526315,2,-0.45699999999999996,-0.344,640,0.03300609067082405,0.04903976246714592,-0.38594624400138855,-0.36567384004592896,2.0942463874816895,x,2.2
17,0.42105263157894735,0.4473684210526315,3,-0.344,-0.23099999999999998,2112,0.0830991193652153,0.21342182159423828,-0.33204126358032227,-0.28698188066482544,2.7187230587005615,x,2.2
17,0.42105263157894735,0.4473684210526315,4,-0.23099999999999998,-0.118,3655,0.17114438116550446,0.7833940982818604,-0.22209927439689636,-0.17365683615207672,1.9074392318725586,x,2.2
17,0.42105263157894735,0.4473684210526315,5,-0.118,-0.0050000000000000044,3459,1.6658726930618286,9.175163269042969,-0.16527456045150757,-0.05991992726922035,2.3344380855560303,x,2.2
17,0.42105263157894735,0.4473684210526315,7,0.095,0.19,4119,0.3661922216415405,1.2319425344467163,0.18115969002246857,0.14297080039978027,1.3845555782318115,x,2.2
17,0.42105263157894735,0.4473684210526315,8,0.19,0.28500000000000003,3172,0.16236741840839386,0.2930530607700348,0.2875758111476898,0.235320582985878,2.1698994636535645,x,2.2
17,0.42105263157894735,0.4473684210526315,9,0.28500000000000003,0.38,1430,0.07060447335243225,0.1255699098110199,0.3702475428581238,0.3225102424621582,2.761345624923706,x,2.2
17,0.42105263157894735,0.4473684210526315,10,0.38,0.475,202,0.04040231555700302,0.006944822613149881,0.49237385392189026,0.4236069619655609,4.309306621551514,x,2.2
17,0.42105263157894735,0.4473684210526315,11,0.475,0.57,34,0.017966290935873985,0.006231558974832296,0.5231160521507263,0.4920370876789093,3.5972766876220703,x,2.2
18,0.4473684210526315,0.47368421052631576,1,-0.57,-0.45699999999999996,6,0.03446488454937935,0.0017422065138816833,-0.5547511577606201,-0.4724174439907074,5.0635504722595215,x,2.2
18,0.4473684210526315,0.47368421052631576,2,-0.45699999999999996,-0.344,616,0.03288561478257179,0.04903625324368477,-0.3862510919570923,-0.3654402792453766,2.1589231491088867,x,2.2
18,0.4473684210526315,0.47368421052631576,3,-0.344,-0.23099999999999998,2051,0.07931334525346756,0.19364532828330994,-0.33240416646003723,-0.2877602279186249,2.786583662033081,x,2.2
18,0.4473684210526315,0.47368421052631576,4,-0.23099999999999998,-0.118,3220,0.20824143290519714,0.7147103548049927,-0.229531928896904,-0.17386102676391602,2.106534481048584,x,2.2
18,0.4473684210526315,0.47368421052631576,5,-0.118,-0.0050000000000000044,3196,1.5161211490631104,8.274764060974121,-0.16317471861839294,-0.059636738151311874,2.490877151489258,x,2.2
18,0.4473684210526315,0.47368421052631576,7,0.095,0.19,3921,0.35104721784591675,1.204628348350525,0.18130679428577423,0.14303217828273773,1.4325212240219116,x,2.2
18,0.4473684210526315,0.47368421052631576,8,0.19,0.28500000000000003,3143,0.15855491161346436,0.26999908685684204,0.28715750575065613,0.23554785549640656,2.185915946960449,x,2.2
18,0.4473684210526315,0.47368421052631576,9,0.28500000000000003,0.38,1399,0.06563106179237366,0.12297924607992172,0.3697732388973236,0.3219231963157654,2.8129115104675293,x,2.2
18,0.4473684210526315,0.47368421052631576,10,0.38,0.475,202,0.04040231555700302,0.006944822613149881,0.49237385392189026,0.4236069619655609,4.309306621551514,x,2.2
18,0.4473684210526315,0.47368421052631576,11,0.475,0.57,34,0.017966290935873985,0.006231558974832296,0.5231160521507263,0.4920370876789093,3.5972766876220703,x,2.2
19,0.47368421052631576,0.5,1,-0.57,-0.45699999999999996,6,0.03446488454937935,0.0017422065138816833,-0.5547511577606201,-0.4724174439907074,5.0635504722595215,x,2.2
19,0.47368421052631576,0.5,2,-0.45699999999999996,-0.344,595,0.03325628489255905,0.048829831182956696,-0.38662007451057434,-0.36525651812553406,2.2188360691070557,x,2.2
19,0.47368421052631576,0.5,3,-0.344,-0.23099999999999998,1945,0.0740332081913948,0.15780425071716309,-0.3329542279243469,-0.2887554168701172,2.913330554962158,x,2.2
19,0.47368421052631576,0.5,4,-0.23099999999999998,-0.118,2865,0.2467358112335205,0.6620604395866394,-0.23718099296092987,-0.17370525002479553,2.310520648956299,x,2.2
19,0.47368421052631576,0.5,5,-0.118,-0.0050000000000000044,2995,1.3948205709457397,7.303002834320068,-0.16107773780822754,-0.05933848023414612,2.627171039581299,x,2.2
19,0.47368421052631576,0.5,7,0.095,0.19,3730,0.33829545974731445,1.2126317024230957,0.18150407075881958,0.1430903673171997,1.4822750091552734,x,2.2
19,0.47368421052631576,0.5,8,0.19,0.28500000000000003,3125,0.15628895163536072,0.2566987872123718,0.2868857681751251,0.23569069802761078,2.195845365524292,x,2.2
19,0.47368421052631576,0.5,9,0.28500000000000003,0.38,1369,0.06100432574748993,0.12043149769306183,0.36932480335235596,0.3213731348514557,2.8645007610321045,x,2.2
19,0.47368421052631576,0.5,10,0.38,0.475,202,0.04040231555700302,0.006944822613149881,0.49237385392189026,0.4236069619655609,4.309306621551514,x,2.2
19,0.47368421052631576,0.5,11,0.475,0.57,34,0.017966290935873985,0.006231558974832296,0.5231160521507263,0.4920370876789093,3.5972766876220703,x,2.2
20,0.5,inf,1,-0.57,-0.45699999999999996,6,0.03446488454937935,0.0017422065138816833,-0.5547511577606201,-0.4724174439907074,5.0635504722595215,x,2.2
20,0.5,inf,2,-0.45699999999999996,-0.344,561,0.03448614478111267,0.04933349788188934,-0.38788512349128723,-0.3654196560382843,2.323976993560791,x,2.2
20,0.5,inf,3,-0.344,-0.23099999999999998,1835,0.06979016214609146,0.12344299256801605,-0.3334084153175354,-0.2891447842121124,3.0589041709899902,x,2.2
20,0.5,inf,4,-0.23099999999999998,-0.118,2622,0.27818331122398376,0.6188031435012817,-0.24388256669044495,-0.17365919053554535,2.4796648025512695,x,2.2
20,0.5,inf,5,-0.118,-0.0050000000000000044,2845,1.3185566663742065,7.406926155090332,-0.15973925590515137,-0.05897568538784981,2.740002155303955,x,2.2
20,0.5,inf,7,0.095,0.19,3555,0.3272153437137604,1.2207542657852173,0.18128982186317444,0.1429310142993927,1.5312843322753906,x,2.2
20,0.5,inf,8,0.19,0.28500000000000003,3100,0.15322813391685486,0.23508527874946594,0.286471962928772,0.23591884970664978,2.20963978767395,x,2.2
20,0.5,inf,9,0.28500000000000003,0.38,1349,0.05828133225440979,0.11839685589075089,0.36907869577407837,0.32106125354766846,2.8997814655303955,x,2.2
20,0.5,inf,10,0.38,0.475,202,0.04040231555700302,0.006944822613149881,0.49237385392189026,0.4236069619655609,4.309306621551514,x,2.2
20,0.5,inf,11,0.475,0.57,34,0.017966290935873985,0.006231558974832296,0.5231160521507263,0.4920370876789093,3.5972766876220703,x,2.2
0,0.0,0.0,1,-0.52,-0.4146,53,0.12820439040660858,0.10577957332134247,-0.583891749382019,-0.46206405758857727,2.7097280025482178,y,2.2
0,0.0,0.0,2,-0.4146,-0.30920000000000003,53,0.851398766040802,0.47847408056259155,-0.5518025159835815,-0.36076420545578003,0.6947950720787048,y,2.2
0,0.0,0.0,3,-0.30920000000000003,-0.20379999999999998,1004,1.2039706707000732,1.1676411628723145,-0.38450363278388977,-0.24500006437301636,0.8237586617469788,y,2.2
0,0.0,0.0,4,-0.20379999999999998,-0.09839999999999999,4988,3.691281318664551,3.4739882946014404,-0.25627559423446655,-0.13581551611423492,0.33197152614593506,y,2.2
0,0.0,0.0,5,-0.09839999999999999,0.006999999999999999,90418,-2.6045820713043213,215.3146209716797,0.006237383000552654,-0.024426469579339027,0.28022611141204834,y,2.2
0,0.0,0.0,7,0.10700000000000001,0.2056,8208,2.310967206954956,3.395707130432129,0.23303139209747314,0.15630577504634857,0.5127072930335999,y,2.2
0,0.0,0.0,8,0.2056,0.3042,10181,0.8245455026626587,1.2882134914398193,0.3081273138523102,0.25716549158096313,0.48342788219451904,y,2.2
0,0.0,0.0,9,0.3042,0.40279999999999994,3101,0.16900165379047394,0.47976136207580566,0.35990193486213684,0.3373849391937256,0.7122948169708252,y,2.2
0,0.0,0.0,10,0.40279999999999994,0.5014,1132,0.0004213608044665307,0.16139568388462067,0.43597036600112915,0.4621659219264984,0.9451852440834045,y,2.2
0,0.0,0.0,11,0.5014,0.6,98,-0.0444306917488575,0.08179636299610138,0.4975947141647339,0.5042617321014404,0.37466341257095337,y,2.2
1,0.0,0.02631578947368421,1,-0.52,-0.4146,53,0.12820439040660858,0.10577957332134247,-0.583891749382019,-0.46206405758857727,2.7097280025482178,y,2.2
1,0.0,0.02631578947368421,2,-0.4146,-0.30920000000000003,53,0.851398766040802,0.47847408056259155,-0.5518025159835815,-0.36076420545578003,0.6947950720787048,y,2.2
1,0.0,0.02631578947368421,3,-0.30920000000000003,-0.20379999999999998,1004,1.2039706707000732,1.1676411628723145,-0.38450363278388977,-0.24500006437301636,0.8237586617469788,y,2.2
1,0.0,0.02631578947368421,4,-0.20379999999999998,-0.09839999999999999,4988,3.691281318664551,3.4739882946014404,-0.25627559423446655,-0.13581551611423492,0.33197152614593506,y,2.2
1,0.0,0.02631578947368421,5,-0.09839999999999999,0.006999999999999999,90418,-2.6045820713043213,215.3146209716797,0.006237383000552654,-0.024426469579339027,0.28022611141204834,y,2.2
1,0.0,0.02631578947368421,7,0.10700000000000001,0.2056,8208,2.310967206954956,3.395707130432129,0.23303139209747314,0.15630577504634857,0.5127072930335999,y,2.2
1,0.0,0.02631578947368421,8,0.2056,0.3042,10181,0.8245455026626587,1.2882134914398193,0.3081273138523102,0.25716549158096313,0.48342788219451904,y,2.2
1,0.0,0.02631578947368421,9,0.3042,0.40279999999999994,3101,0.16900165379047394,0.47976136207580566,0.35990193486213684,0.3373849391937256,0.7122948169708252,y,2.2
1,0.0,0.02631578947368421,10,0.40279999999999994,0.5014,1132,0.0004213608044665307,0.16139568388462067,0.43597036600112915,0.4621659219264984,0.9451852440834045,y,2.2
1,0.0,0.02631578947368421,11,0.5014,0.6,98,-0.0444306917488575,0.08179636299610138,0.4975947141647339,0.5042617321014404,0.37466341257095337,y,2.2
2,0.02631578947368421,0.05263157894736842,1,-0.52,-0.4146,53,0.12820439040660858,0.10577957332134247,-0.583891749382019,-0.46206405758857727,2.7097280025482178,y,2.2
2,0.02631578947368421,0.05263157894736842,2,-0.4146,-0.30920000000000003,53,0.851398766040802,0.47847408056259155,-0.5518025159835815,-0.36076420545578003,0.6947950720787048,y,2.2
2,0.02631578947368421,0.05263157894736842,3,-0.30920000000000003,-0.20379999999999998,1004,1.2039706707000732,1.1676411628723145,-0.38450363278388977,-0.24500006437301636,0.8237586617469788,y,2.2
2,0.02631578947368421,0.05263157894736842,4,-0.20379999999999998,-0.09839999999999999,4988,3.691281318664551,3.4739882946014404,-0.25627559423446655,-0.13581551611423492,0.33197152614593506,y,2.2
2,0.02631578947368421,0.05263157894736842,5,-0.09839999999999999,0.006999999999999999,90418,-2.6045820713043213,215.3146209716797,0.006237383000552654,-0.024426469579339027,0.28022611141204834,y,2.2
2,0.02631578947368421,0.05263157894736842,7,0.10700000000000001,0.2056,8208,2.310967206954956,3.395707130432129,0.23303139209747314,0.15630577504634857,0.5127072930335999,y,2.2
2,0.02631578947368421,0.05263157894736842,8,0.2056,0.3042,10181,0.8245455026626587,1.2882134914398193,0.3081273138523102,0.25716549158096313,0.48342788219451904,y,2.2
2,0.02631578947368421,0.05263157894736842,9,0.3042,0.40279999999999994,3101,0.16900165379047394,0.47976136207580566,0.35990193486213684,0.3373849391937256,0.7122948169708252,y,2.2
2,0.02631578947368421,0.05263157894736842,10,0.40279999999999994,0.5014,1132,0.0004213608044665307,0.16139568388462067,0.43597036600112915,0.4621659219264984,0.9451852440834045,y,2.2
2,0.02631578947368421,0.05263157894736842,11,0.5014,0.6,98,-0.0444306917488575,0.08179636299610138,0.4975947141647339,0.5042617321014404,0.37466341257095337,y,2.2
3,0.05263157894736842,0.07894736842105263,1,-0.52,-0.4146,53,0.12820439040660858,0.10577957332134247,-0.583891749382019,-0.46206405758857727,2.7097280025482178,y,2.2
3,0.05263157894736842,0.07894736842105263,2,-0.4146,-0.30920000000000003,53,0.851398766040802,0.47847408056259155,-0.5518025159835815,-0.36076420545578003,0.6947950720787048,y,2.2
3,0.05263157894736842,0.07894736842105263,3,-0.30920000000000003,-0.20379999999999998,1004,1.2039706707000732,1.1676411628723145,-0.38450363278388977,-0.24500006437301636,0.8237586617469788,y,2.2
3,0.05263157894736842,0.07894736842105263,4,-0.20379999999999998,-0.09839999999999999,4988,3.691281318664551,3.4739882946014404,-0.25627559423446655,-0.13581551611423492,0.33197152614593506,y,2.2
3,0.05263157894736842,0.07894736842105263,5,-0.09839999999999999,0.006999999999999999,90418,-2.6045820713043213,215.3146209716797,0.006237383000552654,-0.024426469579339027,0.28022611141204834,y,2.2
3,0.05263157894736842,0.07894736842105263,7,0.10700000000000001,0.2056,8208,2.310967206954956,3.395707130432129,0.23303139209747314,0.15630577504634857,0.5127072930335999,y,2.2
3,0.05263157894736842,0.07894736842105263,8,0.2056,0.3042,10181,0.8245455026626587,1.2882134914398193,0.3081273138523102,0.25716549158096313,0.48342788219451904,y,2.2
3,0.05263157894736842,0.07894736842105263,9,0.3042,0.40279999999999994,3101,0.16900165379047394,0.47976136207580566,0.35990193486213684,0.3373849391937256,0.7122948169708252,y,2.2
3,0.05263157894736842,0.07894736842105263,10,0.40279999999999994,0.5014,1132,0.0004213608044665307,0.16139568388462067,0.43597036600112915,0.4621659219264984,0.9451852440834045,y,2.2
3,0.05263157894736842,0.07894736842105263,11,0.5014,0.6,98,-0.0444306917488575,0.08179636299610138,0.4975947141647339,0.5042617321014404,0.37466341257095337,y,2.2
4,0.07894736842105263,0.10526315789473684,1,-0.52,-0.4146,53,0.12820439040660858,0.10577957332134247,-0.583891749382019,-0.46206405758857727,2.7097280025482178,y,2.2
4,0.07894736842105263,0.10526315789473684,2,-0.4146,-0.30920000000000003,53,0.851398766040802,0.47847408056259155,-0.5518025159835815,-0.36076420545578003,0.6947950720787048,y,2.2
4,0.07894736842105263,0.10526315789473684,3,-0.30920000000000003,-0.20379999999999998,1004,1.2039706707000732,1.1676411628723145,-0.38450363278388977,-0.24500006437301636,0.8237586617469788,y,2.2
4,0.07894736842105263,0.10526315789473684,4,-0.20379999999999998,-0.09839999999999999,4988,3.691281318664551,3.4739882946014404,-0.25627559423446655,-0.13581551611423492,0.33197152614593506,y,2.2
4,0.07894736842105263,0.10526315789473684,5,-0.09839999999999999,0.006999999999999999,90418,-2.6045820713043213,215.3146209716797,0.006237383000552654,-0.024426469579339027,0.28022611141204834,y,2.2
4,0.07894736842105263,0.10526315789473684,7,0.10700000000000001,0.2056,8208,2.310967206954956,3.395707130432129,0.23303139209747314,0.15630577504634857,0.5127072930335999,y,2.2
4,0.07894736842105263,0.10526315789473684,8,0.2056,0.3042,10181,0.8245455026626587,1.2882134914398193,0.3081273138523102,0.25716549158096313,0.48342788219451904,y,2.2
4,0.07894736842105263,0.10526315789473684,9,0.3042,0.40279999999999994,3101,0.16900165379047394,0.47976136207580566,0.35990193486213684,0.3373849391937256,0.7122948169708252,y,2.2
4,0.07894736842105263,0.10526315789473684,10,0.40279999999999994,0.5014,1132,0.0004213608044665307,0.16139568388462067,0.43597036600112915,0.4621659219264984,0.9451852440834045,y,2.2
4,0.07894736842105263,0.10526315789473684,11,0.5014,0.6,98,-0.0444306917488575,0.08179636299610138,0.4975947141647339,0.5042617321014404,0.37466341257095337,y,2.2
5,0.10526315789473684,0.13157894736842105,1,-0.52,-0.4146,53,0.12820439040660858,0.10577957332134247,-0.583891749382019,-0.46206405758857727,2.7097280025482178,y,2.2
5,0.10526315789473684,0.13157894736842105,2,-0.4146,-0.30920000000000003,53,0.851398766040802,0.47847408056259155,-0.5518025159835815,-0.36076420545578003,0.6947950720787048,y,2.2
5,0.10526315789473684,0.13157894736842105,3,-0.30920000000000003,-0.20379999999999998,1004,1.2039706707000732,1.1676411628723145,-0.38450363278388977,-0.24500006437301636,0.8237586617469788,y,2.2
5,0.10526315789473684,0.13157894736842105,4,-0.20379999999999998,-0.09839999999999999,4988,3.691281318664551,3.4739882946014404,-0.25627559423446655,-0.13581551611423492,0.33197152614593506,y,2.2
5,0.10526315789473684,0.13157894736842105,5,-0.09839999999999999,0.006999999999999999,90285,-2.6134989261627197,215.47280883789062,0.0062643722631037235,-0.02444940246641636,0.2804904580116272,y,2.2
5,0.10526315789473684,0.13157894736842105,7,0.10700000000000001,0.2056,8208,2.310967206954956,3.395707130432129,0.23303139209747314,0.15630577504634857,0.5127072930335999,y,2.2
5,0.10526315789473684,0.13157894736842105,8,0.2056,0.3042,10181,0.8245455026626587,1.2882134914398193,0.3081273138523102,0.25716549158096313,0.48342788219451904,y,2.2
5,0.10526315789473684,0.13157894736842105,9,0.3042,0.40279999999999994,3101,0.16900165379047394,0.47976136207580566,0.35990193486213684,0.3373849391937256,0.7122948169708252,y,2.2
5,0.10526315789473684,0.13157894736842105,10,0.40279999999999994,0.5014,1132,0.0004213608044665307,0.16139568388462067,0.43597036600112915,0.4621659219264984,0.9451852440834045,y,2.2
5,0.10526315789473684,0.13157894736842105,11,0.5014,0.6,98,-0.0444306917488575,0.08179636299610138,0.4975947141647339,0.5042617321014404,0.37466341257095337,y,2.2
6,0.13157894736842105,0.15789473684210525,1,-0.52,-0.4146,53,0.12820439040660858,0.10577957332134247,-0.583891749382019,-0.46206405758857727,2.7097280025482178,y,2.2
6,0.13157894736842105,0.15789473684210525,2,-0.4146,-0.30920000000000003,53,0.851398766040802,0.47847408056259155,-0.5518025159835815,-0.36076420545578003,0.6947950720787048,y,2.2
6,0.13157894736842105,0.15789473684210525,3,-0.30920000000000003,-0.20379999999999998,1004,1.2039706707000732,1.1676411628723145,-0.38450363278388977,-0.24500006437301636,0.8237586617469788,y,2.2
6,0.13157894736842105,0.15789473684210525,4,-0.20379999999999998,-0.09839999999999999,4972,3.7004830837249756,3.476980209350586,-0.25672757625579834,-0.13593000173568726,0.3326212167739868,y,2.2
6,0.13157894736842105,0.15789473684210525,5,-0.09839999999999999,0.006999999999999999,89299,-2.6844332218170166,216.65478515625,0.006919668056070805,-0.02428985759615898,0.2822619676589966,y,2.2
6,0.13157894736842105,0.15789473684210525,7,0.10700000000000001,0.2056,8208,2.310967206954956,3.395707130432129,0.23303139209747314,0.15630577504634857,0.5127072930335999,y,2.2
6,0.13157894736842105,0.15789473684210525,8,0.2056,0.3042,10157,0.820959746837616,1.2866069078445435,0.30794861912727356,0.25708258152008057,0.4842844307422638,y,2.2
6,0.13157894736842105,0.15789473684210525,9,0.3042,0.40279999999999994,3101,0.16900165379047394,0.47976136207580566,0.35990193486213684,0.3373849391937256,0.7122948169708252,y,2.2
6,0.13157894736842105,0.15789473684210525,10,0.40279999999999994,0.5014,1132,0.0004213608044665307,0.16139568388462067,0.43597036600112915,0.4621659219264984,0.9451852440834045,y,2.2
6,0.13157894736842105,0.15789473684210525,11,0.5014,0.6,98,-0.0444306917488575,0.08179636299610138,0.4975947141647339,0.5042617321014404,0.37466341257095337,y,2.2
7,0.15789473684210525,0.18421052631578946,1,-0.52,-0.4146,53,0.12820439040660858,0.10577957332134247,-0.583891749382019,-0.46206405758857727,2.7097280025482178,y,2.2
7,0.15789473684210525,0.18421052631578946,2,-0.4146,-0.30920000000000003,53,0.851398766040802,0.47847408056259155,-0.5518025159835815,-0.36076420545578003,0.6947950720787048,y,2.2
7,0.15789473684210525,0.18421052631578946,3,-0.30920000000000003,-0.20379999999999998,1004,1.2039706707000732,1.1676411628723145,-0.38450363278388977,-0.24500006437301636,0.8237586617469788,y,2.2
7,0.15789473684210525,0.18421052631578946,4,-0.20379999999999998,-0.09839999999999999,4792,3.7902159690856934,3.523512363433838,-0.26118674874305725,-0.13695408403873444,0.33966049551963806,y,2.2
7,0.15789473684210525,0.18421052631578946,5,-0.09839999999999999,0.006999999999999999,88154,-2.8517439365386963,218.0249481201172,0.00792804267257452,-0.024050984531641006,0.28402525186538696,y,2.2
7,0.15789473684210525,0.18421052631578946,7,0.10700000000000001,0.2056,8208,2.310967206954956,3.395707130432129,0.23303139209747314,0.15630577504634857,0.5127072930335999,y,2.2
7,0.15789473684210525,0.18421052631578946,8,0.2056,0.3042,10078,0.8100106120109558,1.2864912748336792,0.30763521790504456,0.2570178210735321,0.4868887960910797,y,2.2
7,0.15789473684210525,0.18421052631578946,9,0.3042,0.40279999999999994,3101,0.16900165379047394,0.47976136207580566,0.35990193486213684,0.3373849391937256,0.7122948169708252,y,2.2
7,0.15789473684210525,0.18421052631578946,10,0.40279999999999994,0.5014,1132,0.0004213608044665307,0.16139568388462067,0.43597036600112915,0.4621659219264984,0.9451852440834045,y,2.2
7,0.15789473684210525,0.18421052631578946,11,0.5014,0.6,98,-0.0444306917488575,0.08179636299610138,0.4975947141647339,0.5042617321014404,0.37466341257095337,y,2.2
8,0.18421052631578946,0.21052631578947367,1,-0.52,-0.4146,53,0.12820439040660858,0.10577957332134247,-0.583891749382019,-0.46206405758857727,2.7097280025482178,y,2.2
8,0.18421052631578946,0.21052631578947367,2,-0.4146,-0.30920000000000003,53,0.851398766040802,0.47847408056259155,-0.5518025159835815,-0.36076420545578003,0.6947950720787048,y,2.2
8,0.18421052631578946,0.21052631578947367,3,-0.30920000000000003,-0.20379999999999998,1004,1.2039706707000732,1.1676411628723145,-0.38450363278388977,-0.24500006437301636,0.8237586617469788,y,2.2
8,0.18421052631578946,0.21052631578947367,4,-0.20379999999999998,-0.09839999999999999,4528,3.9112467765808105,3.6029696464538574,-0.2671479284763336,-0.13825535774230957,0.3493831753730774,y,2.2
8,0.18421052631578946,0.21052631578947367,5,-0.09839999999999999,0.006999999999999999,86372,-3.2390637397766113,219.97988891601562,0.009402071125805378,-0.02393656224012375,0.2863190472126007,y,2.2
8,0.18421052631578946,0.21052631578947367,7,0.10700000000000001,0.2056,7923,2.2467730045318604,3.4048755168914795,0.2303692251443863,0.1551726907491684,0.5247502326965332,y,2.2
8,0.18421052631578946,0.21052631578947367,8,0.2056,0.3042,8966,0.6746097803115845,1.2108571529388428,0.30523303151130676,0.25859323143959045,0.526075005531311,y,2.2
8,0.18421052631578946,0.21052631578947367,9,0.3042,0.40279999999999994,3101,0.16900165379047394,0.47976136207580566,0.35990193486213684,0.3373849391937256,0.7122948169708252,y,2.2
8,0.18421052631578946,0.21052631578947367,10,0.40279999999999994,0.5014,1126,0.0008215524139814079,0.16179315745830536,0.4356870651245117,0.4619911015033722,0.9492781758308411,y,2.2
8,0.18421052631578946,0.21052631578947367,11,0.5014,0.6,98,-0.0444306917488575,0.08179636299610138,0.4975947141647339,0.5042617321014404,0.37466341257095337,y,2.2
9,0.21052631578947367,0.23684210526315788,1,-0.52,-0.4146,53,0.12820439040660858,0.10577957332134247,-0.583891749382019,-0.46206405758857727,2.7097280025482178,y,2.2
9,0.21052631578947367,0.23684210526315788,2,-0.4146,-0.30920000000000003,53,0.851398766040802,0.47847408056259155,-0.5518025159835815,-0.36076420545578003,0.6947950720787048,y,2.2
9,0.21052631578947367,0.23684210526315788,3,-0.30920000000000003,-0.20379999999999998,1004,1.2039706707000732,1.1676411628723145,-0.38450363278388977,-0.24500006437301636,0.8237586617469788,y,2.2
9,0.21052631578947367,0.23684210526315788,4,-0.20379999999999998,-0.09839999999999999,3981,4.1451191902160645,3.789702892303467,-0.27883490920066833,-0.14076848328113556,0.3700462281703949,y,2.2
9,0.21052631578947367,0.23684210526315788,5,-0.09839999999999999,0.006999999999999999,79566,-3.7662723064422607,225.9446258544922,0.01677507534623146,-0.024079179391264915,0.2937152087688446,y,2.2
9,0.21052631578947367,0.23684210526315788,7,0.10700000000000001,0.2056,6938,1.9311656951904297,3.3593850135803223,0.2222936749458313,0.15392005443572998,0.5711042284965515,y,2.2
9,0.21052631578947367,0.23684210526315788,8,0.2056,0.3042,8059,0.6143819689750671,0.9313986897468567,0.3071761131286621,0.2588300108909607,0.5630035400390625,y,2.2
9,0.21052631578947367,0.23684210526315788,9,0.3042,0.40279999999999994,3093,0.16771061718463898,0.47680240869522095,0.3598405420780182,0.33746573328971863,0.7136226296424866,y,2.2
9,0.21052631578947367,0.23684210526315788,10,0.40279999999999994,0.5014,1114,0.0019288989715278149,0.16249428689479828,0.43515744805336,0.461652547121048,0.9573760032653809,y,2.2
9,0.21052631578947367,0.23684210526315788,11,0.5014,0.6,91,-0.045254431664943695,0.08279474079608917,0.49736493825912476,0.5042234659194946,0.3880484998226166,y,2.2
10,0.23684210526315788,0.2631578947368421,1,-0.52,-0.4146,53,0.12820439040660858,0.10577957332134247,-0.583891749382019,-0.46206405758857727,2.7097280025482178,y,2.2
10,0.23684210526315788,0.2631578947368421,2,-0.4146,-0.30920000000000003,53,0.851398766040802,0.47847408056259155,-0.5518025159835815,-0.36076420545578003,0.6947950720787048,y,2.2
10,0.23684210526315788,0.2631578947368421,3,-0.30920000000000003,-0.20379999999999998,878,1.0518752336502075,0.9425747990608215,-0.3887242078781128,-0.24944522976875305,0.9087486863136292,y,2.2
10,0.23684210526315788,0.2631578947368421,4,-0.20379999999999998,-0.09839999999999999,2738,4.7235636711120605,4.422207832336426,-0.2988353371620178,-0.1414266675710678,0.43578487634658813,y,2.2
10,0.23684210526315788,0.2631578947368421,5,-0.09839999999999999,0.006999999999999999,50316,-2.6055855751037598,223.81553649902344,0.007581161800771952,-0.025585999712347984,0.3321549594402313,y,2.2
10,0.23684210526315788,0.2631578947368421,7,0.10700000000000001,0.2056,5551,1.2755002975463867,3.133816957473755,0.20710095763206482,0.15550445020198822,0.6577367782592773,y,2.2
10,0.23684210526315788,0.2631578947368421,8,0.2056,0.3042,6838,0.5499856472015381,0.7731418609619141,0.3072175681591034,0.2574976980686188,0.6234363913536072,y,2.2
10,0.23684210526315788,0.2631578947368421,9,0.3042,0.40279999999999994,3084,0.1663191318511963,0.4749050736427307,0.3597833216190338,0.3375522792339325,0.715053379535675,y,2.2
10,0.23684210526315788,0.2631578947368421,10,0.40279999999999994,0.5014,1102,0.003217271761968732,0.1631157547235489,0.434652179479599,0.461307168006897,0.9653721451759338,y,2.2
10,0.23684210526315788,0.2631578947368421,11,0.5014,0.6,81,-0.039666950702667236,0.0829235091805458,0.4977025091648102,0.5041635036468506,0.40846413373947144,y,2.2
11,0.2631578947368421,0.2894736842105263,1,-0.52,-0.4146,53,0.12820439040660858,0.10577957332134247,-0.583891749382019,-0.46206405758857727,2.7097280025482178,y,2.2
11,0.2631578947368421,0.2894736842105263,2,-0.4146,-0.30920000000000003,53,0.851398766040802,0.47847408056259155,-0.5518025159835815,-0.36076420545578003,0.6947950720787048,y,2.2
11,0.2631578947368421,0.2894736842105263,3,-0.30920000000000003,-0.20379999999999998,784,0.909988522529602,0.8159371018409729,-0.39104780554771423,-0.25207436084747314,0.9879570007324219,y,2.2
11,0.2631578947368421,0.2894736842105263,4,-0.20379999999999998,-0.09839999999999999,1592,5.575697422027588,5.494997501373291,-0.31337958574295044,-0.1360262930393219,0.5717086791992188,y,2.2
11,0.2631578947368421,0.2894736842105263,5,-0.09839999999999999,0.006999999999999999,24627,-8.852110862731934,216.02503967285156,0.014745205640792847,-0.02743699587881565,0.4196927547454834,y,2.2
11,0.2631578947368421,0.2894736842105263,7,0.10700000000000001,0.2056,4155,0.5567387342453003,2.707714796066284,0.1835063099861145,0.15689022839069366,0.7954559922218323,y,2.2
11,0.2631578947368421,0.2894736842105263,8,0.2056,0.3042,5487,0.4375784695148468,0.7222083806991577,0.3035547733306885,0.2570917010307312,0.7151064276695251,y,2.2
11,0.2631578947368421,0.2894736842105263,9,0.3042,0.40279999999999994,3004,0.16205467283725739,0.4199468195438385,0.3610261082649231,0.33815163373947144,0.7274819016456604,y,2.2
11,0.2631578947368421,0.2894736842105263,10,0.40279999999999994,0.5014,1065,0.006951982155442238,0.16498462855815887,0.4334453046321869,0.46058571338653564,0.9902307987213135,y,2.2
11,0.2631578947368421,0.2894736842105263,11,0.5014,0.6,70,-0.030130509287118912,0.08102388679981232,0.4985334575176239,0.5041172504425049,0.43334922194480896,y,2.2
12,0.2894736842105263,0.3157894736842105,1,-0.52,-0.4146,53,0.12820439040660858,0.10577957332134247,-0.583891749382019,-0.46206405758857727,2.7097280025482178,y,2.2
12,0.2894736842105263,0.3157894736842105,2,-0.4146,-0.30920000000000003,53,0.851398766040802,0.47847408056259155,-0.5518025159835815,-0.36076420545578003,0.6947950720787048,y,2.2
12,0.2894736842105263,0.3157894736842105,3,-0.30920000000000003,-0.20379999999999998,733,0.8234825134277344,0.7699941992759705,-0.39179983735084534,-0.25316232442855835,1.037485122680664,y,2.2
12,0.2894736842105263,0.3157894736842105,4,-0.20379999999999998,-0.09839999999999999,839,4.289609909057617,7.120865345001221,-0.2791624367237091,-0.13686193525791168,0.8366950750350952,y,2.2
12,0.2894736842105263,0.3157894736842105,5,-0.09839999999999999,0.006999999999999999,11066,2.561018228530884,126.8254623413086,-0.0023516376968473196,-0.03315164893865585,0.5971133708953857,y,2.2
12,0.2894736842105263,0.3157894736842105,7,0.10700000000000001,0.2056,3710,0.4183533787727356,2.561713695526123,0.18025925755500793,0.15706095099449158,0.8579466342926025,y,2.2
12,0.2894736842105263,0.3157894736842105,8,0.2056,0.3042,4448,0.33600783348083496,0.6773680448532104,0.29922664165496826,0.2564438283443451,0.8179847598075867,y,2.2
12,0.2894736842105263,0.3157894736842105,9,0.3042,0.40279999999999994,2915,0.15545225143432617,0.3806058466434479,0.36149513721466064,0.3385285437107086,0.7412254810333252,y,2.2
12,0.2894736842105263,0.3157894736842105,10,0.40279999999999994,0.5014,1028,0.00984235480427742,0.16736666858196259,0.4319814145565033,0.45975184440612793,1.0158686637878418,y,2.2
12,0.2894736842105263,0.3157894736842105,11,0.5014,0.6,58,-0.016901593655347824,0.07233377546072006,0.49984464049339294,0.5042135715484619,0.46590062975883484,y,2.2
13,0.3157894736842105,0.3421052631578947,1,-0.52,-0.4146,53,0.12820439040660858,0.10577957332134247,-0.583891749382019,-0.46206405758857727,2.7097280025482178,y,2.2
13,0.3157894736842105,0.3421052631578947,2,-0.4146,-0.30920000000000003,53,0.851398766040802,0.47847408056259155,-0.5518025159835815,-0.36076420545578003,0.6947950720787048,y,2.2
13,0.3157894736842105,0.3421052631578947,3,-0.30920000000000003,-0.20379999999999998,647,0.6714626550674438,0.6789780855178833,-0.39529934525489807,-0.25674155354499817,1.135228157043457,y,2.2
13,0.3157894736842105,0.3421052631578947,4,-0.20379999999999998,-0.09839999999999999,430,0.5858024954795837,6.935605525970459,-0.20555153489112854,-0.1489570438861847,1.3493881225585938,y,2.2
13,0.3157894736842105,0.3421052631578947,5,-0.09839999999999999,0.006999999999999999,5284,5.775847434997559,101.1844711303711,-0.05214354023337364,-0.03682282567024231,0.9211190342903137,y,2.2
13,0.3157894736842105,0.3421052631578947,7,0.10700000000000001,0.2056,3353,0.35240596532821655,2.1558682918548584,0.18254005908966064,0.15803037583827972,0.9170888066291809,y,2.2
13,0.3157894736842105,0.3421052631578947,8,0.2056,0.3042,3806,0.237566277384758,0.6063594222068787,0.29190027713775635,0.2548736035823822,0.9051899313926697,y,2.2
13,0.3157894736842105,0.3421052631578947,9,0.3042,0.40279999999999994,2804,0.14999103546142578,0.35004040598869324,0.3622880280017853,0.33903753757476807,0.7585515379905701,y,2.2
13,0.3157894736842105,0.3421052631578947,10,0.40279999999999994,0.5014,991,0.011373169720172882,0.16989357769489288,0.4302235245704651,0.45882493257522583,1.0424658060073853,y,2.2
13,0.3157894736842105,0.3421052631578947,11,0.5014,0.6,41,0.0028700693510472775,0.026083843782544136,0.5050867795944214,0.5048894286155701,0.5340699553489685,y,2.2
14,0.3421052631578947,0.3684210526315789,1,-0.52,-0.4146,53,0.12820439040660858,0.10577957332134247,-0.583891749382019,-0.46206405758857727,2.7097280025482178,y,2.2
14,0.3421052631578947,0.3684210526315789,2,-0.4146,-0.30920000000000003,52,0.8359521627426147,0.44125375151634216,-0.5517759919166565,-0.3616687059402466,0.7018176317214966,y,2.2
14,0.3421052631578947,0.3684210526315789,3,-0.30920000000000003,-0.20379999999999998,593,0.5939081907272339,0.6171842217445374,-0.3966832160949707,-0.2584868371486664,1.2087619304656982,y,2.2
14,0.3421052631578947,0.3684210526315789,4,-0.20379999999999998,-0.09839999999999999,322,1.5437862873077393,4.930813789367676,-0.278292715549469,-0.15266864001750946,1.6920958757400513,y,2.2
14,0.3421052631578947,0.3684210526315789,5,-0.09839999999999999,0.006999999999999999,3118,0.6004155278205872,59.13751983642578,-0.0573720745742321,-0.04036535695195198,1.3349813222885132,y,2.2
14,0.3421052631578947,0.3684210526315789,7,0.10700000000000001,0.2056,3084,0.31208115816116333,1.9238618612289429,0.18061870336532593,0.1590828150510788,0.9684624671936035,y,2.2
14,0.3421052631578947,0.3684210526315789,8,0.2056,0.3042,3502,0.19746080040931702,0.5617699027061462,0.2887427508831024,0.25459790229797363,0.9552814960479736,y,2.2
14,0.3421052631578947,0.3684210526315789,9,0.3042,0.40279999999999994,2638,0.13900788128376007,0.32657113671302795,0.36272993683815,0.33976590633392334,0.785503089427948,y,2.2
14,0.3421052631578947,0.3684210526315789,10,0.40279999999999994,0.5014,952,0.014243205077946186,0.1722995787858963,0.4284723699092865,0.45777052640914917,1.0716980695724487,y,2.2
14,0.3421052631578947,0.3684210526315789,11,0.5014,0.6,37,0.003148041432723403,0.0158323273062706,0.5058873891830444,0.5051388144493103,0.556309700012207,y,2.2
15,0.3684210526315789,0.39473684210526316,1,-0.52,-0.4146,53,0.12820439040660858,0.10577957332134247,-0.583891749382019,-0.46206405758857727,2.7097280025482178,y,2.2
15,0.3684210526315789,0.39473684210526316,2,-0.4146,-0.30920000000000003,51,0.8262319564819336,0.4099244773387909,-0.5517548322677612,-0.3625533878803253,0.7086724638938904,y,2.2
15,0.3684210526315789,0.39473684210526316,3,-0.30920000000000003,-0.20379999999999998,559,0.5491818189620972,0.5761294960975647,-0.39878231287002563,-0.2598073482513428,1.2606853246688843,y,2.2
15,0.3684210526315789,0.39473684210526316,4,-0.20379999999999998,-0.09839999999999999,288,1.5960942506790161,4.394197940826416,-0.2978914976119995,-0.15253497660160065,1.8500837087631226,y,2.2
15,0.3684210526315789,0.39473684210526316,5,-0.09839999999999999,0.006999999999999999,2706,0.8181526064872742,38.98870086669922,-0.06836124509572983,-0.040261004120111465,1.4845249652862549,y,2.2
15,0.3684210526315789,0.39473684210526316,7,0.10700000000000001,0.2056,2873,0.286041259765625,1.8054919242858887,0.17906147241592407,0.1594446748495102,1.0135717391967773,y,2.2
15,0.3684210526315789,0.39473684210526316,8,0.2056,0.3042,3228,0.1739838719367981,0.5436236262321472,0.28702735900878906,0.25420722365379333,1.006140947341919,y,2.2
15,0.3684210526315789,0.39473684210526316,9,0.3042,0.40279999999999994,2479,0.1289275735616684,0.29821592569351196,0.36356714367866516,0.340656578540802,0.8130199909210205,y,2.2
15,0.3684210526315789,0.39473684210526316,10,0.40279999999999994,0.5014,916,0.015971537679433823,0.17492857575416565,0.4267089068889618,0.4568886160850525,1.0997953414916992,y,2.2
15,0.3684210526315789,0.39473684210526316,11,0.5014,0.6,36,0.0027302722446620464,0.015965435653924942,0.5058923959732056,0.5051943063735962,0.5622180104255676,y,2.2
16,0.39473684210526316,0.42105263157894735,1,-0.52,-0.4146,53,0.12820439040660858,0.10577957332134247,-0.583891749382019,-0.46206405758857727,2.7097280025482178,y,2.2
16,0.39473684210526316,0.42105263157894735,2,-0.4146,-0.30920000000000003,50,0.8105086088180542,0.38498762249946594,-0.5517796874046326,-0.363424152135849,0.715312123298645,y,2.2
16,0.39473684210526316,0.42105263157894735,3,-0.30920000000000003,-0.20379999999999998,534,0.5177258253097534,0.541292130947113,-0.4000762403011322,-0.260747492313385,1.3016999959945679,y,2.2
16,0.39473684210526316,0.42105263157894735,4,-0.20379999999999998,-0.09839999999999999,255,1.4728201627731323,4.018161773681641,-0.3088873624801636,-0.15225471556186676,2.0402469635009766,y,2.2
16,0.39473684210526316,0.42105263157894735,5,-0.09839999999999999,0.006999999999999999,2488,0.7764442563056946,13.428686141967773,-0.0800558552145958,-0.04008444771170616,1.5812631845474243,y,2.2
16,0.39473684210526316,0.42105263157894735,7,0.10700000000000001,0.2056,2698,0.2694767713546753,1.6993379592895508,0.17793717980384827,0.15946424007415771,1.0546324253082275,y,2.2
16,0.39473684210526316,0.42105263157894735,8,0.2056,0.3042,3039,0.1574489176273346,0.5279152393341064,0.28634393215179443,0.2543978691101074,1.0449979305267334,y,2.2
16,0.39473684210526316,0.42105263157894735,9,0.3042,0.40279999999999994,2322,0.1184888705611229,0.2732117474079132,0.3643355965614319,0.3418228328227997,0.8422011137008667,y,2.2
16,0.39473684210526316,0.42105263157894735,10,0.40279999999999994,0.5014,881,0.017785582691431046,0.17758746445178986,0.4248121678829193,0.4559071362018585,1.128324270248413,y,2.2
16,0.39473684210526316,0.42105263157894735,11,0.5014,0.6,36,0.0027302722446620464,0.015965435653924942,0.5058923959732056,0.5051943063735962,0.5622180104255676,y,2.2
17,0.42105263157894735,0.4473684210526315,1,-0.52,-0.4146,53,0.12820439040660858,0.10577957332134247,-0.583891749382019,-0.46206405758857727,2.7097280025482178,y,2.2
17,0.42105263157894735,0.4473684210526315,2,-0.4146,-0.30920000000000003,49,0.7957029342651367,0.3655101954936981,-0.5518558025360107,-0.3642827570438385,0.7217277884483337,y,2.2
17,0.42105263157894735,0.4473684210526315,3,-0.30920000000000003,-0.20379999999999998,511,0.49114808440208435,0.5055359601974487,-0.4013533294200897,-0.2616366147994995,1.3419221639633179,y,2.2
17,0.42105263157894735,0.4473684210526315,4,-0.20379999999999998,-0.09839999999999999,227,1.4740136861801147,3.565807580947876,-0.33004531264305115,-0.15149548649787903,2.241720199584961,y,2.2
17,0.42105263157894735,0.4473684210526315,5,-0.09839999999999999,0.006999999999999999,2412,0.7469117641448975,3.1989188194274902,-0.08067019283771515,-0.039361581206321716,1.6182348728179932,y,2.2
17,0.42105263157894735,0.4473684210526315,7,0.10700000000000001,0.2056,2542,0.2543264329433441,1.6052194833755493,0.17596642673015594,0.15965428948402405,1.0942459106445312,y,2.2
17,0.42105263157894735,0.4473684210526315,8,0.2056,0.3042,2860,0.14215780794620514,0.48263245820999146,0.28513196110725403,0.2547018826007843,1.084886074066162,y,2.2
17,0.42105263157894735,0.4473684210526315,9,0.3042,0.40279999999999994,2209,0.11476204544305801,0.25330594182014465,0.36566200852394104,0.3426998257637024,0.8644400238990784,y,2.2
17,0.42105263157894735,0.4473684210526315,10,0.40279999999999994,0.5014,854,0.01943361386656761,0.17982906103134155,0.4234403371810913,0.4552493393421173,1.151076316833496,y,2.2
17,0.42105263157894735,0.4473684210526315,11,0.5014,0.6,35,0.0016100896755233407,0.015346542000770569,0.5056447982788086,0.5051397681236267,0.566251814365387,y,2.2
18,0.4473684210526315,0.47368421052631576,1,-0.52,-0.4146,53,0.12820439040660858,0.10577957332134247,-0.583891749382019,-0.46206405758857727,2.7097280025482178,y,2.2
18,0.4473684210526315,0.47368421052631576,2,-0.4146,-0.30920000000000003,47,0.767787516117096,0.33613261580467224,-0.5521209239959717,-0.365998238325119,0.734098494052887,y,2.2
18,0.4473684210526315,0.47368421052631576,3,-0.30920000000000003,-0.20379999999999998,483,0.45945116877555847,0.47742968797683716,-0.40319186449050903,-0.26271215081214905,1.3944196701049805,y,2.2
18,0.4473684210526315,0.47368421052631576,4,-0.20379999999999998,-0.09839999999999999,202,1.4049956798553467,3.1604673862457275,-0.35291701555252075,-0.1521730273962021,2.4654858112335205,y,2.2
18,0.4473684210526315,0.47368421052631576,5,-0.09839999999999999,0.006999999999999999,2364,0.72524493932724,2.9924588203430176,-0.08098220080137253,-0.038902804255485535,1.6422533988952637,y,2.2
18,0.4473684210526315,0.47368421052631576,7,0.10700000000000001,0.2056,2423,0.25072237849235535,1.542171597480774,0.17637178301811218,0.15977884829044342,1.1266839504241943,y,2.2
18,0.4473684210526315,0.47368421052631576,8,0.2056,0.3042,2690,0.12917070090770721,0.45906099677085876,0.2836625576019287,0.25470292568206787,1.1259244680404663,y,2.2
18,0.4473684210526315,0.47368421052631576,9,0.3042,0.40279999999999994,2087,0.11223088949918747,0.23015838861465454,0.36767128109931946,0.34366390109062195,0.8895845413208008,y,2.2
18,0.4473684210526315,0.47368421052631576,10,0.40279999999999994,0.5014,823,0.02041630819439888,0.18258842825889587,0.4216958284378052,0.45467594265937805,1.1782090663909912,y,2.2
18,0.4473684210526315,0.47368421052631576,11,0.5014,0.6,28,-0.0032052183523774147,0.005719317123293877,0.5034734010696411,0.5046131014823914,0.6008758544921875,y,2.2
19,0.47368421052631576,0.5,1,-0.52,-0.4146,53,0.12820439040660858,0.10577957332134247,-0.583891749382019,-0.46206405758857727,2.7097280025482178,y,2.2
19,0.47368421052631576,0.5,2,-0.4146,-0.30920000000000003,44,0.7243862152099609,0.29973581433296204,-0.5524358153343201,-0.36855533719062805,0.7525281310081482,y,2.2
19,0.47368421052631576,0.5,3,-0.30920000000000003,-0.20379999999999998,468,0.4437466263771057,0.4232638478279114,-0.4034408926963806,-0.2634144127368927,1.4243749380111694,y,2.2
19,0.47368421052631576,0.5,4,-0.20379999999999998,-0.09839999999999999,174,1.1122440099716187,2.7686972618103027,-0.3721439838409424,-0.15390680730342865,2.788062334060669,y,2.2
19,0.47368421052631576,0.5,5,-0.09839999999999999,0.006999999999999999,2319,0.7004194855690002,2.9864437580108643,-0.0797291249036789,-0.03827612102031708,1.6651732921600342,y,2.2
19,0.47368421052631576,0.5,7,0.10700000000000001,0.2056,2297,0.2418004721403122,1.4561231136322021,0.17423582077026367,0.15978337824344635,1.163198471069336,y,2.2
19,0.47368421052631576,0.5,8,0.2056,0.3042,2533,0.11798969656229019,0.42967817187309265,0.28252625465393066,0.25462111830711365,1.1670879125595093,y,2.2
19,0.47368421052631576,0.5,9,0.3042,0.40279999999999994,1957,0.11155082285404205,0.21714243292808533,0.36988234519958496,0.34471696615219116,0.9180142283439636,y,2.2
19,0.47368421052631576,0.5,10,0.40279999999999994,0.5014,800,0.021329324692487717,0.18488894402980804,0.4205305576324463,0.45442378520965576,1.1989120244979858,y,2.2
19,0.47368421052631576,0.5,11,0.5014,0.6,28,-0.0032052183523774147,0.005719317123293877,0.5034734010696411,0.5046131014823914,0.6008758544921875,y,2.2
20,0.5,inf,1,-0.52,-0.4146,53,0.12820439040660858,0.10577957332134247,-0.583891749382019,-0.46206405758857727,2.7097280025482178,y,2.2
20,0.5,inf,2,-0.4146,-0.30920000000000003,39,0.6601963639259338,0.2438601702451706,-0.5555058717727661,-0.3740745782852173,0.7866255640983582,y,2.2
20,0.5,inf,3,-0.30920000000000003,-0.20379999999999998,451,0.4267926812171936,0.39586931467056274,-0.4042336642742157,-0.2640574276447296,1.4596859216690063,y,2.2
20,0.5,inf,4,-0.20379999999999998,-0.09839999999999999,158,0.8857774138450623,2.54708194732666,-0.3810005187988281,-0.1553511917591095,3.0212886333465576,y,2.2
20,0.5,inf,5,-0.09839999999999999,0.006999999999999999,2287,0.6879382133483887,2.981227397918701,-0.07903855293989182,-0.03785241022706032,1.6816620826721191,y,2.2
20,0.5,inf,7,0.10700000000000001,0.2056,2197,0.24075578153133392,1.3781976699829102,0.17541764676570892,0.1599133014678955,1.1939926147460938,y,2.2
20,0.5,inf,8,0.2056,0.3042,2390,0.11230169981718063,0.41865336894989014,0.2825653553009033,0.2544544041156769,1.2078678607940674,y,2.2
20,0.5,inf,9,0.3042,0.40279999999999994,1802,0.10889112949371338,0.21044142544269562,0.3715064227581024,0.3458541929721832,0.9551305174827576,y,2.2
20,0.5,inf,10,0.40279999999999994,0.5014,760,0.02294912375509739,0.18923446536064148,0.41884368658065796,0.45438897609710693,1.2363535165786743,y,2.2
20,0.5,inf,11,0.5014,0.6,24,-0.004786686506122351,0.0049005355685949326,0.5028777122497559,0.504424512386322,0.6194245219230652,y,2.2
0,0.0,0.0,0,-inf,0.0,3600,-63.154666900634766,44.3867073059082,0.0007808967493474483,-0.0021367925219237804,0.033169642090797424,z,2.2
0,0.0,0.0,1,0.0,0.022,5343,-1.3268558979034424,16.03679847717285,0.018241193145513535,0.008559179492294788,0.7062243819236755,z,2.2
0,0.0,0.0,2,0.022,0.044,2973,-3.6980786323547363,5.948678016662598,0.026734216138720512,0.0320335254073143,0.37152421474456787,z,2.2
0,0.0,0.0,3,0.044,0.066,2326,-4.72554349899292,5.3473124504089355,0.035776980221271515,0.055479079484939575,0.2744290828704834,z,2.2
0,0.0,0.0,4,0.066,0.088,5632,-6.5724663734436035,4.042709827423096,0.024653786793351173,0.07860103994607925,0.16828586161136627,z,2.2
0,0.0,0.0,5,0.088,0.11,10234,-5.058708190917969,4.848835468292236,0.04582277312874794,0.1003311350941658,0.15302854776382446,z,2.2
0,0.0,0.0,7,0.21000000000000002,0.234,9725,1.3553876876831055,3.663066864013672,0.24514420330524445,0.21990711987018585,0.16268505156040192,z,2.2
0,0.0,0.0,8,0.234,0.258,4442,0.5365924835205078,1.1975789070129395,0.2675215005874634,0.24573677778244019,0.35767221450805664,z,2.2
0,0.0,0.0,9,0.258,0.28200000000000003,3120,0.39843687415122986,0.5962902903556824,0.28871288895606995,0.2677162289619446,0.4090237319469452,z,2.2
0,0.0,0.0,10,0.28200000000000003,0.30600000000000005,1262,0.4171462953090668,0.2818318009376526,0.3218226730823517,0.2925260066986084,0.3483545482158661,z,2.2
0,0.0,0.0,11,0.30600000000000005,0.33,121,0.22600212693214417,0.08093573898077011,0.3271423280239105,0.30766022205352783,0.37333911657333374,z,2.2
1,0.0,0.02631578947368421,0,-inf,0.0,3600,-63.154666900634766,44.3867073059082,0.0007808967493474483,-0.0021367925219237804,0.033169642090797424,z,2.2
1,0.0,0.02631578947368421,1,0.0,0.022,5343,-1.3268558979034424,16.03679847717285,0.018241193145513535,0.008559179492294788,0.7062243819236755,z,2.2
1,0.0,0.02631578947368421,2,0.022,0.044,2973,-3.6980786323547363,5.948678016662598,0.026734216138720512,0.0320335254073143,0.37152421474456787,z,2.2
1,0.0,0.02631578947368421,3,0.044,0.066,2326,-4.72554349899292,5.3473124504089355,0.035776980221271515,0.055479079484939575,0.2744290828704834,z,2.2
1,0.0,0.02631578947368421,4,0.066,0.088,5632,-6.5724663734436035,4.042709827423096,0.024653786793351173,0.07860103994607925,0.16828586161136627,z,2.2
1,0.0,0.02631578947368421,5,0.088,0.11,10234,-5.058708190917969,4.848835468292236,0.04582277312874794,0.1003311350941658,0.15302854776382446,z,2.2
1,0.0,0.02631578947368421,7,0.21000000000000002,0.234,9725,1.3553876876831055,3.663066864013672,0.24514420330524445,0.21990711987018585,0.16268505156040192,z,2.2
1,0.0,0.02631578947368421,8,0.234,0.258,4442,0.5365924835205078,1.1975789070129395,0.2675215005874634,0.24573677778244019,0.35767221450805664,z,2.2
1,0.0,0.02631578947368421,9,0.258,0.28200000000000003,3120,0.39843687415122986,0.5962902903556824,0.28871288895606995,0.2677162289619446,0.4090237319469452,z,2.2
1,0.0,0.02631578947368421,10,0.28200000000000003,0.30600000000000005,1262,0.4171462953090668,0.2818318009376526,0.3218226730823517,0.2925260066986084,0.3483545482158661,z,2.2
1,0.0,0.02631578947368421,11,0.30600000000000005,0.33,121,0.22600212693214417,0.08093573898077011,0.3271423280239105,0.30766022205352783,0.37333911657333374,z,2.2
2,0.02631578947368421,0.05263157894736842,0,-inf,0.0,1460,-30.879642486572266,24.333499908447266,0.0011617012787610292,-0.001948435790836811,0.05919593945145607,z,2.2
2,0.02631578947368421,0.05263157894736842,1,0.0,0.022,5343,-1.3268558979034424,16.03679847717285,0.018241193145513535,0.008559179492294788,0.7062243819236755,z,2.2
2,0.02631578947368421,0.05263157894736842,2,0.022,0.044,2973,-3.6980786323547363,5.948678016662598,0.026734216138720512,0.0320335254073143,0.37152421474456787,z,2.2
2,0.02631578947368421,0.05263157894736842,3,0.044,0.066,2326,-4.72554349899292,5.3473124504089355,0.035776980221271515,0.055479079484939575,0.2744290828704834,z,2.2
2,0.02631578947368421,0.05263157894736842,4,0.066,0.088,5632,-6.5724663734436035,4.042709827423096,0.024653786793351173,0.07860103994607925,0.16828586161136627,z,2.2
2,0.02631578947368421,0.05263157894736842,5,0.088,0.11,10234,-5.058708190917969,4.848835468292236,0.04582277312874794,0.1003311350941658,0.15302854776382446,z,2.2
2,0.02631578947368421,0.05263157894736842,7,0.21000000000000002,0.234,9725,1.3553876876831055,3.663066864013672,0.24514420330524445,0.21990711987018585,0.16268505156040192,z,2.2
2,0.02631578947368421,0.05263157894736842,8,0.234,0.258,4442,0.5365924835205078,1.1975789070129395,0.2675215005874634,0.24573677778244019,0.35767221450805664,z,2.2
2,0.02631578947368421,0.05263157894736842,9,0.258,0.28200000000000003,3120,0.39843687415122986,0.5962902903556824,0.28871288895606995,0.2677162289619446,0.4090237319469452,z,2.2
2,0.02631578947368421,0.05263157894736842,10,0.28200000000000003,0.30600000000000005,1262,0.4171462953090668,0.2818318009376526,0.3218226730823517,0.2925260066986084,0.3483545482158661,z,2.2
2,0.02631578947368421,0.05263157894736842,11,0.30600000000000005,0.33,121,0.22600212693214417,0.08093573898077011,0.3271423280239105,0.30766022205352783,0.37333911657333374,z,2.2
3,0.05263157894736842,0.07894736842105263,0,-inf,0.0,630,-17.686622619628906,13.99034309387207,0.0011062457924708724,-0.0017256485298275948,0.0889466181397438,z,2.2
3,0.05263157894736842,0.07894736842105263,1,0.0,0.022,5343,-1.3268558979034424,16.03679847717285,0.018241193145513535,0.008559179492294788,0.7062243819236755,z,2.2
3,0.05263157894736842,0.07894736842105263,2,0.022,0.044,2973,-3.6980786323547363,5.948678016662598,0.026734216138720512,0.0320335254073143,0.37152421474456787,z,2.2
3,0.05263157894736842,0.07894736842105263,3,0.044,0.066,2326,-4.72554349899292,5.3473124504089355,0.035776980221271515,0.055479079484939575,0.2744290828704834,z,2.2
3,0.05263157894736842,0.07894736842105263,4,0.066,0.088,5632,-6.5724663734436035,4.042709827423096,0.024653786793351173,0.07860103994607925,0.16828586161136627,z,2.2
3,0.05263157894736842,0.07894736842105263,5,0.088,0.11,10234,-5.058708190917969,4.848835468292236,0.04582277312874794,0.1003311350941658,0.15302854776382446,z,2.2
3,0.05263157894736842,0.07894736842105263,7,0.21000000000000002,0.234,9725,1.3553876876831055,3.663066864013672,0.24514420330524445,0.21990711987018585,0.16268505156040192,z,2.2
3,0.05263157894736842,0.07894736842105263,8,0.234,0.258,4442,0.5365924835205078,1.1975789070129395,0.2675215005874634,0.24573677778244019,0.35767221450805664,z,2.2
3,0.05263157894736842,0.07894736842105263,9,0.258,0.28200000000000003,3120,0.39843687415122986,0.5962902903556824,0.28871288895606995,0.2677162289619446,0.4090237319469452,z,2.2
3,0.05263157894736842,0.07894736842105263,10,0.28200000000000003,0.30600000000000005,1262,0.4171462953090668,0.2818318009376526,0.3218226730823517,0.2925260066986084,0.3483545482158661,z,2.2
3,0.05263157894736842,0.07894736842105263,11,0.30600000000000005,0.33,121,0.22600212693214417,0.08093573898077011,0.3271423280239105,0.30766022205352783,0.37333911657333374,z,2.2
4,0.07894736842105263,0.10526315789473684,0,-inf,0.0,342,-13.934435844421387,8.697916984558105,0.00109463045373559,-0.0015642114449292421,0.10958351194858551,z,2.2
4,0.07894736842105263,0.10526315789473684,1,0.0,0.022,5330,-1.3147969245910645,16.04195213317871,0.018284833058714867,0.008576828055083752,0.7077845931053162,z,2.2
4,0.07894736842105263,0.10526315789473684,2,0.022,0.044,2973,-3.6980786323547363,5.948678016662598,0.026734216138720512,0.0320335254073143,0.37152421474456787,z,2.2
4,0.07894736842105263,0.10526315789473684,3,0.044,0.066,2324,-4.729905128479004,5.348700046539307,0.03575516864657402,0.05547129362821579,0.2745976448059082,z,2.2
4,0.07894736842105263,0.10526315789473684,4,0.066,0.088,5624,-6.5817341804504395,4.041200160980225,0.02459266223013401,0.07860925048589706,0.16841347515583038,z,2.2
4,0.07894736842105263,0.10526315789473684,5,0.088,0.11,10234,-5.058708190917969,4.848835468292236,0.04582277312874794,0.1003311350941658,0.15302854776382446,z,2.2
4,0.07894736842105263,0.10526315789473684,7,0.21000000000000002,0.234,9725,1.3553876876831055,3.663066864013672,0.24514420330524445,0.21990711987018585,0.16268505156040192,z,2.2
4,0.07894736842105263,0.10526315789473684,8,0.234,0.258,4442,0.5365924835205078,1.1975789070129395,0.2675215005874634,0.24573677778244019,0.35767221450805664,z,2.2
4,0.07894736842105263,0.10526315789473684,9,0.258,0.28200000000000003,3120,0.39843687415122986,0.5962902903556824,0.28871288895606995,0.2677162289619446,0.4090237319469452,z,2.2
4,0.07894736842105263,0.10526315789473684,10,0.28200000000000003,0.30600000000000005,1262,0.4171462953090668,0.2818318009376526,0.3218226730823517,0.2925260066986084,0.3483545482158661,z,2.2
4,0.07894736842105263,0.10526315789473684,11,0.30600000000000005,0.33,121,0.22600212693214417,0.08093573898077011,0.3271423280239105,0.30766022205352783,0.37333911657333374,z,2.2
5,0.10526315789473684,0.13157894736842105,0,-inf,0.0,155,-12.715071678161621,8.416966438293457,0.0013334393734112382,-0.0013595852069556713,0.13095398247241974,z,2.2
5,0.10526315789473684,0.13157894736842105,1,0.0,0.022,5300,-1.2997181415557861,16.065479278564453,0.018381983041763306,0.008602381683886051,0.7112590074539185,z,2.2
5,0.10526315789473684,0.13157894736842105,2,0.022,0.044,2649,-3.6488969326019287,6.0858154296875,0.02755451388657093,0.031578704714775085,0.4051591455936432,z,2.2
5,0.10526315789473684,0.13157894736842105,3,0.044,0.066,1812,-4.488430500030518,5.57576847076416,0.0389418788254261,0.05594635009765625,0.3252292275428772,z,2.2
5,0.10526315789473684,0.13157894736842105,4,0.066,0.088,5100,-6.694965839385986,4.0784592628479,0.023473845794796944,0.07887943089008331,0.17575496435165405,z,2.2
5,0.10526315789473684,0.13157894736842105,5,0.088,0.11,9777,-5.156034469604492,4.9137492179870605,0.04485098272562027,0.10038869827985764,0.15566712617874146,z,2.2
5,0.10526315789473684,0.13157894736842105,7,0.21000000000000002,0.234,9483,1.3931363821029663,3.6613717079162598,0.24596461653709412,0.21977481245994568,0.16432225704193115,z,2.2
5,0.10526315789473684,0.13157894736842105,8,0.234,0.258,4281,0.5310450792312622,1.1955325603485107,0.267839640378952,0.24585925042629242,0.3673715591430664,z,2.2
5,0.10526315789473684,0.13157894736842105,9,0.258,0.28200000000000003,3052,0.3821961581707001,0.5724137425422668,0.2883312702178955,0.26773127913475037,0.41587212681770325,z,2.2
5,0.10526315789473684,0.13157894736842105,10,0.28200000000000003,0.30600000000000005,1262,0.4171462953090668,0.2818318009376526,0.3218226730823517,0.2925260066986084,0.3483545482158661,z,2.2
5,0.10526315789473684,0.13157894736842105,11,0.30600000000000005,0.33,121,0.22600212693214417,0.08093573898077011,0.3271423280239105,0.30766022205352783,0.37333911657333374,z,2.2
6,0.13157894736842105,0.15789473684210525,0,-inf,0.0,53,-16.013004302978516,11.93761920928955,0.002598211169242859,-0.0013012635754421353,0.15823908150196075,z,2.2
6,0.13157894736842105,0.15789473684210525,1,0.0,0.022,5004,-1.0757372379302979,16.349411010742188,0.01938238926231861,0.00867272075265646,0.7462842464447021,z,2.2
6,0.13157894736842105,0.15789473684210525,2,0.022,0.044,2148,-2.938786268234253,6.1454362869262695,0.03238692134618759,0.03141093626618385,0.4723834693431854,z,2.2
6,0.13157894736842105,0.15789473684210525,3,0.044,0.066,957,-2.102217674255371,5.735263824462891,0.060815274715423584,0.054717764258384705,0.5133535861968994,z,2.2
6,0.13157894736842105,0.15789473684210525,4,0.066,0.088,1194,-3.521610736846924,5.453648090362549,0.057137418538331985,0.07903692871332169,0.3614793121814728,z,2.2
6,0.13157894736842105,0.15789473684210525,5,0.088,0.11,6830,-4.997638702392578,5.208968162536621,0.04718944802880287,0.10154696553945541,0.16915827989578247,z,2.2
6,0.13157894736842105,0.15789473684210525,7,0.21000000000000002,0.234,8329,1.6917905807495117,3.403383493423462,0.25435489416122437,0.21952706575393677,0.17061671614646912,z,2.2
6,0.13157894736842105,0.15789473684210525,8,0.234,0.258,3632,0.4609529972076416,1.1364918947219849,0.2678389549255371,0.24634642899036407,0.41167810559272766,z,2.2
6,0.13157894736842105,0.15789473684210525,9,0.258,0.28200000000000003,2836,0.32961878180503845,0.49535834789276123,0.28659287095069885,0.2676086723804474,0.4385095238685608,z,2.2
6,0.13157894736842105,0.15789473684210525,10,0.28200000000000003,0.30600000000000005,1205,0.3958491086959839,0.23495958745479584,0.3215658366680145,0.29278117418289185,0.35918524861335754,z,2.2
6,0.13157894736842105,0.15789473684210525,11,0.30600000000000005,0.33,121,0.22600212693214417,0.08093573898077011,0.3271423280239105,0.30766022205352783,0.37333911657333374,z,2.2
7,0.15789473684210525,0.18421052631578946,0,-inf,0.0,21,-23.192426681518555,14.37472152709961,0.004495205823332071,-0.00125693844165653,0.1819131225347519,z,2.2
7,0.15789473684210525,0.18421052631578946,1,0.0,0.022,4745,-0.9854573011398315,16.666278839111328,0.0199729111045599,0.008427523076534271,0.7790915966033936,z,2.2
7,0.15789473684210525,0.18421052631578946,2,0.022,0.044,1778,-2.5543975830078125,5.700422763824463,0.036548271775245667,0.031082822009921074,0.5406324863433838,z,2.2
7,0.15789473684210525,0.18421052631578946,3,0.044,0.066,805,-1.676198959350586,5.879150867462158,0.06800615042448044,0.05481899529695511,0.5831903219223022,z,2.2
7,0.15789473684210525,0.18421052631578946,4,0.066,0.088,729,-1.5659586191177368,5.501269817352295,0.0813869759440422,0.07762166112661362,0.5024747252464294,z,2.2
7,0.15789473684210525,0.18421052631578946,5,0.088,0.11,781,-3.6075706481933594,3.7028920650482178,0.05839546397328377,0.10001866519451141,0.3735333979129791,z,2.2
7,0.15789473684210525,0.18421052631578946,7,0.21000000000000002,0.234,1772,-3.125885248184204,3.372981071472168,0.11863433569669724,0.21705825626850128,0.2576155364513397,z,2.2
7,0.15789473684210525,0.18421052631578946,8,0.234,0.258,2561,0.08180174231529236,0.6256686449050903,0.25356316566467285,0.24860526621341705,0.5237964987754822,z,2.2
7,0.15789473684210525,0.18421052631578946,9,0.258,0.28200000000000003,2511,0.2447310835123062,0.37614747881889343,0.28269800543785095,0.2673071622848511,0.4767225980758667,z,2.2
7,0.15789473684210525,0.18421052631578946,10,0.28200000000000003,0.30600000000000005,1135,0.3725743591785431,0.21233956515789032,0.3212553560733795,0.29286864399909973,0.37240999937057495,z,2.2
7,0.15789473684210525,0.18421052631578946,11,0.30600000000000005,0.33,121,0.22600212693214417,0.08093573898077011,0.3271423280239105,0.30766022205352783,0.37333911657333374,z,2.2
8,0.18421052631578946,0.21052631578947367,0,-inf,0.0,8,-37.89177703857422,12.214737892150879,0.007508016191422939,-0.0011334307491779327,0.2021392583847046,z,2.2
8,0.18421052631578946,0.21052631578947367,1,0.0,0.022,4569,-0.9482311010360718,16.892578125,0.0204112958163023,0.008390243165194988,0.8025951385498047,z,2.2
8,0.18421052631578946,0.21052631578947367,2,0.022,0.044,1485,-2.2727298736572266,5.987116813659668,0.04145393148064613,0.031009461730718613,0.6137807965278625,z,2.2
8,0.18421052631578946,0.21052631578947367,3,0.044,0.066,671,-0.9157184362411499,6.046437740325928,0.07889321446418762,0.05439535900950432,0.6653182506561279,z,2.2
8,0.18421052631578946,0.21052631578947367,4,0.066,0.088,586,-1.2105045318603516,4.673412799835205,0.08625781536102295,0.07788088172674179,0.5837739706039429,z,2.2
8,0.18421052631578946,0.21052631578947367,5,0.088,0.11,383,-1.3009283542633057,3.6782896518707275,0.10047245025634766,0.09726211428642273,0.5918928384780884,z,2.2
8,0.18421052631578946,0.21052631578947367,7,0.21000000000000002,0.234,512,0.16921661794185638,0.38017240166664124,0.24440307915210724,0.22275976836681366,0.48599380254745483,z,2.2
8,0.18421052631578946,0.21052631578947367,8,0.234,0.258,2323,0.06632371991872787,0.4756539463996887,0.25384774804115295,0.24897480010986328,0.5598790645599365,z,2.2
8,0.18421052631578946,0.21052631578947367,9,0.258,0.28200000000000003,2284,0.1956729292869568,0.33117181062698364,0.2798186242580414,0.26659443974494934,0.5071677565574646,z,2.2
8,0.18421052631578946,0.21052631578947367,10,0.28200000000000003,0.30600000000000005,1040,0.3469448685646057,0.19548361003398895,0.3208480477333069,0.292981892824173,0.39062654972076416,z,2.2
8,0.18421052631578946,0.21052631578947367,11,0.30600000000000005,0.33,121,0.22600212693214417,0.08093573898077011,0.3271423280239105,0.30766022205352783,0.37333911657333374,z,2.2
9,0.21052631578947367,0.23684210526315788,1,0.0,0.022,4450,-0.9388799667358398,16.94179916381836,0.02076578140258789,0.008415923453867435,0.8187997341156006,z,2.2
9,0.21052631578947367,0.23684210526315788,2,0.022,0.044,1232,-1.6516624689102173,6.284468650817871,0.0488397590816021,0.030738694593310356,0.6994710564613342,z,2.2
9,0.21052631578947367,0.23684210526315788,3,0.044,0.066,522,0.26915594935417175,6.256095886230469,0.09645797312259674,0.05431520938873291,0.79899662733078,z,2.2
9,0.21052631578947367,0.23684210526315788,4,0.066,0.088,454,-1.258038878440857,4.139939308166504,0.08855870366096497,0.07814996689558029,0.6963592171669006,z,2.2
9,0.21052631578947367,0.23684210526315788,5,0.088,0.11,237,-0.5563515424728394,3.640007495880127,0.1237945631146431,0.09723985195159912,0.8349176645278931,z,2.2
9,0.21052631578947367,0.23684210526315788,7,0.21000000000000002,0.234,442,0.18316473066806793,0.395689457654953,0.24673938751220703,0.22257637977600098,0.5330946445465088,z,2.2
9,0.21052631578947367,0.23684210526315788,8,0.234,0.258,1960,0.033909302204847336,0.39199167490005493,0.25284841656684875,0.24932274222373962,0.627501368522644,z,2.2
9,0.21052631578947367,0.23684210526315788,9,0.258,0.28200000000000003,1837,0.10524792969226837,0.2566187083721161,0.27435481548309326,0.26593202352523804,0.582046389579773,z,2.2
9,0.21052631578947367,0.23684210526315788,10,0.28200000000000003,0.30600000000000005,900,0.3119499981403351,0.17192187905311584,0.3201605975627899,0.2932869791984558,0.420656681060791,z,2.2
9,0.21052631578947367,0.23684210526315788,11,0.30600000000000005,0.33,114,0.22101598978042603,0.0787213072180748,0.3271557688713074,0.30772703886032104,0.383796364068985,z,2.2
10,0.23684210526315788,0.2631578947368421,1,0.0,0.022,4331,-0.9376492500305176,16.6668758392334,0.02103441208600998,0.008408721536397934,0.8351527452468872,z,2.2
10,0.23684210526315788,0.2631578947368421,2,0.022,0.044,1023,-0.889805793762207,6.600656986236572,0.05777014046907425,0.030455972999334335,0.7968209981918335,z,2.2
10,0.23684210526315788,0.2631578947368421,3,0.044,0.066,431,0.6717835068702698,6.06179141998291,0.10476294904947281,0.05416659638285637,0.9207691550254822,z,2.2
10,0.23684210526315788,0.2631578947368421,4,0.066,0.088,339,-0.7356234192848206,3.6196482181549072,0.1021285355091095,0.07837433367967606,0.8562985062599182,z,2.2
10,0.23684210526315788,0.2631578947368421,5,0.088,0.11,175,-0.11672721058130264,3.490875720977783,0.14291174709796906,0.09793724864721298,1.05216383934021,z,2.2
10,0.23684210526315788,0.2631578947368421,7,0.21000000000000002,0.234,426,0.1751430481672287,0.3927791118621826,0.24680592119693756,0.2226542979478836,0.5447694063186646,z,2.2
10,0.23684210526315788,0.2631578947368421,8,0.234,0.258,1851,0.027774227783083916,0.27647665143013,0.25297150015830994,0.24931931495666504,0.6513292789459229,z,2.2
10,0.23684210526315788,0.2631578947368421,9,0.258,0.28200000000000003,1623,0.058694254606962204,0.20824745297431946,0.27065008878707886,0.26538971066474915,0.6294843554496765,z,2.2
10,0.23684210526315788,0.2631578947368421,10,0.28200000000000003,0.30600000000000005,657,0.2516826391220093,0.15341973304748535,0.31906309723854065,0.2935480773448944,0.4939117133617401,z,2.2
10,0.23684210526315788,0.2631578947368421,11,0.30600000000000005,0.33,80,0.19091232120990753,0.07997778058052063,0.3272240161895752,0.3076234459877014,0.4510120451450348,z,2.2
11,0.2631578947368421,0.2894736842105263,1,0.0,0.022,4196,-0.9343664646148682,16.438196182250977,0.02129455655813217,0.008388242684304714,0.8539511561393738,z,2.2
11,0.2631578947368421,0.2894736842105263,2,0.022,0.044,885,-0.20138347148895264,6.856349945068359,0.06587667763233185,0.03032672218978405,0.8820417523384094,z,2.2
11,0.2631578947368421,0.2894736842105263,3,0.044,0.066,365,0.7751500010490417,5.8674516677856445,0.11054778099060059,0.05401208996772766,1.0423270463943481,z,2.2
11,0.2631578947368421,0.2894736842105263,4,0.066,0.088,267,-0.42988643050193787,3.4661107063293457,0.11421424895524979,0.07790706306695938,1.0198339223861694,z,2.2
11,0.2631578947368421,0.2894736842105263,5,0.088,0.11,146,0.07510644197463989,3.077845335006714,0.15448839962482452,0.09770399332046509,1.2113614082336426,z,2.2
11,0.2631578947368421,0.2894736842105263,7,0.21000000000000002,0.234,404,0.1495521366596222,0.33317577838897705,0.24533481895923615,0.22281032800674438,0.5608313679695129,z,2.2
11,0.2631578947368421,0.2894736842105263,8,0.234,0.258,1798,0.026414887979626656,0.1787741631269455,0.2535823881626129,0.24930787086486816,0.6631619930267334,z,2.2
11,0.2631578947368421,0.2894736842105263,9,0.258,0.28200000000000003,1509,0.04073913395404816,0.17374275624752045,0.2682842016220093,0.2650397717952728,0.6582852602005005,z,2.2
11,0.2631578947368421,0.2894736842105263,10,0.28200000000000003,0.30600000000000005,555,0.2183949202299118,0.13002465665340424,0.3175772428512573,0.2934838533401489,0.5388774871826172,z,2.2
11,0.2631578947368421,0.2894736842105263,11,0.30600000000000005,0.33,50,0.1436656266450882,0.07605530321598053,0.32729050517082214,0.30748897790908813,0.5734236240386963,z,2.2
12,0.2894736842105263,0.3157894736842105,1,0.0,0.022,4060,-0.9199377298355103,15.88740348815918,0.021649589762091637,0.00835935678333044,0.8732995986938477,z,2.2
12,0.2894736842105263,0.3157894736842105,2,0.022,0.044,806,0.29109182953834534,6.975009918212891,0.07193566113710403,0.030277356505393982,0.9415525794029236,z,2.2
12,0.2894736842105263,0.3157894736842105,3,0.044,0.066,293,0.5338523387908936,5.243978023529053,0.11253010481595993,0.054096587002277374,1.230865240097046,z,2.2
12,0.2894736842105263,0.3157894736842105,4,0.066,0.088,225,0.0489530935883522,3.436710834503174,0.13002222776412964,0.07745897024869919,1.1585575342178345,z,2.2
12,0.2894736842105263,0.3157894736842105,5,0.088,0.11,123,0.011484404094517231,2.4908249378204346,0.15894685685634613,0.09774047136306763,1.3865383863449097,z,2.2
12,0.2894736842105263,0.3157894736842105,7,0.21000000000000002,0.234,381,0.13878577947616577,0.2599150538444519,0.24307285249233246,0.2228572815656662,0.577875018119812,z,2.2
12,0.2894736842105263,0.3157894736842105,8,0.234,0.258,1741,0.024453362450003624,0.17305733263492584,0.253523588180542,0.24936816096305847,0.675807774066925,z,2.2
12,0.2894736842105263,0.3157894736842105,9,0.258,0.28200000000000003,1445,0.03283017873764038,0.16095899045467377,0.2672985792160034,0.2649182975292206,0.6752561330795288,z,2.2
12,0.2894736842105263,0.3157894736842105,10,0.28200000000000003,0.30600000000000005,483,0.1958829015493393,0.11340992897748947,0.31615588068962097,0.29321348667144775,0.5782054662704468,z,2.2
12,0.2894736842105263,0.3157894736842105,11,0.30600000000000005,0.33,31,0.08563747256994247,0.03271348774433136,0.3272808790206909,0.3076285719871521,0.756385326385498,z,2.2
13,0.3157894736842105,0.3421052631578947,1,0.0,0.022,3919,-0.8738896250724792,15.703279495239258,0.022146545350551605,0.00832886528223753,0.8938425779342651,z,2.2
13,0.3157894736842105,0.3421052631578947,2,0.022,0.044,752,0.6137312650680542,7.032589912414551,0.07631395012140274,0.030227329581975937,0.9875418543815613,z,2.2
13,0.3157894736842105,0.3421052631578947,3,0.044,0.066,270,0.3264909088611603,4.517239093780518,0.10926306992769241,0.05424146354198456,1.310007929801941,z,2.2
13,0.3157894736842105,0.3421052631578947,4,0.066,0.088,187,0.39271679520606995,3.1688296794891357,0.14487090706825256,0.07651687413454056,1.3321901559829712,z,2.2
13,0.3157894736842105,0.3421052631578947,5,0.088,0.11,110,0.14307616651058197,2.1671385765075684,0.1680455505847931,0.0980965867638588,1.5148929357528687,z,2.2
13,0.3157894736842105,0.3421052631578947,7,0.21000000000000002,0.234,354,0.1290842592716217,0.14911475777626038,0.24030032753944397,0.22275587916374207,0.5988088250160217,z,2.2
13,0.3157894736842105,0.3421052631578947,8,0.234,0.258,1654,0.019893880933523178,0.15562927722930908,0.25297456979751587,0.24947254359722137,0.6954557299613953,z,2.2
13,0.3157894736842105,0.3421052631578947,9,0.258,0.28200000000000003,1364,0.023255374282598495,0.15023112297058105,0.266181081533432,0.2647356688976288,0.6973873972892761,z,2.2
13,0.3157894736842105,0.3421052631578947,10,0.28200000000000003,0.30600000000000005,441,0.18332071602344513,0.10343524068593979,0.31515946984291077,0.29302680492401123,0.6047793626785278,z,2.2
13,0.3157894736842105,0.3421052631578947,11,0.30600000000000005,0.33,30,0.08426982164382935,0.018992232158780098,0.3272663652896881,0.30766671895980835,0.7718797922134399,z,2.2
14,0.3421052631578947,0.3684210526315789,1,0.0,0.022,3802,-0.8349978923797607,15.29410171508789,0.022623365744948387,0.00829334370791912,0.9112875461578369,z,2.2
14,0.3421052631578947,0.3684210526315789,2,0.022,0.044,713,0.8543858528137207,7.0743560791015625,0.07966140657663345,0.030184779316186905,1.0235357284545898,z,2.2
14,0.3421052631578947,0.3684210526315789,3,0.044,0.066,250,0.20918872952461243,3.7747325897216797,0.10754658281803131,0.054316770285367966,1.3887500762939453,z,2.2
14,0.3421052631578947,0.3684210526315789,4,0.066,0.088,166,0.4815085232257843,2.916533946990967,0.15298882126808167,0.07612591236829758,1.4588481187820435,z,2.2
14,0.3421052631578947,0.3684210526315789,5,0.088,0.11,105,0.09589461982250214,1.9883172512054443,0.16855964064598083,0.0982910618185997,1.5715190172195435,z,2.2
14,0.3421052631578947,0.3684210526315789,7,0.21000000000000002,0.234,332,0.12389509379863739,0.10641391575336456,0.23934440314769745,0.2225295901298523,0.6166905760765076,z,2.2
14,0.3421052631578947,0.3684210526315789,8,0.234,0.258,1605,0.017147621139883995,0.14331211149692535,0.25255492329597473,0.24954038858413696,0.7066713571548462,z,2.2
14,0.3421052631578947,0.3684210526315789,9,0.258,0.28200000000000003,1289,0.01610814407467842,0.1442181020975113,0.2652844190597534,0.2645309567451477,0.7188578844070435,z,2.2
14,0.3421052631578947,0.3684210526315789,10,0.28200000000000003,0.30600000000000005,410,0.17465919256210327,0.0961485281586647,0.31484562158584595,0.2934046983718872,0.6256381273269653,z,2.2
14,0.3421052631578947,0.3684210526315789,11,0.30600000000000005,0.33,30,0.08426982164382935,0.018992232158780098,0.3272663652896881,0.30766671895980835,0.7718797922134399,z,2.2
15,0.3684210526315789,0.39473684210526316,1,0.0,0.022,3670,-0.8086573481559753,15.153446197509766,0.023033911362290382,0.008308284915983677,0.931258499622345,z,2.2
15,0.3684210526315789,0.39473684210526316,2,0.022,0.044,664,0.8138428926467896,6.84946870803833,0.07992436736822128,0.03006722778081894,1.0728802680969238,z,2.2
15,0.3684210526315789,0.39473684210526316,3,0.044,0.066,236,0.22276577353477478,3.371736526489258,0.10888973623514175,0.054341502487659454,1.4501738548278809,z,2.2
15,0.3684210526315789,0.39473684210526316,4,0.066,0.088,152,0.31583958864212036,2.6008546352386475,0.15267932415008545,0.0761539563536644,1.5608539581298828,z,2.2
15,0.3684210526315789,0.39473684210526316,5,0.088,0.11,97,0.21034473180770874,1.8081145286560059,0.17703500390052795,0.09833893179893494,1.6720489263534546,z,2.2
15,0.3684210526315789,0.39473684210526316,7,0.21000000000000002,0.234,312,0.12400439381599426,0.0983646884560585,0.23937664926052094,0.2223086953163147,0.6333969235420227,z,2.2
15,0.3684210526315789,0.39473684210526316,8,0.234,0.258,1545,0.013256730511784554,0.12292017042636871,0.2518203556537628,0.24962230026721954,0.7203379273414612,z,2.2
15,0.3684210526315789,0.39473684210526316,9,0.258,0.28200000000000003,1220,0.009188561700284481,0.13919638097286224,0.26443052291870117,0.26438507437705994,0.739436686038971,z,2.2
15,0.3684210526315789,0.39473684210526316,10,0.28200000000000003,0.30600000000000005,355,0.16179226338863373,0.09225206822156906,0.314402312040329,0.2938815653324127,0.6673343777656555,z,2.2
15,0.3684210526315789,0.39473684210526316,11,0.30600000000000005,0.33,30,0.08426982164382935,0.018992232158780098,0.3272663652896881,0.30766671895980835,0.7718797922134399,z,2.2
16,0.39473684210526316,0.42105263157894735,1,0.0,0.022,3532,-0.7520957589149475,15.002427101135254,0.02369913086295128,0.00833097193390131,0.9527661204338074,z,2.2
16,0.39473684210526316,0.42105263157894735,2,0.022,0.044,624,0.8297542929649353,6.700165271759033,0.08089237660169601,0.030017055571079254,1.1172313690185547,z,2.2
16,0.39473684210526316,0.42105263157894735,3,0.044,0.066,224,0.35753002762794495,3.357468366622925,0.1134902611374855,0.054241474717855453,1.50746750831604,z,2.2
16,0.39473684210526316,0.42105263157894735,4,0.066,0.088,145,0.311225563287735,2.4624412059783936,0.1547837108373642,0.0763770341873169,1.6177997589111328,z,2.2
16,0.39473684210526316,0.42105263157894735,5,0.088,0.11,95,0.1450159102678299,1.7455087900161743,0.17526483535766602,0.09821000695228577,1.6992945671081543,z,2.2
16,0.39473684210526316,0.42105263157894735,7,0.21000000000000002,0.234,286,0.1229635551571846,0.10026935487985611,0.23983602225780487,0.22228285670280457,0.6562404632568359,z,2.2
16,0.39473684210526316,0.42105263157894735,8,0.234,0.258,1494,0.009971393272280693,0.10501880198717117,0.2511754035949707,0.24970391392707825,0.7319343090057373,z,2.2
16,0.39473684210526316,0.42105263157894735,9,0.258,0.28200000000000003,1154,0.002772788517177105,0.1355239599943161,0.2636232376098633,0.2642308175563812,0.7598602175712585,z,2.2
16,0.39473684210526316,0.42105263157894735,10,0.28200000000000003,0.30600000000000005,301,0.14488190412521362,0.08735130727291107,0.31313782930374146,0.2940429449081421,0.7186174988746643,z,2.2
16,0.39473684210526316,0.42105263157894735,11,0.30600000000000005,0.33,30,0.08426982164382935,0.018992232158780098,0.3272663652896881,0.30766671895980835,0.7718797922134399,z,2.2
17,0.42105263157894735,0.4473684210526315,1,0.0,0.022,3396,-0.6920905113220215,14.793375015258789,0.02433731034398079,0.008360182866454124,0.9746150970458984,z,2.2
17,0.42105263157894735,0.4473684210526315,2,0.022,0.044,585,0.7996878623962402,6.528437614440918,0.08138798177242279,0.030042456462979317,1.1645541191101074,z,2.2
17,0.42105263157894735,0.4473684210526315,3,0.044,0.066,201,0.601577877998352,3.2737698554992676,0.12223318964242935,0.05388398468494415,1.633345603942871,z,2.2
17,0.42105263157894735,0.4473684210526315,4,0.066,0.088,134,0.24426132440567017,2.1124918460845947,0.15559729933738708,0.07662461698055267,1.7173517942428589,z,2.2
17,0.42105263157894735,0.4473684210526315,5,0.088,0.11,91,0.2653999924659729,1.6981862783432007,0.18279658257961273,0.09834089130163193,1.7559314966201782,z,2.2
17,0.42105263157894735,0.4473684210526315,7,0.21000000000000002,0.234,257,0.12354077398777008,0.10183171182870865,0.24069447815418243,0.22250764071941376,0.6842517852783203,z,2.2
17,0.42105263157894735,0.4473684210526315,8,0.234,0.258,1433,0.005915997549891472,0.0912075787782669,0.2505147457122803,0.24975115060806274,0.7457874417304993,z,2.2
17,0.42105263157894735,0.4473684210526315,9,0.258,0.28200000000000003,1075,-0.0043686144053936005,0.13142713904380798,0.2627863883972168,0.264111191034317,0.7856400012969971,z,2.2
17,0.42105263157894735,0.4473684210526315,10,0.28200000000000003,0.30600000000000005,241,0.12269827723503113,0.07872799783945084,0.31086915731430054,0.29404130578041077,0.7963799834251404,z,2.2
17,0.42105263157894735,0.4473684210526315,11,0.30600000000000005,0.33,30,0.08426982164382935,0.018992232158780098,0.3272663652896881,0.30766671895980835,0.7718797922134399,z,2.2
18,0.4473684210526315,0.47368421052631576,1,0.0,0.022,3236,-0.6421735882759094,14.041655540466309,0.025088082998991013,0.00838018860667944,1.0013082027435303,z,2.2
18,0.4473684210526315,0.47368421052631576,2,0.022,0.044,550,0.8545938730239868,6.409460067749023,0.08290034532546997,0.030087623745203018,1.211075782775879,z,2.2
18,0.4473684210526315,0.47368421052631576,3,0.044,0.066,179,0.3760383725166321,2.7358031272888184,0.12087582051753998,0.053893692791461945,1.7807849645614624,z,2.2
18,0.4473684210526315,0.47368421052631576,4,0.066,0.088,123,0.43677371740341187,2.011547327041626,0.16624842584133148,0.07698055356740952,1.8321322202682495,z,2.2
18,0.4473684210526315,0.47368421052631576,5,0.088,0.11,85,0.39090365171432495,1.6021480560302734,0.19278369843959808,0.0983559787273407,1.8494032621383667,z,2.2
18,0.4473684210526315,0.47368421052631576,7,0.21000000000000002,0.234,234,0.12028977274894714,0.08365011215209961,0.24057137966156006,0.222504660487175,0.708747148513794,z,2.2
18,0.4473684210526315,0.47368421052631576,8,0.234,0.258,1353,0.0025070523843169212,0.08475885540246964,0.24998129904270172,0.24974915385246277,0.7641986012458801,z,2.2
18,0.4473684210526315,0.47368421052631576,9,0.258,0.28200000000000003,1024,-0.009195416234433651,0.12312782555818558,0.26185184717178345,0.26396483182907104,0.8032166957855225,z,2.2
18,0.4473684210526315,0.47368421052631576,10,0.28200000000000003,0.30600000000000005,197,0.10350814461708069,0.06935258954763412,0.3092740774154663,0.2946331202983856,0.8772510290145874,z,2.2
18,0.4473684210526315,0.47368421052631576,11,0.30600000000000005,0.33,30,0.08426982164382935,0.018992232158780098,0.3272663652896881,0.30766671895980835,0.7718797922134399,z,2.2
19,0.47368421052631576,0.5,1,0.0,0.022,3096,-0.5722072720527649,13.816762924194336,0.02587989531457424,0.008387301117181778,1.0257340669631958,z,2.2
19,0.47368421052631576,0.5,2,0.022,0.044,528,0.7094398140907288,6.150052070617676,0.08147052675485611,0.029985062777996063,1.2423810958862305,z,2.2
19,0.47368421052631576,0.5,3,0.044,0.066,164,0.4787297248840332,2.6529288291931152,0.12712320685386658,0.05392884463071823,1.9014408588409424,z,2.2
19,0.47368421052631576,0.5,4,0.066,0.088,114,0.6105394959449768,1.911049485206604,0.17690950632095337,0.07704842835664749,1.9408142566680908,z,2.2
19,0.47368421052631576,0.5,5,0.088,0.11,83,0.39128535985946655,1.5795094966888428,0.1945118010044098,0.0981963649392128,1.8829576969146729,z,2.2
19,0.47368421052631576,0.5,7,0.21000000000000002,0.234,216,0.11728214472532272,0.08502653986215591,0.24074938893318176,0.2224963903427124,0.72956782579422,z,2.2
19,0.47368421052631576,0.5,8,0.234,0.258,1282,-8.631125092506409e-05,0.07669632136821747,0.24956858158111572,0.24979032576084137,0.7809054851531982,z,2.2
19,0.47368421052631576,0.5,9,0.258,0.28200000000000003,989,-0.010069508105516434,0.11855564266443253,0.2616479694843292,0.2639603316783905,0.8153355717658997,z,2.2
19,0.47368421052631576,0.5,10,0.28200000000000003,0.30600000000000005,176,0.09460264444351196,0.06560581922531128,0.3082684278488159,0.29477766156196594,0.9275200366973877,z,2.2
19,0.47368421052631576,0.5,11,0.30600000000000005,0.33,30,0.08426982164382935,0.018992232158780098,0.3272663652896881,0.30766671895980835,0.7718797922134399,z,2.2
20,0.5,inf,1,0.0,0.022,2950,-0.4961262345314026,13.776412010192871,0.0267232246696949,0.008410087786614895,1.052420973777771,z,2.2
20,0.5,inf,2,0.022,0.044,503,0.6242961883544922,5.981460094451904,0.0812206119298935,0.029870005324482918,1.2798583507537842,z,2.2
20,0.5,inf,3,0.044,0.066,154,0.43983903527259827,2.4916529655456543,0.1284993290901184,0.053959500044584274,1.993394374847412,z,2.2
20,0.5,inf,4,0.066,0.088,107,0.6868830919265747,1.807336449623108,0.1835256665945053,0.07677102088928223,2.036449432373047,z,2.2
20,0.5,inf,5,0.088,0.11,80,0.42441970109939575,1.5309638977050781,0.19872692227363586,0.0983060821890831,1.9351097345352173,z,2.2
20,0.5,inf,7,0.21000000000000002,0.234,184,0.11180640012025833,0.08919711410999298,0.24103954434394836,0.222327321767807,0.7714595198631287,z,2.2
20,0.5,inf,8,0.234,0.258,1198,-0.000899786246009171,0.06763198226690292,0.2493310123682022,0.2497996687889099,0.8015314936637878,z,2.2
20,0.5,inf,9,0.258,0.28200000000000003,942,-0.00942262727767229,0.11371821910142899,0.2616375982761383,0.2639065682888031,0.831748902797699,z,2.2
20,0.5,inf,10,0.28200000000000003,0.30600000000000005,166,0.09043324738740921,0.06472763419151306,0.3076017200946808,0.29468822479248047,0.9538740515708923,z,2.2
20,0.5,inf,11,0.30600000000000005,0.33,29,0.08293481171131134,0.017615225166082382,0.32730555534362793,0.3077029287815094,0.7812987565994263,z,2.2
