total_std_bin,total_std_lo,total_std_hi,pred_bin,pred_lo,pred_hi,n,mean_alpha,std_alpha,mean_GT,mean_pred,mean_total_std,axis,eps
0,0.0,0.01,1,-0.57,-0.5186363636363636,709,0.010291834361851215,0.621044933795929,-0.5290284752845764,-0.5352481603622437,0.06198330968618393,x,1.8_2.0_2.2
0,0.0,0.01,2,-0.5186363636363636,-0.46727272727272723,1154,-0.15106526017189026,0.8917436599731445,-0.46368762850761414,-0.49294039607048035,0.26221391558647156,x,1.8_2.0_2.2
0,0.0,0.01,3,-0.46727272727272723,-0.4159090909090909,1561,-0.17326153814792633,0.8069357872009277,-0.4088938236236572,-0.44078952074050903,0.8010929822921753,x,1.8_2.0_2.2
0,0.0,0.01,4,-0.4159090909090909,-0.3645454545454545,77853,0.40469831228256226,7.713075637817383,-0.37855395674705505,-0.37802237272262573,0.09334363788366318,x,1.8_2.0_2.2
0,0.0,0.01,5,-0.3645454545454545,-0.3131818181818181,23821,0.17020636796951294,1.378182291984558,-0.32795146107673645,-0.34067612886428833,0.5376291275024414,x,1.8_2.0_2.2
0,0.0,0.01,6,-0.3131818181818181,-0.2618181818181818,20612,0.5633476972579956,2.1049606800079346,-0.2803802192211151,-0.2873970568180084,0.5697439908981323,x,1.8_2.0_2.2
0,0.0,0.01,7,-0.2618181818181818,-0.21045454545454545,22409,0.7058618664741516,2.769386053085327,-0.23116444051265717,-0.23589593172073364,0.7626436948776245,x,1.8_2.0_2.2
0,0.0,0.01,8,-0.21045454545454545,-0.15909090909090906,26071,0.5899125933647156,3.5500142574310303,-0.18657541275024414,-0.1840498298406601,0.7499111294746399,x,1.8_2.0_2.2
0,0.0,0.01,9,-0.15909090909090906,-0.10772727272727267,27428,0.8499501943588257,4.625064849853516,-0.1453312635421753,-0.1331644207239151,0.6274882555007935,x,1.8_2.0_2.2
0,0.0,0.01,10,-0.10772727272727267,-0.05636363636363628,30634,2.0718398094177246,7.765857219696045,-0.12074299156665802,-0.08200837671756744,0.4887419641017914,x,1.8_2.0_2.2
0,0.0,0.01,11,-0.05636363636363628,-0.0050000000000000044,45243,10.519278526306152,51.13787841796875,-0.09092367440462112,-0.027331899851560593,0.3620140552520752,x,1.8_2.0_2.2
0,0.0,0.01,13,0.095,0.14777777777777779,26294,0.2775616943836212,4.960049629211426,0.14695200324058533,0.12221097946166992,0.45504432916641235,x,1.8_2.0_2.2
0,0.0,0.01,14,0.14777777777777779,0.20055555555555554,22262,0.30201780796051025,3.3541362285614014,0.20412637293338776,0.17358633875846863,0.4267055094242096,x,1.8_2.0_2.2
0,0.0,0.01,15,0.20055555555555554,0.2533333333333333,19914,0.3460843563079834,2.2871994972229004,0.24703355133533478,0.22656644880771637,0.5159611105918884,x,1.8_2.0_2.2
0,0.0,0.01,16,0.2533333333333333,0.3061111111111111,19564,0.3608419597148895,1.756352186203003,0.29396963119506836,0.28028544783592224,0.519748866558075,x,1.8_2.0_2.2
0,0.0,0.01,17,0.3061111111111111,0.3588888888888889,18340,0.3960893154144287,1.743220567703247,0.33950376510620117,0.3308001756668091,0.33256110548973083,x,1.8_2.0_2.2
0,0.0,0.01,18,0.3588888888888889,0.4116666666666666,21631,-0.5464349985122681,2.0121524333953857,0.376804918050766,0.3767149746417999,0.12435318529605865,x,1.8_2.0_2.2
0,0.0,0.01,19,0.4116666666666666,0.46444444444444444,1519,-0.07398070394992828,1.132454514503479,0.44444096088409424,0.4369652569293976,0.4969733953475952,x,1.8_2.0_2.2
0,0.0,0.01,20,0.46444444444444444,0.5172222222222222,1183,0.12725645303726196,0.7582591772079468,0.4936977028846741,0.4900071620941162,0.22983327507972717,x,1.8_2.0_2.2
0,0.0,0.01,21,0.5172222222222222,0.57,515,0.0554799921810627,0.43075740337371826,0.5324540138244629,0.534468948841095,0.22655080258846283,x,1.8_2.0_2.2
0,0.0,0.01,22,0.57,inf,58,-0.10310297459363937,0.06278718262910843,0.5232107043266296,0.5804123282432556,1.3712170124053955,x,1.8_2.0_2.2
1,0.01,0.1109090909090909,1,-0.57,-0.5186363636363636,709,0.010291834361851215,0.621044933795929,-0.5290284752845764,-0.5352481603622437,0.06198330968618393,x,1.8_2.0_2.2
1,0.01,0.1109090909090909,2,-0.5186363636363636,-0.46727272727272723,1154,-0.15106526017189026,0.8917436599731445,-0.46368762850761414,-0.49294039607048035,0.26221391558647156,x,1.8_2.0_2.2
1,0.01,0.1109090909090909,3,-0.46727272727272723,-0.4159090909090909,1561,-0.17326153814792633,0.8069357872009277,-0.4088938236236572,-0.44078952074050903,0.8010929822921753,x,1.8_2.0_2.2
1,0.01,0.1109090909090909,4,-0.4159090909090909,-0.3645454545454545,41612,0.21403777599334717,3.002204418182373,-0.378195196390152,-0.37780991196632385,0.17061550915241241,x,1.8_2.0_2.2
1,0.01,0.1109090909090909,5,-0.3645454545454545,-0.3131818181818181,22846,0.13099737465381622,1.3337029218673706,-0.3272726535797119,-0.3407037556171417,0.5602088570594788,x,1.8_2.0_2.2
1,0.01,0.1109090909090909,6,-0.3131818181818181,-0.2618181818181818,19590,0.4494551718235016,2.1005349159240723,-0.27970972657203674,-0.28739815950393677,0.5990299582481384,x,1.8_2.0_2.2
1,0.01,0.1109090909090909,7,-0.2618181818181818,-0.21045454545454545,21436,0.5941606163978577,2.7910263538360596,-0.23066218197345734,-0.2358555644750595,0.7968779802322388,x,1.8_2.0_2.2
1,0.01,0.1109090909090909,8,-0.21045454545454545,-0.15909090909090906,25201,0.4847466051578522,3.5588738918304443,-0.18647022545337677,-0.1840294450521469,0.7755066156387329,x,1.8_2.0_2.2
1,0.01,0.1109090909090909,9,-0.15909090909090906,-0.10772727272727267,26630,0.7716284990310669,4.607906341552734,-0.1455540955066681,-0.13312727212905884,0.6460425853729248,x,1.8_2.0_2.2
1,0.01,0.1109090909090909,10,-0.10772727272727267,-0.05636363636363628,30002,1.9452763795852661,7.746971130371094,-0.12144891917705536,-0.08200445771217346,0.4988705813884735,x,1.8_2.0_2.2
1,0.01,0.1109090909090909,11,-0.05636363636363628,-0.0050000000000000044,44542,10.484795570373535,51.44377899169922,-0.09182784706354141,-0.027277890592813492,0.36759063601493835,x,1.8_2.0_2.2
1,0.01,0.1109090909090909,13,0.095,0.14777777777777779,24882,0.585184633731842,4.880134105682373,0.14859983325004578,0.12217618525028229,0.48039498925209045,x,1.8_2.0_2.2
1,0.01,0.1109090909090909,14,0.14777777777777779,0.20055555555555554,20543,0.5028827786445618,3.2403714656829834,0.20685511827468872,0.17353694140911102,0.461713969707489,x,1.8_2.0_2.2
1,0.01,0.1109090909090909,15,0.20055555555555554,0.2533333333333333,18209,0.4348839819431305,2.1977627277374268,0.24898047745227814,0.226519376039505,0.5634992718696594,x,1.8_2.0_2.2
1,0.01,0.1109090909090909,16,0.2533333333333333,0.3061111111111111,17553,0.35020750761032104,1.7643706798553467,0.2952407896518707,0.2800852954387665,0.5783259272575378,x,1.8_2.0_2.2
1,0.01,0.1109090909090909,17,0.3061111111111111,0.3588888888888889,16433,0.33939939737319946,1.7808858156204224,0.3399861454963684,0.33055418729782104,0.37017181515693665,x,1.8_2.0_2.2
1,0.01,0.1109090909090909,18,0.3588888888888889,0.4116666666666666,12544,-0.051426999270915985,1.3903589248657227,0.37803852558135986,0.3761906623840332,0.21098409593105316,x,1.8_2.0_2.2
1,0.01,0.1109090909090909,19,0.4116666666666666,0.46444444444444444,1519,-0.07398070394992828,1.132454514503479,0.44444096088409424,0.4369652569293976,0.4969733953475952,x,1.8_2.0_2.2
1,0.01,0.1109090909090909,20,0.46444444444444444,0.5172222222222222,1183,0.12725645303726196,0.7582591772079468,0.4936977028846741,0.4900071620941162,0.22983327507972717,x,1.8_2.0_2.2
1,0.01,0.1109090909090909,21,0.5172222222222222,0.57,515,0.0554799921810627,0.43075740337371826,0.5324540138244629,0.534468948841095,0.22655080258846283,x,1.8_2.0_2.2
1,0.01,0.1109090909090909,22,0.57,inf,58,-0.10310297459363937,0.06278718262910843,0.5232107043266296,0.5804123282432556,1.3712170124053955,x,1.8_2.0_2.2
2,0.1109090909090909,0.21181818181818182,1,-0.57,-0.5186363636363636,102,-0.6853201985359192,0.4504842162132263,-0.4738822281360626,-0.5276485681533813,0.20610730350017548,x,1.8_2.0_2.2
2,0.1109090909090909,0.21181818181818182,2,-0.5186363636363636,-0.46727272727272723,369,-0.38904887437820435,1.1203690767288208,-0.40542346239089966,-0.4932975471019745,0.7484126687049866,x,1.8_2.0_2.2
2,0.1109090909090909,0.21181818181818182,3,-0.46727272727272723,-0.4159090909090909,681,-0.07358104735612869,0.6607068181037903,-0.376178503036499,-0.4407666325569153,1.7873886823654175,x,1.8_2.0_2.2
2,0.1109090909090909,0.21181818181818182,4,-0.4159090909090909,-0.3645454545454545,10017,0.0541369803249836,0.7813116908073425,-0.36892932653427124,-0.37738168239593506,0.5953506231307983,x,1.8_2.0_2.2
2,0.1109090909090909,0.21181818181818182,5,-0.3645454545454545,-0.3131818181818181,9416,-0.06719455868005753,0.5954833030700684,-0.30361610651016235,-0.3422938585281372,1.299630045890808,x,1.8_2.0_2.2
2,0.1109090909090909,0.21181818181818182,6,-0.3131818181818181,-0.2618181818181818,6555,-0.108684241771698,0.7360742092132568,-0.24448372423648834,-0.28738507628440857,1.7127419710159302,x,1.8_2.0_2.2
2,0.1109090909090909,0.21181818181818182,7,-0.2618181818181818,-0.21045454545454545,7968,0.06178031489253044,0.9575889706611633,-0.2083415687084198,-0.2358824610710144,2.082728385925293,x,1.8_2.0_2.2
2,0.1109090909090909,0.21181818181818182,8,-0.21045454545454545,-0.15909090909090906,10966,0.17241090536117554,1.1296552419662476,-0.18596377968788147,-0.18311737477779388,1.7361050844192505,x,1.8_2.0_2.2
2,0.1109090909090909,0.21181818181818182,9,-0.15909090909090906,-0.10772727272727267,12175,0.6682936549186707,1.9358046054840088,-0.16146408021450043,-0.13296149671077728,1.3725823163986206,x,1.8_2.0_2.2
2,0.1109090909090909,0.21181818181818182,10,-0.10772727272727267,-0.05636363636363628,15421,3.3004982471466064,5.916225910186768,-0.16236841678619385,-0.08168479055166245,0.938489556312561,x,1.8_2.0_2.2
2,0.1109090909090909,0.21181818181818182,11,-0.05636363636363628,-0.0050000000000000044,29937,17.594322204589844,54.66221618652344,-0.12428341060876846,-0.025466442108154297,0.5301294922828674,x,1.8_2.0_2.2
2,0.1109090909090909,0.21181818181818182,13,0.095,0.14777777777777779,13123,0.8359637260437012,2.2935783863067627,0.1716645509004593,0.12321015447378159,0.8817063570022583,x,1.8_2.0_2.2
2,0.1109090909090909,0.21181818181818182,14,0.14777777777777779,0.20055555555555554,9765,0.7712218165397644,1.2200095653533936,0.24197043478488922,0.173227459192276,0.9365527629852295,x,1.8_2.0_2.2
2,0.1109090909090909,0.21181818181818182,15,0.20055555555555554,0.2533333333333333,8030,0.3467084467411041,0.8875986933708191,0.2719891369342804,0.2260143905878067,1.2407503128051758,x,1.8_2.0_2.2
2,0.1109090909090909,0.21181818181818182,16,0.2533333333333333,0.3061111111111111,6427,0.14756709337234497,0.6245756149291992,0.31218570470809937,0.2782095968723297,1.529826283454895,x,1.8_2.0_2.2
2,0.1109090909090909,0.21181818181818182,17,0.3061111111111111,0.3588888888888889,4800,0.11570645123720169,0.5133596062660217,0.35139572620391846,0.3301999568939209,1.1982852220535278,x,1.8_2.0_2.2
2,0.1109090909090909,0.21181818181818182,18,0.3588888888888889,0.4116666666666666,2410,0.026005005463957787,0.531341552734375,0.3843243420124054,0.3747333586215973,0.9552060961723328,x,1.8_2.0_2.2
2,0.1109090909090909,0.21181818181818182,19,0.4116666666666666,0.46444444444444444,386,0.07458818703889847,0.20264092087745667,0.4707408845424652,0.43338462710380554,1.876664400100708,x,1.8_2.0_2.2
2,0.1109090909090909,0.21181818181818182,20,0.46444444444444444,0.5172222222222222,173,0.07403061538934708,0.252318799495697,0.5075801610946655,0.4871540069580078,1.3532589673995972,x,1.8_2.0_2.2
2,0.1109090909090909,0.21181818181818182,21,0.5172222222222222,0.57,98,-0.1791209876537323,0.2201734036207199,0.5231967568397522,0.546356201171875,0.9968104362487793,x,1.8_2.0_2.2
2,0.1109090909090909,0.21181818181818182,22,0.57,inf,58,-0.10310297459363937,0.06278718262910843,0.5232107043266296,0.5804123282432556,1.3712170124053955,x,1.8_2.0_2.2
3,0.21181818181818182,0.31272727272727274,1,-0.57,-0.5186363636363636,24,0.13550955057144165,0.20596180856227875,-0.5484421253204346,-0.5316524505615234,0.3283770978450775,x,1.8_2.0_2.2
3,0.21181818181818182,0.31272727272727274,2,-0.5186363636363636,-0.46727272727272723,289,-0.2571251094341278,1.228826880455017,-0.39989906549453735,-0.49233534932136536,0.9125826358795166,x,1.8_2.0_2.2
3,0.21181818181818182,0.31272727272727274,3,-0.46727272727272723,-0.4159090909090909,646,-0.01854904368519783,0.6006031036376953,-0.3768700659275055,-0.44033345580101013,1.8772153854370117,x,1.8_2.0_2.2
3,0.21181818181818182,0.31272727272727274,4,-0.4159090909090909,-0.3645454545454545,6150,0.040952153503894806,0.6556508541107178,-0.36205410957336426,-0.37787890434265137,0.8727170825004578,x,1.8_2.0_2.2
3,0.21181818181818182,0.31272727272727274,5,-0.3645454545454545,-0.3131818181818181,7594,-0.041330888867378235,0.5333966612815857,-0.297024667263031,-0.3416276276111603,1.5734598636627197,x,1.8_2.0_2.2
3,0.21181818181818182,0.31272727272727274,6,-0.3131818181818181,-0.2618181818181818,5185,-0.07522938400506973,0.6229843497276306,-0.23672008514404297,-0.2879997193813324,2.123887062072754,x,1.8_2.0_2.2
3,0.21181818181818182,0.31272727272727274,7,-0.2618181818181818,-0.21045454545454545,6196,0.12829560041427612,0.8720424175262451,-0.20338167250156403,-0.23570406436920166,2.6350042819976807,x,1.8_2.0_2.2
3,0.21181818181818182,0.31272727272727274,8,-0.21045454545454545,-0.15909090909090906,9461,0.20343855023384094,1.0464118719100952,-0.18714754283428192,-0.18279559910297394,1.988416314125061,x,1.8_2.0_2.2
3,0.21181818181818182,0.31272727272727274,9,-0.15909090909090906,-0.10772727272727267,10744,0.7660712599754333,1.9219164848327637,-0.16544464230537415,-0.13283006846904755,1.5353163480758667,x,1.8_2.0_2.2
3,0.21181818181818182,0.31272727272727274,10,-0.10772727272727267,-0.05636363636363628,14037,3.7539219856262207,5.982656002044678,-0.17093932628631592,-0.08175066858530045,1.0161446332931519,x,1.8_2.0_2.2
3,0.21181818181818182,0.31272727272727274,11,-0.05636363636363628,-0.0050000000000000044,27467,19.225021362304688,55.774078369140625,-0.13358530402183533,-0.02551773004233837,0.5628291368484497,x,1.8_2.0_2.2
3,0.21181818181818182,0.31272727272727274,13,0.095,0.14777777777777779,11794,0.7254117131233215,2.2915027141571045,0.1733054518699646,0.12325412780046463,0.9640535116195679,x,1.8_2.0_2.2
3,0.21181818181818182,0.31272727272727274,14,0.14777777777777779,0.20055555555555554,8232,0.7034943103790283,1.1294926404953003,0.24874435365200043,0.17292867600917816,1.0818363428115845,x,1.8_2.0_2.2
3,0.21181818181818182,0.31272727272727274,15,0.20055555555555554,0.2533333333333333,6670,0.24021737277507782,0.6279319524765015,0.2744213938713074,0.2262812852859497,1.4603439569473267,x,1.8_2.0_2.2
3,0.21181818181818182,0.31272727272727274,16,0.2533333333333333,0.3061111111111111,5658,0.10702700912952423,0.37668684124946594,0.312707781791687,0.2785334289073944,1.7157623767852783,x,1.8_2.0_2.2
3,0.21181818181818182,0.31272727272727274,17,0.3061111111111111,0.3588888888888889,4017,0.09329503774642944,0.36077681183815,0.3515682518482208,0.329581081867218,1.3998526334762573,x,1.8_2.0_2.2
3,0.21181818181818182,0.31272727272727274,18,0.3588888888888889,0.4116666666666666,1335,0.02189752459526062,0.3755757510662079,0.3952814042568207,0.3769061267375946,1.603013277053833,x,1.8_2.0_2.2
3,0.21181818181818182,0.31272727272727274,19,0.4116666666666666,0.46444444444444444,308,0.05320189148187637,0.17577457427978516,0.4751037061214447,0.4314245283603668,2.310344696044922,x,1.8_2.0_2.2
3,0.21181818181818182,0.31272727272727274,20,0.46444444444444444,0.5172222222222222,86,0.05353241786360741,0.10406190901994705,0.5195204019546509,0.48598989844322205,2.5709402561187744,x,1.8_2.0_2.2
3,0.21181818181818182,0.31272727272727274,21,0.5172222222222222,0.57,46,-0.11733236908912659,0.15278421342372894,0.5276138782501221,0.5549288392066956,1.9558191299438477,x,1.8_2.0_2.2
3,0.21181818181818182,0.31272727272727274,22,0.57,inf,58,-0.10310297459363937,0.06278718262910843,0.5232107043266296,0.5804123282432556,1.3712170124053955,x,1.8_2.0_2.2
4,0.31272727272727274,0.41363636363636364,1,-0.57,-0.5186363636363636,9,0.12769266963005066,0.0489419586956501,-0.553795576095581,-0.5267447829246521,0.42688706517219543,x,1.8_2.0_2.2
4,0.31272727272727274,0.41363636363636364,2,-0.5186363636363636,-0.46727272727272723,184,-0.11432386189699173,0.3837136924266815,-0.43209099769592285,-0.49361300468444824,1.2872446775436401,x,1.8_2.0_2.2
4,0.31272727272727274,0.41363636363636364,3,-0.46727272727272723,-0.4159090909090909,611,-0.04369916766881943,0.5762649178504944,-0.36728280782699585,-0.44019484519958496,1.9685581922531128,x,1.8_2.0_2.2
4,0.31272727272727274,0.41363636363636364,4,-0.4159090909090909,-0.3645454545454545,4393,0.030666440725326538,0.6163873076438904,-0.3565889298915863,-0.3787690997123718,1.1194490194320679,x,1.8_2.0_2.2
4,0.31272727272727274,0.41363636363636364,5,-0.3645454545454545,-0.3131818181818181,6480,-0.01887436769902706,0.49907386302948,-0.2931598722934723,-0.3412957191467285,1.7996482849121094,x,1.8_2.0_2.2
4,0.31272727272727274,0.41363636363636364,6,-0.3131818181818181,-0.2618181818181818,4431,-0.053494472056627274,0.5793941020965576,-0.23149459064006805,-0.28813084959983826,2.44148588180542,x,1.8_2.0_2.2
4,0.31272727272727274,0.41363636363636364,7,-0.2618181818181818,-0.21045454545454545,5316,0.1258423775434494,0.7585968375205994,-0.19799304008483887,-0.23572707176208496,3.0271518230438232,x,1.8_2.0_2.2
4,0.31272727272727274,0.41363636363636364,8,-0.21045454545454545,-0.15909090909090906,8904,0.19315160810947418,1.0125724077224731,-0.18665559589862823,-0.18257158994674683,2.096400260925293,x,1.8_2.0_2.2
4,0.31272727272727274,0.41363636363636364,9,-0.15909090909090906,-0.10772727272727267,9040,0.6373102068901062,1.7492797374725342,-0.16299322247505188,-0.13423292338848114,1.7724761962890625,x,1.8_2.0_2.2
4,0.31272727272727274,0.41363636363636364,10,-0.10772727272727267,-0.05636363636363628,8174,1.8827310800552368,5.17937707901001,-0.13533149659633636,-0.08317218720912933,1.5528484582901,x,1.8_2.0_2.2
4,0.31272727272727274,0.41363636363636364,11,-0.05636363636363628,-0.0050000000000000044,11201,12.809408187866211,41.79486846923828,-0.10887221246957779,-0.028239404782652855,0.9961129426956177,x,1.8_2.0_2.2
4,0.31272727272727274,0.41363636363636364,13,0.095,0.14777777777777779,7952,0.35844531655311584,1.7661327123641968,0.16555483639240265,0.12282201647758484,1.2980895042419434,x,1.8_2.0_2.2
4,0.31272727272727274,0.41363636363636364,14,0.14777777777777779,0.20055555555555554,6258,0.47729960083961487,0.7833747267723083,0.2508247494697571,0.17402240633964539,1.338408350944519,x,1.8_2.0_2.2
4,0.31272727272727274,0.41363636363636364,15,0.20055555555555554,0.2533333333333333,5258,0.17225851118564606,0.4588860869407654,0.27682700753211975,0.2260560244321823,1.7842084169387817,x,1.8_2.0_2.2
4,0.31272727272727274,0.41363636363636364,16,0.2533333333333333,0.3061111111111111,4885,0.07506773620843887,0.25203412771224976,0.3120117485523224,0.2785741090774536,1.9448397159576416,x,1.8_2.0_2.2
4,0.31272727272727274,0.41363636363636364,17,0.3061111111111111,0.3588888888888889,3232,0.06880902498960495,0.23512235283851624,0.3521136939525604,0.3285273313522339,1.6761033535003662,x,1.8_2.0_2.2
4,0.31272727272727274,0.41363636363636364,18,0.3588888888888889,0.4116666666666666,1034,0.03063587285578251,0.25958356261253357,0.4059737026691437,0.37949487566947937,1.996369481086731,x,1.8_2.0_2.2
4,0.31272727272727274,0.41363636363636364,19,0.4116666666666666,0.46444444444444444,288,0.047613710165023804,0.12578094005584717,0.47480952739715576,0.4310535192489624,2.4528543949127197,x,1.8_2.0_2.2
4,0.31272727272727274,0.41363636363636364,20,0.46444444444444444,0.5172222222222222,66,0.029831118881702423,0.11005567014217377,0.5232741832733154,0.48464637994766235,3.272250175476074,x,1.8_2.0_2.2
4,0.31272727272727274,0.41363636363636364,21,0.5172222222222222,0.57,31,-0.0485089011490345,0.10901003330945969,0.5315998792648315,0.5531723499298096,2.7744839191436768,x,1.8_2.0_2.2
4,0.31272727272727274,0.41363636363636364,22,0.57,inf,58,-0.10310297459363937,0.06278718262910843,0.5232107043266296,0.5804123282432556,1.3712170124053955,x,1.8_2.0_2.2
5,0.41363636363636364,0.5145454545454545,2,-0.5186363636363636,-0.46727272727272723,165,-0.12289617955684662,0.08129416406154633,-0.4356020987033844,-0.49446606636047363,1.3967130184173584,x,1.8_2.0_2.2
5,0.41363636363636364,0.5145454545454545,3,-0.46727272727272723,-0.4159090909090909,558,-0.0563976988196373,0.4393045902252197,-0.36062976717948914,-0.4403286874294281,2.122117280960083,x,1.8_2.0_2.2
5,0.41363636363636364,0.5145454545454545,4,-0.4159090909090909,-0.3645454545454545,3356,0.02733597345650196,0.5103112459182739,-0.3532940447330475,-0.37951377034187317,1.3548240661621094,x,1.8_2.0_2.2
5,0.41363636363636364,0.5145454545454545,5,-0.3645454545454545,-0.3131818181818181,5678,-0.009906193241477013,0.49150705337524414,-0.28900328278541565,-0.34107863903045654,2.0027763843536377,x,1.8_2.0_2.2
5,0.41363636363636364,0.5145454545454545,6,-0.3131818181818181,-0.2618181818181818,3977,-0.05028219893574715,0.5248758792877197,-0.22839926183223724,-0.2881571352481842,2.6791698932647705,x,1.8_2.0_2.2
5,0.41363636363636364,0.5145454545454545,7,-0.2618181818181818,-0.21045454545454545,4471,0.04333919286727905,0.6513658165931702,-0.1842883825302124,-0.2355663776397705,3.5322277545928955,x,1.8_2.0_2.2
5,0.41363636363636364,0.5145454545454545,8,-0.21045454545454545,-0.15909090909090906,7399,0.15443816781044006,0.8788301944732666,-0.18250112235546112,-0.1831742227077484,2.4471349716186523,x,1.8_2.0_2.2
5,0.41363636363636364,0.5145454545454545,9,-0.15909090909090906,-0.10772727272727267,6399,0.22870129346847534,1.283286213874817,-0.14014054834842682,-0.13452255725860596,2.353896141052246,x,1.8_2.0_2.2
5,0.41363636363636364,0.5145454545454545,10,-0.10772727272727267,-0.05636363636363628,5375,0.2826598584651947,3.1845853328704834,-0.08021620661020279,-0.08395499736070633,2.1819889545440674,x,1.8_2.0_2.2
5,0.41363636363636364,0.5145454545454545,11,-0.05636363636363628,-0.0050000000000000044,4924,-1.5430917739868164,17.242029190063477,0.037582386285066605,-0.030257338657975197,1.8376752138137817,x,1.8_2.0_2.2
5,0.41363636363636364,0.5145454545454545,13,0.095,0.14777777777777779,5593,0.3844282031059265,1.3652148246765137,0.17793816328048706,0.12157036364078522,1.6977481842041016,x,1.8_2.0_2.2
5,0.41363636363636364,0.5145454545454545,14,0.14777777777777779,0.20055555555555554,5351,0.37156006693840027,0.5614107251167297,0.2489006668329239,0.17411504685878754,1.5052415132522583,x,1.8_2.0_2.2
5,0.41363636363636364,0.5145454545454545,15,0.20055555555555554,0.2533333333333333,4599,0.14905264973640442,0.3241327404975891,0.2776646614074707,0.22631655633449554,1.988619089126587,x,1.8_2.0_2.2
5,0.41363636363636364,0.5145454545454545,16,0.2533333333333333,0.3061111111111111,4070,0.0703413337469101,0.19239592552185059,0.3147493898868561,0.27812427282333374,2.26308536529541,x,1.8_2.0_2.2
5,0.41363636363636364,0.5145454545454545,17,0.3061111111111111,0.3588888888888889,2432,0.052241791039705276,0.17964649200439453,0.35585078597068787,0.3281194269657135,2.109829902648926,x,1.8_2.0_2.2
5,0.41363636363636364,0.5145454545454545,18,0.3588888888888889,0.4116666666666666,937,0.03823492303490639,0.1845397651195526,0.41229555010795593,0.3805895149707794,2.1650664806365967,x,1.8_2.0_2.2
5,0.41363636363636364,0.5145454545454545,19,0.4116666666666666,0.46444444444444444,278,0.043976277112960815,0.11163392663002014,0.4739331007003784,0.43042582273483276,2.5274672508239746,x,1.8_2.0_2.2
5,0.41363636363636364,0.5145454545454545,20,0.46444444444444444,0.5172222222222222,56,0.02136373706161976,0.052100565284490585,0.5229590535163879,0.48515209555625916,3.7916276454925537,x,1.8_2.0_2.2
5,0.41363636363636364,0.5145454545454545,21,0.5172222222222222,0.57,23,-0.00817179773002863,0.0649820938706398,0.5332747101783752,0.5502221584320068,3.6153197288513184,x,1.8_2.0_2.2
5,0.41363636363636364,0.5145454545454545,22,0.57,inf,55,-0.09694426506757736,0.05623946338891983,0.5233004689216614,0.5809094309806824,1.4260722398757935,x,1.8_2.0_2.2
6,0.5145454545454545,0.6154545454545455,2,-0.5186363636363636,-0.46727272727272723,165,-0.12289617955684662,0.08129416406154633,-0.4356020987033844,-0.49446606636047363,1.3967130184173584,x,1.8_2.0_2.2
6,0.5145454545454545,0.6154545454545455,3,-0.46727272727272723,-0.4159090909090909,542,-0.04803718999028206,0.31532594561576843,-0.3698427975177765,-0.44014817476272583,2.1712722778320312,x,1.8_2.0_2.2
6,0.5145454545454545,0.6154545454545455,4,-0.4159090909090909,-0.3645454545454545,2767,0.027588343247771263,0.4261002242565155,-0.35068127512931824,-0.3801251947879791,1.5450483560562134,x,1.8_2.0_2.2
6,0.5145454545454545,0.6154545454545455,5,-0.3645454545454545,-0.3131818181818181,4972,-0.008113522082567215,0.4533022940158844,-0.2846028208732605,-0.3408081829547882,2.2214388847351074,x,1.8_2.0_2.2
6,0.5145454545454545,0.6154545454545455,6,-0.3131818181818181,-0.2618181818181818,3551,-0.057507626712322235,0.4969666004180908,-0.22268345952033997,-0.2880196273326874,2.9455406665802,x,1.8_2.0_2.2
6,0.5145454545454545,0.6154545454545455,7,-0.2618181818181818,-0.21045454545454545,3915,-0.009515906684100628,0.5693565607070923,-0.17168065905570984,-0.2351946085691452,3.968183755874634,x,1.8_2.0_2.2
6,0.5145454545454545,0.6154545454545455,8,-0.21045454545454545,-0.15909090909090906,6004,0.17292816936969757,0.749801754951477,-0.18092259764671326,-0.18330638110637665,2.9105265140533447,x,1.8_2.0_2.2
6,0.5145454545454545,0.6154545454545455,9,-0.15909090909090906,-0.10772727272727267,5480,0.17575493454933167,1.1873623132705688,-0.1344529092311859,-0.1343138962984085,2.6715123653411865,x,1.8_2.0_2.2
6,0.5145454545454545,0.6154545454545455,10,-0.10772727272727267,-0.05636363636363628,4571,0.06487511843442917,2.6909406185150146,-0.06338685750961304,-0.08424832671880722,2.484499454498291,x,1.8_2.0_2.2
6,0.5145454545454545,0.6154545454545455,11,-0.05636363636363628,-0.0050000000000000044,4110,-1.3922598361968994,11.821858406066895,0.037676773965358734,-0.030619235709309578,2.1107687950134277,x,1.8_2.0_2.2
6,0.5145454545454545,0.6154545454545455,13,0.095,0.14777777777777779,4745,0.35602664947509766,1.2085011005401611,0.18160821497440338,0.12082338333129883,1.9187376499176025,x,1.8_2.0_2.2
6,0.5145454545454545,0.6154545454545455,14,0.14777777777777779,0.20055555555555554,4662,0.328568696975708,0.48386257886886597,0.25090909004211426,0.1745857447385788,1.6589211225509644,x,1.8_2.0_2.2
6,0.5145454545454545,0.6154545454545455,15,0.20055555555555554,0.2533333333333333,4221,0.14263786375522614,0.25366631150245667,0.27860283851623535,0.22641237080097198,2.125418186187744,x,1.8_2.0_2.2
6,0.5145454545454545,0.6154545454545455,16,0.2533333333333333,0.3061111111111111,3769,0.06785781681537628,0.15589086711406708,0.3154984414577484,0.27781349420547485,2.4072351455688477,x,1.8_2.0_2.2
6,0.5145454545454545,0.6154545454545455,17,0.3061111111111111,0.3588888888888889,2118,0.04154304414987564,0.14043062925338745,0.3576805889606476,0.32766181230545044,2.354177951812744,x,1.8_2.0_2.2
6,0.5145454545454545,0.6154545454545455,18,0.3588888888888889,0.4116666666666666,851,0.028578242287039757,0.15226617455482483,0.41452160477638245,0.38180437684059143,2.3371169567108154,x,1.8_2.0_2.2
6,0.5145454545454545,0.6154545454545455,19,0.4116666666666666,0.46444444444444444,271,0.04088634252548218,0.10152619332075119,0.4731704294681549,0.430070161819458,2.580869436264038,x,1.8_2.0_2.2
6,0.5145454545454545,0.6154545454545455,20,0.46444444444444444,0.5172222222222222,55,0.02106473408639431,0.007793652359396219,0.5221883058547974,0.4851943850517273,3.852999687194824,x,1.8_2.0_2.2
6,0.5145454545454545,0.6154545454545455,21,0.5172222222222222,0.57,20,-0.007186620496213436,0.01009028684347868,0.5344482660293579,0.548111081123352,4.088132381439209,x,1.8_2.0_2.2
6,0.5145454545454545,0.6154545454545455,22,0.57,inf,52,-0.09129452705383301,0.050863802433013916,0.5235544443130493,0.5813927054405212,1.482858419418335,x,1.8_2.0_2.2
7,0.6154545454545455,0.7163636363636363,2,-0.5186363636363636,-0.46727272727272723,164,-0.1237897127866745,0.08023028075695038,-0.43496569991111755,-0.49432215094566345,1.40153968334198,x,1.8_2.0_2.2
7,0.6154545454545455,0.7163636363636363,3,-0.46727272727272723,-0.4159090909090909,527,-0.04086557403206825,0.23528960347175598,-0.37672603130340576,-0.44039833545684814,2.2166686058044434,x,1.8_2.0_2.2
7,0.6154545454545455,0.7163636363636363,4,-0.4159090909090909,-0.3645454545454545,2300,0.02597314678132534,0.38095247745513916,-0.3460610508918762,-0.3808175325393677,1.743761420249939,x,1.8_2.0_2.2
7,0.6154545454545455,0.7163636363636363,5,-0.3645454545454545,-0.3131818181818181,4438,-0.006761291529983282,0.42568230628967285,-0.28047484159469604,-0.3405216336250305,2.4211246967315674,x,1.8_2.0_2.2
7,0.6154545454545455,0.7163636363636363,6,-0.3131818181818181,-0.2618181818181818,3265,-0.061776015907526016,0.49127450585365295,-0.21744337677955627,-0.28783324360847473,3.154177188873291,x,1.8_2.0_2.2
7,0.6154545454545455,0.7163636363636363,7,-0.2618181818181818,-0.21045454545454545,3570,-0.04056917876005173,0.5510638952255249,-0.16220636665821075,-0.23540472984313965,4.297154426574707,x,1.8_2.0_2.2
7,0.6154545454545455,0.7163636363636363,8,-0.21045454545454545,-0.15909090909090906,5259,0.20758147537708282,0.6730852127075195,-0.18228957056999207,-0.18295812606811523,3.2430572509765625,x,1.8_2.0_2.2
7,0.6154545454545455,0.7163636363636363,9,-0.15909090909090906,-0.10772727272727267,4991,0.17438045144081116,1.140769600868225,-0.13307490944862366,-0.134502574801445,2.8778910636901855,x,1.8_2.0_2.2
7,0.6154545454545455,0.7163636363636363,10,-0.10772727272727267,-0.05636363636363628,4014,0.009381930343806744,2.35850191116333,-0.05817355215549469,-0.08440276980400085,2.7505910396575928,x,1.8_2.0_2.2
7,0.6154545454545455,0.7163636363636363,11,-0.05636363636363628,-0.0050000000000000044,3474,-1.3132691383361816,10.187826156616211,0.039276350289583206,-0.030758727341890335,2.3949203491210938,x,1.8_2.0_2.2
7,0.6154545454545455,0.7163636363636363,13,0.095,0.14777777777777779,4113,0.3378329575061798,1.0557156801223755,0.18570509552955627,0.12045052647590637,2.1269094944000244,x,1.8_2.0_2.2
7,0.6154545454545455,0.7163636363636363,14,0.14777777777777779,0.20055555555555554,4046,0.3038700819015503,0.4254463315010071,0.2535148859024048,0.17472830414772034,1.8257901668548584,x,1.8_2.0_2.2
7,0.6154545454545455,0.7163636363636363,15,0.20055555555555554,0.2533333333333333,3950,0.1331137865781784,0.21553030610084534,0.27870121598243713,0.2267322838306427,2.232447624206543,x,1.8_2.0_2.2
7,0.6154545454545455,0.7163636363636363,16,0.2533333333333333,0.3061111111111111,3557,0.06578059494495392,0.12304578721523285,0.3157508969306946,0.27755308151245117,2.5174007415771484,x,1.8_2.0_2.2
7,0.6154545454545455,0.7163636363636363,17,0.3061111111111111,0.3588888888888889,1897,0.03404718264937401,0.11442756652832031,0.35899218916893005,0.3275355398654938,2.5630249977111816,x,1.8_2.0_2.2
7,0.6154545454545455,0.7163636363636363,18,0.3588888888888889,0.4116666666666666,805,0.0261215902864933,0.14292247593402863,0.41552427411079407,0.3822760283946991,2.4386167526245117,x,1.8_2.0_2.2
7,0.6154545454545455,0.7163636363636363,19,0.4116666666666666,0.46444444444444444,265,0.038485486060380936,0.09359151870012283,0.47239720821380615,0.429918497800827,2.626324415206909,x,1.8_2.0_2.2
7,0.6154545454545455,0.7163636363636363,20,0.46444444444444444,0.5172222222222222,55,0.02106473408639431,0.007793652359396219,0.5221883058547974,0.4851943850517273,3.852999687194824,x,1.8_2.0_2.2
7,0.6154545454545455,0.7163636363636363,21,0.5172222222222222,0.57,20,-0.007186620496213436,0.01009028684347868,0.5344482660293579,0.548111081123352,4.088132381439209,x,1.8_2.0_2.2
7,0.6154545454545455,0.7163636363636363,22,0.57,inf,45,-0.07941293716430664,0.04160742089152336,0.5244246125221252,0.5823132991790771,1.6250320672988892,x,1.8_2.0_2.2
8,0.7163636363636363,0.8172727272727273,2,-0.5186363636363636,-0.46727272727272723,163,-0.1246928721666336,0.07885608077049255,-0.43429112434387207,-0.49420568346977234,1.4058078527450562,x,1.8_2.0_2.2
8,0.7163636363636363,0.8172727272727273,3,-0.46727272727272723,-0.4159090909090909,504,-0.03131480887532234,0.21021917462348938,-0.379827082157135,-0.4410376250743866,2.2870047092437744,x,1.8_2.0_2.2
8,0.7163636363636363,0.8172727272727273,4,-0.4159090909090909,-0.3645454545454545,1935,0.022956492379307747,0.3516026437282562,-0.3405134677886963,-0.3813917934894562,1.947774887084961,x,1.8_2.0_2.2
8,0.7163636363636363,0.8172727272727273,5,-0.3645454545454545,-0.3131818181818181,3981,-0.005587201565504074,0.3972102403640747,-0.27570974826812744,-0.34021711349487305,2.6226818561553955,x,1.8_2.0_2.2
8,0.7163636363636363,0.8172727272727273,6,-0.3131818181818181,-0.2618181818181818,2944,-0.05725684389472008,0.4701754152774811,-0.21260900795459747,-0.2877121567726135,3.425574541091919,x,1.8_2.0_2.2
8,0.7163636363636363,0.8172727272727273,7,-0.2618181818181818,-0.21045454545454545,3315,-0.04477984458208084,0.5235914587974548,-0.15617091953754425,-0.23520441353321075,4.576770305633545,x,1.8_2.0_2.2
8,0.7163636363636363,0.8172727272727273,8,-0.21045454545454545,-0.15909090909090906,4874,0.19877324998378754,0.6231476664543152,-0.18063049018383026,-0.18294720351696014,3.4465646743774414,x,1.8_2.0_2.2
8,0.7163636363636363,0.8172727272727273,9,-0.15909090909090906,-0.10772727272727267,4585,0.1667376309633255,1.0638984441757202,-0.13144651055335999,-0.13475021719932556,3.0740342140197754,x,1.8_2.0_2.2
8,0.7163636363636363,0.8172727272727273,10,-0.10772727272727267,-0.05636363636363628,3484,0.03391804173588753,1.9970864057540894,-0.05846920236945152,-0.0844724029302597,3.0677616596221924,x,1.8_2.0_2.2
8,0.7163636363636363,0.8172727272727273,11,-0.05636363636363628,-0.0050000000000000044,2984,-0.9636290073394775,8.602355003356934,0.03445937857031822,-0.030903564766049385,2.678964138031006,x,1.8_2.0_2.2
8,0.7163636363636363,0.8172727272727273,13,0.095,0.14777777777777779,3437,0.25941991806030273,0.9233999848365784,0.1850486546754837,0.11998289823532104,2.4146409034729004,x,1.8_2.0_2.2
8,0.7163636363636363,0.8172727272727273,14,0.14777777777777779,0.20055555555555554,3476,0.28568124771118164,0.38464078307151794,0.257601797580719,0.175157830119133,2.015892267227173,x,1.8_2.0_2.2
8,0.7163636363636363,0.8172727272727273,15,0.20055555555555554,0.2533333333333333,3678,0.12984907627105713,0.20019064843654633,0.2800886034965515,0.22684051096439362,2.3479034900665283,x,1.8_2.0_2.2
8,0.7163636363636363,0.8172727272727273,16,0.2533333333333333,0.3061111111111111,3401,0.06676016002893448,0.11288240551948547,0.3168022036552429,0.27758678793907166,2.6021459102630615,x,1.8_2.0_2.2
8,0.7163636363636363,0.8172727272727273,17,0.3061111111111111,0.3588888888888889,1753,0.029338475316762924,0.10614708811044693,0.35980409383773804,0.3273579776287079,2.7191221714019775,x,1.8_2.0_2.2
8,0.7163636363636363,0.8172727272727273,18,0.3588888888888889,0.4116666666666666,751,0.024814745411276817,0.13618338108062744,0.41689714789390564,0.3826599419116974,2.56589937210083,x,1.8_2.0_2.2
8,0.7163636363636363,0.8172727272727273,19,0.4116666666666666,0.46444444444444444,261,0.036446139216423035,0.09076318144798279,0.4720797538757324,0.4298780858516693,2.656226634979248,x,1.8_2.0_2.2
8,0.7163636363636363,0.8172727272727273,20,0.46444444444444444,0.5172222222222222,55,0.02106473408639431,0.007793652359396219,0.5221883058547974,0.4851943850517273,3.852999687194824,x,1.8_2.0_2.2
8,0.7163636363636363,0.8172727272727273,21,0.5172222222222222,0.57,20,-0.007186620496213436,0.01009028684347868,0.5344482660293579,0.548111081123352,4.088132381439209,x,1.8_2.0_2.2
8,0.7163636363636363,0.8172727272727273,22,0.57,inf,40,-0.07137936353683472,0.03533083572983742,0.5252085328102112,0.5828438997268677,1.7424640655517578,x,1.8_2.0_2.2
9,0.8172727272727273,0.9181818181818182,2,-0.5186363636363636,-0.46727272727272723,162,-0.12558546662330627,0.07830275595188141,-0.4337776005268097,-0.49411848187446594,1.4097713232040405,x,1.8_2.0_2.2
9,0.8172727272727273,0.9181818181818182,3,-0.46727272727272723,-0.4159090909090909,468,-0.016120487824082375,0.1910918653011322,-0.38265517354011536,-0.44130510091781616,2.403644561767578,x,1.8_2.0_2.2
9,0.8172727272727273,0.9181818181818182,4,-0.4159090909090909,-0.3645454545454545,1613,0.013993038795888424,0.33344221115112305,-0.3303467035293579,-0.38187578320503235,2.1837942600250244,x,1.8_2.0_2.2
9,0.8172727272727273,0.9181818181818182,5,-0.3645454545454545,-0.3131818181818181,3551,-0.0027182644698768854,0.3879859745502472,-0.27012863755226135,-0.3401932120323181,2.8475759029388428,x,1.8_2.0_2.2
9,0.8172727272727273,0.9181818181818182,6,-0.3131818181818181,-0.2618181818181818,2578,-0.039886947721242905,0.44496405124664307,-0.20749738812446594,-0.2879723906517029,3.803316116333008,x,1.8_2.0_2.2
9,0.8172727272727273,0.9181818181818182,7,-0.2618181818181818,-0.21045454545454545,3069,-0.041280973702669144,0.5046225190162659,-0.15018846094608307,-0.2348681390285492,4.882002353668213,x,1.8_2.0_2.2
9,0.8172727272727273,0.9181818181818182,8,-0.21045454545454545,-0.15909090909090906,4538,0.18611861765384674,0.5894929766654968,-0.17686976492404938,-0.18291868269443512,3.645230531692505,x,1.8_2.0_2.2
9,0.8172727272727273,0.9181818181818182,9,-0.15909090909090906,-0.10772727272727267,4211,0.1508084088563919,0.9962520599365234,-0.12779022753238678,-0.13486933708190918,3.279242753982544,x,1.8_2.0_2.2
9,0.8172727272727273,0.9181818181818182,10,-0.10772727272727267,-0.05636363636363628,3155,0.035866837948560715,1.7866630554199219,-0.05788771063089371,-0.08461784571409225,3.307730197906494,x,1.8_2.0_2.2
9,0.8172727272727273,0.9181818181818182,11,-0.05636363636363628,-0.0050000000000000044,2538,-0.7623487114906311,8.144346237182617,0.03444982320070267,-0.03107101283967495,3.0144736766815186,x,1.8_2.0_2.2
9,0.8172727272727273,0.9181818181818182,13,0.095,0.14777777777777779,3053,0.24215301871299744,0.7438063621520996,0.1907815784215927,0.1199357882142067,2.622720241546631,x,1.8_2.0_2.2
9,0.8172727272727273,0.9181818181818182,14,0.14777777777777779,0.20055555555555554,2926,0.24940720200538635,0.34476369619369507,0.25997114181518555,0.17539864778518677,2.251065731048584,x,1.8_2.0_2.2
9,0.8172727272727273,0.9181818181818182,15,0.20055555555555554,0.2533333333333333,3373,0.1316927820444107,0.1857280731201172,0.2829236686229706,0.22694097459316254,2.490936756134033,x,1.8_2.0_2.2
9,0.8172727272727273,0.9181818181818182,16,0.2533333333333333,0.3061111111111111,3064,0.07192837446928024,0.096483513712883,0.3206145763397217,0.2773800790309906,2.80413556098938,x,1.8_2.0_2.2
9,0.8172727272727273,0.9181818181818182,17,0.3061111111111111,0.3588888888888889,1634,0.026253512129187584,0.0996195450425148,0.3606666028499603,0.32739129662513733,2.861337184906006,x,1.8_2.0_2.2
9,0.8172727272727273,0.9181818181818182,18,0.3588888888888889,0.4116666666666666,676,0.02306915633380413,0.12691180408000946,0.4179720878601074,0.3823755979537964,2.765347957611084,x,1.8_2.0_2.2
9,0.8172727272727273,0.9181818181818182,19,0.4116666666666666,0.46444444444444444,221,0.05343031883239746,0.07244112342596054,0.4856546223163605,0.4315483868122101,2.9959049224853516,x,1.8_2.0_2.2
9,0.8172727272727273,0.9181818181818182,20,0.46444444444444444,0.5172222222222222,55,0.02106473408639431,0.007793652359396219,0.5221883058547974,0.4851943850517273,3.852999687194824,x,1.8_2.0_2.2
9,0.8172727272727273,0.9181818181818182,21,0.5172222222222222,0.57,20,-0.007186620496213436,0.01009028684347868,0.5344482660293579,0.548111081123352,4.088132381439209,x,1.8_2.0_2.2
9,0.8172727272727273,0.9181818181818182,22,0.57,inf,37,-0.06624294072389603,0.03330879658460617,0.5250248312950134,0.5827590227127075,1.820810317993164,x,1.8_2.0_2.2
10,0.9181818181818182,1.019090909090909,2,-0.5186363636363636,-0.46727272727272723,107,-0.09043178707361221,0.0774012878537178,-0.44373923540115356,-0.49660423398017883,1.6866644620895386,x,1.8_2.0_2.2
10,0.9181818181818182,1.019090909090909,3,-0.46727272727272723,-0.4159090909090909,415,0.007725541479885578,0.1956213116645813,-0.38235849142074585,-0.43990662693977356,2.6004798412323,x,1.8_2.0_2.2
10,0.9181818181818182,1.019090909090909,4,-0.4159090909090909,-0.3645454545454545,1366,0.003937730565667152,0.3233533799648285,-0.31948235630989075,-0.3818918764591217,2.4217472076416016,x,1.8_2.0_2.2
10,0.9181818181818182,1.019090909090909,5,-0.3645454545454545,-0.3131818181818181,3220,-0.0022207743022590876,0.376820832490921,-0.2654714584350586,-0.34023964405059814,3.0513792037963867,x,1.8_2.0_2.2
10,0.9181818181818182,1.019090909090909,6,-0.3131818181818181,-0.2618181818181818,2298,-0.02454536035656929,0.42578455805778503,-0.20276358723640442,-0.2877579927444458,4.161489009857178,x,1.8_2.0_2.2
10,0.9181818181818182,1.019090909090909,7,-0.2618181818181818,-0.21045454545454545,2854,-0.042262665927410126,0.48373377323150635,-0.14338576793670654,-0.23466156423091888,5.184668064117432,x,1.8_2.0_2.2
10,0.9181818181818182,1.019090909090909,8,-0.21045454545454545,-0.15909090909090906,4301,0.17854690551757812,0.5661722421646118,-0.1736721396446228,-0.18307320773601532,3.798438549041748,x,1.8_2.0_2.2
10,0.9181818181818182,1.019090909090909,9,-0.15909090909090906,-0.10772727272727267,3896,0.12997621297836304,0.9547414779663086,-0.1220434308052063,-0.13471047580242157,3.474238634109497,x,1.8_2.0_2.2
10,0.9181818181818182,1.019090909090909,10,-0.10772727272727267,-0.05636363636363628,2877,0.022771498188376427,1.6328141689300537,-0.055253300815820694,-0.08478038012981415,3.543356418609619,x,1.8_2.0_2.2
10,0.9181818181818182,1.019090909090909,11,-0.05636363636363628,-0.0050000000000000044,2222,-0.6182942390441895,7.150447368621826,0.03497115150094032,-0.03110835887491703,3.320554733276367,x,1.8_2.0_2.2
10,0.9181818181818182,1.019090909090909,13,0.095,0.14777777777777779,2792,0.24051237106323242,0.6891950964927673,0.19510701298713684,0.11971084028482437,2.7870354652404785,x,1.8_2.0_2.2
10,0.9181818181818182,1.019090909090909,14,0.14777777777777779,0.20055555555555554,2438,0.21342454850673676,0.301817387342453,0.26089268922805786,0.17460854351520538,2.5284643173217773,x,1.8_2.0_2.2
10,0.9181818181818182,1.019090909090909,15,0.20055555555555554,0.2533333333333333,3011,0.12146947532892227,0.15407150983810425,0.28395992517471313,0.22758848965168,2.685685157775879,x,1.8_2.0_2.2
10,0.9181818181818182,1.019090909090909,16,0.2533333333333333,0.3061111111111111,2911,0.07283276319503784,0.08871062844991684,0.32154908776283264,0.27707549929618835,2.9061989784240723,x,1.8_2.0_2.2
10,0.9181818181818182,1.019090909090909,17,0.3061111111111111,0.3588888888888889,1500,0.02616180293262005,0.09313369542360306,0.36318400502204895,0.32790428400039673,3.0395495891571045,x,1.8_2.0_2.2
10,0.9181818181818182,1.019090909090909,18,0.3588888888888889,0.4116666666666666,587,0.02333299070596695,0.11956328898668289,0.4207068979740143,0.381618469953537,3.052773952484131,x,1.8_2.0_2.2
10,0.9181818181818182,1.019090909090909,19,0.4116666666666666,0.46444444444444444,197,0.05066346749663353,0.06566686928272247,0.4919155240058899,0.4325321912765503,3.2552695274353027,x,1.8_2.0_2.2
10,0.9181818181818182,1.019090909090909,20,0.46444444444444444,0.5172222222222222,55,0.02106473408639431,0.007793652359396219,0.5221883058547974,0.4851943850517273,3.852999687194824,x,1.8_2.0_2.2
10,0.9181818181818182,1.019090909090909,21,0.5172222222222222,0.57,20,-0.007186620496213436,0.01009028684347868,0.5344482660293579,0.548111081123352,4.088132381439209,x,1.8_2.0_2.2
10,0.9181818181818182,1.019090909090909,22,0.57,inf,33,-0.059917889535427094,0.027917275205254555,0.5258463621139526,0.5830009579658508,1.936988115310669,x,1.8_2.0_2.2
11,1.019090909090909,1.1199999999999999,2,-0.5186363636363636,-0.46727272727272723,87,-0.068275585770607,0.0658625140786171,-0.45347291231155396,-0.49815863370895386,1.8547782897949219,x,1.8_2.0_2.2
11,1.019090909090909,1.1199999999999999,3,-0.46727272727272723,-0.4159090909090909,378,0.021187059581279755,0.19999615848064423,-0.3805457651615143,-0.43929368257522583,2.7612993717193604,x,1.8_2.0_2.2
11,1.019090909090909,1.1199999999999999,4,-0.4159090909090909,-0.3645454545454545,1142,-0.0017231354722753167,0.3045707941055298,-0.3088741898536682,-0.38213497400283813,2.707383632659912,x,1.8_2.0_2.2
11,1.019090909090909,1.1199999999999999,5,-0.3645454545454545,-0.3131818181818181,2974,-0.0015035233227536082,0.36625367403030396,-0.2620899975299835,-0.3402124345302582,3.223846197128296,x,1.8_2.0_2.2
11,1.019090909090909,1.1199999999999999,6,-0.3131818181818181,-0.2618181818181818,2095,-0.015147624537348747,0.40561917424201965,-0.19968116283416748,-0.2876671254634857,4.47105073928833,x,1.8_2.0_2.2
11,1.019090909090909,1.1199999999999999,7,-0.2618181818181818,-0.21045454545454545,2672,-0.036568865180015564,0.46619725227355957,-0.13822557032108307,-0.23440766334533691,5.472018241882324,x,1.8_2.0_2.2
11,1.019090909090909,1.1199999999999999,8,-0.21045454545454545,-0.15909090909090906,4031,0.17145299911499023,0.5561792254447937,-0.1700667440891266,-0.1832888275384903,3.987957000732422,x,1.8_2.0_2.2
11,1.019090909090909,1.1199999999999999,9,-0.15909090909090906,-0.10772727272727267,3642,0.10945257544517517,0.9167536497116089,-0.1163637712597847,-0.13467136025428772,3.6491968631744385,x,1.8_2.0_2.2
11,1.019090909090909,1.1199999999999999,10,-0.10772727272727267,-0.05636363636363628,2615,0.022435149177908897,1.5113273859024048,-0.05497610941529274,-0.084907665848732,3.8016417026519775,x,1.8_2.0_2.2
11,1.019090909090909,1.1199999999999999,11,-0.05636363636363628,-0.0050000000000000044,2012,-0.5975053310394287,6.935736179351807,0.03645423427224159,-0.031211309134960175,3.5662217140197754,x,1.8_2.0_2.2
11,1.019090909090909,1.1199999999999999,13,0.095,0.14777777777777779,2605,0.234511137008667,0.6577243804931641,0.19748356938362122,0.11958647519350052,2.9177052974700928,x,1.8_2.0_2.2
11,1.019090909090909,1.1199999999999999,14,0.14777777777777779,0.20055555555555554,2149,0.20088842511177063,0.27601364254951477,0.26424074172973633,0.17436236143112183,2.7391786575317383,x,1.8_2.0_2.2
11,1.019090909090909,1.1199999999999999,15,0.20055555555555554,0.2533333333333333,2665,0.11012157052755356,0.138144388794899,0.2851272523403168,0.22795309126377106,2.9089932441711426,x,1.8_2.0_2.2
11,1.019090909090909,1.1199999999999999,16,0.2533333333333333,0.3061111111111111,2812,0.07262866199016571,0.08655796945095062,0.3223133385181427,0.2771386206150055,2.974438190460205,x,1.8_2.0_2.2
11,1.019090909090909,1.1199999999999999,17,0.3061111111111111,0.3588888888888889,1392,0.025813046842813492,0.08726055920124054,0.3652455806732178,0.32809606194496155,3.2003650665283203,x,1.8_2.0_2.2
11,1.019090909090909,1.1199999999999999,18,0.3588888888888889,0.4116666666666666,519,0.027290266007184982,0.10566594451665878,0.42620331048965454,0.3811053931713104,3.325657844543457,x,1.8_2.0_2.2
11,1.019090909090909,1.1199999999999999,19,0.4116666666666666,0.46444444444444444,182,0.048564136028289795,0.05216629058122635,0.4960734248161316,0.4332798421382904,3.443855047225952,x,1.8_2.0_2.2
11,1.019090909090909,1.1199999999999999,20,0.46444444444444444,0.5172222222222222,55,0.02106473408639431,0.007793652359396219,0.5221883058547974,0.4851943850517273,3.852999687194824,x,1.8_2.0_2.2
11,1.019090909090909,1.1199999999999999,21,0.5172222222222222,0.57,20,-0.007186620496213436,0.01009028684347868,0.5344482660293579,0.548111081123352,4.088132381439209,x,1.8_2.0_2.2
11,1.019090909090909,1.1199999999999999,22,0.57,inf,30,-0.056401003152132034,0.026522332802414894,0.5256028771400452,0.58286452293396,2.0312345027923584,x,1.8_2.0_2.2
12,1.1199999999999999,1.220909090909091,2,-0.5186363636363636,-0.46727272727272723,75,-0.05405104532837868,0.05595601722598076,-0.4600253701210022,-0.49792200326919556,1.9822638034820557,x,1.8_2.0_2.2
12,1.1199999999999999,1.220909090909091,3,-0.46727272727272723,-0.4159090909090909,336,0.03168599307537079,0.20675477385520935,-0.3759910762310028,-0.4390146732330322,2.9728126525878906,x,1.8_2.0_2.2
12,1.1199999999999999,1.220909090909091,4,-0.4159090909090909,-0.3645454545454545,989,-0.0046951803378760815,0.3005322217941284,-0.2990818917751312,-0.3826408088207245,2.960967540740967,x,1.8_2.0_2.2
12,1.1199999999999999,1.220909090909091,5,-0.3645454545454545,-0.3131818181818181,2781,-0.0035080162342637777,0.3543628454208374,-0.25891387462615967,-0.340181440114975,3.3734960556030273,x,1.8_2.0_2.2
12,1.1199999999999999,1.220909090909091,6,-0.3131818181818181,-0.2618181818181818,1944,-0.010003563947975636,0.3717886805534363,-0.1977037638425827,-0.28734642267227173,4.7355804443359375,x,1.8_2.0_2.2
12,1.1199999999999999,1.220909090909091,7,-0.2618181818181818,-0.21045454545454545,2534,-0.025798410177230835,0.44820451736450195,-0.13617783784866333,-0.23412348330020905,5.711911678314209,x,1.8_2.0_2.2
12,1.1199999999999999,1.220909090909091,8,-0.21045454545454545,-0.15909090909090906,3803,0.1552223265171051,0.5494803190231323,-0.16476605832576752,-0.1835164725780487,4.163160800933838,x,1.8_2.0_2.2
12,1.1199999999999999,1.220909090909091,9,-0.15909090909090906,-0.10772727272727267,3416,0.08893648535013199,0.8891571164131165,-0.11015777289867401,-0.13468870520591736,3.8197312355041504,x,1.8_2.0_2.2
12,1.1199999999999999,1.220909090909091,10,-0.10772727272727267,-0.05636363636363628,2390,0.015463792718946934,1.4059648513793945,-0.054082926362752914,-0.08492255955934525,4.058683395385742,x,1.8_2.0_2.2
12,1.1199999999999999,1.220909090909091,11,-0.05636363636363628,-0.0050000000000000044,1843,-0.5530850291252136,6.683751106262207,0.03618293255567551,-0.031384360045194626,3.7954888343811035,x,1.8_2.0_2.2
12,1.1199999999999999,1.220909090909091,13,0.095,0.14777777777777779,2443,0.22932849824428558,0.6142904162406921,0.19990044832229614,0.11952352523803711,3.040393590927124,x,1.8_2.0_2.2
12,1.1199999999999999,1.220909090909091,14,0.14777777777777779,0.20055555555555554,1987,0.19072933495044708,0.25991344451904297,0.26519036293029785,0.17405062913894653,2.875458002090454,x,1.8_2.0_2.2
12,1.1199999999999999,1.220909090909091,15,0.20055555555555554,0.2533333333333333,2386,0.1006414070725441,0.12662972509860992,0.2859627902507782,0.22812999784946442,3.1240315437316895,x,1.8_2.0_2.2
12,1.1199999999999999,1.220909090909091,16,0.2533333333333333,0.3061111111111111,2686,0.07179360836744308,0.08269058912992477,0.323087602853775,0.2773289382457733,3.063552141189575,x,1.8_2.0_2.2
12,1.1199999999999999,1.220909090909091,17,0.3061111111111111,0.3588888888888889,1285,0.024866191670298576,0.08256427943706512,0.36695265769958496,0.3283129632472992,3.3782715797424316,x,1.8_2.0_2.2
12,1.1199999999999999,1.220909090909091,18,0.3588888888888889,0.4116666666666666,465,0.032426804304122925,0.09416909515857697,0.43199023604393005,0.38039517402648926,3.58813214302063,x,1.8_2.0_2.2
12,1.1199999999999999,1.220909090909091,19,0.4116666666666666,0.46444444444444444,169,0.04652010649442673,0.04557716101408005,0.4998582601547241,0.4339621365070343,3.626296281814575,x,1.8_2.0_2.2
12,1.1199999999999999,1.220909090909091,20,0.46444444444444444,0.5172222222222222,55,0.02106473408639431,0.007793652359396219,0.5221883058547974,0.4851943850517273,3.852999687194824,x,1.8_2.0_2.2
12,1.1199999999999999,1.220909090909091,21,0.5172222222222222,0.57,20,-0.007186620496213436,0.01009028684347868,0.5344482660293579,0.548111081123352,4.088132381439209,x,1.8_2.0_2.2
12,1.1199999999999999,1.220909090909091,22,0.57,inf,28,-0.05340992286801338,0.022463981062173843,0.5266197323799133,0.5830107927322388,2.1018383502960205,x,1.8_2.0_2.2
13,1.220909090909091,1.3218181818181818,2,-0.5186363636363636,-0.46727272727272723,65,-0.04457535967230797,0.04895409569144249,-0.462982714176178,-0.4964694082736969,2.1074211597442627,x,1.8_2.0_2.2
13,1.220909090909091,1.3218181818181818,3,-0.46727272727272723,-0.4159090909090909,299,0.037455394864082336,0.21409496665000916,-0.36909785866737366,-0.4388265013694763,3.195685863494873,x,1.8_2.0_2.2
13,1.220909090909091,1.3218181818181818,4,-0.4159090909090909,-0.3645454545454545,837,-0.005198113154619932,0.2928336560726166,-0.2882044017314911,-0.38274940848350525,3.2865586280822754,x,1.8_2.0_2.2
13,1.220909090909091,1.3218181818181818,5,-0.3645454545454545,-0.3131818181818181,2598,-0.006289826240390539,0.34678536653518677,-0.25470075011253357,-0.3400856852531433,3.5285933017730713,x,1.8_2.0_2.2
13,1.220909090909091,1.3218181818181818,6,-0.3131818181818181,-0.2618181818181818,1830,-0.006705865263938904,0.3480110168457031,-0.1963506042957306,-0.28714457154273987,4.957583904266357,x,1.8_2.0_2.2
13,1.220909090909091,1.3218181818181818,7,-0.2618181818181818,-0.21045454545454545,2425,-0.020447738468647003,0.41934266686439514,-0.13386055827140808,-0.23404841125011444,5.916209697723389,x,1.8_2.0_2.2
13,1.220909090909091,1.3218181818181818,8,-0.21045454545454545,-0.15909090909090906,3612,0.14131584763526917,0.5331424474716187,-0.15987628698349,-0.1836516410112381,4.321534156799316,x,1.8_2.0_2.2
13,1.220909090909091,1.3218181818181818,9,-0.15909090909090906,-0.10772727272727267,3197,0.058061279356479645,0.8605151772499084,-0.10121645033359528,-0.13476622104644775,4.00120735168457,x,1.8_2.0_2.2
13,1.220909090909091,1.3218181818181818,10,-0.10772727272727267,-0.05636363636363628,2215,0.007212435826659203,1.3074997663497925,-0.05254329741001129,-0.08493301272392273,4.286820411682129,x,1.8_2.0_2.2
13,1.220909090909091,1.3218181818181818,11,-0.05636363636363628,-0.0050000000000000044,1706,-0.5034176707267761,6.566205024719238,0.03513285517692566,-0.03145836293697357,4.006556987762451,x,1.8_2.0_2.2
13,1.220909090909091,1.3218181818181818,13,0.095,0.14777777777777779,2288,0.2197493612766266,0.5778703689575195,0.20062586665153503,0.11957427114248276,3.1668975353240967,x,1.8_2.0_2.2
13,1.220909090909091,1.3218181818181818,14,0.14777777777777779,0.20055555555555554,1832,0.1846705973148346,0.25462010502815247,0.26737353205680847,0.17365024983882904,3.0199899673461914,x,1.8_2.0_2.2
13,1.220909090909091,1.3218181818181818,15,0.20055555555555554,0.2533333333333333,2207,0.09456446766853333,0.12240158021450043,0.28667616844177246,0.22817127406597137,3.2830238342285156,x,1.8_2.0_2.2
13,1.220909090909091,1.3218181818181818,16,0.2533333333333333,0.3061111111111111,2566,0.06974951922893524,0.07990161329507828,0.323635458946228,0.27761730551719666,3.1523656845092773,x,1.8_2.0_2.2
13,1.220909090909091,1.3218181818181818,17,0.3061111111111111,0.3588888888888889,1196,0.02394185960292816,0.07873740047216415,0.36857685446739197,0.3284628093242645,3.542597532272339,x,1.8_2.0_2.2
13,1.220909090909091,1.3218181818181818,18,0.3588888888888889,0.4116666666666666,426,0.031500618904829025,0.08589448779821396,0.4350138306617737,0.3798220753669739,3.8093955516815186,x,1.8_2.0_2.2
13,1.220909090909091,1.3218181818181818,19,0.4116666666666666,0.46444444444444444,162,0.045472241938114166,0.0418391227722168,0.5019611120223999,0.4341931641101837,3.732672691345215,x,1.8_2.0_2.2
13,1.220909090909091,1.3218181818181818,20,0.46444444444444444,0.5172222222222222,55,0.02106473408639431,0.007793652359396219,0.5221883058547974,0.4851943850517273,3.852999687194824,x,1.8_2.0_2.2
13,1.220909090909091,1.3218181818181818,21,0.5172222222222222,0.57,20,-0.007186620496213436,0.01009028684347868,0.5344482660293579,0.548111081123352,4.088132381439209,x,1.8_2.0_2.2
13,1.220909090909091,1.3218181818181818,22,0.57,inf,26,-0.05061689019203186,0.02121194638311863,0.526527464389801,0.5826752781867981,2.173884868621826,x,1.8_2.0_2.2
14,1.3218181818181818,1.4227272727272726,2,-0.5186363636363636,-0.46727272727272723,57,-0.04283854365348816,0.03950178250670433,-0.4621427655220032,-0.49547404050827026,2.2249643802642822,x,1.8_2.0_2.2
14,1.3218181818181818,1.4227272727272726,3,-0.46727272727272723,-0.4159090909090909,271,0.034233640879392624,0.22127041220664978,-0.35879072546958923,-0.4387127161026001,3.3936405181884766,x,1.8_2.0_2.2
14,1.3218181818181818,1.4227272727272726,4,-0.4159090909090909,-0.3645454545454545,714,-0.011205644346773624,0.29112380743026733,-0.2732069194316864,-0.3826056718826294,3.634338617324829,x,1.8_2.0_2.2
14,1.3218181818181818,1.4227272727272726,5,-0.3645454545454545,-0.3131818181818181,2415,-0.00495197344571352,0.3037620782852173,-0.256373792886734,-0.33985796570777893,3.6993257999420166,x,1.8_2.0_2.2
14,1.3218181818181818,1.4227272727272726,6,-0.3131818181818181,-0.2618181818181818,1741,-0.004779337905347347,0.3286510407924652,-0.19364933669567108,-0.28707629442214966,5.146111965179443,x,1.8_2.0_2.2
14,1.3218181818181818,1.4227272727272726,7,-0.2618181818181818,-0.21045454545454545,2325,-0.016140270978212357,0.38539648056030273,-0.13232477009296417,-0.2339661568403244,6.115899562835693,x,1.8_2.0_2.2
14,1.3218181818181818,1.4227272727272726,8,-0.21045454545454545,-0.15909090909090906,3439,0.12450490891933441,0.5237274169921875,-0.1535114049911499,-0.18372128903865814,4.474982261657715,x,1.8_2.0_2.2
14,1.3218181818181818,1.4227272727272726,9,-0.15909090909090906,-0.10772727272727267,2997,0.03176211565732956,0.8398247361183167,-0.09294316172599792,-0.1349286139011383,4.183566570281982,x,1.8_2.0_2.2
14,1.3218181818181818,1.4227272727272726,10,-0.10772727272727267,-0.05636363636363628,2046,-0.0007297823904082179,1.2100361585617065,-0.0510835275053978,-0.08485497534275055,4.535836696624756,x,1.8_2.0_2.2
14,1.3218181818181818,1.4227272727272726,11,-0.05636363636363628,-0.0050000000000000044,1561,-0.4266568422317505,5.960907936096191,0.03479320555925369,-0.031787674874067307,4.260767936706543,x,1.8_2.0_2.2
14,1.3218181818181818,1.4227272727272726,13,0.095,0.14777777777777779,2143,0.21136407554149628,0.5570529699325562,0.20175515115261078,0.11947302520275116,3.295048475265503,x,1.8_2.0_2.2
14,1.3218181818181818,1.4227272727272726,14,0.14777777777777779,0.20055555555555554,1663,0.17945519089698792,0.24297086894512177,0.27071061730384827,0.17368333041667938,3.1976146697998047,x,1.8_2.0_2.2
14,1.3218181818181818,1.4227272727272726,15,0.20055555555555554,0.2533333333333333,2044,0.08952543884515762,0.11320135742425919,0.2872476875782013,0.2282995879650116,3.443347930908203,x,1.8_2.0_2.2
14,1.3218181818181818,1.4227272727272726,16,0.2533333333333333,0.3061111111111111,2471,0.0675973892211914,0.07796487212181091,0.323840469121933,0.27783146500587463,3.2246954441070557,x,1.8_2.0_2.2
14,1.3218181818181818,1.4227272727272726,17,0.3061111111111111,0.3588888888888889,1133,0.023143377155065536,0.07669129967689514,0.36962488293647766,0.3284849226474762,3.669307231903076,x,1.8_2.0_2.2
14,1.3218181818181818,1.4227272727272726,18,0.3588888888888889,0.4116666666666666,395,0.03298209235072136,0.08058030158281326,0.43926259875297546,0.37973880767822266,4.008659839630127,x,1.8_2.0_2.2
14,1.3218181818181818,1.4227272727272726,19,0.4116666666666666,0.46444444444444444,156,0.04433349892497063,0.040286801755428314,0.5025531649589539,0.4341525137424469,3.8272900581359863,x,1.8_2.0_2.2
14,1.3218181818181818,1.4227272727272726,20,0.46444444444444444,0.5172222222222222,55,0.02106473408639431,0.007793652359396219,0.5221883058547974,0.4851943850517273,3.852999687194824,x,1.8_2.0_2.2
14,1.3218181818181818,1.4227272727272726,21,0.5172222222222222,0.57,20,-0.007186620496213436,0.01009028684347868,0.5344482660293579,0.548111081123352,4.088132381439209,x,1.8_2.0_2.2
14,1.3218181818181818,1.4227272727272726,22,0.57,inf,22,-0.04485410451889038,0.0179765447974205,0.5272102355957031,0.5827063918113708,2.338892936706543,x,1.8_2.0_2.2
15,1.4227272727272726,1.5236363636363637,2,-0.5186363636363636,-0.46727272727272723,52,-0.039447832852602005,0.0336606502532959,-0.46270281076431274,-0.4942765235900879,2.306352138519287,x,1.8_2.0_2.2
15,1.4227272727272726,1.5236363636363637,3,-0.46727272727272723,-0.4159090909090909,235,0.027953211218118668,0.21617351472377777,-0.3448878824710846,-0.4395500421524048,3.7044548988342285,x,1.8_2.0_2.2
15,1.4227272727272726,1.5236363636363637,4,-0.4159090909090909,-0.3645454545454545,619,-0.020339278504252434,0.28563791513442993,-0.2569921016693115,-0.38200515508651733,3.9812371730804443,x,1.8_2.0_2.2
15,1.4227272727272726,1.5236363636363637,5,-0.3645454545454545,-0.3131818181818181,2250,-0.005557282827794552,0.2736624479293823,-0.25485455989837646,-0.3398800492286682,3.8700408935546875,x,1.8_2.0_2.2
15,1.4227272727272726,1.5236363636363637,6,-0.3131818181818181,-0.2618181818181818,1663,-0.002679562196135521,0.3094077706336975,-0.19150406122207642,-0.2869618535041809,5.32326078414917,x,1.8_2.0_2.2
15,1.4227272727272726,1.5236363636363637,7,-0.2618181818181818,-0.21045454545454545,2239,-0.011954688467085361,0.3701522648334503,-0.13027873635292053,-0.2339099943637848,6.298134803771973,x,1.8_2.0_2.2
15,1.4227272727272726,1.5236363636363637,8,-0.21045454545454545,-0.15909090909090906,3269,0.10980667173862457,0.5128825306892395,-0.14749783277511597,-0.1839110255241394,4.636350154876709,x,1.8_2.0_2.2
15,1.4227272727272726,1.5236363636363637,9,-0.15909090909090906,-0.10772727272727267,2845,0.015137228183448315,0.8261880874633789,-0.08772452175617218,-0.13496160507202148,4.333967208862305,x,1.8_2.0_2.2
15,1.4227272727272726,1.5236363636363637,10,-0.10772727272727267,-0.05636363636363628,1903,-0.006615783553570509,1.1475355625152588,-0.049714162945747375,-0.08468493074178696,4.773829936981201,x,1.8_2.0_2.2
15,1.4227272727272726,1.5236363636363637,11,-0.05636363636363628,-0.0050000000000000044,1426,-0.3753654956817627,5.703658580780029,0.03458932042121887,-0.03205127269029617,4.534043312072754,x,1.8_2.0_2.2
15,1.4227272727272726,1.5236363636363637,13,0.095,0.14777777777777779,2003,0.20043376088142395,0.533961296081543,0.2023943066596985,0.11939122527837753,3.429542064666748,x,1.8_2.0_2.2
15,1.4227272727272726,1.5236363636363637,14,0.14777777777777779,0.20055555555555554,1518,0.17930354177951813,0.23372380435466766,0.27465933561325073,0.1735268235206604,3.3724403381347656,x,1.8_2.0_2.2
15,1.4227272727272726,1.5236363636363637,15,0.20055555555555554,0.2533333333333333,1893,0.08469454944133759,0.10830765217542648,0.28791311383247375,0.22820694744586945,3.6082863807678223,x,1.8_2.0_2.2
15,1.4227272727272726,1.5236363636363637,16,0.2533333333333333,0.3061111111111111,2368,0.06481541693210602,0.07462182641029358,0.3235552906990051,0.27791905403137207,3.3054466247558594,x,1.8_2.0_2.2
15,1.4227272727272726,1.5236363636363637,17,0.3061111111111111,0.3588888888888889,1060,0.023001041263341904,0.0743364617228508,0.37152138352394104,0.3286386728286743,3.827702283859253,x,1.8_2.0_2.2
15,1.4227272727272726,1.5236363636363637,18,0.3588888888888889,0.4116666666666666,370,0.03241514042019844,0.07749693095684052,0.441934198141098,0.3799102008342743,4.187511444091797,x,1.8_2.0_2.2
15,1.4227272727272726,1.5236363636363637,19,0.4116666666666666,0.46444444444444444,152,0.04340275004506111,0.03463752940297127,0.5038964152336121,0.43428492546081543,3.8913156986236572,x,1.8_2.0_2.2
15,1.4227272727272726,1.5236363636363637,20,0.46444444444444444,0.5172222222222222,55,0.02106473408639431,0.007793652359396219,0.5221883058547974,0.4851943850517273,3.852999687194824,x,1.8_2.0_2.2
15,1.4227272727272726,1.5236363636363637,21,0.5172222222222222,0.57,20,-0.007186620496213436,0.01009028684347868,0.5344482660293579,0.548111081123352,4.088132381439209,x,1.8_2.0_2.2
15,1.4227272727272726,1.5236363636363637,22,0.57,inf,21,-0.043774012476205826,0.01650216430425644,0.5270214080810547,0.5820029973983765,2.386204242706299,x,1.8_2.0_2.2
16,1.5236363636363637,1.6245454545454545,2,-0.5186363636363636,-0.46727272727272723,49,-0.03676760196685791,0.032072484493255615,-0.4638423025608063,-0.4931757152080536,2.3570668697357178,x,1.8_2.0_2.2
16,1.5236363636363637,1.6245454545454545,3,-0.46727272727272723,-0.4159090909090909,207,0.02062574215233326,0.2073863297700882,-0.33003029227256775,-0.4397917687892914,4.006418228149414,x,1.8_2.0_2.2
16,1.5236363636363637,1.6245454545454545,4,-0.4159090909090909,-0.3645454545454545,562,-0.01889611966907978,0.27710047364234924,-0.2496470957994461,-0.3819664418697357,4.235968589782715,x,1.8_2.0_2.2
16,1.5236363636363637,1.6245454545454545,5,-0.3645454545454545,-0.3131818181818181,2132,-0.006089681759476662,0.25544655323028564,-0.25392553210258484,-0.33973807096481323,4.002627849578857,x,1.8_2.0_2.2
16,1.5236363636363637,1.6245454545454545,6,-0.3131818181818181,-0.2618181818181818,1590,0.0004717321426142007,0.2800549268722534,-0.1927628368139267,-0.28680798411369324,5.500009059906006,x,1.8_2.0_2.2
16,1.5236363636363637,1.6245454545454545,7,-0.2618181818181818,-0.21045454545454545,2149,0.0003932977269869298,0.3430563509464264,-0.1315227746963501,-0.23377616703510284,6.5001935958862305,x,1.8_2.0_2.2
16,1.5236363636363637,1.6245454545454545,8,-0.21045454545454545,-0.15909090909090906,3154,0.09778696298599243,0.5044359564781189,-0.1427801102399826,-0.18398670852184296,4.751767635345459,x,1.8_2.0_2.2
16,1.5236363636363637,1.6245454545454545,9,-0.15909090909090906,-0.10772727272727267,2715,0.0016230543842539191,0.8178697824478149,-0.08281054347753525,-0.13493135571479797,4.471015930175781,x,1.8_2.0_2.2
16,1.5236363636363637,1.6245454545454545,10,-0.10772727272727267,-0.05636363636363628,1748,-0.028176335617899895,1.0800273418426514,-0.04698120802640915,-0.08431565761566162,5.066710948944092,x,1.8_2.0_2.2
16,1.5236363636363637,1.6245454545454545,11,-0.05636363636363628,-0.0050000000000000044,1277,-0.40432143211364746,5.2012434005737305,0.03940828517079353,-0.03237917274236679,4.891098976135254,x,1.8_2.0_2.2
16,1.5236363636363637,1.6245454545454545,13,0.095,0.14777777777777779,1853,0.18995401263237,0.5041606426239014,0.20332719385623932,0.11927422136068344,3.587981700897217,x,1.8_2.0_2.2
16,1.5236363636363637,1.6245454545454545,14,0.14777777777777779,0.20055555555555554,1380,0.18096552789211273,0.22903822362422943,0.2797222137451172,0.1734006404876709,3.5624802112579346,x,1.8_2.0_2.2
16,1.5236363636363637,1.6245454545454545,15,0.20055555555555554,0.2533333333333333,1754,0.0789254903793335,0.10527302324771881,0.28829967975616455,0.22815759479999542,3.77776837348938,x,1.8_2.0_2.2
16,1.5236363636363637,1.6245454545454545,16,0.2533333333333333,0.3061111111111111,2257,0.06132662296295166,0.0719069093465805,0.32303813099861145,0.27794548869132996,3.3956594467163086,x,1.8_2.0_2.2
16,1.5236363636363637,1.6245454545454545,17,0.3061111111111111,0.3588888888888889,1010,0.021981030702590942,0.07143722474575043,0.3721478581428528,0.32869207859039307,3.94423770904541,x,1.8_2.0_2.2
16,1.5236363636363637,1.6245454545454545,18,0.3588888888888889,0.4116666666666666,338,0.034351397305727005,0.07193417102098465,0.44795480370521545,0.38012561202049255,4.444737911224365,x,1.8_2.0_2.2
16,1.5236363636363637,1.6245454545454545,19,0.4116666666666666,0.46444444444444444,149,0.04308818280696869,0.03321133181452751,0.5040602684020996,0.43434861302375793,3.939878225326538,x,1.8_2.0_2.2
16,1.5236363636363637,1.6245454545454545,20,0.46444444444444444,0.5172222222222222,55,0.02106473408639431,0.007793652359396219,0.5221883058547974,0.4851943850517273,3.852999687194824,x,1.8_2.0_2.2
16,1.5236363636363637,1.6245454545454545,21,0.5172222222222222,0.57,20,-0.007186620496213436,0.01009028684347868,0.5344482660293579,0.548111081123352,4.088132381439209,x,1.8_2.0_2.2
16,1.5236363636363637,1.6245454545454545,22,0.57,inf,19,-0.041298866271972656,0.01551932655274868,0.527093231678009,0.581733226776123,2.479689836502075,x,1.8_2.0_2.2
17,1.6245454545454545,1.7254545454545454,2,-0.5186363636363636,-0.46727272727272723,42,-0.03189263120293617,0.03146747499704361,-0.4654181897640228,-0.490985244512558,2.4859280586242676,x,1.8_2.0_2.2
17,1.6245454545454545,1.7254545454545454,3,-0.46727272727272723,-0.4159090909090909,184,0.007498592603951693,0.21383409202098846,-0.3078741729259491,-0.4399125576019287,4.310850620269775,x,1.8_2.0_2.2
17,1.6245454545454545,1.7254545454545454,4,-0.4159090909090909,-0.3645454545454545,503,-0.016901280730962753,0.28381967544555664,-0.2388390302658081,-0.3826117515563965,4.5488786697387695,x,1.8_2.0_2.2
17,1.6245454545454545,1.7254545454545454,5,-0.3645454545454545,-0.3131818181818181,2002,-0.007600914221256971,0.24721616506576538,-0.25076961517333984,-0.33957943320274353,4.160623073577881,x,1.8_2.0_2.2
17,1.6245454545454545,1.7254545454545454,6,-0.3131818181818181,-0.2618181818181818,1534,0.0008988216868601739,0.26646846532821655,-0.19123560190200806,-0.2866772413253784,5.643096446990967,x,1.8_2.0_2.2
17,1.6245454545454545,1.7254545454545454,7,-0.2618181818181818,-0.21045454545454545,2096,0.006058367434889078,0.32792437076568604,-0.13219964504241943,-0.23378340899944305,6.624571800231934,x,1.8_2.0_2.2
17,1.6245454545454545,1.7254545454545454,8,-0.21045454545454545,-0.15909090909090906,3006,0.08100052177906036,0.4942191541194916,-0.135432630777359,-0.18407496809959412,4.908230781555176,x,1.8_2.0_2.2
17,1.6245454545454545,1.7254545454545454,9,-0.15909090909090906,-0.10772727272727267,2603,-0.004071053583174944,0.7996932864189148,-0.0803208127617836,-0.13498099148273468,4.595736026763916,x,1.8_2.0_2.2
17,1.6245454545454545,1.7254545454545454,10,-0.10772727272727267,-0.05636363636363628,1640,-0.027903219684958458,1.0318909883499146,-0.04746738821268082,-0.08408910036087036,5.296494960784912,x,1.8_2.0_2.2
17,1.6245454545454545,1.7254545454545454,11,-0.05636363636363628,-0.0050000000000000044,1181,-0.3428786098957062,4.832825183868408,0.04005330801010132,-0.03236950561404228,5.161135196685791,x,1.8_2.0_2.2
17,1.6245454545454545,1.7254545454545454,13,0.095,0.14777777777777779,1741,0.17797128856182098,0.4761459529399872,0.2034953534603119,0.11936305463314056,3.717609167098999,x,1.8_2.0_2.2
17,1.6245454545454545,1.7254545454545454,14,0.14777777777777779,0.20055555555555554,1272,0.17969448864459991,0.2198369801044464,0.28320321440696716,0.1732601374387741,3.7315127849578857,x,1.8_2.0_2.2
17,1.6245454545454545,1.7254545454545454,15,0.20055555555555554,0.2533333333333333,1637,0.07529168576002121,0.1017785295844078,0.28929364681243896,0.22832269966602325,3.9355547428131104,x,1.8_2.0_2.2
17,1.6245454545454545,1.7254545454545454,16,0.2533333333333333,0.3061111111111111,2140,0.057296112179756165,0.06902653723955154,0.32221463322639465,0.2779024839401245,3.49527645111084,x,1.8_2.0_2.2
17,1.6245454545454545,1.7254545454545454,17,0.3061111111111111,0.3588888888888889,959,0.02240714430809021,0.06912413984537125,0.3737014830112457,0.32877564430236816,4.069927215576172,x,1.8_2.0_2.2
17,1.6245454545454545,1.7254545454545454,18,0.3588888888888889,0.4116666666666666,319,0.03450683131814003,0.06799502670764923,0.4511399567127228,0.38042566180229187,4.615686416625977,x,1.8_2.0_2.2
17,1.6245454545454545,1.7254545454545454,19,0.4116666666666666,0.46444444444444444,145,0.04235688969492912,0.026696309447288513,0.5054371953010559,0.4344910979270935,4.005764961242676,x,1.8_2.0_2.2
17,1.6245454545454545,1.7254545454545454,20,0.46444444444444444,0.5172222222222222,55,0.02106473408639431,0.007793652359396219,0.5221883058547974,0.4851943850517273,3.852999687194824,x,1.8_2.0_2.2
17,1.6245454545454545,1.7254545454545454,21,0.5172222222222222,0.57,20,-0.007186620496213436,0.01009028684347868,0.5344482660293579,0.548111081123352,4.088132381439209,x,1.8_2.0_2.2
17,1.6245454545454545,1.7254545454545454,22,0.57,inf,17,-0.03836468607187271,0.012526841834187508,0.528328537940979,0.5817852020263672,2.585958242416382,x,1.8_2.0_2.2
18,1.7254545454545454,1.8263636363636364,2,-0.5186363636363636,-0.46727272727272723,37,-0.02727503329515457,0.028237348422408104,-0.4680573642253876,-0.4889584481716156,2.5954108238220215,x,1.8_2.0_2.2
18,1.7254545454545454,1.8263636363636364,3,-0.46727272727272723,-0.4159090909090909,154,-0.011661430820822716,0.2072492241859436,-0.2743160128593445,-0.4392247498035431,4.824410438537598,x,1.8_2.0_2.2
18,1.7254545454545454,1.8263636363636364,4,-0.4159090909090909,-0.3645454545454545,459,-0.021039282903075218,0.27271586656570435,-0.22901411354541779,-0.382807195186615,4.824204921722412,x,1.8_2.0_2.2
18,1.7254545454545454,1.8263636363636364,5,-0.3645454545454545,-0.3131818181818181,1882,-0.00765823433175683,0.23440824449062347,-0.24947884678840637,-0.3394204378128052,4.319055557250977,x,1.8_2.0_2.2
18,1.7254545454545454,1.8263636363636364,6,-0.3131818181818181,-0.2618181818181818,1484,-0.0014147332403808832,0.25619110465049744,-0.18864716589450836,-0.28653430938720703,5.776941776275635,x,1.8_2.0_2.2
18,1.7254545454545454,1.8263636363636364,7,-0.2618181818181818,-0.21045454545454545,2045,0.007556047290563583,0.31914785504341125,-0.13079559803009033,-0.2339032143354416,6.74791145324707,x,1.8_2.0_2.2
18,1.7254545454545454,1.8263636363636364,8,-0.21045454545454545,-0.15909090909090906,2870,0.06484444439411163,0.48199301958084106,-0.12841367721557617,-0.18418483436107635,5.061288833618164,x,1.8_2.0_2.2
18,1.7254545454545454,1.8263636363636364,9,-0.15909090909090906,-0.10772727272727267,2500,-0.005670135375112295,0.7786909937858582,-0.07920148968696594,-0.13502109050750732,4.716141700744629,x,1.8_2.0_2.2
18,1.7254545454545454,1.8263636363636364,10,-0.10772727272727267,-0.05636363636363628,1517,-0.05653790012001991,1.0270580053329468,-0.04215451329946518,-0.08398959785699844,5.589751243591309,x,1.8_2.0_2.2
18,1.7254545454545454,1.8263636363636364,11,-0.05636363636363628,-0.0050000000000000044,1091,-0.3253462016582489,4.577134609222412,0.04224102199077606,-0.03241237998008728,5.449042320251465,x,1.8_2.0_2.2
18,1.7254545454545454,1.8263636363636364,13,0.095,0.14777777777777779,1609,0.16473707556724548,0.4514307379722595,0.20340347290039062,0.11922752857208252,3.8853659629821777,x,1.8_2.0_2.2
18,1.7254545454545454,1.8263636363636364,14,0.14777777777777779,0.20055555555555554,1159,0.17563465237617493,0.2112964689731598,0.2868887186050415,0.17323017120361328,3.9322147369384766,x,1.8_2.0_2.2
18,1.7254545454545454,1.8263636363636364,15,0.20055555555555554,0.2533333333333333,1530,0.0716627910733223,0.09679267555475235,0.28997889161109924,0.22855013608932495,4.093774795532227,x,1.8_2.0_2.2
18,1.7254545454545454,1.8263636363636364,16,0.2533333333333333,0.3061111111111111,1986,0.05171613767743111,0.06562599539756775,0.32077455520629883,0.277874618768692,3.6361985206604004,x,1.8_2.0_2.2
18,1.7254545454545454,1.8263636363636364,17,0.3061111111111111,0.3588888888888889,918,0.022463494911789894,0.06619760394096375,0.37494394183158875,0.3289022743701935,4.177178382873535,x,1.8_2.0_2.2
18,1.7254545454545454,1.8263636363636364,18,0.3588888888888889,0.4116666666666666,308,0.03512446954846382,0.06425653398036957,0.45379549264907837,0.38028520345687866,4.720982551574707,x,1.8_2.0_2.2
18,1.7254545454545454,1.8263636363636364,19,0.4116666666666666,0.46444444444444444,141,0.041812650859355927,0.01853213831782341,0.506757915019989,0.43472570180892944,4.071526050567627,x,1.8_2.0_2.2
18,1.7254545454545454,1.8263636363636364,20,0.46444444444444444,0.5172222222222222,55,0.02106473408639431,0.007793652359396219,0.5221883058547974,0.4851943850517273,3.852999687194824,x,1.8_2.0_2.2
18,1.7254545454545454,1.8263636363636364,21,0.5172222222222222,0.57,20,-0.007186620496213436,0.01009028684347868,0.5344482660293579,0.548111081123352,4.088132381439209,x,1.8_2.0_2.2
18,1.7254545454545454,1.8263636363636364,22,0.57,inf,16,-0.03760768845677376,0.012710869312286377,0.5280001759529114,0.5819453597068787,2.6437885761260986,x,1.8_2.0_2.2
19,1.8263636363636364,1.9272727272727272,2,-0.5186363636363636,-0.46727272727272723,33,-0.023587796837091446,0.027354851365089417,-0.4697728455066681,-0.48719584941864014,2.694326162338257,x,1.8_2.0_2.2
19,1.8263636363636364,1.9272727272727272,3,-0.46727272727272723,-0.4159090909090909,131,-0.03198330104351044,0.21618439257144928,-0.23600827157497406,-0.4390403926372528,5.359089374542236,x,1.8_2.0_2.2
19,1.8263636363636364,1.9272727272727272,4,-0.4159090909090909,-0.3645454545454545,423,-0.024380121380090714,0.27189531922340393,-0.21822084486484528,-0.3829347789287567,5.083301067352295,x,1.8_2.0_2.2
19,1.8263636363636364,1.9272727272727272,5,-0.3645454545454545,-0.3131818181818181,1783,-0.008886885829269886,0.22767700254917145,-0.24658580124378204,-0.33940789103507996,4.460433006286621,x,1.8_2.0_2.2
19,1.8263636363636364,1.9272727272727272,6,-0.3131818181818181,-0.2618181818181818,1424,-0.0016232215566560626,0.24118641018867493,-0.187330424785614,-0.2864876687526703,5.945460796356201,x,1.8_2.0_2.2
19,1.8263636363636364,1.9272727272727272,7,-0.2618181818181818,-0.21045454545454545,1990,0.00759081868454814,0.3069075047969818,-0.1289563775062561,-0.23406898975372314,6.885349273681641,x,1.8_2.0_2.2
19,1.8263636363636364,1.9272727272727272,8,-0.21045454545454545,-0.15909090909090906,2730,0.04533721134066582,0.4728097915649414,-0.11954908818006516,-0.18431799113750458,5.22968053817749,x,1.8_2.0_2.2
19,1.8263636363636364,1.9272727272727272,9,-0.15909090909090906,-0.10772727272727267,2398,-0.008235148154199123,0.7604983448982239,-0.07771208882331848,-0.13508136570453644,4.8413214683532715,x,1.8_2.0_2.2
19,1.8263636363636364,1.9272727272727272,10,-0.10772727272727267,-0.05636363636363628,1418,-0.06245104968547821,1.013280987739563,-0.03992564231157303,-0.08395702391862869,5.856359958648682,x,1.8_2.0_2.2
19,1.8263636363636364,1.9272727272727272,11,-0.05636363636363628,-0.0050000000000000044,1022,-0.3372865617275238,4.349640369415283,0.04620280861854553,-0.03250066936016083,5.696761131286621,x,1.8_2.0_2.2
19,1.8263636363636364,1.9272727272727272,13,0.095,0.14777777777777779,1501,0.15840551257133484,0.43760937452316284,0.2044384926557541,0.11898906528949738,4.037103652954102,x,1.8_2.0_2.2
19,1.8263636363636364,1.9272727272727272,14,0.14777777777777779,0.20055555555555554,1049,0.17258252203464508,0.2051677107810974,0.29167619347572327,0.17302192747592926,4.158650875091553,x,1.8_2.0_2.2
19,1.8263636363636364,1.9272727272727272,15,0.20055555555555554,0.2533333333333333,1425,0.0688672587275505,0.09553289413452148,0.2916053235530853,0.22876878082752228,4.2646284103393555,x,1.8_2.0_2.2
19,1.8263636363636364,1.9272727272727272,16,0.2533333333333333,0.3061111111111111,1883,0.048774976283311844,0.06292632967233658,0.3199561834335327,0.277774840593338,3.7383344173431396,x,1.8_2.0_2.2
19,1.8263636363636364,1.9272727272727272,17,0.3061111111111111,0.3588888888888889,868,0.023038137704133987,0.06483278423547745,0.3771197199821472,0.3290614187717438,4.315607070922852,x,1.8_2.0_2.2
19,1.8263636363636364,1.9272727272727272,18,0.3588888888888889,0.4116666666666666,300,0.035838719457387924,0.06095665320754051,0.4558703601360321,0.37993037700653076,4.799393177032471,x,1.8_2.0_2.2
19,1.8263636363636364,1.9272727272727272,19,0.4116666666666666,0.46444444444444444,138,0.04167427867650986,0.018714891746640205,0.5070200562477112,0.43425506353378296,4.121036529541016,x,1.8_2.0_2.2
19,1.8263636363636364,1.9272727272727272,20,0.46444444444444444,0.5172222222222222,55,0.02106473408639431,0.007793652359396219,0.5221883058547974,0.4851943850517273,3.852999687194824,x,1.8_2.0_2.2
19,1.8263636363636364,1.9272727272727272,21,0.5172222222222222,0.57,20,-0.007186620496213436,0.01009028684347868,0.5344482660293579,0.548111081123352,4.088132381439209,x,1.8_2.0_2.2
19,1.8263636363636364,1.9272727272727272,22,0.57,inf,15,-0.03638291731476784,0.011694703251123428,0.5279022455215454,0.5812005996704102,2.7016890048980713,x,1.8_2.0_2.2
20,1.9272727272727272,2.028181818181818,2,-0.5186363636363636,-0.46727272727272723,30,-0.019905613735318184,0.02635197900235653,-0.47149041295051575,-0.4857421815395355,2.7763969898223877,x,1.8_2.0_2.2
20,1.9272727272727272,2.028181818181818,3,-0.46727272727272723,-0.4159090909090909,115,-0.04803857207298279,0.2047048807144165,-0.20461386442184448,-0.4389161765575409,5.844654083251953,x,1.8_2.0_2.2
20,1.9272727272727272,2.028181818181818,4,-0.4159090909090909,-0.3645454545454545,382,-0.031788602471351624,0.2662893533706665,-0.20279952883720398,-0.38332298398017883,5.427257537841797,x,1.8_2.0_2.2
20,1.9272727272727272,2.028181818181818,5,-0.3645454545454545,-0.3131818181818181,1675,-0.008783545345067978,0.21491223573684692,-0.24567900598049164,-0.3393153250217438,4.627092361450195,x,1.8_2.0_2.2
20,1.9272727272727272,2.028181818181818,6,-0.3131818181818181,-0.2618181818181818,1379,-0.003588345367461443,0.23671318590641022,-0.18425609171390533,-0.2865056097507477,6.077939987182617,x,1.8_2.0_2.2
20,1.9272727272727272,2.028181818181818,7,-0.2618181818181818,-0.21045454545454545,1924,0.00462444219738245,0.29506778717041016,-0.12498252093791962,-0.2340361475944519,7.057221412658691,x,1.8_2.0_2.2
20,1.9272727272727272,2.028181818181818,8,-0.21045454545454545,-0.15909090909090906,2586,0.027553480118513107,0.45844992995262146,-0.1106761246919632,-0.18455348908901215,5.416487693786621,x,1.8_2.0_2.2
20,1.9272727272727272,2.028181818181818,9,-0.15909090909090906,-0.10772727272727267,2286,-0.017775332555174828,0.7411279678344727,-0.07384581118822098,-0.1349366307258606,4.986503601074219,x,1.8_2.0_2.2
20,1.9272727272727272,2.028181818181818,10,-0.10772727272727267,-0.05636363636363628,1342,-0.06776852160692215,0.9948611259460449,-0.037946462631225586,-0.08373137563467026,6.081689834594727,x,1.8_2.0_2.2
20,1.9272727272727272,2.028181818181818,11,-0.05636363636363628,-0.0050000000000000044,964,-0.31704816222190857,4.042348384857178,0.047069866210222244,-0.032657358795404434,5.926252365112305,x,1.8_2.0_2.2
20,1.9272727272727272,2.028181818181818,13,0.095,0.14777777777777779,1386,0.15580111742019653,0.4169902801513672,0.20529839396476746,0.118675597012043,4.21682071685791,x,1.8_2.0_2.2
20,1.9272727272727272,2.028181818181818,14,0.14777777777777779,0.20055555555555554,957,0.16989588737487793,0.19416409730911255,0.29591450095176697,0.17290560901165009,4.378143787384033,x,1.8_2.0_2.2
20,1.9272727272727272,2.028181818181818,15,0.20055555555555554,0.2533333333333333,1337,0.06552937626838684,0.09000414609909058,0.29222604632377625,0.22908799350261688,4.421542167663574,x,1.8_2.0_2.2
20,1.9272727272727272,2.028181818181818,16,0.2533333333333333,0.3061111111111111,1796,0.046655815094709396,0.06159096956253052,0.3195992112159729,0.2777425944805145,3.828518867492676,x,1.8_2.0_2.2
20,1.9272727272727272,2.028181818181818,17,0.3061111111111111,0.3588888888888889,821,0.02360275387763977,0.06216026470065117,0.37901541590690613,0.3290531635284424,4.455196857452393,x,1.8_2.0_2.2
20,1.9272727272727272,2.028181818181818,18,0.3588888888888889,0.4116666666666666,289,0.03676744922995567,0.056838132441043854,0.4586501121520996,0.3797575831413269,4.910506248474121,x,1.8_2.0_2.2
20,1.9272727272727272,2.028181818181818,19,0.4116666666666666,0.46444444444444444,130,0.04120922088623047,0.017587408423423767,0.5077904462814331,0.4335780739784241,4.259349822998047,x,1.8_2.0_2.2
20,1.9272727272727272,2.028181818181818,20,0.46444444444444444,0.5172222222222222,53,0.020516254007816315,0.007350488565862179,0.5228967666625977,0.4857255518436432,3.9279773235321045,x,1.8_2.0_2.2
20,1.9272727272727272,2.028181818181818,21,0.5172222222222222,0.57,20,-0.007186620496213436,0.01009028684347868,0.5344482660293579,0.548111081123352,4.088132381439209,x,1.8_2.0_2.2
20,1.9272727272727272,2.028181818181818,22,0.57,inf,13,-0.033948056399822235,0.010144473053514957,0.5287670493125916,0.5812467336654663,2.8232500553131104,x,1.8_2.0_2.2
21,2.028181818181818,2.129090909090909,2,-0.5186363636363636,-0.46727272727272723,26,-0.015585695393383503,0.024901466444134712,-0.47414952516555786,-0.4835124611854553,2.902482032775879,x,1.8_2.0_2.2
21,2.028181818181818,2.129090909090909,3,-0.46727272727272723,-0.4159090909090909,100,-0.07592828571796417,0.20573429763317108,-0.1576026827096939,-0.4397604465484619,6.42534065246582,x,1.8_2.0_2.2
21,2.028181818181818,2.129090909090909,4,-0.4159090909090909,-0.3645454545454545,355,-0.037104200571775436,0.2584272623062134,-0.19173240661621094,-0.38334041833877563,5.689455509185791,x,1.8_2.0_2.2
21,2.028181818181818,2.129090909090909,5,-0.3645454545454545,-0.3131818181818181,1583,-0.010331641882658005,0.20587126910686493,-0.24291761219501495,-0.33921295404434204,4.780982494354248,x,1.8_2.0_2.2
21,2.028181818181818,2.129090909090909,6,-0.3131818181818181,-0.2618181818181818,1319,-0.005255195777863264,0.22165124118328094,-0.18178735673427582,-0.28653228282928467,6.264586925506592,x,1.8_2.0_2.2
21,2.028181818181818,2.129090909090909,7,-0.2618181818181818,-0.21045454545454545,1858,0.0028412179090082645,0.2862227261066437,-0.12138934433460236,-0.23398086428642273,7.237799644470215,x,1.8_2.0_2.2
21,2.028181818181818,2.129090909090909,8,-0.21045454545454545,-0.15909090909090906,2444,0.01022910512983799,0.446032851934433,-0.10137081891298294,-0.18469767272472382,5.616476058959961,x,1.8_2.0_2.2
21,2.028181818181818,2.129090909090909,9,-0.15909090909090906,-0.10772727272727267,2188,-0.021431008353829384,0.7252939343452454,-0.07197852432727814,-0.13489818572998047,5.121241569519043,x,1.8_2.0_2.2
21,2.028181818181818,2.129090909090909,10,-0.10772727272727267,-0.05636363636363628,1290,-0.08362888544797897,0.9782000780105591,-0.034652456641197205,-0.08351699262857437,6.247149467468262,x,1.8_2.0_2.2
21,2.028181818181818,2.129090909090909,11,-0.05636363636363628,-0.0050000000000000044,912,-0.3567899763584137,3.87036395072937,0.05272096395492554,-0.032826438546180725,6.150890350341797,x,1.8_2.0_2.2
21,2.028181818181818,2.129090909090909,13,0.095,0.14777777777777779,1289,0.1554058939218521,0.40081989765167236,0.20683591067790985,0.11840984970331192,4.385178565979004,x,1.8_2.0_2.2
21,2.028181818181818,2.129090909090909,14,0.14777777777777779,0.20055555555555554,891,0.1690199226140976,0.18817411363124847,0.298825740814209,0.17232199013233185,4.555655479431152,x,1.8_2.0_2.2
21,2.028181818181818,2.129090909090909,15,0.20055555555555554,0.2533333333333333,1282,0.06454826891422272,0.08873092383146286,0.29334306716918945,0.2291964441537857,4.526199817657471,x,1.8_2.0_2.2
21,2.028181818181818,2.129090909090909,16,0.2533333333333333,0.3061111111111111,1706,0.043801069259643555,0.060702595859766006,0.3189554512500763,0.27775776386260986,3.9262070655822754,x,1.8_2.0_2.2
21,2.028181818181818,2.129090909090909,17,0.3061111111111111,0.3588888888888889,784,0.024676628410816193,0.06063493713736534,0.3814854621887207,0.32916590571403503,4.571921348571777,x,1.8_2.0_2.2
21,2.028181818181818,2.129090909090909,18,0.3588888888888889,0.4116666666666666,278,0.03824789822101593,0.0521685890853405,0.46220749616622925,0.37978851795196533,5.025791168212891,x,1.8_2.0_2.2
21,2.028181818181818,2.129090909090909,19,0.4116666666666666,0.46444444444444444,122,0.04078326001763344,0.01793135516345501,0.5091450214385986,0.43280884623527527,4.408797740936279,x,1.8_2.0_2.2
21,2.028181818181818,2.129090909090909,20,0.46444444444444444,0.5172222222222222,50,0.01978282816708088,0.006859080400317907,0.5237765312194824,0.48629215359687805,4.043985366821289,x,1.8_2.0_2.2
21,2.028181818181818,2.129090909090909,21,0.5172222222222222,0.57,20,-0.007186620496213436,0.01009028684347868,0.5344482660293579,0.548111081123352,4.088132381439209,x,1.8_2.0_2.2
21,2.028181818181818,2.129090909090909,22,0.57,inf,12,-0.03259791061282158,0.009246409870684147,0.5294874310493469,0.5814877152442932,2.8942606449127197,x,1.8_2.0_2.2
22,2.129090909090909,2.2299999999999995,2,-0.5186363636363636,-0.46727272727272723,22,-0.011268340982496738,0.02483476884663105,-0.4769705533981323,-0.4814917743206024,3.053711175918579,x,1.8_2.0_2.2
22,2.129090909090909,2.2299999999999995,3,-0.46727272727272723,-0.4159090909090909,91,-0.0923776626586914,0.20687907934188843,-0.1238020732998848,-0.4401196837425232,6.856639862060547,x,1.8_2.0_2.2
22,2.129090909090909,2.2299999999999995,4,-0.4159090909090909,-0.3645454545454545,332,-0.045729707926511765,0.2588222622871399,-0.17654071748256683,-0.3830707371234894,5.939675331115723,x,1.8_2.0_2.2
22,2.129090909090909,2.2299999999999995,5,-0.3645454545454545,-0.3131818181818181,1491,-0.011273686774075031,0.19636286795139313,-0.24039895832538605,-0.3391427993774414,4.947399139404297,x,1.8_2.0_2.2
22,2.129090909090909,2.2299999999999995,6,-0.3131818181818181,-0.2618181818181818,1266,-0.004750868305563927,0.21023231744766235,-0.18058639764785767,-0.2865145206451416,6.439835548400879,x,1.8_2.0_2.2
22,2.129090909090909,2.2299999999999995,7,-0.2618181818181818,-0.21045454545454545,1812,0.0003624568344093859,0.28060153126716614,-0.11828483641147614,-0.234012633562088,7.368634223937988,x,1.8_2.0_2.2
22,2.129090909090909,2.2299999999999995,8,-0.21045454545454545,-0.15909090909090906,2327,-0.0038489936850965023,0.43590185046195984,-0.09312814474105835,-0.1848820447921753,5.794245719909668,x,1.8_2.0_2.2
22,2.129090909090909,2.2299999999999995,9,-0.15909090909090906,-0.10772727272727267,2091,-0.03562677279114723,0.7150701284408569,-0.06690143793821335,-0.13485872745513916,5.262452125549316,x,1.8_2.0_2.2
22,2.129090909090909,2.2299999999999995,10,-0.10772727272727267,-0.05636363636363628,1232,-0.09537006914615631,0.9520976543426514,-0.031566865742206573,-0.08332366496324539,6.443702220916748,x,1.8_2.0_2.2
22,2.129090909090909,2.2299999999999995,11,-0.05636363636363628,-0.0050000000000000044,872,-0.4045691192150116,3.6474802494049072,0.05883261561393738,-0.03294263780117035,6.337575435638428,x,1.8_2.0_2.2
22,2.129090909090909,2.2299999999999995,13,0.095,0.14777777777777779,1192,0.15267202258110046,0.3833285868167877,0.20791073143482208,0.11804552376270294,4.572727203369141,x,1.8_2.0_2.2
22,2.129090909090909,2.2299999999999995,14,0.14777777777777779,0.20055555555555554,840,0.16679836809635162,0.18304307758808136,0.30150550603866577,0.1723337024450302,4.706208229064941,x,1.8_2.0_2.2
22,2.129090909090909,2.2299999999999995,15,0.20055555555555554,0.2533333333333333,1216,0.06231273338198662,0.08470912277698517,0.29408809542655945,0.22938422858715057,4.659139633178711,x,1.8_2.0_2.2
22,2.129090909090909,2.2299999999999995,16,0.2533333333333333,0.3061111111111111,1623,0.04204139485955238,0.059754837304353714,0.3187291920185089,0.2776772379875183,4.0206427574157715,x,1.8_2.0_2.2
22,2.129090909090909,2.2299999999999995,17,0.3061111111111111,0.3588888888888889,749,0.026610562577843666,0.0591576024889946,0.38433706760406494,0.3291879892349243,4.6885552406311035,x,1.8_2.0_2.2
22,2.129090909090909,2.2299999999999995,18,0.3588888888888889,0.4116666666666666,268,0.03934697434306145,0.049899887293577194,0.4651946723461151,0.3802017569541931,5.136106491088867,x,1.8_2.0_2.2
22,2.129090909090909,2.2299999999999995,19,0.4116666666666666,0.46444444444444444,116,0.04035262018442154,0.01576489396393299,0.5098307132720947,0.4326190650463104,4.529114246368408,x,1.8_2.0_2.2
22,2.129090909090909,2.2299999999999995,20,0.46444444444444444,0.5172222222222222,49,0.01952088251709938,0.006488658022135496,0.5242478251457214,0.4867367148399353,4.083700180053711,x,1.8_2.0_2.2
22,2.129090909090909,2.2299999999999995,21,0.5172222222222222,0.57,20,-0.007186620496213436,0.01009028684347868,0.5344482660293579,0.548111081123352,4.088132381439209,x,1.8_2.0_2.2
22,2.129090909090909,2.2299999999999995,22,0.57,inf,10,-0.03093024715781212,0.008405846543610096,0.5285231471061707,0.5806757211685181,3.0539894104003906,x,1.8_2.0_2.2
23,2.2299999999999995,2.3309090909090906,2,-0.5186363636363636,-0.46727272727272723,18,-0.0044204420410096645,0.024200258776545525,-0.4815156161785126,-0.47909843921661377,3.2447991371154785,x,1.8_2.0_2.2
23,2.2299999999999995,2.3309090909090906,3,-0.46727272727272723,-0.4159090909090909,86,-0.09494143724441528,0.1939748376607895,-0.11131427437067032,-0.43982380628585815,7.128304958343506,x,1.8_2.0_2.2
23,2.2299999999999995,2.3309090909090906,4,-0.4159090909090909,-0.3645454545454545,306,-0.05072827637195587,0.24813516438007355,-0.16404171288013458,-0.3834731876850128,6.258639335632324,x,1.8_2.0_2.2
23,2.2299999999999995,2.3309090909090906,5,-0.3645454545454545,-0.3131818181818181,1406,-0.011337810195982456,0.1845516413450241,-0.2390747219324112,-0.3388634920120239,5.114975452423096,x,1.8_2.0_2.2
23,2.2299999999999995,2.3309090909090906,6,-0.3131818181818181,-0.2618181818181818,1218,-0.007528927642852068,0.20865407586097717,-0.1757107526063919,-0.28629136085510254,6.607639312744141,x,1.8_2.0_2.2
23,2.2299999999999995,2.3309090909090906,7,-0.2618181818181818,-0.21045454545454545,1783,-0.002877590712159872,0.2774498462677002,-0.11515933275222778,-0.23403771221637726,7.453062534332275,x,1.8_2.0_2.2
23,2.2299999999999995,2.3309090909090906,8,-0.21045454545454545,-0.15909090909090906,2213,-0.014992102049291134,0.42568013072013855,-0.08544163405895233,-0.18501043319702148,5.980487823486328,x,1.8_2.0_2.2
23,2.2299999999999995,2.3309090909090906,9,-0.15909090909090906,-0.10772727272727267,1995,-0.03777473419904709,0.6964594721794128,-0.06537683308124542,-0.13489706814289093,5.410956859588623,x,1.8_2.0_2.2
23,2.2299999999999995,2.3309090909090906,10,-0.10772727272727267,-0.05636363636363628,1185,-0.10253537446260452,0.931898832321167,-0.029908617958426476,-0.08302897959947586,6.612887859344482,x,1.8_2.0_2.2
23,2.2299999999999995,2.3309090909090906,11,-0.05636363636363628,-0.0050000000000000044,836,-0.4317861795425415,3.608187437057495,0.06369788944721222,-0.032871853560209274,6.516515254974365,x,1.8_2.0_2.2
23,2.2299999999999995,2.3309090909090906,13,0.095,0.14777777777777779,1118,0.15204881131649017,0.36770501732826233,0.20911021530628204,0.11781319230794907,4.731201648712158,x,1.8_2.0_2.2
23,2.2299999999999995,2.3309090909090906,14,0.14777777777777779,0.20055555555555554,796,0.16391518712043762,0.1774180382490158,0.30372488498687744,0.17251171171665192,4.845878601074219,x,1.8_2.0_2.2
23,2.2299999999999995,2.3309090909090906,15,0.20055555555555554,0.2533333333333333,1160,0.06084131449460983,0.08199354261159897,0.2952002286911011,0.2297200709581375,4.778929710388184,x,1.8_2.0_2.2
23,2.2299999999999995,2.3309090909090906,16,0.2533333333333333,0.3061111111111111,1528,0.03935480862855911,0.05821492522954941,0.3180638253688812,0.2775958478450775,4.135161876678467,x,1.8_2.0_2.2
23,2.2299999999999995,2.3309090909090906,17,0.3061111111111111,0.3588888888888889,712,0.02705802582204342,0.05741477385163307,0.3870120048522949,0.3295215368270874,4.818998336791992,x,1.8_2.0_2.2
23,2.2299999999999995,2.3309090909090906,18,0.3588888888888889,0.4116666666666666,252,0.04154326394200325,0.04494153708219528,0.47123363614082336,0.38060182332992554,5.323604583740234,x,1.8_2.0_2.2
23,2.2299999999999995,2.3309090909090906,19,0.4116666666666666,0.46444444444444444,110,0.03992614522576332,0.01563245616853237,0.5112467408180237,0.4325239956378937,4.657485485076904,x,1.8_2.0_2.2
23,2.2299999999999995,2.3309090909090906,20,0.46444444444444444,0.5172222222222222,47,0.01905045472085476,0.006163663696497679,0.5249123573303223,0.48719245195388794,4.164612770080566,x,1.8_2.0_2.2
23,2.2299999999999995,2.3309090909090906,21,0.5172222222222222,0.57,20,-0.007186620496213436,0.01009028684347868,0.5344482660293579,0.548111081123352,4.088132381439209,x,1.8_2.0_2.2
23,2.2299999999999995,2.3309090909090906,22,0.57,inf,10,-0.03093024715781212,0.008405846543610096,0.5285231471061707,0.5806757211685181,3.0539894104003906,x,1.8_2.0_2.2
24,2.3309090909090906,2.4318181818181817,2,-0.5186363636363636,-0.46727272727272723,15,0.00046957217273302376,0.020652785897254944,-0.4876892864704132,-0.4764867126941681,3.4311866760253906,x,1.8_2.0_2.2
24,2.3309090909090906,2.4318181818181817,3,-0.46727272727272723,-0.4159090909090909,85,-0.0957615077495575,0.1948765367269516,-0.10814759880304337,-0.4400828778743744,7.185890197753906,x,1.8_2.0_2.2
24,2.3309090909090906,2.4318181818181817,4,-0.4159090909090909,-0.3645454545454545,283,-0.06052454560995102,0.24813055992126465,-0.14426344633102417,-0.3836827576160431,6.581614017486572,x,1.8_2.0_2.2
24,2.3309090909090906,2.4318181818181817,5,-0.3645454545454545,-0.3131818181818181,1321,-0.012042787857353687,0.17525319755077362,-0.23679926991462708,-0.33870363235473633,5.297371864318848,x,1.8_2.0_2.2
24,2.3309090909090906,2.4318181818181817,6,-0.3131818181818181,-0.2618181818181818,1184,-0.009059553034603596,0.20168662071228027,-0.17329077422618866,-0.2862073481082916,6.731914520263672,x,1.8_2.0_2.2
24,2.3309090909090906,2.4318181818181817,7,-0.2618181818181818,-0.21045454545454545,1741,-0.003365491284057498,0.2659832835197449,-0.1140645295381546,-0.23402048647403717,7.577907562255859,x,1.8_2.0_2.2
24,2.3309090909090906,2.4318181818181817,8,-0.21045454545454545,-0.15909090909090906,2100,-0.030015617609024048,0.41647693514823914,-0.0756472647190094,-0.1850898712873459,6.1797003746032715,x,1.8_2.0_2.2
24,2.3309090909090906,2.4318181818181817,9,-0.15909090909090906,-0.10772727272727267,1879,-0.03789767622947693,0.672396183013916,-0.06412582844495773,-0.1347530335187912,5.604329586029053,x,1.8_2.0_2.2
24,2.3309090909090906,2.4318181818181817,10,-0.10772727272727267,-0.05636363636363628,1133,-0.11788705736398697,0.9144647717475891,-0.02604212611913681,-0.08284822106361389,6.811896324157715,x,1.8_2.0_2.2
24,2.3309090909090906,2.4318181818181817,11,-0.05636363636363628,-0.0050000000000000044,800,-0.4772481918334961,3.4389307498931885,0.06986816227436066,-0.032897233963012695,6.707615852355957,x,1.8_2.0_2.2
24,2.3309090909090906,2.4318181818181817,13,0.095,0.14777777777777779,1051,0.1542186737060547,0.3595087230205536,0.21113170683383942,0.11753136664628983,4.887715816497803,x,1.8_2.0_2.2
24,2.3309090909090906,2.4318181818181817,14,0.14777777777777779,0.20055555555555554,724,0.16100873053073883,0.17364321649074554,0.30948910117149353,0.1731165200471878,5.100825786590576,x,1.8_2.0_2.2
24,2.3309090909090906,2.4318181818181817,15,0.20055555555555554,0.2533333333333333,1117,0.060598719865083694,0.07937504351139069,0.29635778069496155,0.22987599670886993,4.875296592712402,x,1.8_2.0_2.2
24,2.3309090909090906,2.4318181818181817,16,0.2533333333333333,0.3061111111111111,1432,0.037307124584913254,0.05723463371396065,0.31765687465667725,0.27730274200439453,4.2591447830200195,x,1.8_2.0_2.2
24,2.3309090909090906,2.4318181818181817,17,0.3061111111111111,0.3588888888888889,689,0.027729636058211327,0.05586947873234749,0.3884938955307007,0.3293619453907013,4.903645992279053,x,1.8_2.0_2.2
24,2.3309090909090906,2.4318181818181817,18,0.3588888888888889,0.4116666666666666,244,0.04329130798578262,0.043478820472955704,0.475046843290329,0.38107386231422424,5.42381477355957,x,1.8_2.0_2.2
24,2.3309090909090906,2.4318181818181817,19,0.4116666666666666,0.46444444444444444,105,0.03947239741683006,0.015843909233808517,0.5122842788696289,0.43212395906448364,4.770777702331543,x,1.8_2.0_2.2
24,2.3309090909090906,2.4318181818181817,20,0.46444444444444444,0.5172222222222222,45,0.018603628501296043,0.005730554461479187,0.5256263017654419,0.48772862553596497,4.246615886688232,x,1.8_2.0_2.2
24,2.3309090909090906,2.4318181818181817,21,0.5172222222222222,0.57,20,-0.007186620496213436,0.01009028684347868,0.5344482660293579,0.548111081123352,4.088132381439209,x,1.8_2.0_2.2
24,2.3309090909090906,2.4318181818181817,22,0.57,inf,9,-0.03139322251081467,0.008723960258066654,0.5271968841552734,0.5813560485839844,3.1444523334503174,x,1.8_2.0_2.2
25,2.4318181818181817,2.5327272727272723,2,-0.5186363636363636,-0.46727272727272723,14,0.0019900898914784193,0.019326746463775635,-0.49063268303871155,-0.47611334919929504,3.5085854530334473,x,1.8_2.0_2.2
25,2.4318181818181817,2.5327272727272723,3,-0.46727272727272723,-0.4159090909090909,85,-0.0957615077495575,0.1948765367269516,-0.10814759880304337,-0.4400828778743744,7.185890197753906,x,1.8_2.0_2.2
25,2.4318181818181817,2.5327272727272723,4,-0.4159090909090909,-0.3645454545454545,260,-0.07017649710178375,0.2450852394104004,-0.12384190410375595,-0.3835160732269287,6.95271635055542,x,1.8_2.0_2.2
25,2.4318181818181817,2.5327272727272723,5,-0.3645454545454545,-0.3131818181818181,1242,-0.014006076380610466,0.1661071628332138,-0.23314404487609863,-0.33863726258277893,5.482709884643555,x,1.8_2.0_2.2
25,2.4318181818181817,2.5327272727272723,6,-0.3131818181818181,-0.2618181818181818,1152,-0.011224701069295406,0.20067954063415527,-0.16978666186332703,-0.28603416681289673,6.852688789367676,x,1.8_2.0_2.2
25,2.4318181818181817,2.5327272727272723,7,-0.2618181818181818,-0.21045454545454545,1705,-0.0041477372869849205,0.2590172290802002,-0.11244789510965347,-0.23408325016498566,7.68756628036499,x,1.8_2.0_2.2
25,2.4318181818181817,2.5327272727272723,8,-0.21045454545454545,-0.15909090909090906,1988,-0.04420870542526245,0.4084836542606354,-0.06575692445039749,-0.18529289960861206,6.3941802978515625,x,1.8_2.0_2.2
25,2.4318181818181817,2.5327272727272723,9,-0.15909090909090906,-0.10772727272727267,1781,-0.045310188084840775,0.6535388827323914,-0.0611809641122818,-0.13488297164440155,5.781589508056641,x,1.8_2.0_2.2
25,2.4318181818181817,2.5327272727272723,10,-0.10772727272727267,-0.05636363636363628,1091,-0.11561565846204758,0.8863705992698669,-0.02617434784770012,-0.08280812203884125,6.982689380645752,x,1.8_2.0_2.2
25,2.4318181818181817,2.5327272727272723,11,-0.05636363636363628,-0.0050000000000000044,761,-0.4793563485145569,3.3549160957336426,0.0738619938492775,-0.03282282128930092,6.929693698883057,x,1.8_2.0_2.2
25,2.4318181818181817,2.5327272727272723,13,0.095,0.14777777777777779,995,0.15801812708377838,0.3473319709300995,0.2135075181722641,0.11738376319408417,5.028868198394775,x,1.8_2.0_2.2
25,2.4318181818181817,2.5327272727272723,14,0.14777777777777779,0.20055555555555554,675,0.15901480615139008,0.16839109361171722,0.3129737377166748,0.17326068878173828,5.298702239990234,x,1.8_2.0_2.2
25,2.4318181818181817,2.5327272727272723,15,0.20055555555555554,0.2533333333333333,1066,0.05980098620057106,0.07739236205816269,0.29791176319122314,0.23017242550849915,4.9947123527526855,x,1.8_2.0_2.2
25,2.4318181818181817,2.5327272727272723,16,0.2533333333333333,0.3061111111111111,1329,0.034891847521066666,0.055667977780103683,0.31706616282463074,0.2769692838191986,4.4047441482543945,x,1.8_2.0_2.2
25,2.4318181818181817,2.5327272727272723,17,0.3061111111111111,0.3588888888888889,652,0.028614312410354614,0.05435708910226822,0.3910854458808899,0.3292199671268463,5.046530723571777,x,1.8_2.0_2.2
25,2.4318181818181817,2.5327272727272723,18,0.3588888888888889,0.4116666666666666,229,0.045854996889829636,0.03875935450196266,0.48180603981018066,0.38153862953186035,5.622564792633057,x,1.8_2.0_2.2
25,2.4318181818181817,2.5327272727272723,19,0.4116666666666666,0.46444444444444444,99,0.038769569247961044,0.013791213743388653,0.5136011242866516,0.4325566589832306,4.915654182434082,x,1.8_2.0_2.2
25,2.4318181818181817,2.5327272727272723,20,0.46444444444444444,0.5172222222222222,43,0.018151069059967995,0.005345356650650501,0.5263646841049194,0.48827046155929565,4.333306789398193,x,1.8_2.0_2.2
25,2.4318181818181817,2.5327272727272723,21,0.5172222222222222,0.57,20,-0.007186620496213436,0.01009028684347868,0.5344482660293579,0.548111081123352,4.088132381439209,x,1.8_2.0_2.2
25,2.4318181818181817,2.5327272727272723,22,0.57,inf,6,-0.027171334251761436,0.006892418023198843,0.5290127396583557,0.582511842250824,3.513845205307007,x,1.8_2.0_2.2
26,2.5327272727272723,2.6336363636363633,2,-0.5186363636363636,-0.46727272727272723,13,0.0034881813917309046,0.019299035891890526,-0.49256932735443115,-0.4755597710609436,3.585639715194702,x,1.8_2.0_2.2
26,2.5327272727272723,2.6336363636363633,3,-0.46727272727272723,-0.4159090909090909,85,-0.0957615077495575,0.1948765367269516,-0.10814759880304337,-0.4400828778743744,7.185890197753906,x,1.8_2.0_2.2
26,2.5327272727272723,2.6336363636363633,4,-0.4159090909090909,-0.3645454545454545,241,-0.07153796404600143,0.240834042429924,-0.11303435266017914,-0.38427847623825073,7.304821014404297,x,1.8_2.0_2.2
26,2.5327272727272723,2.6336363636363633,5,-0.3645454545454545,-0.3131818181818181,1183,-0.016705842688679695,0.16447775065898895,-0.22790728509426117,-0.3385101556777954,5.632200717926025,x,1.8_2.0_2.2
26,2.5327272727272723,2.6336363636363633,6,-0.3131818181818181,-0.2618181818181818,1119,-0.012480066157877445,0.19672110676765442,-0.1673334687948227,-0.285887211561203,6.981340408325195,x,1.8_2.0_2.2
26,2.5327272727272723,2.6336363636363633,7,-0.2618181818181818,-0.21045454545454545,1669,-0.005230132956057787,0.2506371736526489,-0.11063335835933685,-0.23414219915866852,7.79982852935791,x,1.8_2.0_2.2
26,2.5327272727272723,2.6336363636363633,8,-0.21045454545454545,-0.15909090909090906,1893,-0.053127653896808624,0.4004659950733185,-0.05817855894565582,-0.18543009459972382,6.590478897094727,x,1.8_2.0_2.2
26,2.5327272727272723,2.6336363636363633,9,-0.15909090909090906,-0.10772727272727267,1677,-0.049512557685375214,0.6364413499832153,-0.05835914611816406,-0.13500387966632843,5.986001968383789,x,1.8_2.0_2.2
26,2.5327272727272723,2.6336363636363633,10,-0.10772727272727267,-0.05636363636363628,1058,-0.11094605922698975,0.8814440369606018,-0.02669334039092064,-0.08280433714389801,7.123129844665527,x,1.8_2.0_2.2
26,2.5327272727272723,2.6336363636363633,11,-0.05636363636363628,-0.0050000000000000044,727,-0.5314630270004272,3.312819719314575,0.08118726313114166,-0.032669976353645325,7.137205123901367,x,1.8_2.0_2.2
26,2.5327272727272723,2.6336363636363633,13,0.095,0.14777777777777779,947,0.16060054302215576,0.34088245034217834,0.21527908742427826,0.11723694950342178,5.158201217651367,x,1.8_2.0_2.2
26,2.5327272727272723,2.6336363636363633,14,0.14777777777777779,0.20055555555555554,629,0.16138878464698792,0.1665963977575302,0.3193921744823456,0.1735345423221588,5.504753112792969,x,1.8_2.0_2.2
26,2.5327272727272723,2.6336363636363633,15,0.20055555555555554,0.2533333333333333,1031,0.06063980609178543,0.07586649805307388,0.299804151058197,0.2302589863538742,5.07986307144165,x,1.8_2.0_2.2
26,2.5327272727272723,2.6336363636363633,16,0.2533333333333333,0.3061111111111111,1213,0.032948341220617294,0.05533633753657341,0.31676411628723145,0.27621176838874817,4.588603973388672,x,1.8_2.0_2.2
26,2.5327272727272723,2.6336363636363633,17,0.3061111111111111,0.3588888888888889,624,0.029876800253987312,0.052965592592954636,0.3936758041381836,0.3291082978248596,5.161552429199219,x,1.8_2.0_2.2
26,2.5327272727272723,2.6336363636363633,18,0.3588888888888889,0.4116666666666666,222,0.047155335545539856,0.0367811918258667,0.4856751263141632,0.38198137283325195,5.72183895111084,x,1.8_2.0_2.2
26,2.5327272727272723,2.6336363636363633,19,0.4116666666666666,0.46444444444444444,94,0.038228943943977356,0.013673313893377781,0.5147629380226135,0.43233850598335266,5.044483184814453,x,1.8_2.0_2.2
26,2.5327272727272723,2.6336363636363633,20,0.46444444444444444,0.5172222222222222,42,0.01797589287161827,0.005344792269170284,0.5266080498695374,0.48829931020736694,4.376636505126953,x,1.8_2.0_2.2
26,2.5327272727272723,2.6336363636363633,21,0.5172222222222222,0.57,20,-0.007186620496213436,0.01009028684347868,0.5344482660293579,0.548111081123352,4.088132381439209,x,1.8_2.0_2.2
26,2.5327272727272723,2.6336363636363633,22,0.57,inf,6,-0.027171334251761436,0.006892418023198843,0.5290127396583557,0.582511842250824,3.513845205307007,x,1.8_2.0_2.2
27,2.6336363636363633,2.7345454545454544,2,-0.5186363636363636,-0.46727272727272723,13,0.0034881813917309046,0.019299035891890526,-0.49256932735443115,-0.4755597710609436,3.585639715194702,x,1.8_2.0_2.2
27,2.6336363636363633,2.7345454545454544,3,-0.46727272727272723,-0.4159090909090909,84,-0.09087910503149033,0.1856730580329895,-0.11387588828802109,-0.43989431858062744,7.240599155426025,x,1.8_2.0_2.2
27,2.6336363636363633,2.7345454545454544,4,-0.4159090909090909,-0.3645454545454545,229,-0.07334282994270325,0.23648028075695038,-0.10370442271232605,-0.3846987187862396,7.552350997924805,x,1.8_2.0_2.2
27,2.6336363636363633,2.7345454545454544,5,-0.3645454545454545,-0.3131818181818181,1107,-0.018300635740160942,0.15926089882850647,-0.22292202711105347,-0.33849623799324036,5.84157657623291,x,1.8_2.0_2.2
27,2.6336363636363633,2.7345454545454544,6,-0.3131818181818181,-0.2618181818181818,1081,-0.013451989740133286,0.19006000459194183,-0.16511927545070648,-0.2856046259403229,7.136031150817871,x,1.8_2.0_2.2
27,2.6336363636363633,2.7345454545454544,7,-0.2618181818181818,-0.21045454545454545,1633,-0.005378656089305878,0.24194326996803284,-0.10948392003774643,-0.2341916710138321,7.914961338043213,x,1.8_2.0_2.2
27,2.6336363636363633,2.7345454545454544,8,-0.21045454545454545,-0.15909090909090906,1802,-0.059957969933748245,0.38862499594688416,-0.05186648666858673,-0.18558262288570404,6.792695045471191,x,1.8_2.0_2.2
27,2.6336363636363633,2.7345454545454544,9,-0.15909090909090906,-0.10772727272727267,1560,-0.05299777910113335,0.6112653613090515,-0.055740226060152054,-0.13517925143241882,6.2410125732421875,x,1.8_2.0_2.2
27,2.6336363636363633,2.7345454545454544,10,-0.10772727272727267,-0.05636363636363628,1019,-0.11021704226732254,0.8621072769165039,-0.026303524151444435,-0.08293966948986053,7.297026634216309,x,1.8_2.0_2.2
27,2.6336363636363633,2.7345454545454544,11,-0.05636363636363628,-0.0050000000000000044,699,-0.5692326426506042,3.113449811935425,0.08706308156251907,-0.032567668706178665,7.319675445556641,x,1.8_2.0_2.2
27,2.6336363636363633,2.7345454545454544,13,0.095,0.14777777777777779,903,0.1613111048936844,0.3320901393890381,0.21665264666080475,0.11709212511777878,5.283703804016113,x,1.8_2.0_2.2
27,2.6336363636363633,2.7345454545454544,14,0.14777777777777779,0.20055555555555554,594,0.16255925595760345,0.1635139435529709,0.3238792419433594,0.17370407283306122,5.676518440246582,x,1.8_2.0_2.2
27,2.6336363636363633,2.7345454545454544,15,0.20055555555555554,0.2533333333333333,989,0.05939430743455887,0.0749717727303505,0.3008594512939453,0.23042237758636475,5.185607433319092,x,1.8_2.0_2.2
27,2.6336363636363633,2.7345454545454544,16,0.2533333333333333,0.3061111111111111,1137,0.03263717517256737,0.054250139743089676,0.3177237808704376,0.276008665561676,4.722603797912598,x,1.8_2.0_2.2
27,2.6336363636363633,2.7345454545454544,17,0.3061111111111111,0.3588888888888889,599,0.030632922425866127,0.05178908631205559,0.3954227864742279,0.3289550840854645,5.269029140472412,x,1.8_2.0_2.2
27,2.6336363636363633,2.7345454545454544,18,0.3588888888888889,0.4116666666666666,215,0.04735010117292404,0.03509636968374252,0.48796674609184265,0.3821725845336914,5.823736667633057,x,1.8_2.0_2.2
27,2.6336363636363633,2.7345454545454544,19,0.4116666666666666,0.46444444444444444,90,0.038076017051935196,0.013923358172178268,0.5162383317947388,0.43226170539855957,5.154738903045654,x,1.8_2.0_2.2
27,2.6336363636363633,2.7345454545454544,20,0.46444444444444444,0.5172222222222222,41,0.01779613271355629,0.005270280875265598,0.5269374847412109,0.4884820878505707,4.420464038848877,x,1.8_2.0_2.2
27,2.6336363636363633,2.7345454545454544,21,0.5172222222222222,0.57,20,-0.007186620496213436,0.01009028684347868,0.5344482660293579,0.548111081123352,4.088132381439209,x,1.8_2.0_2.2
27,2.6336363636363633,2.7345454545454544,22,0.57,inf,6,-0.027171334251761436,0.006892418023198843,0.5290127396583557,0.582511842250824,3.513845205307007,x,1.8_2.0_2.2
28,2.7345454545454544,2.835454545454545,2,-0.5186363636363636,-0.46727272727272723,12,0.005229558330029249,0.019412202760577202,-0.4948454797267914,-0.47517645359039307,3.6593778133392334,x,1.8_2.0_2.2
28,2.7345454545454544,2.835454545454545,3,-0.46727272727272723,-0.4159090909090909,83,-0.08689408749341965,0.1763334423303604,-0.11973738670349121,-0.4399653971195221,7.2949113845825195,x,1.8_2.0_2.2
28,2.7345454545454544,2.835454545454545,4,-0.4159090909090909,-0.3645454545454545,217,-0.06600861996412277,0.2200649529695511,-0.1035759299993515,-0.3853985369205475,7.822003364562988,x,1.8_2.0_2.2
28,2.7345454545454544,2.835454545454545,5,-0.3645454545454545,-0.3131818181818181,1054,-0.020464984700083733,0.1594053953886032,-0.2176344096660614,-0.3384326994419098,6.00000524520874,x,1.8_2.0_2.2
28,2.7345454545454544,2.835454545454545,6,-0.3131818181818181,-0.2618181818181818,1054,-0.014937014319002628,0.1885136216878891,-0.16200926899909973,-0.2854712903499603,7.250134468078613,x,1.8_2.0_2.2
28,2.7345454545454544,2.835454545454545,7,-0.2618181818181818,-0.21045454545454545,1603,-0.005155433900654316,0.23468203842639923,-0.10898979753255844,-0.23421329259872437,8.01286506652832,x,1.8_2.0_2.2
28,2.7345454545454544,2.835454545454545,8,-0.21045454545454545,-0.15909090909090906,1725,-0.07181103527545929,0.38139650225639343,-0.04303275793790817,-0.18557825684547424,6.975639820098877,x,1.8_2.0_2.2
28,2.7345454545454544,2.835454545454545,9,-0.15909090909090906,-0.10772727272727267,1458,-0.06125262752175331,0.5943041443824768,-0.051390811800956726,-0.13523724675178528,6.489774703979492,x,1.8_2.0_2.2
28,2.7345454545454544,2.835454545454545,10,-0.10772727272727267,-0.05636363636363628,984,-0.1132555827498436,0.8359880447387695,-0.02561216428875923,-0.0831577405333519,7.4609785079956055,x,1.8_2.0_2.2
28,2.7345454545454544,2.835454545454545,11,-0.05636363636363628,-0.0050000000000000044,676,-0.5541650056838989,2.9323883056640625,0.0886928141117096,-0.03258884698152542,7.477487564086914,x,1.8_2.0_2.2
28,2.7345454545454544,2.835454545454545,13,0.095,0.14777777777777779,858,0.16514046490192413,0.32425445318222046,0.21938146650791168,0.11701665818691254,5.420172214508057,x,1.8_2.0_2.2
28,2.7345454545454544,2.835454545454545,14,0.14777777777777779,0.20055555555555554,558,0.1641307920217514,0.15775427222251892,0.3284820318222046,0.1737600415945053,5.8697829246521,x,1.8_2.0_2.2
28,2.7345454545454544,2.835454545454545,15,0.20055555555555554,0.2533333333333333,951,0.05951442942023277,0.07278130948543549,0.302309513092041,0.2305382639169693,5.285948276519775,x,1.8_2.0_2.2
28,2.7345454545454544,2.835454545454545,16,0.2533333333333333,0.3061111111111111,1084,0.03273473680019379,0.0528193898499012,0.3185146152973175,0.2758585810661316,4.822739601135254,x,1.8_2.0_2.2
28,2.7345454545454544,2.835454545454545,17,0.3061111111111111,0.3588888888888889,574,0.032363153994083405,0.051244303584098816,0.3985421061515808,0.32893481850624084,5.381535530090332,x,1.8_2.0_2.2
28,2.7345454545454544,2.835454545454545,18,0.3588888888888889,0.4116666666666666,199,0.046199437230825424,0.028376588597893715,0.4912738800048828,0.3827890455722809,6.0762038230896,x,1.8_2.0_2.2
28,2.7345454545454544,2.835454545454545,19,0.4116666666666666,0.46444444444444444,85,0.037192121148109436,0.0126158082857728,0.5176147818565369,0.43264779448509216,5.299858093261719,x,1.8_2.0_2.2
28,2.7345454545454544,2.835454545454545,20,0.46444444444444444,0.5172222222222222,38,0.017381368204951286,0.005060206633061171,0.5278095006942749,0.4887341856956482,4.557267665863037,x,1.8_2.0_2.2
28,2.7345454545454544,2.835454545454545,21,0.5172222222222222,0.57,19,-0.006257119122892618,0.009599363431334496,0.5345329642295837,0.5470002293586731,4.1627631187438965,x,1.8_2.0_2.2
28,2.7345454545454544,2.835454545454545,22,0.57,inf,6,-0.027171334251761436,0.006892418023198843,0.5290127396583557,0.582511842250824,3.513845205307007,x,1.8_2.0_2.2
29,2.835454545454545,2.936363636363636,2,-0.5186363636363636,-0.46727272727272723,10,0.010006184689700603,0.020106036216020584,-0.49989691376686096,-0.4744201600551605,3.8327841758728027,x,1.8_2.0_2.2
29,2.835454545454545,2.936363636363636,3,-0.46727272727272723,-0.4159090909090909,83,-0.08689408749341965,0.1763334423303604,-0.11973738670349121,-0.4399653971195221,7.2949113845825195,x,1.8_2.0_2.2
29,2.835454545454545,2.936363636363636,4,-0.4159090909090909,-0.3645454545454545,207,-0.06336236745119095,0.21158373355865479,-0.10099481791257858,-0.3860241174697876,8.065164566040039,x,1.8_2.0_2.2
29,2.835454545454545,2.936363636363636,5,-0.3645454545454545,-0.3131818181818181,995,-0.021888351067900658,0.15347376465797424,-0.21349216997623444,-0.3384402394294739,6.190464019775391,x,1.8_2.0_2.2
29,2.835454545454545,2.936363636363636,6,-0.3131818181818181,-0.2618181818181818,1014,-0.018483053892850876,0.18650522828102112,-0.15623435378074646,-0.2853265106678009,7.426319599151611,x,1.8_2.0_2.2
29,2.835454545454545,2.936363636363636,7,-0.2618181818181818,-0.21045454545454545,1567,-0.00705721415579319,0.23007044196128845,-0.10593561083078384,-0.23425957560539246,8.133193016052246,x,1.8_2.0_2.2
29,2.835454545454545,2.936363636363636,8,-0.21045454545454545,-0.15909090909090906,1660,-0.08174105733633041,0.37427031993865967,-0.03533133119344711,-0.18572793900966644,7.1396484375,x,1.8_2.0_2.2
29,2.835454545454545,2.936363636363636,9,-0.15909090909090906,-0.10772727272727267,1374,-0.07795212417840958,0.5820789337158203,-0.04404626041650772,-0.1352769136428833,6.715915679931641,x,1.8_2.0_2.2
29,2.835454545454545,2.936363636363636,10,-0.10772727272727267,-0.05636363636363628,939,-0.12098291516304016,0.8174936771392822,-0.02371428720653057,-0.08338221162557602,7.685171604156494,x,1.8_2.0_2.2
29,2.835454545454545,2.936363636363636,11,-0.05636363636363628,-0.0050000000000000044,654,-0.5754520893096924,2.930541753768921,0.09246794879436493,-0.032506994903087616,7.6351823806762695,x,1.8_2.0_2.2
29,2.835454545454545,2.936363636363636,13,0.095,0.14777777777777779,817,0.161733016371727,0.3165508508682251,0.21937836706638336,0.11699389666318893,5.552270412445068,x,1.8_2.0_2.2
29,2.835454545454545,2.936363636363636,14,0.14777777777777779,0.20055555555555554,530,0.1641177386045456,0.1548677533864975,0.3315017521381378,0.17357736825942993,6.032572269439697,x,1.8_2.0_2.2
29,2.835454545454545,2.936363636363636,15,0.20055555555555554,0.2533333333333333,914,0.059028081595897675,0.07101187109947205,0.30375760793685913,0.23080001771450043,5.387511730194092,x,1.8_2.0_2.2
29,2.835454545454545,2.936363636363636,16,0.2533333333333333,0.3061111111111111,1025,0.033241696655750275,0.05223545804619789,0.31976139545440674,0.2755434215068817,4.9401164054870605,x,1.8_2.0_2.2
29,2.835454545454545,2.936363636363636,17,0.3061111111111111,0.3588888888888889,541,0.03342968225479126,0.04989646002650261,0.40171346068382263,0.32910454273223877,5.5400776863098145,x,1.8_2.0_2.2
29,2.835454545454545,2.936363636363636,18,0.3588888888888889,0.4116666666666666,192,0.046056609600782394,0.02587425708770752,0.4938565492630005,0.38284358382225037,6.195428371429443,x,1.8_2.0_2.2
29,2.835454545454545,2.936363636363636,19,0.4116666666666666,0.46444444444444444,79,0.03675694018602371,0.012134464457631111,0.5193333625793457,0.4322912096977234,5.490141868591309,x,1.8_2.0_2.2
29,2.835454545454545,2.936363636363636,20,0.46444444444444444,0.5172222222222222,38,0.017381368204951286,0.005060206633061171,0.5278095006942749,0.4887341856956482,4.557267665863037,x,1.8_2.0_2.2
29,2.835454545454545,2.936363636363636,21,0.5172222222222222,0.57,19,-0.006257119122892618,0.009599363431334496,0.5345329642295837,0.5470002293586731,4.1627631187438965,x,1.8_2.0_2.2
29,2.835454545454545,2.936363636363636,22,0.57,inf,5,-0.025393888354301453,0.006168521009385586,0.5287864804267883,0.5810340642929077,3.6547577381134033,x,1.8_2.0_2.2
30,2.936363636363636,3.037272727272727,2,-0.5186363636363636,-0.46727272727272723,9,0.01221507415175438,0.019945716485381126,-0.5040833950042725,-0.4741533696651459,3.932800769805908,x,1.8_2.0_2.2
30,2.936363636363636,3.037272727272727,3,-0.46727272727272723,-0.4159090909090909,83,-0.08689408749341965,0.1763334423303604,-0.11973738670349121,-0.4399653971195221,7.2949113845825195,x,1.8_2.0_2.2
30,2.936363636363636,3.037272727272727,4,-0.4159090909090909,-0.3645454545454545,194,-0.06034790351986885,0.19843421876430511,-0.09584187716245651,-0.3867332935333252,8.411477088928223,x,1.8_2.0_2.2
30,2.936363636363636,3.037272727272727,5,-0.3645454545454545,-0.3131818181818181,951,-0.02459324337542057,0.1526602804660797,-0.20787926018238068,-0.33851155638694763,6.34319543838501,x,1.8_2.0_2.2
30,2.936363636363636,3.037272727272727,6,-0.3131818181818181,-0.2618181818181818,973,-0.02215222269296646,0.18449999392032623,-0.15012843906879425,-0.28502169251441956,7.617486953735352,x,1.8_2.0_2.2
30,2.936363636363636,3.037272727272727,7,-0.2618181818181818,-0.21045454545454545,1534,-0.008142682723701,0.2230898141860962,-0.10398858040571213,-0.23426514863967896,8.24609661102295,x,1.8_2.0_2.2
30,2.936363636363636,3.037272727272727,8,-0.21045454545454545,-0.15909090909090906,1608,-0.09006135910749435,0.3693854808807373,-0.02897583320736885,-0.18586432933807373,7.277141094207764,x,1.8_2.0_2.2
30,2.936363636363636,3.037272727272727,9,-0.15909090909090906,-0.10772727272727267,1256,-0.10001494735479355,0.5604179501533508,-0.03395457938313484,-0.13526639342308044,7.075775146484375,x,1.8_2.0_2.2
30,2.936363636363636,3.037272727272727,10,-0.10772727272727267,-0.05636363636363628,902,-0.12020737677812576,0.7994873523712158,-0.024678245186805725,-0.08340787142515182,7.881834983825684,x,1.8_2.0_2.2
30,2.936363636363636,3.037272727272727,11,-0.05636363636363628,-0.0050000000000000044,638,-0.5922820568084717,2.90138578414917,0.09586319327354431,-0.03250773251056671,7.754008769989014,x,1.8_2.0_2.2
30,2.936363636363636,3.037272727272727,13,0.095,0.14777777777777779,770,0.1597805768251419,0.30943194031715393,0.22092027962207794,0.11704123020172119,5.714777946472168,x,1.8_2.0_2.2
30,2.936363636363636,3.037272727272727,14,0.14777777777777779,0.20055555555555554,506,0.1612699031829834,0.14895035326480865,0.3327995836734772,0.1735292226076126,6.181879997253418,x,1.8_2.0_2.2
30,2.936363636363636,3.037272727272727,15,0.20055555555555554,0.2533333333333333,879,0.05909323692321777,0.07015632092952728,0.3055121898651123,0.2308811992406845,5.487475395202637,x,1.8_2.0_2.2
30,2.936363636363636,3.037272727272727,16,0.2533333333333333,0.3061111111111111,977,0.032915785908699036,0.0505811981856823,0.3200813829898834,0.27541157603263855,5.040826797485352,x,1.8_2.0_2.2
30,2.936363636363636,3.037272727272727,17,0.3061111111111111,0.3588888888888889,503,0.03486607223749161,0.04872853308916092,0.4062105119228363,0.3294532597064972,5.740636348724365,x,1.8_2.0_2.2
30,2.936363636363636,3.037272727272727,18,0.3588888888888889,0.4116666666666666,186,0.04566944018006325,0.022599074989557266,0.4951714277267456,0.38312801718711853,6.3030219078063965,x,1.8_2.0_2.2
30,2.936363636363636,3.037272727272727,19,0.4116666666666666,0.46444444444444444,77,0.03637921065092087,0.01218945812433958,0.5201647281646729,0.43241259455680847,5.55761194229126,x,1.8_2.0_2.2
30,2.936363636363636,3.037272727272727,20,0.46444444444444444,0.5172222222222222,35,0.01690570078790188,0.004791959188878536,0.5288317799568176,0.48912540078163147,4.7010817527771,x,1.8_2.0_2.2
30,2.936363636363636,3.037272727272727,21,0.5172222222222222,0.57,18,-0.005407406482845545,0.009457255713641644,0.5346370935440063,0.5461530685424805,4.232968330383301,x,1.8_2.0_2.2
30,2.936363636363636,3.037272727272727,22,0.57,inf,5,-0.025393888354301453,0.006168521009385586,0.5287864804267883,0.5810340642929077,3.6547577381134033,x,1.8_2.0_2.2
31,3.037272727272727,3.1381818181818177,2,-0.5186363636363636,-0.46727272727272723,8,0.014472241513431072,0.02004263736307621,-0.508542001247406,-0.4738408923149109,4.0545806884765625,x,1.8_2.0_2.2
31,3.037272727272727,3.1381818181818177,3,-0.46727272727272723,-0.4159090909090909,83,-0.08689408749341965,0.1763334423303604,-0.11973738670349121,-0.4399653971195221,7.2949113845825195,x,1.8_2.0_2.2
31,3.037272727272727,3.1381818181818177,4,-0.4159090909090909,-0.3645454545454545,183,-0.059134602546691895,0.19480104744434357,-0.08883800357580185,-0.3875388503074646,8.736856460571289,x,1.8_2.0_2.2
31,3.037272727272727,3.1381818181818177,5,-0.3645454545454545,-0.3131818181818181,907,-0.026538383215665817,0.15224789083003998,-0.20253951847553253,-0.33843740820884705,6.506409168243408,x,1.8_2.0_2.2
31,3.037272727272727,3.1381818181818177,6,-0.3131818181818181,-0.2618181818181818,930,-0.025814034044742584,0.18248578906059265,-0.14350610971450806,-0.28481897711753845,7.831818103790283,x,1.8_2.0_2.2
31,3.037272727272727,3.1381818181818177,7,-0.2618181818181818,-0.21045454545454545,1502,-0.009786911308765411,0.21852391958236694,-0.10151828080415726,-0.23427407443523407,8.358026504516602,x,1.8_2.0_2.2
31,3.037272727272727,3.1381818181818177,8,-0.21045454545454545,-0.15909090909090906,1546,-0.09736897796392441,0.3615809679031372,-0.02260434627532959,-0.1859722137451172,7.448972225189209,x,1.8_2.0_2.2
31,3.037272727272727,3.1381818181818177,9,-0.15909090909090906,-0.10772727272727267,1156,-0.12628373503684998,0.5407856702804565,-0.02198844961822033,-0.13524794578552246,7.429696083068848,x,1.8_2.0_2.2
31,3.037272727272727,3.1381818181818177,10,-0.10772727272727267,-0.05636363636363628,873,-0.12744329869747162,0.7878067493438721,-0.02364244870841503,-0.0834771916270256,8.044471740722656,x,1.8_2.0_2.2
31,3.037272727272727,3.1381818181818177,11,-0.05636363636363628,-0.0050000000000000044,616,-0.5935989618301392,2.8937692642211914,0.09863442182540894,-0.032309383153915405,7.924246788024902,x,1.8_2.0_2.2
31,3.037272727272727,3.1381818181818177,13,0.095,0.14777777777777779,723,0.15287081897258759,0.3066260516643524,0.2223188281059265,0.11723055690526962,5.8917670249938965,x,1.8_2.0_2.2
31,3.037272727272727,3.1381818181818177,14,0.14777777777777779,0.20055555555555554,473,0.16065774857997894,0.14337973296642303,0.33651214838027954,0.1732412874698639,6.404511451721191,x,1.8_2.0_2.2
31,3.037272727272727,3.1381818181818177,15,0.20055555555555554,0.2533333333333333,853,0.05802976340055466,0.06972158700227737,0.3061542809009552,0.2310202419757843,5.563920974731445,x,1.8_2.0_2.2
31,3.037272727272727,3.1381818181818177,16,0.2533333333333333,0.3061111111111111,923,0.03318333625793457,0.04901232197880745,0.3210134506225586,0.27517375349998474,5.160714149475098,x,1.8_2.0_2.2
31,3.037272727272727,3.1381818181818177,17,0.3061111111111111,0.3588888888888889,458,0.036934744566679,0.04880522936582565,0.41178134083747864,0.32988807559013367,6.010252952575684,x,1.8_2.0_2.2
31,3.037272727272727,3.1381818181818177,18,0.3588888888888889,0.4116666666666666,180,0.04608011245727539,0.021570146083831787,0.4980711340904236,0.3829268217086792,6.413301467895508,x,1.8_2.0_2.2
31,3.037272727272727,3.1381818181818177,19,0.4116666666666666,0.46444444444444444,74,0.035729698836803436,0.011904814280569553,0.5213348269462585,0.4327833354473114,5.661670207977295,x,1.8_2.0_2.2
31,3.037272727272727,3.1381818181818177,20,0.46444444444444444,0.5172222222222222,33,0.0170434657484293,0.004848855547606945,0.5291807651519775,0.48843181133270264,4.805570125579834,x,1.8_2.0_2.2
31,3.037272727272727,3.1381818181818177,21,0.5172222222222222,0.57,17,-0.004429413937032223,0.008408785797655582,0.5351117253303528,0.5447863340377808,4.3090667724609375,x,1.8_2.0_2.2
32,3.1381818181818177,3.239090909090909,2,-0.5186363636363636,-0.46727272727272723,8,0.014472241513431072,0.02004263736307621,-0.508542001247406,-0.4738408923149109,4.0545806884765625,x,1.8_2.0_2.2
32,3.1381818181818177,3.239090909090909,3,-0.46727272727272723,-0.4159090909090909,82,-0.082857646048069,0.16952502727508545,-0.12574997544288635,-0.439814954996109,7.345890045166016,x,1.8_2.0_2.2
32,3.1381818181818177,3.239090909090909,4,-0.4159090909090909,-0.3645454545454545,177,-0.05052455887198448,0.17372339963912964,-0.09941796958446503,-0.38806402683258057,8.928590774536133,x,1.8_2.0_2.2
32,3.1381818181818177,3.239090909090909,5,-0.3645454545454545,-0.3131818181818181,864,-0.027113065123558044,0.14671871066093445,-0.2000233680009842,-0.33866333961486816,6.676395416259766,x,1.8_2.0_2.2
32,3.1381818181818177,3.239090909090909,6,-0.3131818181818181,-0.2618181818181818,885,-0.028880121186375618,0.17425337433815002,-0.13865724205970764,-0.2846486270427704,8.073393821716309,x,1.8_2.0_2.2
32,3.1381818181818177,3.239090909090909,7,-0.2618181818181818,-0.21045454545454545,1458,-0.01311655156314373,0.21559996902942657,-0.09623260051012039,-0.2343505173921585,8.516936302185059,x,1.8_2.0_2.2
32,3.1381818181818177,3.239090909090909,8,-0.21045454545454545,-0.15909090909090906,1501,-0.10490583628416061,0.35733434557914734,-0.016540847718715668,-0.18600942194461823,7.579485893249512,x,1.8_2.0_2.2
32,3.1381818181818177,3.239090909090909,9,-0.15909090909090906,-0.10772727272727267,1079,-0.14416006207466125,0.5270806550979614,-0.01390412263572216,-0.13545313477516174,7.739418029785156,x,1.8_2.0_2.2
32,3.1381818181818177,3.239090909090909,10,-0.10772727272727267,-0.05636363636363628,845,-0.12575514614582062,0.765495240688324,-0.024245701730251312,-0.08353780955076218,8.208722114562988,x,1.8_2.0_2.2
32,3.1381818181818177,3.239090909090909,11,-0.05636363636363628,-0.0050000000000000044,597,-0.6067196130752563,2.888765573501587,0.10229095071554184,-0.03235515579581261,8.07811164855957,x,1.8_2.0_2.2
32,3.1381818181818177,3.239090909090909,13,0.095,0.14777777777777779,686,0.14613763988018036,0.2998345196247101,0.22231504321098328,0.11736064404249191,6.043242931365967,x,1.8_2.0_2.2
32,3.1381818181818177,3.239090909090909,14,0.14777777777777779,0.20055555555555554,450,0.15827901661396027,0.13726960122585297,0.33827832341194153,0.1733463704586029,6.573782444000244,x,1.8_2.0_2.2
32,3.1381818181818177,3.239090909090909,15,0.20055555555555554,0.2533333333333333,820,0.0581238679587841,0.06822391599416733,0.3077848553657532,0.23109698295593262,5.663656234741211,x,1.8_2.0_2.2
32,3.1381818181818177,3.239090909090909,16,0.2533333333333333,0.3061111111111111,892,0.03368730843067169,0.04840220883488655,0.3221983015537262,0.27517807483673096,5.232860565185547,x,1.8_2.0_2.2
32,3.1381818181818177,3.239090909090909,17,0.3061111111111111,0.3588888888888889,405,0.03972858935594559,0.04904075711965561,0.41964179277420044,0.3302774429321289,6.393753528594971,x,1.8_2.0_2.2
32,3.1381818181818177,3.239090909090909,18,0.3588888888888889,0.4116666666666666,176,0.04563233256340027,0.020755749195814133,0.4981825649738312,0.38258835673332214,6.488754749298096,x,1.8_2.0_2.2
32,3.1381818181818177,3.239090909090909,19,0.4116666666666666,0.46444444444444444,70,0.0353776179254055,0.010650425218045712,0.5221954584121704,0.432531476020813,5.80888557434082,x,1.8_2.0_2.2
32,3.1381818181818177,3.239090909090909,20,0.46444444444444444,0.5172222222222222,32,0.017211204394698143,0.004861145280301571,0.5293864011764526,0.48799851536750793,4.858724594116211,x,1.8_2.0_2.2
32,3.1381818181818177,3.239090909090909,21,0.5172222222222222,0.57,17,-0.004429413937032223,0.008408785797655582,0.5351117253303528,0.5447863340377808,4.3090667724609375,x,1.8_2.0_2.2
33,3.239090909090909,3.34,2,-0.5186363636363636,-0.46727272727272723,6,0.02265082858502865,0.01590789295732975,-0.5251784920692444,-0.473895400762558,4.354915142059326,x,1.8_2.0_2.2
33,3.239090909090909,3.34,3,-0.46727272727272723,-0.4159090909090909,82,-0.082857646048069,0.16952502727508545,-0.12574997544288635,-0.439814954996109,7.345890045166016,x,1.8_2.0_2.2
33,3.239090909090909,3.34,4,-0.4159090909090909,-0.3645454545454545,160,-0.05612189695239067,0.16167417168617249,-0.07788392156362534,-0.3885838985443115,9.539034843444824,x,1.8_2.0_2.2
33,3.239090909090909,3.34,5,-0.3645454545454545,-0.3131818181818181,830,-0.028563668951392174,0.14452652633190155,-0.19588688015937805,-0.3385554552078247,6.819204807281494,x,1.8_2.0_2.2
33,3.239090909090909,3.34,6,-0.3131818181818181,-0.2618181818181818,835,-0.035438306629657745,0.17049235105514526,-0.12863579392433167,-0.28471750020980835,8.365545272827148,x,1.8_2.0_2.2
33,3.239090909090909,3.34,7,-0.2618181818181818,-0.21045454545454545,1427,-0.01726336032152176,0.21562865376472473,-0.09078073501586914,-0.23432503640651703,8.632637023925781,x,1.8_2.0_2.2
33,3.239090909090909,3.34,8,-0.21045454545454545,-0.15909090909090906,1447,-0.11088123172521591,0.3489498496055603,-0.010732132941484451,-0.18615266680717468,7.743319511413574,x,1.8_2.0_2.2
33,3.239090909090909,3.34,9,-0.15909090909090906,-0.10772727272727267,1003,-0.1633477807044983,0.5109949111938477,-0.004806716460734606,-0.13559041917324066,8.08444881439209,x,1.8_2.0_2.2
33,3.239090909090909,3.34,10,-0.10772727272727267,-0.05636363636363628,814,-0.13552895188331604,0.7532485127449036,-0.021944472566246986,-0.08352899551391602,8.399864196777344,x,1.8_2.0_2.2
33,3.239090909090909,3.34,11,-0.05636363636363628,-0.0050000000000000044,580,-0.588533878326416,2.8381025791168213,0.10221515595912933,-0.03247315436601639,8.221138000488281,x,1.8_2.0_2.2
33,3.239090909090909,3.34,13,0.095,0.14777777777777779,641,0.14157824218273163,0.29097306728363037,0.22336409986019135,0.11748050153255463,6.24336051940918,x,1.8_2.0_2.2
33,3.239090909090909,3.34,14,0.14777777777777779,0.20055555555555554,434,0.15881994366645813,0.13465102016925812,0.34075266122817993,0.17305898666381836,6.698596000671387,x,1.8_2.0_2.2
33,3.239090909090909,3.34,15,0.20055555555555554,0.2533333333333333,782,0.058871276676654816,0.06729736924171448,0.3103195130825043,0.23124581575393677,5.784236907958984,x,1.8_2.0_2.2
33,3.239090909090909,3.34,16,0.2533333333333333,0.3061111111111111,852,0.033795326948165894,0.047446344047784805,0.3231085538864136,0.27513137459754944,5.328807353973389,x,1.8_2.0_2.2
33,3.239090909090909,3.34,17,0.3061111111111111,0.3588888888888889,373,0.041638873517513275,0.048461660742759705,0.4256073832511902,0.33084455132484436,6.668625831604004,x,1.8_2.0_2.2
33,3.239090909090909,3.34,18,0.3588888888888889,0.4116666666666666,170,0.04573977738618851,0.018864430487155914,0.5004696846008301,0.38271304965019226,6.605786323547363,x,1.8_2.0_2.2
33,3.239090909090909,3.34,19,0.4116666666666666,0.46444444444444444,67,0.034958887845277786,0.010681373067200184,0.523605227470398,0.4325478971004486,5.9260687828063965,x,1.8_2.0_2.2
33,3.239090909090909,3.34,20,0.46444444444444444,0.5172222222222222,32,0.017211204394698143,0.004861145280301571,0.5293864011764526,0.48799851536750793,4.858724594116211,x,1.8_2.0_2.2
33,3.239090909090909,3.34,21,0.5172222222222222,0.57,16,-0.0037789710331708193,0.008453384041786194,0.5352708101272583,0.5441895127296448,4.377780914306641,x,1.8_2.0_2.2
34,3.34,3.4409090909090905,2,-0.5186363636363636,-0.46727272727272723,6,0.02265082858502865,0.01590789295732975,-0.5251784920692444,-0.473895400762558,4.354915142059326,x,1.8_2.0_2.2
34,3.34,3.4409090909090905,3,-0.46727272727272723,-0.4159090909090909,81,-0.08108089864253998,0.16335690021514893,-0.13191094994544983,-0.4395522177219391,7.3958587646484375,x,1.8_2.0_2.2
34,3.34,3.4409090909090905,4,-0.4159090909090909,-0.3645454545454545,160,-0.05612189695239067,0.16167417168617249,-0.07788392156362534,-0.3885838985443115,9.539034843444824,x,1.8_2.0_2.2
34,3.34,3.4409090909090905,5,-0.3645454545454545,-0.3131818181818181,785,-0.030276522040367126,0.13918207585811615,-0.19078761339187622,-0.33850324153900146,7.02140474319458,x,1.8_2.0_2.2
34,3.34,3.4409090909090905,6,-0.3131818181818181,-0.2618181818181818,803,-0.03846320882439613,0.16607600450515747,-0.12302064150571823,-0.2847503125667572,8.567934036254883,x,1.8_2.0_2.2
34,3.34,3.4409090909090905,7,-0.2618181818181818,-0.21045454545454545,1398,-0.020700767636299133,0.21464058756828308,-0.08608094602823257,-0.23435771465301514,8.743303298950195,x,1.8_2.0_2.2
34,3.34,3.4409090909090905,8,-0.21045454545454545,-0.15909090909090906,1401,-0.11901886761188507,0.34453579783439636,-0.003787082154303789,-0.18623855710029602,7.889639377593994,x,1.8_2.0_2.2
34,3.34,3.4409090909090905,9,-0.15909090909090906,-0.10772727272727267,952,-0.1752912998199463,0.5004754662513733,0.0018537105061113834,-0.13554072380065918,8.341520309448242,x,1.8_2.0_2.2
34,3.34,3.4409090909090905,10,-0.10772727272727267,-0.05636363636363628,774,-0.1319703459739685,0.7274640798568726,-0.022479109466075897,-0.08350793272256851,8.664094924926758,x,1.8_2.0_2.2
34,3.34,3.4409090909090905,11,-0.05636363636363628,-0.0050000000000000044,559,-0.567737340927124,2.712019205093384,0.102352574467659,-0.032543476670980453,8.407058715820312,x,1.8_2.0_2.2
34,3.34,3.4409090909090905,13,0.095,0.14777777777777779,615,0.13629302382469177,0.28819504380226135,0.22318482398986816,0.11743602901697159,6.368198394775391,x,1.8_2.0_2.2
34,3.34,3.4409090909090905,14,0.14777777777777779,0.20055555555555554,415,0.1603858917951584,0.13535809516906738,0.34474071860313416,0.17279468476772308,6.854373931884766,x,1.8_2.0_2.2
34,3.34,3.4409090909090905,15,0.20055555555555554,0.2533333333333333,756,0.05785217508673668,0.06539009511470795,0.31068727374076843,0.23139607906341553,5.869915008544922,x,1.8_2.0_2.2
34,3.34,3.4409090909090905,16,0.2533333333333333,0.3061111111111111,797,0.034474633634090424,0.04696611687541008,0.32451534271240234,0.27453845739364624,5.469436168670654,x,1.8_2.0_2.2
34,3.34,3.4409090909090905,17,0.3061111111111111,0.3588888888888889,347,0.0429130494594574,0.04825086146593094,0.43034565448760986,0.33135154843330383,6.922586917877197,x,1.8_2.0_2.2
34,3.34,3.4409090909090905,18,0.3588888888888889,0.4116666666666666,165,0.04560680314898491,0.018421271815896034,0.5021290183067322,0.38262563943862915,6.7061872482299805,x,1.8_2.0_2.2
34,3.34,3.4409090909090905,19,0.4116666666666666,0.46444444444444444,65,0.03471689671278,0.009931684471666813,0.5237619876861572,0.4322751760482788,6.006803512573242,x,1.8_2.0_2.2
34,3.34,3.4409090909090905,20,0.46444444444444444,0.5172222222222222,31,0.017099786549806595,0.004854802507907152,0.5298095345497131,0.48822882771492004,4.909865856170654,x,1.8_2.0_2.2
34,3.34,3.4409090909090905,21,0.5172222222222222,0.57,15,-0.003642476163804531,0.008727007545530796,0.5348259806632996,0.543695330619812,4.448553085327148,x,1.8_2.0_2.2
35,3.4409090909090905,3.5418181818181815,2,-0.5186363636363636,-0.46727272727272723,5,0.02731652557849884,0.013155259191989899,-0.5362871885299683,-0.47453102469444275,4.547405242919922,x,1.8_2.0_2.2
35,3.4409090909090905,3.5418181818181815,3,-0.46727272727272723,-0.4159090909090909,81,-0.08108089864253998,0.16335690021514893,-0.13191094994544983,-0.4395522177219391,7.3958587646484375,x,1.8_2.0_2.2
35,3.4409090909090905,3.5418181818181815,4,-0.4159090909090909,-0.3645454545454545,154,-0.05761498957872391,0.15754631161689758,-0.06837362796068192,-0.3889055550098419,9.778585433959961,x,1.8_2.0_2.2
35,3.4409090909090905,3.5418181818181815,5,-0.3645454545454545,-0.3131818181818181,751,-0.03225826844573021,0.1382162868976593,-0.18563558161258698,-0.33855921030044556,7.186234951019287,x,1.8_2.0_2.2
35,3.4409090909090905,3.5418181818181815,6,-0.3131818181818181,-0.2618181818181818,780,-0.0408080592751503,0.16406719386577606,-0.11859971284866333,-0.2847904562950134,8.720589637756348,x,1.8_2.0_2.2
35,3.4409090909090905,3.5418181818181815,7,-0.2618181818181818,-0.21045454545454545,1369,-0.02423270232975483,0.21465370059013367,-0.08096174150705338,-0.23432587087154388,8.856800079345703,x,1.8_2.0_2.2
35,3.4409090909090905,3.5418181818181815,8,-0.21045454545454545,-0.15909090909090906,1354,-0.12572598457336426,0.3391853868961334,0.0027276775799691677,-0.18632006645202637,8.04574966430664,x,1.8_2.0_2.2
35,3.4409090909090905,3.5418181818181815,9,-0.15909090909090906,-0.10772727272727267,898,-0.1739671379327774,0.48142358660697937,0.002440811600536108,-0.13545796275138855,8.63970947265625,x,1.8_2.0_2.2
35,3.4409090909090905,3.5418181818181815,10,-0.10772727272727267,-0.05636363636363628,748,-0.13966409862041473,0.7179992198944092,-0.01983608864247799,-0.0833488404750824,8.847698211669922,x,1.8_2.0_2.2
35,3.4409090909090905,3.5418181818181815,11,-0.05636363636363628,-0.0050000000000000044,540,-0.6009537577629089,2.695539712905884,0.10705088824033737,-0.032633401453495026,8.583395004272461,x,1.8_2.0_2.2
35,3.4409090909090905,3.5418181818181815,13,0.095,0.14777777777777779,571,0.1319025754928589,0.2809754014015198,0.22519783675670624,0.1176132932305336,6.59780216217041,x,1.8_2.0_2.2
35,3.4409090909090905,3.5418181818181815,14,0.14777777777777779,0.20055555555555554,402,0.15819504857063293,0.13229002058506012,0.3455849289894104,0.17263267934322357,6.96620512008667,x,1.8_2.0_2.2
35,3.4409090909090905,3.5418181818181815,15,0.20055555555555554,0.2533333333333333,745,0.0571032352745533,0.06551855802536011,0.3107338845729828,0.2314358353614807,5.906439304351807,x,1.8_2.0_2.2
35,3.4409090909090905,3.5418181818181815,16,0.2533333333333333,0.3061111111111111,760,0.03461744263768196,0.0457918755710125,0.32510194182395935,0.2742713391780853,5.571123123168945,x,1.8_2.0_2.2
35,3.4409090909090905,3.5418181818181815,17,0.3061111111111111,0.3588888888888889,336,0.04313068091869354,0.048311997205019,0.4323985278606415,0.3316614031791687,7.038604736328125,x,1.8_2.0_2.2
35,3.4409090909090905,3.5418181818181815,18,0.3588888888888889,0.4116666666666666,161,0.04593321681022644,0.017785169184207916,0.5045138597488403,0.3827407956123352,6.789066314697266,x,1.8_2.0_2.2
35,3.4409090909090905,3.5418181818181815,19,0.4116666666666666,0.46444444444444444,63,0.0347696915268898,0.01007120031863451,0.5245652794837952,0.4317944645881653,6.089088439941406,x,1.8_2.0_2.2
35,3.4409090909090905,3.5418181818181815,20,0.46444444444444444,0.5172222222222222,27,0.0171631071716547,0.004566849209368229,0.5307610034942627,0.4872192442417145,5.136022567749023,x,1.8_2.0_2.2
35,3.4409090909090905,3.5418181818181815,21,0.5172222222222222,0.57,14,-0.002495846012607217,0.007737210486084223,0.5354751348495483,0.5421245098114014,4.527568340301514,x,1.8_2.0_2.2
36,3.5418181818181815,3.6427272727272726,2,-0.5186363636363636,-0.46727272727272723,5,0.02731652557849884,0.013155259191989899,-0.5362871885299683,-0.47453102469444275,4.547405242919922,x,1.8_2.0_2.2
36,3.5418181818181815,3.6427272727272726,3,-0.46727272727272723,-0.4159090909090909,80,-0.07703304290771484,0.1574367880821228,-0.1382146030664444,-0.43957704305648804,7.444174289703369,x,1.8_2.0_2.2
36,3.5418181818181815,3.6427272727272726,4,-0.4159090909090909,-0.3645454545454545,153,-0.05530381575226784,0.153171569108963,-0.07124491035938263,-0.38890907168388367,9.819846153259277,x,1.8_2.0_2.2
36,3.5418181818181815,3.6427272727272726,5,-0.3645454545454545,-0.3131818181818181,718,-0.03362066671252251,0.1345488578081131,-0.1808774471282959,-0.33834612369537354,7.356197834014893,x,1.8_2.0_2.2
36,3.5418181818181815,3.6427272727272726,6,-0.3131818181818181,-0.2618181818181818,753,-0.04244393855333328,0.15982244908809662,-0.11420412361621857,-0.2847886085510254,8.908303260803223,x,1.8_2.0_2.2
36,3.5418181818181815,3.6427272727272726,7,-0.2618181818181818,-0.21045454545454545,1336,-0.02726507931947708,0.21346044540405273,-0.07608406245708466,-0.2343468964099884,8.989513397216797,x,1.8_2.0_2.2
36,3.5418181818181815,3.6427272727272726,8,-0.21045454545454545,-0.15909090909090906,1306,-0.12850800156593323,0.3312070965766907,0.006883460562676191,-0.18650949001312256,8.213027000427246,x,1.8_2.0_2.2
36,3.5418181818181815,3.6427272727272726,9,-0.15909090909090906,-0.10772727272727267,856,-0.18638333678245544,0.47218793630599976,0.009587599895894527,-0.1354171335697174,8.892107009887695,x,1.8_2.0_2.2
36,3.5418181818181815,3.6427272727272726,10,-0.10772727272727267,-0.05636363636363628,723,-0.13332051038742065,0.7035735249519348,-0.022132055833935738,-0.08350353688001633,9.032910346984863,x,1.8_2.0_2.2
36,3.5418181818181815,3.6427272727272726,11,-0.05636363636363628,-0.0050000000000000044,527,-0.6067853569984436,2.672996759414673,0.10921766608953476,-0.03260284289717674,8.709043502807617,x,1.8_2.0_2.2
36,3.5418181818181815,3.6427272727272726,13,0.095,0.14777777777777779,534,0.12693901360034943,0.27800843119621277,0.22562184929847717,0.1172010600566864,6.813250541687012,x,1.8_2.0_2.2
36,3.5418181818181815,3.6427272727272726,14,0.14777777777777779,0.20055555555555554,379,0.15561263263225555,0.12603256106376648,0.34773531556129456,0.17261654138565063,7.176262855529785,x,1.8_2.0_2.2
36,3.5418181818181815,3.6427272727272726,15,0.20055555555555554,0.2533333333333333,723,0.05639003962278366,0.06438495963811874,0.31095272302627563,0.2314002513885498,5.9799041748046875,x,1.8_2.0_2.2
36,3.5418181818181815,3.6427272727272726,16,0.2533333333333333,0.3061111111111111,725,0.03532929718494415,0.045387376099824905,0.3266083002090454,0.2741372585296631,5.671381950378418,x,1.8_2.0_2.2
36,3.5418181818181815,3.6427272727272726,17,0.3061111111111111,0.3588888888888889,329,0.043144192546606064,0.04787950590252876,0.4334888756275177,0.3319135010242462,7.114302158355713,x,1.8_2.0_2.2
36,3.5418181818181815,3.6427272727272726,18,0.3588888888888889,0.4116666666666666,152,0.04512670263648033,0.013705998659133911,0.50510573387146,0.3823696970939636,6.983503818511963,x,1.8_2.0_2.2
36,3.5418181818181815,3.6427272727272726,19,0.4116666666666666,0.46444444444444444,61,0.034620292484760284,0.010195101611316204,0.5258091688156128,0.43198204040527344,6.175161361694336,x,1.8_2.0_2.2
36,3.5418181818181815,3.6427272727272726,20,0.46444444444444444,0.5172222222222222,26,0.01741907000541687,0.004529366735368967,0.5310332775115967,0.4866288900375366,5.199399948120117,x,1.8_2.0_2.2
36,3.5418181818181815,3.6427272727272726,21,0.5172222222222222,0.57,14,-0.002495846012607217,0.007737210486084223,0.5354751348495483,0.5421245098114014,4.527568340301514,x,1.8_2.0_2.2
37,3.6427272727272726,3.743636363636363,2,-0.5186363636363636,-0.46727272727272723,5,0.02731652557849884,0.013155259191989899,-0.5362871885299683,-0.47453102469444275,4.547405242919922,x,1.8_2.0_2.2
37,3.6427272727272726,3.743636363636363,3,-0.46727272727272723,-0.4159090909090909,80,-0.07703304290771484,0.1574367880821228,-0.1382146030664444,-0.43957704305648804,7.444174289703369,x,1.8_2.0_2.2
37,3.6427272727272726,3.743636363636363,4,-0.4159090909090909,-0.3645454545454545,150,-0.05542250722646713,0.14929798245429993,-0.06982654333114624,-0.38903531432151794,9.944598197937012,x,1.8_2.0_2.2
37,3.6427272727272726,3.743636363636363,5,-0.3645454545454545,-0.3131818181818181,687,-0.0360984206199646,0.13417693972587585,-0.17457152903079987,-0.33827823400497437,7.525693416595459,x,1.8_2.0_2.2
37,3.6427272727272726,3.743636363636363,6,-0.3131818181818181,-0.2618181818181818,728,-0.044368062168359756,0.1571483016014099,-0.10932578891515732,-0.2848450839519501,9.090784072875977,x,1.8_2.0_2.2
37,3.6427272727272726,3.743636363636363,7,-0.2618181818181818,-0.21045454545454545,1304,-0.03190459683537483,0.21356900036334991,-0.06976115703582764,-0.23447376489639282,9.121858596801758,x,1.8_2.0_2.2
37,3.6427272727272726,3.743636363636363,8,-0.21045454545454545,-0.15909090909090906,1262,-0.1320556253194809,0.3245452046394348,0.011841092258691788,-0.18664367496967316,8.374003410339355,x,1.8_2.0_2.2
37,3.6427272727272726,3.743636363636363,9,-0.15909090909090906,-0.10772727272727267,804,-0.20228904485702515,0.45903849601745605,0.018073903396725655,-0.13561472296714783,9.234906196594238,x,1.8_2.0_2.2
37,3.6427272727272726,3.743636363636363,10,-0.10772727272727267,-0.05636363636363628,703,-0.13014966249465942,0.6949202418327332,-0.023658795282244682,-0.08358786255121231,9.1876859664917,x,1.8_2.0_2.2
37,3.6427272727272726,3.743636363636363,11,-0.05636363636363628,-0.0050000000000000044,513,-0.6191423535346985,2.6036922931671143,0.11165838688611984,-0.03247200697660446,8.848855972290039,x,1.8_2.0_2.2
37,3.6427272727272726,3.743636363636363,13,0.095,0.14777777777777779,505,0.12715210020542145,0.2745077311992645,0.22709794342517853,0.11701922863721848,6.998212814331055,x,1.8_2.0_2.2
37,3.6427272727272726,3.743636363636363,14,0.14777777777777779,0.20055555555555554,366,0.15378333628177643,0.12544997036457062,0.349737286567688,0.17290914058685303,7.303062438964844,x,1.8_2.0_2.2
37,3.6427272727272726,3.743636363636363,15,0.20055555555555554,0.2533333333333333,695,0.056128934025764465,0.06334476917982101,0.3119881749153137,0.23143324255943298,6.076172351837158,x,1.8_2.0_2.2
37,3.6427272727272726,3.743636363636363,16,0.2533333333333333,0.3061111111111111,690,0.034923385828733444,0.045127686113119125,0.3267630338668823,0.2737211287021637,5.77748966217041,x,1.8_2.0_2.2
37,3.6427272727272726,3.743636363636363,17,0.3061111111111111,0.3588888888888889,324,0.04243764653801918,0.04740224406123161,0.43346893787384033,0.33190491795539856,7.168624401092529,x,1.8_2.0_2.2
37,3.6427272727272726,3.743636363636363,18,0.3588888888888889,0.4116666666666666,149,0.045095376670360565,0.013384521007537842,0.5059092044830322,0.38233980536460876,7.051296710968018,x,1.8_2.0_2.2
37,3.6427272727272726,3.743636363636363,19,0.4116666666666666,0.46444444444444444,60,0.034356508404016495,0.00996766984462738,0.5257104635238647,0.4317978620529175,6.2180657386779785,x,1.8_2.0_2.2
37,3.6427272727272726,3.743636363636363,20,0.46444444444444444,0.5172222222222222,26,0.01741907000541687,0.004529366735368967,0.5310332775115967,0.4866288900375366,5.199399948120117,x,1.8_2.0_2.2
37,3.6427272727272726,3.743636363636363,21,0.5172222222222222,0.57,12,-0.002138512209057808,0.008203846402466297,0.535287618637085,0.5417496562004089,4.679891586303711,x,1.8_2.0_2.2
38,3.743636363636363,3.8445454545454543,3,-0.46727272727272723,-0.4159090909090909,79,-0.07319111377000809,0.1519802212715149,-0.14468638598918915,-0.4393797814846039,7.4917988777160645,x,1.8_2.0_2.2
38,3.743636363636363,3.8445454545454543,4,-0.4159090909090909,-0.3645454545454545,148,-0.05369175970554352,0.1453125923871994,-0.0706578940153122,-0.3890227675437927,10.028986930847168,x,1.8_2.0_2.2
38,3.743636363636363,3.8445454545454543,5,-0.3645454545454545,-0.3131818181818181,665,-0.038543395698070526,0.13487784564495087,-0.1681147813796997,-0.338228702545166,7.652486801147461,x,1.8_2.0_2.2
38,3.743636363636363,3.8445454545454543,6,-0.3131818181818181,-0.2618181818181818,705,-0.04739408567547798,0.15688003599643707,-0.1027824804186821,-0.2847795784473419,9.267027854919434,x,1.8_2.0_2.2
38,3.743636363636363,3.8445454545454543,7,-0.2618181818181818,-0.21045454545454545,1271,-0.03579341247677803,0.21280120313167572,-0.06387662142515182,-0.2344052493572235,9.262941360473633,x,1.8_2.0_2.2
38,3.743636363636363,3.8445454545454543,8,-0.21045454545454545,-0.15909090909090906,1215,-0.13895702362060547,0.31901314854621887,0.01915992796421051,-0.18672478199005127,8.555106163024902,x,1.8_2.0_2.2
38,3.743636363636363,3.8445454545454543,9,-0.15909090909090906,-0.10772727272727267,757,-0.19692866504192352,0.4392366111278534,0.016296785324811935,-0.13560278713703156,9.579118728637695,x,1.8_2.0_2.2
38,3.743636363636363,3.8445454545454543,10,-0.10772727272727267,-0.05636363636363628,678,-0.1301153153181076,0.6869961023330688,-0.02373039349913597,-0.08360546827316284,9.390204429626465,x,1.8_2.0_2.2
38,3.743636363636363,3.8445454545454543,11,-0.05636363636363628,-0.0050000000000000044,494,-0.6350856423377991,2.5380513668060303,0.1151910275220871,-0.03247283399105072,9.047189712524414,x,1.8_2.0_2.2
38,3.743636363636363,3.8445454545454543,13,0.095,0.14777777777777779,481,0.11878478527069092,0.26922598481178284,0.22624324262142181,0.11696688085794449,7.162937164306641,x,1.8_2.0_2.2
38,3.743636363636363,3.8445454545454543,14,0.14777777777777779,0.20055555555555554,345,0.14890997111797333,0.12052013725042343,0.3503771424293518,0.17279052734375,7.523536682128906,x,1.8_2.0_2.2
38,3.743636363636363,3.8445454545454543,15,0.20055555555555554,0.2533333333333333,675,0.055549632757902145,0.0631314143538475,0.3122800290584564,0.23135638236999512,6.146549701690674,x,1.8_2.0_2.2
38,3.743636363636363,3.8445454545454543,16,0.2533333333333333,0.3061111111111111,667,0.03491271659731865,0.04476409777998924,0.32724636793136597,0.273489385843277,5.8493828773498535,x,1.8_2.0_2.2
38,3.743636363636363,3.8445454545454543,17,0.3061111111111111,0.3588888888888889,320,0.04210800677537918,0.046779192984104156,0.43355831503868103,0.33200669288635254,7.212338447570801,x,1.8_2.0_2.2
38,3.743636363636363,3.8445454545454543,18,0.3588888888888889,0.4116666666666666,147,0.04513004422187805,0.013464073650538921,0.5066420435905457,0.3822365701198578,7.096897125244141,x,1.8_2.0_2.2
38,3.743636363636363,3.8445454545454543,19,0.4116666666666666,0.46444444444444444,58,0.034197259694337845,0.008414949290454388,0.5257567763328552,0.43153730034828186,6.306552886962891,x,1.8_2.0_2.2
38,3.743636363636363,3.8445454545454543,20,0.46444444444444444,0.5172222222222222,26,0.01741907000541687,0.004529366735368967,0.5310332775115967,0.4866288900375366,5.199399948120117,x,1.8_2.0_2.2
38,3.743636363636363,3.8445454545454543,21,0.5172222222222222,0.57,12,-0.002138512209057808,0.008203846402466297,0.535287618637085,0.5417496562004089,4.679891586303711,x,1.8_2.0_2.2
39,3.8445454545454543,3.9454545454545453,3,-0.46727272727272723,-0.4159090909090909,78,-0.06970394402742386,0.14660333096981049,-0.15132980048656464,-0.4390556514263153,7.539333820343018,x,1.8_2.0_2.2
39,3.8445454545454543,3.9454545454545453,4,-0.4159090909090909,-0.3645454545454545,146,-0.05518306419253349,0.14538520574569702,-0.06540554761886597,-0.3891614079475403,10.114396095275879,x,1.8_2.0_2.2
39,3.8445454545454543,3.9454545454545453,5,-0.3645454545454545,-0.3131818181818181,643,-0.04000544548034668,0.13370148837566376,-0.1636715829372406,-0.3382384777069092,7.784791946411133,x,1.8_2.0_2.2
39,3.8445454545454543,3.9454545454545453,6,-0.3131818181818181,-0.2618181818181818,689,-0.04886547103524208,0.15463601052761078,-0.09924060851335526,-0.2848251163959503,9.393962860107422,x,1.8_2.0_2.2
39,3.8445454545454543,3.9454545454545453,7,-0.2618181818181818,-0.21045454545454545,1238,-0.04052430018782616,0.21338310837745667,-0.05696135014295578,-0.23443736135959625,9.40869426727295,x,1.8_2.0_2.2
39,3.8445454545454543,3.9454545454545453,8,-0.21045454545454545,-0.15909090909090906,1166,-0.14707408845424652,0.3135029971599579,0.027730271220207214,-0.18681399524211884,8.755197525024414,x,1.8_2.0_2.2
39,3.8445454545454543,3.9454545454545453,9,-0.15909090909090906,-0.10772727272727267,725,-0.2033022791147232,0.42969509959220886,0.020657019689679146,-0.13563857972621918,9.834269523620605,x,1.8_2.0_2.2
39,3.8445454545454543,3.9454545454545453,10,-0.10772727272727267,-0.05636363636363628,661,-0.12937748432159424,0.6795327067375183,-0.024816451594233513,-0.08368176966905594,9.533926010131836,x,1.8_2.0_2.2
39,3.8445454545454543,3.9454545454545453,11,-0.05636363636363628,-0.0050000000000000044,482,-0.6477281451225281,2.552844762802124,0.11811383068561554,-0.032256461679935455,9.178115844726562,x,1.8_2.0_2.2
39,3.8445454545454543,3.9454545454545453,13,0.095,0.14777777777777779,452,0.12046898901462555,0.267645925283432,0.22942595183849335,0.11663109064102173,7.37910270690918,x,1.8_2.0_2.2
39,3.8445454545454543,3.9454545454545453,14,0.14777777777777779,0.20055555555555554,327,0.14862239360809326,0.12099792063236237,0.3545815646648407,0.17266632616519928,7.729018211364746,x,1.8_2.0_2.2
39,3.8445454545454543,3.9454545454545453,15,0.20055555555555554,0.2533333333333333,656,0.054860543459653854,0.06297055631875992,0.3125362992286682,0.23126192390918732,6.214822769165039,x,1.8_2.0_2.2
39,3.8445454545454543,3.9454545454545453,16,0.2533333333333333,0.3061111111111111,636,0.03507500886917114,0.044442180544137955,0.3282105028629303,0.2732463479042053,5.949735641479492,x,1.8_2.0_2.2
39,3.8445454545454543,3.9454545454545453,17,0.3061111111111111,0.3588888888888889,308,0.04109770432114601,0.04543152078986168,0.43411388993263245,0.33205437660217285,7.345536708831787,x,1.8_2.0_2.2
39,3.8445454545454543,3.9454545454545453,18,0.3588888888888889,0.4116666666666666,143,0.04515514522790909,0.013636879622936249,0.5081188678741455,0.38206711411476135,7.189255237579346,x,1.8_2.0_2.2
39,3.8445454545454543,3.9454545454545453,19,0.4116666666666666,0.46444444444444444,55,0.034064047038555145,0.008607578463852406,0.5277209281921387,0.43159592151641846,6.442111492156982,x,1.8_2.0_2.2
39,3.8445454545454543,3.9454545454545453,20,0.46444444444444444,0.5172222222222222,26,0.01741907000541687,0.004529366735368967,0.5310332775115967,0.4866288900375366,5.199399948120117,x,1.8_2.0_2.2
39,3.8445454545454543,3.9454545454545453,21,0.5172222222222222,0.57,11,-0.001139495288953185,0.007108847610652447,0.5362239480018616,0.5397861003875732,4.763728618621826,x,1.8_2.0_2.2
40,3.9454545454545453,4.046363636363636,3,-0.46727272727272723,-0.4159090909090909,78,-0.06970394402742386,0.14660333096981049,-0.15132980048656464,-0.4390556514263153,7.539333820343018,x,1.8_2.0_2.2
40,3.9454545454545453,4.046363636363636,4,-0.4159090909090909,-0.3645454545454545,145,-0.05329729616641998,0.14111852645874023,-0.06840857118368149,-0.38930633664131165,10.157613754272461,x,1.8_2.0_2.2
40,3.9454545454545453,4.046363636363636,5,-0.3645454545454545,-0.3131818181818181,605,-0.04162973165512085,0.13039837777614594,-0.15736567974090576,-0.3380550146102905,8.029436111450195,x,1.8_2.0_2.2
40,3.9454545454545453,4.046363636363636,6,-0.3131818181818181,-0.2618181818181818,668,-0.05076679214835167,0.15244975686073303,-0.09464674443006516,-0.2847853899002075,9.566909790039062,x,1.8_2.0_2.2
40,3.9454545454545453,4.046363636363636,7,-0.2618181818181818,-0.21045454545454545,1202,-0.04509895667433739,0.2128775417804718,-0.04981999099254608,-0.23440119624137878,9.573689460754395,x,1.8_2.0_2.2
40,3.9454545454545453,4.046363636363636,8,-0.21045454545454545,-0.15909090909090906,1115,-0.1526719033718109,0.30685773491859436,0.0352068766951561,-0.1868569552898407,8.977679252624512,x,1.8_2.0_2.2
40,3.9454545454545453,4.046363636363636,9,-0.15909090909090906,-0.10772727272727267,692,-0.19832991063594818,0.4163437485694885,0.018646176904439926,-0.13545437157154083,10.117226600646973,x,1.8_2.0_2.2
40,3.9454545454545453,4.046363636363636,10,-0.10772727272727267,-0.05636363636363628,642,-0.13346344232559204,0.6725656986236572,-0.022823737934231758,-0.08370018750429153,9.700678825378418,x,1.8_2.0_2.2
40,3.9454545454545453,4.046363636363636,11,-0.05636363636363628,-0.0050000000000000044,469,-0.6703478693962097,2.5477657318115234,0.12148725986480713,-0.03229512646794319,9.32496166229248,x,1.8_2.0_2.2
40,3.9454545454545453,4.046363636363636,13,0.095,0.14777777777777779,411,0.10724744200706482,0.2636270821094513,0.22983258962631226,0.1166432797908783,7.726070880889893,x,1.8_2.0_2.2
40,3.9454545454545453,4.046363636363636,14,0.14777777777777779,0.20055555555555554,311,0.14744682610034943,0.1190839558839798,0.3575468361377716,0.17259815335273743,7.926510334014893,x,1.8_2.0_2.2
40,3.9454545454545453,4.046363636363636,15,0.20055555555555554,0.2533333333333333,638,0.05515290051698685,0.06265560537576675,0.3136610686779022,0.23130260407924652,6.2802839279174805,x,1.8_2.0_2.2
40,3.9454545454545453,4.046363636363636,16,0.2533333333333333,0.3061111111111111,607,0.03489578142762184,0.04386362060904503,0.32883405685424805,0.2731364071369171,6.048602104187012,x,1.8_2.0_2.2
40,3.9454545454545453,4.046363636363636,17,0.3061111111111111,0.3588888888888889,298,0.04168212413787842,0.04498765617609024,0.4362272620201111,0.33217743039131165,7.461709022521973,x,1.8_2.0_2.2
40,3.9454545454545453,4.046363636363636,18,0.3588888888888889,0.4116666666666666,140,0.04532937332987785,0.01376691460609436,0.5093197226524353,0.3819683790206909,7.2600226402282715,x,1.8_2.0_2.2
40,3.9454545454545453,4.046363636363636,19,0.4116666666666666,0.46444444444444444,55,0.034064047038555145,0.008607578463852406,0.5277209281921387,0.43159592151641846,6.442111492156982,x,1.8_2.0_2.2
40,3.9454545454545453,4.046363636363636,20,0.46444444444444444,0.5172222222222222,24,0.017203062772750854,0.004635277204215527,0.5319892168045044,0.4869037866592407,5.30943489074707,x,1.8_2.0_2.2
40,3.9454545454545453,4.046363636363636,21,0.5172222222222222,0.57,11,-0.001139495288953185,0.007108847610652447,0.5362239480018616,0.5397861003875732,4.763728618621826,x,1.8_2.0_2.2
41,4.046363636363636,4.1472727272727266,3,-0.46727272727272723,-0.4159090909090909,77,-0.07086685299873352,0.1471879780292511,-0.14724430441856384,-0.4387362003326416,7.585932731628418,x,1.8_2.0_2.2
41,4.046363636363636,4.1472727272727266,4,-0.4159090909090909,-0.3645454545454545,145,-0.05329729616641998,0.14111852645874023,-0.06840857118368149,-0.38930633664131165,10.157613754272461,x,1.8_2.0_2.2
41,4.046363636363636,4.1472727272727266,5,-0.3645454545454545,-0.3131818181818181,582,-0.04472358152270317,0.13171018660068512,-0.14931806921958923,-0.33791935443878174,8.188740730285645,x,1.8_2.0_2.2
41,4.046363636363636,4.1472727272727266,6,-0.3131818181818181,-0.2618181818181818,652,-0.05205772817134857,0.14911340177059174,-0.09126788377761841,-0.2848105728626251,9.703568458557129,x,1.8_2.0_2.2
41,4.046363636363636,4.1472727272727266,7,-0.2618181818181818,-0.21045454545454545,1159,-0.04966142773628235,0.2116655856370926,-0.042086802423000336,-0.23445391654968262,9.780553817749023,x,1.8_2.0_2.2
41,4.046363636363636,4.1472727272727266,8,-0.21045454545454545,-0.15909090909090906,1057,-0.164560928940773,0.30016428232192993,0.04839808866381645,-0.18686294555664062,9.250846862792969,x,1.8_2.0_2.2
41,4.046363636363636,4.1472727272727266,9,-0.15909090909090906,-0.10772727272727267,649,-0.19311733543872833,0.4036101996898651,0.017706191167235374,-0.13528820872306824,10.52245807647705,x,1.8_2.0_2.2
41,4.046363636363636,4.1472727272727266,10,-0.10772727272727267,-0.05636363636363628,612,-0.1349041908979416,0.6609072089195251,-0.022908790037035942,-0.08371923863887787,9.980585098266602,x,1.8_2.0_2.2
41,4.046363636363636,4.1472727272727266,11,-0.05636363636363628,-0.0050000000000000044,455,-0.7146667242050171,2.558069944381714,0.127790629863739,-0.032193876802921295,9.488710403442383,x,1.8_2.0_2.2
41,4.046363636363636,4.1472727272727266,13,0.095,0.14777777777777779,392,0.10017849504947662,0.25801166892051697,0.22969284653663635,0.11669045686721802,7.907498836517334,x,1.8_2.0_2.2
41,4.046363636363636,4.1472727272727266,14,0.14777777777777779,0.20055555555555554,295,0.14412547647953033,0.11732948571443558,0.35920119285583496,0.1723019927740097,8.139690399169922,x,1.8_2.0_2.2
41,4.046363636363636,4.1472727272727266,15,0.20055555555555554,0.2533333333333333,611,0.054328761994838715,0.061255406588315964,0.31399309635162354,0.2313048094511032,6.3810601234436035,x,1.8_2.0_2.2
41,4.046363636363636,4.1472727272727266,16,0.2533333333333333,0.3061111111111111,578,0.03388327360153198,0.043711353093385696,0.32911983132362366,0.2733108401298523,6.151732444763184,x,1.8_2.0_2.2
41,4.046363636363636,4.1472727272727266,17,0.3061111111111111,0.3588888888888889,293,0.040604595094919205,0.044241562485694885,0.43541479110717773,0.3319765627384186,7.520894527435303,x,1.8_2.0_2.2
41,4.046363636363636,4.1472727272727266,18,0.3588888888888889,0.4116666666666666,134,0.045199647545814514,0.013488367199897766,0.5114310383796692,0.3819611966609955,7.405216217041016,x,1.8_2.0_2.2
41,4.046363636363636,4.1472727272727266,19,0.4116666666666666,0.46444444444444444,53,0.03391176089644432,0.008001803420484066,0.528039276599884,0.4312775731086731,6.535689830780029,x,1.8_2.0_2.2
41,4.046363636363636,4.1472727272727266,20,0.46444444444444444,0.5172222222222222,21,0.017482608556747437,0.004273717757314444,0.533379852771759,0.4864908754825592,5.494216442108154,x,1.8_2.0_2.2
41,4.046363636363636,4.1472727272727266,21,0.5172222222222222,0.57,10,-0.0018659669440239668,0.007164590060710907,0.5358051061630249,0.540708065032959,4.842936038970947,x,1.8_2.0_2.2
42,4.1472727272727266,4.248181818181818,3,-0.46727272727272723,-0.4159090909090909,77,-0.07086685299873352,0.1471879780292511,-0.14724430441856384,-0.4387362003326416,7.585932731628418,x,1.8_2.0_2.2
42,4.1472727272727266,4.248181818181818,4,-0.4159090909090909,-0.3645454545454545,144,-0.05429022014141083,0.14107272028923035,-0.06534642726182938,-0.389288067817688,10.199606895446777,x,1.8_2.0_2.2
42,4.1472727272727266,4.248181818181818,5,-0.3645454545454545,-0.3131818181818181,553,-0.04879433289170265,0.13190506398677826,-0.13834553956985474,-0.3376295566558838,8.403326988220215,x,1.8_2.0_2.2
42,4.1472727272727266,4.248181818181818,6,-0.3131818181818181,-0.2618181818181818,629,-0.05426865071058273,0.14797081053256989,-0.08596321195363998,-0.2847411334514618,9.908844947814941,x,1.8_2.0_2.2
42,4.1472727272727266,4.248181818181818,7,-0.2618181818181818,-0.21045454545454545,1119,-0.05448988080024719,0.21049760282039642,-0.033786170184612274,-0.23447361588478088,9.983530044555664,x,1.8_2.0_2.2
42,4.1472727272727266,4.248181818181818,8,-0.21045454545454545,-0.15909090909090906,1012,-0.17073598504066467,0.2935774326324463,0.05661492794752121,-0.18694229423999786,9.480287551879883,x,1.8_2.0_2.2
42,4.1472727272727266,4.248181818181818,9,-0.15909090909090906,-0.10772727272727267,616,-0.183236226439476,0.39002153277397156,0.014724028296768665,-0.13514789938926697,10.866168022155762,x,1.8_2.0_2.2
42,4.1472727272727266,4.248181818181818,10,-0.10772727272727267,-0.05636363636363628,582,-0.1287032514810562,0.6475403904914856,-0.026060422882437706,-0.0837780237197876,10.283825874328613,x,1.8_2.0_2.2
42,4.1472727272727266,4.248181818181818,11,-0.05636363636363628,-0.0050000000000000044,442,-0.7231308221817017,2.533247470855713,0.1305963397026062,-0.03220576420426369,9.647286415100098,x,1.8_2.0_2.2
42,4.1472727272727266,4.248181818181818,13,0.095,0.14777777777777779,380,0.09595711529254913,0.2534469664096832,0.22910119593143463,0.11651865392923355,8.02763843536377,x,1.8_2.0_2.2
42,4.1472727272727266,4.248181818181818,14,0.14777777777777779,0.20055555555555554,284,0.1400681734085083,0.11036130785942078,0.3583752512931824,0.17212823033332825,8.296408653259277,x,1.8_2.0_2.2
42,4.1472727272727266,4.248181818181818,15,0.20055555555555554,0.2533333333333333,594,0.053595490753650665,0.06007722020149231,0.3140183687210083,0.23141252994537354,6.446593761444092,x,1.8_2.0_2.2
42,4.1472727272727266,4.248181818181818,16,0.2533333333333333,0.3061111111111111,550,0.03364105150103569,0.04323166236281395,0.32978546619415283,0.2731534540653229,6.257256984710693,x,1.8_2.0_2.2
42,4.1472727272727266,4.248181818181818,17,0.3061111111111111,0.3588888888888889,288,0.04032270237803459,0.04327254742383957,0.43525707721710205,0.3319680094718933,7.580252647399902,x,1.8_2.0_2.2
42,4.1472727272727266,4.248181818181818,18,0.3588888888888889,0.4116666666666666,133,0.04498793184757233,0.012659179978072643,0.5112511515617371,0.38200250267982483,7.430065631866455,x,1.8_2.0_2.2
42,4.1472727272727266,4.248181818181818,19,0.4116666666666666,0.46444444444444444,53,0.03391176089644432,0.008001803420484066,0.528039276599884,0.4312775731086731,6.535689830780029,x,1.8_2.0_2.2
42,4.1472727272727266,4.248181818181818,20,0.46444444444444444,0.5172222222222222,20,0.01773110032081604,0.004280216991901398,0.5333966016769409,0.4855726361274719,5.562239646911621,x,1.8_2.0_2.2
42,4.1472727272727266,4.248181818181818,21,0.5172222222222222,0.57,9,-0.001966533251106739,0.007524276152253151,0.5361983776092529,0.540661096572876,4.927792549133301,x,1.8_2.0_2.2
43,4.248181818181818,4.349090909090909,3,-0.46727272727272723,-0.4159090909090909,77,-0.07086685299873352,0.1471879780292511,-0.14724430441856384,-0.4387362003326416,7.585932731628418,x,1.8_2.0_2.2
43,4.248181818181818,4.349090909090909,4,-0.4159090909090909,-0.3645454545454545,144,-0.05429022014141083,0.14107272028923035,-0.06534642726182938,-0.389288067817688,10.199606895446777,x,1.8_2.0_2.2
43,4.248181818181818,4.349090909090909,5,-0.3645454545454545,-0.3131818181818181,527,-0.05308838561177254,0.13306792080402374,-0.12728466093540192,-0.3373461067676544,8.610733032226562,x,1.8_2.0_2.2
43,4.248181818181818,4.349090909090909,6,-0.3131818181818181,-0.2618181818181818,613,-0.05609595775604248,0.14798718690872192,-0.08099834620952606,-0.28464463353157043,10.057914733886719,x,1.8_2.0_2.2
43,4.248181818181818,4.349090909090909,7,-0.2618181818181818,-0.21045454545454545,1082,-0.060195259749889374,0.20925304293632507,-0.024585969746112823,-0.23458662629127502,10.181438446044922,x,1.8_2.0_2.2
43,4.248181818181818,4.349090909090909,8,-0.21045454545454545,-0.15909090909090906,971,-0.17459015548229218,0.28795504570007324,0.06296223402023315,-0.18697614967823029,9.703656196594238,x,1.8_2.0_2.2
43,4.248181818181818,4.349090909090909,9,-0.15909090909090906,-0.10772727272727267,585,-0.1690453588962555,0.3789317011833191,0.008997144177556038,-0.13502977788448334,11.219594955444336,x,1.8_2.0_2.2
43,4.248181818181818,4.349090909090909,10,-0.10772727272727267,-0.05636363636363628,564,-0.13027618825435638,0.6389254331588745,-0.02613879181444645,-0.08401160687208176,10.47792911529541,x,1.8_2.0_2.2
43,4.248181818181818,4.349090909090909,11,-0.05636363636363628,-0.0050000000000000044,429,-0.7517688870429993,2.5402543544769287,0.13572846353054047,-0.03215981274843216,9.81224250793457,x,1.8_2.0_2.2
43,4.248181818181818,4.349090909090909,13,0.095,0.14777777777777779,374,0.10004834085702896,0.2523801326751709,0.23179660737514496,0.11646129935979843,8.089075088500977,x,1.8_2.0_2.2
43,4.248181818181818,4.349090909090909,14,0.14777777777777779,0.20055555555555554,270,0.13807421922683716,0.10905192047357559,0.3612578213214874,0.17191055417060852,8.509199142456055,x,1.8_2.0_2.2
43,4.248181818181818,4.349090909090909,15,0.20055555555555554,0.2533333333333333,571,0.05352669209241867,0.05909544229507446,0.31473034620285034,0.2314666360616684,6.536905765533447,x,1.8_2.0_2.2
43,4.248181818181818,4.349090909090909,16,0.2533333333333333,0.3061111111111111,530,0.03314122185111046,0.042916569858789444,0.32969653606414795,0.27293017506599426,6.3344645500183105,x,1.8_2.0_2.2
43,4.248181818181818,4.349090909090909,17,0.3061111111111111,0.3588888888888889,280,0.03981181979179382,0.04199899733066559,0.435087651014328,0.3319918215274811,7.677025318145752,x,1.8_2.0_2.2
43,4.248181818181818,4.349090909090909,18,0.3588888888888889,0.4116666666666666,127,0.04476289078593254,0.012094847857952118,0.5128186345100403,0.38179346919059753,7.582155704498291,x,1.8_2.0_2.2
43,4.248181818181818,4.349090909090909,19,0.4116666666666666,0.46444444444444444,52,0.03377533704042435,0.0080542778596282,0.5288039445877075,0.4315175712108612,6.58033561706543,x,1.8_2.0_2.2
43,4.248181818181818,4.349090909090909,20,0.46444444444444444,0.5172222222222222,20,0.01773110032081604,0.004280216991901398,0.5333966016769409,0.4855726361274719,5.562239646911621,x,1.8_2.0_2.2
43,4.248181818181818,4.349090909090909,21,0.5172222222222222,0.57,9,-0.001966533251106739,0.007524276152253151,0.5361983776092529,0.540661096572876,4.927792549133301,x,1.8_2.0_2.2
44,4.349090909090909,4.449999999999999,3,-0.46727272727272723,-0.4159090909090909,75,-0.06838039308786392,0.1438741683959961,-0.1501515805721283,-0.4380975365638733,7.673645973205566,x,1.8_2.0_2.2
44,4.349090909090909,4.449999999999999,4,-0.4159090909090909,-0.3645454545454545,138,-0.06093067303299904,0.14152763783931732,-0.0467141754925251,-0.38865312933921814,10.456036567687988,x,1.8_2.0_2.2
44,4.349090909090909,4.449999999999999,5,-0.3645454545454545,-0.3131818181818181,499,-0.05603661388158798,0.1323958784341812,-0.11781216412782669,-0.337240606546402,8.852505683898926,x,1.8_2.0_2.2
44,4.349090909090909,4.449999999999999,6,-0.3131818181818181,-0.2618181818181818,598,-0.057410579174757004,0.14691434800624847,-0.07759978622198105,-0.28454095125198364,10.202378273010254,x,1.8_2.0_2.2
44,4.349090909090909,4.449999999999999,7,-0.2618181818181818,-0.21045454545454545,1050,-0.06610378623008728,0.2086414247751236,-0.015924690291285515,-0.23475642502307892,10.361011505126953,x,1.8_2.0_2.2
44,4.349090909090909,4.449999999999999,8,-0.21045454545454545,-0.15909090909090906,922,-0.17743425071239471,0.28097984194755554,0.0695628821849823,-0.18705548346042633,9.990550994873047,x,1.8_2.0_2.2
44,4.349090909090909,4.449999999999999,9,-0.15909090909090906,-0.10772727272727267,561,-0.16337981820106506,0.3724342882633209,0.00764524145051837,-0.13477560877799988,11.51578140258789,x,1.8_2.0_2.2
44,4.349090909090909,4.449999999999999,10,-0.10772727272727267,-0.05636363636363628,542,-0.1396353393793106,0.6348920464515686,-0.0234150979667902,-0.08412368595600128,10.728875160217285,x,1.8_2.0_2.2
44,4.349090909090909,4.449999999999999,11,-0.05636363636363628,-0.0050000000000000044,409,-0.7946469187736511,2.543212890625,0.14289116859436035,-0.03212966397404671,10.081727981567383,x,1.8_2.0_2.2
44,4.349090909090909,4.449999999999999,13,0.095,0.14777777777777779,365,0.09777210652828217,0.24572190642356873,0.23162370920181274,0.11652339994907379,8.182827949523926,x,1.8_2.0_2.2
44,4.349090909090909,4.449999999999999,14,0.14777777777777779,0.20055555555555554,260,0.13593822717666626,0.10650939494371414,0.36255085468292236,0.1717447191476822,8.671051979064941,x,1.8_2.0_2.2
44,4.349090909090909,4.449999999999999,15,0.20055555555555554,0.2533333333333333,554,0.052142854779958725,0.0583847239613533,0.31382986903190613,0.2312726527452469,6.6057586669921875,x,1.8_2.0_2.2
44,4.349090909090909,4.449999999999999,16,0.2533333333333333,0.3061111111111111,503,0.032804183661937714,0.042506493628025055,0.3303582966327667,0.2730121314525604,6.443332672119141,x,1.8_2.0_2.2
44,4.349090909090909,4.449999999999999,17,0.3061111111111111,0.3588888888888889,276,0.03912614658474922,0.04096003994345665,0.43403783440589905,0.3319193422794342,7.72616720199585,x,1.8_2.0_2.2
44,4.349090909090909,4.449999999999999,18,0.3588888888888889,0.4116666666666666,123,0.04478546604514122,0.01227894052863121,0.5147817730903625,0.381840318441391,7.68933629989624,x,1.8_2.0_2.2
44,4.349090909090909,4.449999999999999,19,0.4116666666666666,0.46444444444444444,50,0.03396230190992355,0.008154874667525291,0.5299481749534607,0.4311569929122925,6.671633720397949,x,1.8_2.0_2.2
44,4.349090909090909,4.449999999999999,20,0.46444444444444444,0.5172222222222222,20,0.01773110032081604,0.004280216991901398,0.5333966016769409,0.4855726361274719,5.562239646911621,x,1.8_2.0_2.2
44,4.349090909090909,4.449999999999999,21,0.5172222222222222,0.57,8,-0.0003237526398152113,0.006277183070778847,0.5376101732254028,0.5381260514259338,5.012258529663086,x,1.8_2.0_2.2
45,4.449999999999999,4.550909090909091,3,-0.46727272727272723,-0.4159090909090909,73,-0.06100607290863991,0.1348225325345993,-0.1644740253686905,-0.43788453936576843,7.763643264770508,x,1.8_2.0_2.2
45,4.449999999999999,4.550909090909091,4,-0.4159090909090909,-0.3645454545454545,129,-0.06553901731967926,0.13576862215995789,-0.028970880433917046,-0.38809895515441895,10.877626419067383,x,1.8_2.0_2.2
45,4.449999999999999,4.550909090909091,5,-0.3645454545454545,-0.3131818181818181,479,-0.05802180618047714,0.1318703144788742,-0.11065250635147095,-0.33702996373176575,9.038311958312988,x,1.8_2.0_2.2
45,4.449999999999999,4.550909090909091,6,-0.3131818181818181,-0.2618181818181818,579,-0.058626677840948105,0.14544932544231415,-0.07341299206018448,-0.2844134569168091,10.392585754394531,x,1.8_2.0_2.2
45,4.449999999999999,4.550909090909091,7,-0.2618181818181818,-0.21045454545454545,1027,-0.06771138310432434,0.20798879861831665,-0.01149691827595234,-0.23480285704135895,10.494682312011719,x,1.8_2.0_2.2
45,4.449999999999999,4.550909090909091,8,-0.21045454545454545,-0.15909090909090906,884,-0.1775720864534378,0.2744838297367096,0.0735137015581131,-0.18721435964107513,10.231094360351562,x,1.8_2.0_2.2
45,4.449999999999999,4.550909090909091,9,-0.15909090909090906,-0.10772727272727267,530,-0.14599815011024475,0.36426210403442383,-0.00025028371601365507,-0.1344040334224701,11.931931495666504,x,1.8_2.0_2.2
45,4.449999999999999,4.550909090909091,10,-0.10772727272727267,-0.05636363636363628,520,-0.15379856526851654,0.6248266696929932,-0.019069459289312363,-0.08435774594545364,10.99608325958252,x,1.8_2.0_2.2
45,4.449999999999999,4.550909090909091,11,-0.05636363636363628,-0.0050000000000000044,384,-0.9178473949432373,2.58497953414917,0.16122840344905853,-0.0317995585501194,10.451748847961426,x,1.8_2.0_2.2
45,4.449999999999999,4.550909090909091,13,0.095,0.14777777777777779,350,0.09718795865774155,0.24323704838752747,0.23395167291164398,0.1164320781826973,8.344944953918457,x,1.8_2.0_2.2
45,4.449999999999999,4.550909090909091,14,0.14777777777777779,0.20055555555555554,248,0.13174284994602203,0.10546867549419403,0.3635207712650299,0.1717800348997116,8.877486228942871,x,1.8_2.0_2.2
45,4.449999999999999,4.550909090909091,15,0.20055555555555554,0.2533333333333333,531,0.0503351204097271,0.05554583668708801,0.3128528892993927,0.23147322237491608,6.701279640197754,x,1.8_2.0_2.2
45,4.449999999999999,4.550909090909091,16,0.2533333333333333,0.3061111111111111,478,0.03203491494059563,0.04240097850561142,0.3304445147514343,0.2728923261165619,6.549960136413574,x,1.8_2.0_2.2
45,4.449999999999999,4.550909090909091,17,0.3061111111111111,0.3588888888888889,271,0.03840593248605728,0.040272969752550125,0.4331187605857849,0.3317286968231201,7.787239074707031,x,1.8_2.0_2.2
45,4.449999999999999,4.550909090909091,18,0.3588888888888889,0.4116666666666666,122,0.0447726808488369,0.012328826822340488,0.5154621601104736,0.38202497363090515,7.716440677642822,x,1.8_2.0_2.2
45,4.449999999999999,4.550909090909091,19,0.4116666666666666,0.46444444444444444,48,0.03375585004687309,0.006948736030608416,0.5302932262420654,0.431225061416626,6.766551971435547,x,1.8_2.0_2.2
45,4.449999999999999,4.550909090909091,20,0.46444444444444444,0.5172222222222222,20,0.01773110032081604,0.004280216991901398,0.5333966016769409,0.4855726361274719,5.562239646911621,x,1.8_2.0_2.2
45,4.449999999999999,4.550909090909091,21,0.5172222222222222,0.57,7,-0.0015587942907586694,0.0057296957820653915,0.5372496843338013,0.5405665636062622,5.099300861358643,x,1.8_2.0_2.2
46,4.550909090909091,4.651818181818181,3,-0.46727272727272723,-0.4159090909090909,73,-0.06100607290863991,0.1348225325345993,-0.1644740253686905,-0.43788453936576843,7.763643264770508,x,1.8_2.0_2.2
46,4.550909090909091,4.651818181818181,4,-0.4159090909090909,-0.3645454545454545,125,-0.07003039121627808,0.13544997572898865,-0.013939127326011658,-0.38795650005340576,11.08114242553711,x,1.8_2.0_2.2
46,4.550909090909091,4.651818181818181,5,-0.3645454545454545,-0.3131818181818181,460,-0.06007618457078934,0.13104064762592316,-0.10441997647285461,-0.33693596720695496,9.226133346557617,x,1.8_2.0_2.2
46,4.550909090909091,4.651818181818181,6,-0.3131818181818181,-0.2618181818181818,564,-0.06163772568106651,0.14489516615867615,-0.06727951765060425,-0.2844770848751068,10.54941463470459,x,1.8_2.0_2.2
46,4.550909090909091,4.651818181818181,7,-0.2618181818181818,-0.21045454545454545,998,-0.07115326821804047,0.20708203315734863,-0.004873149562627077,-0.23493947088718414,10.669015884399414,x,1.8_2.0_2.2
46,4.550909090909091,4.651818181818181,8,-0.21045454545454545,-0.15909090909090906,853,-0.17810574173927307,0.27080339193344116,0.0773548036813736,-0.1872349977493286,10.439661026000977,x,1.8_2.0_2.2
46,4.550909090909091,4.651818181818181,9,-0.15909090909090906,-0.10772727272727267,499,-0.12717917561531067,0.3547470271587372,-0.008457042276859283,-0.13393272459506989,12.39326000213623,x,1.8_2.0_2.2
46,4.550909090909091,4.651818181818181,10,-0.10772727272727267,-0.05636363636363628,494,-0.17419205605983734,0.6043201684951782,-0.011880326084792614,-0.08471187204122543,11.338275909423828,x,1.8_2.0_2.2
46,4.550909090909091,4.651818181818181,11,-0.05636363636363628,-0.0050000000000000044,366,-0.972509503364563,2.5236427783966064,0.1679576337337494,-0.03223530948162079,10.744194984436035,x,1.8_2.0_2.2
46,4.550909090909091,4.651818181818181,13,0.095,0.14777777777777779,336,0.09106626361608505,0.23795220255851746,0.2330310046672821,0.11636762320995331,8.504849433898926,x,1.8_2.0_2.2
46,4.550909090909091,4.651818181818181,14,0.14777777777777779,0.20055555555555554,241,0.1284685879945755,0.10064063966274261,0.36253273487091064,0.1716514229774475,9.004293441772461,x,1.8_2.0_2.2
46,4.550909090909091,4.651818181818181,15,0.20055555555555554,0.2533333333333333,508,0.05051105096936226,0.05443694815039635,0.31399139761924744,0.2316180169582367,6.801194667816162,x,1.8_2.0_2.2
46,4.550909090909091,4.651818181818181,16,0.2533333333333333,0.3061111111111111,457,0.030946938320994377,0.042079243808984756,0.3301352262496948,0.2729971706867218,6.643975734710693,x,1.8_2.0_2.2
46,4.550909090909091,4.651818181818181,17,0.3061111111111111,0.3588888888888889,264,0.03825078159570694,0.0389929823577404,0.4333726763725281,0.33187273144721985,7.874666213989258,x,1.8_2.0_2.2
46,4.550909090909091,4.651818181818181,18,0.3588888888888889,0.4116666666666666,119,0.04494544491171837,0.012474428862333298,0.517013430595398,0.3821098506450653,7.7974419593811035,x,1.8_2.0_2.2
46,4.550909090909091,4.651818181818181,19,0.4116666666666666,0.46444444444444444,47,0.03357736021280289,0.006759292911738157,0.5301668643951416,0.43097564578056335,6.815748691558838,x,1.8_2.0_2.2
46,4.550909090909091,4.651818181818181,20,0.46444444444444444,0.5172222222222222,20,0.01773110032081604,0.004280216991901398,0.5333966016769409,0.4855726361274719,5.562239646911621,x,1.8_2.0_2.2
46,4.550909090909091,4.651818181818181,21,0.5172222222222222,0.57,6,-3.183573062415235e-05,0.004688258282840252,0.5380051136016846,0.5374221801757812,5.206768035888672,x,1.8_2.0_2.2
47,4.651818181818181,4.752727272727272,3,-0.46727272727272723,-0.4159090909090909,73,-0.06100607290863991,0.1348225325345993,-0.1644740253686905,-0.43788453936576843,7.763643264770508,x,1.8_2.0_2.2
47,4.651818181818181,4.752727272727272,4,-0.4159090909090909,-0.3645454545454545,119,-0.06773626059293747,0.12620370090007782,-0.013407857157289982,-0.38840022683143616,11.408082962036133,x,1.8_2.0_2.2
47,4.651818181818181,4.752727272727272,5,-0.3645454545454545,-0.3131818181818181,436,-0.06279779225587845,0.12862318754196167,-0.09444265812635422,-0.3368053734302521,9.480412483215332,x,1.8_2.0_2.2
47,4.651818181818181,4.752727272727272,6,-0.3131818181818181,-0.2618181818181818,546,-0.06292533129453659,0.14145632088184357,-0.06347847729921341,-0.28456053137779236,10.745356559753418,x,1.8_2.0_2.2
47,4.651818181818181,4.752727272727272,7,-0.2618181818181818,-0.21045454545454545,969,-0.0732744038105011,0.20507033169269562,0.00042225432116538286,-0.23505252599716187,10.850441932678223,x,1.8_2.0_2.2
47,4.651818181818181,4.752727272727272,8,-0.21045454545454545,-0.15909090909090906,810,-0.18036623299121857,0.26302850246429443,0.0837370753288269,-0.1872626096010208,10.75,x,1.8_2.0_2.2
47,4.651818181818181,4.752727272727272,9,-0.15909090909090906,-0.10772727272727267,479,-0.11127589643001556,0.34295013546943665,-0.016549626365303993,-0.13381128013134003,12.718844413757324,x,1.8_2.0_2.2
47,4.651818181818181,4.752727272727272,10,-0.10772727272727267,-0.05636363636363628,475,-0.16904307901859283,0.600021481513977,-0.015412155538797379,-0.08471409976482391,11.607913970947266,x,1.8_2.0_2.2
47,4.651818181818181,4.752727272727272,11,-0.05636363636363628,-0.0050000000000000044,355,-1.0043936967849731,2.530822992324829,0.17178402841091156,-0.03228595852851868,10.934453010559082,x,1.8_2.0_2.2
47,4.651818181818181,4.752727272727272,13,0.095,0.14777777777777779,327,0.0886751115322113,0.2324056774377823,0.23223954439163208,0.11623027920722961,8.612464904785156,x,1.8_2.0_2.2
47,4.651818181818181,4.752727272727272,14,0.14777777777777779,0.20055555555555554,232,0.1254725605249405,0.09823516011238098,0.3634425103664398,0.1719236820936203,9.174906730651855,x,1.8_2.0_2.2
47,4.651818181818181,4.752727272727272,15,0.20055555555555554,0.2533333333333333,481,0.04934711754322052,0.05178217962384224,0.31364816427230835,0.23167812824249268,6.924891471862793,x,1.8_2.0_2.2
47,4.651818181818181,4.752727272727272,16,0.2533333333333333,0.3061111111111111,442,0.030635010451078415,0.04217229783535004,0.33037006855010986,0.2728889286518097,6.713094234466553,x,1.8_2.0_2.2
47,4.651818181818181,4.752727272727272,17,0.3061111111111111,0.3588888888888889,255,0.03804684802889824,0.038810085505247116,0.43428176641464233,0.3318912386894226,7.990416049957275,x,1.8_2.0_2.2
47,4.651818181818181,4.752727272727272,18,0.3588888888888889,0.4116666666666666,117,0.04500157758593559,0.012563591822981834,0.5177300572395325,0.3818531632423401,7.851398468017578,x,1.8_2.0_2.2
47,4.651818181818181,4.752727272727272,19,0.4116666666666666,0.46444444444444444,46,0.03366635739803314,0.006809849292039871,0.5307294130325317,0.43073391914367676,6.863227367401123,x,1.8_2.0_2.2
47,4.651818181818181,4.752727272727272,20,0.46444444444444444,0.5172222222222222,19,0.01753871701657772,0.004339277744293213,0.534199595451355,0.486244261264801,5.610249996185303,x,1.8_2.0_2.2
47,4.651818181818181,4.752727272727272,21,0.5172222222222222,0.57,6,-3.183573062415235e-05,0.004688258282840252,0.5380051136016846,0.5374221801757812,5.206768035888672,x,1.8_2.0_2.2
48,4.752727272727272,4.8536363636363635,3,-0.46727272727272723,-0.4159090909090909,73,-0.06100607290863991,0.1348225325345993,-0.1644740253686905,-0.43788453936576843,7.763643264770508,x,1.8_2.0_2.2
48,4.752727272727272,4.8536363636363635,4,-0.4159090909090909,-0.3645454545454545,119,-0.06773626059293747,0.12620370090007782,-0.013407857157289982,-0.38840022683143616,11.408082962036133,x,1.8_2.0_2.2
48,4.752727272727272,4.8536363636363635,5,-0.3645454545454545,-0.3131818181818181,423,-0.064919114112854,0.12826183438301086,-0.087997667491436,-0.33663493394851685,9.627273559570312,x,1.8_2.0_2.2
48,4.752727272727272,4.8536363636363635,6,-0.3131818181818181,-0.2618181818181818,537,-0.06376197934150696,0.1399407684803009,-0.06133908033370972,-0.2845737040042877,10.846296310424805,x,1.8_2.0_2.2
48,4.752727272727272,4.8536363636363635,7,-0.2618181818181818,-0.21045454545454545,938,-0.07991775870323181,0.20551949739456177,0.01127334963530302,-0.2348969578742981,11.05351734161377,x,1.8_2.0_2.2
48,4.752727272727272,4.8536363636363635,8,-0.21045454545454545,-0.15909090909090906,777,-0.1792689710855484,0.258188933134079,0.08682160824537277,-0.18739336729049683,11.007112503051758,x,1.8_2.0_2.2
48,4.752727272727272,4.8536363636363635,9,-0.15909090909090906,-0.10772727272727267,458,-0.09990563988685608,0.3345380425453186,-0.022069105878472328,-0.13362470269203186,13.08652400970459,x,1.8_2.0_2.2
48,4.752727272727272,4.8536363636363635,10,-0.10772727272727267,-0.05636363636363628,467,-0.16233311593532562,0.5939825773239136,-0.017536763101816177,-0.0847601518034935,11.726400375366211,x,1.8_2.0_2.2
48,4.752727272727272,4.8536363636363635,11,-0.05636363636363628,-0.0050000000000000044,345,-0.9979931712150574,2.435173511505127,0.1725824475288391,-0.032747551798820496,11.114737510681152,x,1.8_2.0_2.2
48,4.752727272727272,4.8536363636363635,13,0.095,0.14777777777777779,316,0.09056991338729858,0.22604165971279144,0.23456896841526031,0.11612024158239365,8.748391151428223,x,1.8_2.0_2.2
48,4.752727272727272,4.8536363636363635,14,0.14777777777777779,0.20055555555555554,228,0.12425313889980316,0.0961591899394989,0.36303290724754333,0.17195609211921692,9.252874374389648,x,1.8_2.0_2.2
48,4.752727272727272,4.8536363636363635,15,0.20055555555555554,0.2533333333333333,456,0.0479179285466671,0.05068959668278694,0.31350117921829224,0.2316458523273468,7.046256065368652,x,1.8_2.0_2.2
48,4.752727272727272,4.8536363636363635,16,0.2533333333333333,0.3061111111111111,425,0.030399417504668236,0.04234997183084488,0.33108240365982056,0.27301111817359924,6.793740749359131,x,1.8_2.0_2.2
48,4.752727272727272,4.8536363636363635,17,0.3061111111111111,0.3588888888888889,246,0.03803484886884689,0.037850867956876755,0.43494197726249695,0.3318348228931427,8.110376358032227,x,1.8_2.0_2.2
48,4.752727272727272,4.8536363636363635,18,0.3588888888888889,0.4116666666666666,112,0.04457169771194458,0.01172741036862135,0.5189110636711121,0.3818061053752899,7.991448402404785,x,1.8_2.0_2.2
48,4.752727272727272,4.8536363636363635,19,0.4116666666666666,0.46444444444444444,45,0.03347526118159294,0.006821777205914259,0.5314882397651672,0.43104130029678345,6.910496234893799,x,1.8_2.0_2.2
48,4.752727272727272,4.8536363636363635,20,0.46444444444444444,0.5172222222222222,18,0.017579656094312668,0.0044555384665727615,0.5348506569862366,0.4863649010658264,5.662114143371582,x,1.8_2.0_2.2
48,4.752727272727272,4.8536363636363635,21,0.5172222222222222,0.57,5,0.00018955382984131575,0.005107018630951643,0.539085328578949,0.5378182530403137,5.317363739013672,x,1.8_2.0_2.2
49,4.8536363636363635,4.954545454545454,3,-0.46727272727272723,-0.4159090909090909,73,-0.06100607290863991,0.1348225325345993,-0.1644740253686905,-0.43788453936576843,7.763643264770508,x,1.8_2.0_2.2
49,4.8536363636363635,4.954545454545454,4,-0.4159090909090909,-0.3645454545454545,118,-0.06890083849430084,0.12599335610866547,-0.009212247096002102,-0.3884339928627014,11.464073181152344,x,1.8_2.0_2.2
49,4.8536363636363635,4.954545454545454,5,-0.3645454545454545,-0.3131818181818181,409,-0.06837725639343262,0.12932875752449036,-0.07958315312862396,-0.3367319405078888,9.792089462280273,x,1.8_2.0_2.2
49,4.8536363636363635,4.954545454545454,6,-0.3131818181818181,-0.2618181818181818,528,-0.06399499624967575,0.13772843778133392,-0.06015948951244354,-0.284483939409256,10.949321746826172,x,1.8_2.0_2.2
49,4.8536363636363635,4.954545454545454,7,-0.2618181818181818,-0.21045454545454545,891,-0.08823375403881073,0.20509324967861176,0.02600896544754505,-0.23496048152446747,11.383369445800781,x,1.8_2.0_2.2
49,4.8536363636363635,4.954545454545454,8,-0.21045454545454545,-0.15909090909090906,746,-0.17780445516109467,0.25502851605415344,0.08986707031726837,-0.18738137185573578,11.26491928100586,x,1.8_2.0_2.2
49,4.8536363636363635,4.954545454545454,9,-0.15909090909090906,-0.10772727272727267,445,-0.09042689204216003,0.3285706341266632,-0.027636688202619553,-0.13358162343502045,13.328585624694824,x,1.8_2.0_2.2
49,4.8536363636363635,4.954545454545454,10,-0.10772727272727267,-0.05636363636363628,463,-0.16241544485092163,0.5842549204826355,-0.016851091757416725,-0.08491398394107819,11.786145210266113,x,1.8_2.0_2.2
49,4.8536363636363635,4.954545454545454,11,-0.05636363636363628,-0.0050000000000000044,339,-1.000367283821106,2.4143717288970947,0.1723487377166748,-0.03275054320693016,11.226516723632812,x,1.8_2.0_2.2
49,4.8536363636363635,4.954545454545454,13,0.095,0.14777777777777779,314,0.09072425961494446,0.22551123797893524,0.23503214120864868,0.11610865592956543,8.773548126220703,x,1.8_2.0_2.2
49,4.8536363636363635,4.954545454545454,14,0.14777777777777779,0.20055555555555554,221,0.12125526368618011,0.08732093125581741,0.36126405000686646,0.17226040363311768,9.394190788269043,x,1.8_2.0_2.2
49,4.8536363636363635,4.954545454545454,15,0.20055555555555554,0.2533333333333333,439,0.04699259251356125,0.050116464495658875,0.3132598102092743,0.2315986454486847,7.133288383483887,x,1.8_2.0_2.2
49,4.8536363636363635,4.954545454545454,16,0.2533333333333333,0.3061111111111111,404,0.03032429702579975,0.041622087359428406,0.3316572606563568,0.27304524183273315,6.897429943084717,x,1.8_2.0_2.2
49,4.8536363636363635,4.954545454545454,17,0.3061111111111111,0.3588888888888889,236,0.036822978407144547,0.036388590931892395,0.4341694414615631,0.33211207389831543,8.250707626342773,x,1.8_2.0_2.2
49,4.8536363636363635,4.954545454545454,18,0.3588888888888889,0.4116666666666666,111,0.0444747693836689,0.011305350810289383,0.5190712809562683,0.38199299573898315,8.020466804504395,x,1.8_2.0_2.2
49,4.8536363636363635,4.954545454545454,19,0.4116666666666666,0.46444444444444444,44,0.033668581396341324,0.006736248265951872,0.5319138169288635,0.4304056465625763,6.957882404327393,x,1.8_2.0_2.2
49,4.8536363636363635,4.954545454545454,20,0.46444444444444444,0.5172222222222222,18,0.017579656094312668,0.0044555384665727615,0.5348506569862366,0.4863649010658264,5.662114143371582,x,1.8_2.0_2.2
50,4.954545454545454,5.055454545454545,3,-0.46727272727272723,-0.4159090909090909,73,-0.06100607290863991,0.1348225325345993,-0.1644740253686905,-0.43788453936576843,7.763643264770508,x,1.8_2.0_2.2
50,4.954545454545454,5.055454545454545,4,-0.4159090909090909,-0.3645454545454545,117,-0.07007869333028793,0.1257403939962387,-0.004937886726111174,-0.38850677013397217,11.520303726196289,x,1.8_2.0_2.2
50,4.954545454545454,5.055454545454545,5,-0.3645454545454545,-0.3131818181818181,393,-0.06939352303743362,0.12793776392936707,-0.07354217767715454,-0.33677732944488525,9.991698265075684,x,1.8_2.0_2.2
50,4.954545454545454,5.055454545454545,6,-0.3131818181818181,-0.2618181818181818,517,-0.06465421617031097,0.1357552856206894,-0.05784786120057106,-0.28441816568374634,11.077866554260254,x,1.8_2.0_2.2
50,4.954545454545454,5.055454545454545,7,-0.2618181818181818,-0.21045454545454545,862,-0.0902942642569542,0.2025301307439804,0.03254590928554535,-0.23500663042068481,11.601465225219727,x,1.8_2.0_2.2
50,4.954545454545454,5.055454545454545,8,-0.21045454545454545,-0.15909090909090906,716,-0.1718975156545639,0.24960248172283173,0.08888130635023117,-0.18734866380691528,11.531298637390137,x,1.8_2.0_2.2
50,4.954545454545454,5.055454545454545,9,-0.15909090909090906,-0.10772727272727267,422,-0.08059556037187576,0.31936073303222656,-0.03224882110953331,-0.1332601010799408,13.787635803222656,x,1.8_2.0_2.2
50,4.954545454545454,5.055454545454545,10,-0.10772727272727267,-0.05636363636363628,458,-0.15512026846408844,0.5829379558563232,-0.019832098856568336,-0.08476988971233368,11.861449241638184,x,1.8_2.0_2.2
50,4.954545454545454,5.055454545454545,11,-0.05636363636363628,-0.0050000000000000044,334,-0.9730247259140015,2.4214861392974854,0.16967231035232544,-0.03275256231427193,11.320830345153809,x,1.8_2.0_2.2
50,4.954545454545454,5.055454545454545,13,0.095,0.14777777777777779,310,0.09273301064968109,0.2222815752029419,0.23661193251609802,0.11626496911048889,8.823283195495605,x,1.8_2.0_2.2
50,4.954545454545454,5.055454545454545,14,0.14777777777777779,0.20055555555555554,217,0.1201426312327385,0.0879945456981659,0.362361341714859,0.1724056601524353,9.476585388183594,x,1.8_2.0_2.2
50,4.954545454545454,5.055454545454545,15,0.20055555555555554,0.2533333333333333,423,0.04583766683936119,0.04820723459124565,0.3125729262828827,0.23165903985500336,7.217792510986328,x,1.8_2.0_2.2
50,4.954545454545454,5.055454545454545,16,0.2533333333333333,0.3061111111111111,388,0.029233787208795547,0.0412224680185318,0.3307752311229706,0.2729414403438568,6.979496002197266,x,1.8_2.0_2.2
50,4.954545454545454,5.055454545454545,17,0.3061111111111111,0.3588888888888889,228,0.03650214895606041,0.03580612689256668,0.4350930452346802,0.33231157064437866,8.368748664855957,x,1.8_2.0_2.2
50,4.954545454545454,5.055454545454545,18,0.3588888888888889,0.4116666666666666,109,0.04450332000851631,0.011400957591831684,0.520309329032898,0.3821650445461273,8.077661514282227,x,1.8_2.0_2.2
50,4.954545454545454,5.055454545454545,19,0.4116666666666666,0.46444444444444444,42,0.03336187079548836,0.006264629773795605,0.5323382019996643,0.4304949939250946,7.054964542388916,x,1.8_2.0_2.2
50,4.954545454545454,5.055454545454545,20,0.46444444444444444,0.5172222222222222,17,0.01788158528506756,0.004475800786167383,0.5353453755378723,0.48594099283218384,5.7082929611206055,x,1.8_2.0_2.2
51,5.055454545454545,5.156363636363636,3,-0.46727272727272723,-0.4159090909090909,73,-0.06100607290863991,0.1348225325345993,-0.1644740253686905,-0.43788453936576843,7.763643264770508,x,1.8_2.0_2.2
51,5.055454545454545,5.156363636363636,4,-0.4159090909090909,-0.3645454545454545,116,-0.07127803564071655,0.12545150518417358,-0.0005910180625505745,-0.38862326741218567,11.576374053955078,x,1.8_2.0_2.2
51,5.055454545454545,5.156363636363636,5,-0.3645454545454545,-0.3131818181818181,380,-0.07103604823350906,0.12702032923698425,-0.06795882433652878,-0.33676838874816895,10.16211223602295,x,1.8_2.0_2.2
51,5.055454545454545,5.156363636363636,6,-0.3131818181818181,-0.2618181818181818,505,-0.06515070796012878,0.13452349603176117,-0.055019646883010864,-0.2842635214328766,11.222039222717285,x,1.8_2.0_2.2
51,5.055454545454545,5.156363636363636,7,-0.2618181818181818,-0.21045454545454545,840,-0.09018906205892563,0.20149169862270355,0.036130014806985855,-0.2349347621202469,11.774396896362305,x,1.8_2.0_2.2
51,5.055454545454545,5.156363636363636,8,-0.21045454545454545,-0.15909090909090906,681,-0.16683340072631836,0.24533730745315552,0.09000369161367416,-0.1872820109128952,11.86695384979248,x,1.8_2.0_2.2
51,5.055454545454545,5.156363636363636,9,-0.15909090909090906,-0.10772727272727267,406,-0.07476232945919037,0.30955198407173157,-0.03498518839478493,-0.1332370638847351,14.133803367614746,x,1.8_2.0_2.2
51,5.055454545454545,5.156363636363636,10,-0.10772727272727267,-0.05636363636363628,453,-0.14791840314865112,0.5803903341293335,-0.022811392322182655,-0.08469714224338531,11.93709945678711,x,1.8_2.0_2.2
51,5.055454545454545,5.156363636363636,11,-0.05636363636363628,-0.0050000000000000044,330,-0.9542897343635559,2.419415235519409,0.1675299108028412,-0.03273724764585495,11.397522926330566,x,1.8_2.0_2.2
51,5.055454545454545,5.156363636363636,13,0.095,0.14777777777777779,303,0.09535704553127289,0.22038006782531738,0.2392566055059433,0.11615579575300217,8.911441802978516,x,1.8_2.0_2.2
51,5.055454545454545,5.156363636363636,14,0.14777777777777779,0.20055555555555554,213,0.11885397881269455,0.08476211875677109,0.3616625964641571,0.17244577407836914,9.560266494750977,x,1.8_2.0_2.2
51,5.055454545454545,5.156363636363636,15,0.20055555555555554,0.2533333333333333,402,0.04600800946354866,0.04759037867188454,0.31415465474128723,0.23184947669506073,7.333806037902832,x,1.8_2.0_2.2
51,5.055454545454545,5.156363636363636,16,0.2533333333333333,0.3061111111111111,370,0.028841190040111542,0.0410718098282814,0.331096351146698,0.27295249700546265,7.075782775878906,x,1.8_2.0_2.2
51,5.055454545454545,5.156363636363636,17,0.3061111111111111,0.3588888888888889,225,0.0358356274664402,0.03498408943414688,0.43406257033348083,0.3322991728782654,8.413508415222168,x,1.8_2.0_2.2
51,5.055454545454545,5.156363636363636,18,0.3588888888888889,0.4116666666666666,106,0.0440998412668705,0.010910386219620705,0.5209413766860962,0.38229548931121826,8.1642427444458,x,1.8_2.0_2.2
51,5.055454545454545,5.156363636363636,19,0.4116666666666666,0.46444444444444444,42,0.03336187079548836,0.006264629773795605,0.5323382019996643,0.4304949939250946,7.054964542388916,x,1.8_2.0_2.2
51,5.055454545454545,5.156363636363636,20,0.46444444444444444,0.5172222222222222,16,0.01824910007417202,0.0043158698827028275,0.5350337028503418,0.48437079787254333,5.754953384399414,x,1.8_2.0_2.2
52,5.156363636363636,5.257272727272727,3,-0.46727272727272723,-0.4159090909090909,73,-0.06100607290863991,0.1348225325345993,-0.1644740253686905,-0.43788453936576843,7.763643264770508,x,1.8_2.0_2.2
52,5.156363636363636,5.257272727272727,4,-0.4159090909090909,-0.3645454545454545,113,-0.06915675103664398,0.11955109983682632,-0.002637402154505253,-0.3889683485031128,11.748102188110352,x,1.8_2.0_2.2
52,5.156363636363636,5.257272727272727,5,-0.3645454545454545,-0.3131818181818181,366,-0.07315671443939209,0.12745527923107147,-0.06058698147535324,-0.3367851674556732,10.35559368133545,x,1.8_2.0_2.2
52,5.156363636363636,5.257272727272727,6,-0.3131818181818181,-0.2618181818181818,494,-0.0660681277513504,0.13263951241970062,-0.05177059769630432,-0.28406742215156555,11.358176231384277,x,1.8_2.0_2.2
52,5.156363636363636,5.257272727272727,7,-0.2618181818181818,-0.21045454545454545,808,-0.09302017092704773,0.1997491419315338,0.04443347081542015,-0.23496201634407043,12.038227081298828,x,1.8_2.0_2.2
52,5.156363636363636,5.257272727272727,8,-0.21045454545454545,-0.15909090909090906,655,-0.158969447016716,0.23859518766403198,0.08632511645555496,-0.18716055154800415,12.135282516479492,x,1.8_2.0_2.2
52,5.156363636363636,5.257272727272727,9,-0.15909090909090906,-0.10772727272727267,395,-0.06930212676525116,0.30610379576683044,-0.03752279654145241,-0.13292479515075684,14.385351181030273,x,1.8_2.0_2.2
52,5.156363636363636,5.257272727272727,10,-0.10772727272727267,-0.05636363636363628,447,-0.1423623263835907,0.5772414207458496,-0.025274554267525673,-0.08451037108898163,12.028807640075684,x,1.8_2.0_2.2
52,5.156363636363636,5.257272727272727,11,-0.05636363636363628,-0.0050000000000000044,326,-0.9603278040885925,2.383389472961426,0.17021393775939941,-0.03271452337503433,11.474958419799805,x,1.8_2.0_2.2
52,5.156363636363636,5.257272727272727,13,0.095,0.14777777777777779,299,0.09774965792894363,0.21894674003124237,0.2416706383228302,0.11620024591684341,8.962030410766602,x,1.8_2.0_2.2
52,5.156363636363636,5.257272727272727,14,0.14777777777777779,0.20055555555555554,206,0.11666768044233322,0.07967182993888855,0.3617493212223053,0.17294137179851532,9.711453437805176,x,1.8_2.0_2.2
52,5.156363636363636,5.257272727272727,15,0.20055555555555554,0.2533333333333333,386,0.04449569433927536,0.0467287115752697,0.31306180357933044,0.23168139159679413,7.425860404968262,x,1.8_2.0_2.2
52,5.156363636363636,5.257272727272727,16,0.2533333333333333,0.3061111111111111,356,0.028000665828585625,0.040946487337350845,0.330893874168396,0.2730576992034912,7.153655052185059,x,1.8_2.0_2.2
52,5.156363636363636,5.257272727272727,17,0.3061111111111111,0.3588888888888889,218,0.034854352474212646,0.03391396254301071,0.4333774745464325,0.33251941204071045,8.520201683044434,x,1.8_2.0_2.2
52,5.156363636363636,5.257272727272727,18,0.3588888888888889,0.4116666666666666,105,0.04411515220999718,0.010958192870020866,0.5215079188346863,0.3823252320289612,8.193747520446777,x,1.8_2.0_2.2
52,5.156363636363636,5.257272727272727,19,0.4116666666666666,0.46444444444444444,41,0.03336348384618759,0.00634046969935298,0.5329803228378296,0.430469274520874,7.101546287536621,x,1.8_2.0_2.2
52,5.156363636363636,5.257272727272727,20,0.46444444444444444,0.5172222222222222,13,0.018389038741588593,0.0041220346465706825,0.5344166159629822,0.4826373755931854,5.907614707946777,x,1.8_2.0_2.2
53,5.257272727272727,5.3581818181818175,3,-0.46727272727272723,-0.4159090909090909,71,-0.06051278114318848,0.132455974817276,-0.16768115758895874,-0.43716850876808167,7.8365478515625,x,1.8_2.0_2.2
53,5.257272727272727,5.3581818181818175,4,-0.4159090909090909,-0.3645454545454545,112,-0.07037954777479172,0.11923515051603317,0.0018242491642013192,-0.38914069533348083,11.80669116973877,x,1.8_2.0_2.2
53,5.257272727272727,5.3581818181818175,5,-0.3645454545454545,-0.3131818181818181,361,-0.07334605604410172,0.12736238539218903,-0.05918285250663757,-0.3368907868862152,10.426892280578613,x,1.8_2.0_2.2
53,5.257272727272727,5.3581818181818175,6,-0.3131818181818181,-0.2618181818181818,485,-0.06731374561786652,0.13164442777633667,-0.048474788665771484,-0.28396883606910706,11.4722900390625,x,1.8_2.0_2.2
53,5.257272727272727,5.3581818181818175,7,-0.2618181818181818,-0.21045454545454545,787,-0.09177064895629883,0.1962057501077652,0.04605897516012192,-0.23492026329040527,12.220444679260254,x,1.8_2.0_2.2
53,5.257272727272727,5.3581818181818175,8,-0.21045454545454545,-0.15909090909090906,635,-0.15635621547698975,0.23679682612419128,0.08757811039686203,-0.18725986778736115,12.353596687316895,x,1.8_2.0_2.2
53,5.257272727272727,5.3581818181818175,9,-0.15909090909090906,-0.10772727272727267,385,-0.060594793409109116,0.30040299892425537,-0.043362319469451904,-0.13282397389411926,14.624114990234375,x,1.8_2.0_2.2
53,5.257272727272727,5.3581818181818175,10,-0.10772727272727267,-0.05636363636363628,437,-0.132695734500885,0.5682498216629028,-0.029342109337449074,-0.08444903790950775,12.184895515441895,x,1.8_2.0_2.2
53,5.257272727272727,5.3581818181818175,11,-0.05636363636363628,-0.0050000000000000044,322,-0.9333797097206116,2.3412773609161377,0.16826573014259338,-0.03286520019173622,11.552849769592285,x,1.8_2.0_2.2
53,5.257272727272727,5.3581818181818175,13,0.095,0.14777777777777779,290,0.09740171581506729,0.2155570536851883,0.24309508502483368,0.11623355001211166,9.078792572021484,x,1.8_2.0_2.2
53,5.257272727272727,5.3581818181818175,14,0.14777777777777779,0.20055555555555554,200,0.11458706855773926,0.07793692499399185,0.36237961053848267,0.1733303815126419,9.846879959106445,x,1.8_2.0_2.2
53,5.257272727272727,5.3581818181818175,15,0.20055555555555554,0.2533333333333333,359,0.04361645132303238,0.04512982442975044,0.313438355922699,0.23158866167068481,7.592213153839111,x,1.8_2.0_2.2
53,5.257272727272727,5.3581818181818175,16,0.2533333333333333,0.3061111111111111,337,0.02693886123597622,0.04007599130272865,0.3299641013145447,0.2728962004184723,7.263861656188965,x,1.8_2.0_2.2
53,5.257272727272727,5.3581818181818175,17,0.3061111111111111,0.3588888888888889,213,0.03497039154171944,0.03250972181558609,0.4338122308254242,0.3327588737010956,8.598138809204102,x,1.8_2.0_2.2
53,5.257272727272727,5.3581818181818175,18,0.3588888888888889,0.4116666666666666,101,0.044335104525089264,0.011141804978251457,0.5233902335166931,0.3820379376411438,8.313074111938477,x,1.8_2.0_2.2
53,5.257272727272727,5.3581818181818175,19,0.4116666666666666,0.46444444444444444,40,0.033565398305654526,0.006310226395726204,0.5336001515388489,0.43006691336631775,7.148429870605469,x,1.8_2.0_2.2
53,5.257272727272727,5.3581818181818175,20,0.46444444444444444,0.5172222222222222,12,0.018608462065458298,0.0042626699432730675,0.5341371297836304,0.4816150367259979,5.9659905433654785,x,1.8_2.0_2.2
54,5.3581818181818175,5.459090909090909,3,-0.46727272727272723,-0.4159090909090909,69,-0.05779210105538368,0.12998686730861664,-0.17106454074382782,-0.4366070628166199,7.910525798797607,x,1.8_2.0_2.2
54,5.3581818181818175,5.459090909090909,4,-0.4159090909090909,-0.3645454545454545,111,-0.07197554409503937,0.11896707117557526,0.006457052659243345,-0.38919562101364136,11.86479663848877,x,1.8_2.0_2.2
54,5.3581818181818175,5.459090909090909,5,-0.3645454545454545,-0.3131818181818181,347,-0.07616651058197021,0.1277407556772232,-0.05049900710582733,-0.3370293378829956,10.633785247802734,x,1.8_2.0_2.2
54,5.3581818181818175,5.459090909090909,6,-0.3131818181818181,-0.2618181818181818,477,-0.06908589601516724,0.1311320662498474,-0.044600024819374084,-0.2838137447834015,11.575775146484375,x,1.8_2.0_2.2
54,5.3581818181818175,5.459090909090909,7,-0.2618181818181818,-0.21045454545454545,756,-0.08989592641592026,0.19073721766471863,0.04855722934007645,-0.23495802283287048,12.503901481628418,x,1.8_2.0_2.2
54,5.3581818181818175,5.459090909090909,8,-0.21045454545454545,-0.15909090909090906,619,-0.15048658847808838,0.2329254001379013,0.08434215188026428,-0.1870831996202469,12.535497665405273,x,1.8_2.0_2.2
54,5.3581818181818175,5.459090909090909,9,-0.15909090909090906,-0.10772727272727267,373,-0.052997197955846786,0.29446229338645935,-0.04841911420226097,-0.1327386051416397,14.923849105834961,x,1.8_2.0_2.2
54,5.3581818181818175,5.459090909090909,10,-0.10772727272727267,-0.05636363636363628,431,-0.12454891204833984,0.5614601969718933,-0.03291452303528786,-0.0844944640994072,12.280543327331543,x,1.8_2.0_2.2
54,5.3581818181818175,5.459090909090909,11,-0.05636363636363628,-0.0050000000000000044,319,-0.9144794344902039,2.3477015495300293,0.16659027338027954,-0.032904233783483505,11.611705780029297,x,1.8_2.0_2.2
54,5.3581818181818175,5.459090909090909,13,0.095,0.14777777777777779,283,0.10066888481378555,0.21375013887882233,0.2463744729757309,0.11622199416160583,9.171664237976074,x,1.8_2.0_2.2
54,5.3581818181818175,5.459090909090909,14,0.14777777777777779,0.20055555555555554,199,0.11404692381620407,0.07575925439596176,0.36160290241241455,0.17336775362491608,9.869515419006348,x,1.8_2.0_2.2
54,5.3581818181818175,5.459090909090909,15,0.20055555555555554,0.2533333333333333,343,0.04366294667124748,0.044553060084581375,0.31428730487823486,0.23148347437381744,7.6988348960876465,x,1.8_2.0_2.2
54,5.3581818181818175,5.459090909090909,16,0.2533333333333333,0.3061111111111111,320,0.027198458090424538,0.040197379887104034,0.33134564757347107,0.27287912368774414,7.368083953857422,x,1.8_2.0_2.2
54,5.3581818181818175,5.459090909090909,17,0.3061111111111111,0.3588888888888889,209,0.03445068374276161,0.03269876912236214,0.4341549277305603,0.33296823501586914,8.66085433959961,x,1.8_2.0_2.2
54,5.3581818181818175,5.459090909090909,18,0.3588888888888889,0.4116666666666666,98,0.043933331966400146,0.009868532419204712,0.523834764957428,0.38239195942878723,8.404994010925293,x,1.8_2.0_2.2
54,5.3581818181818175,5.459090909090909,19,0.4116666666666666,0.46444444444444444,40,0.033565398305654526,0.006310226395726204,0.5336001515388489,0.43006691336631775,7.148429870605469,x,1.8_2.0_2.2
54,5.3581818181818175,5.459090909090909,20,0.46444444444444444,0.5172222222222222,12,0.018608462065458298,0.0042626699432730675,0.5341371297836304,0.4816150367259979,5.9659905433654785,x,1.8_2.0_2.2
55,5.459090909090909,5.56,3,-0.46727272727272723,-0.4159090909090909,66,-0.062369026243686676,0.13129287958145142,-0.15685424208641052,-0.43671342730522156,8.02424430847168,x,1.8_2.0_2.2
55,5.459090909090909,5.56,4,-0.4159090909090909,-0.3645454545454545,110,-0.07285850495100021,0.11920013278722763,0.010104325599968433,-0.3892532289028168,11.923364639282227,x,1.8_2.0_2.2
55,5.459090909090909,5.56,5,-0.3645454545454545,-0.3131818181818181,338,-0.0785929337143898,0.1275194138288498,-0.04373665526509285,-0.3370101749897003,10.772978782653809,x,1.8_2.0_2.2
55,5.459090909090909,5.56,6,-0.3131818181818181,-0.2618181818181818,468,-0.06916145980358124,0.12973901629447937,-0.043144796043634415,-0.2836567759513855,11.694609642028809,x,1.8_2.0_2.2
55,5.459090909090909,5.56,7,-0.2618181818181818,-0.21045454545454545,727,-0.08694664388895035,0.18238897621631622,0.04836459830403328,-0.23511871695518494,12.78711223602295,x,1.8_2.0_2.2
55,5.459090909090909,5.56,8,-0.21045454545454545,-0.15909090909090906,598,-0.14934854209423065,0.22953689098358154,0.08689478784799576,-0.18695254623889923,12.786314010620117,x,1.8_2.0_2.2
55,5.459090909090909,5.56,9,-0.15909090909090906,-0.10772727272727267,367,-0.04827556014060974,0.28842055797576904,-0.05218779295682907,-0.13256527483463287,15.079375267028809,x,1.8_2.0_2.2
55,5.459090909090909,5.56,10,-0.10772727272727267,-0.05636363636363628,425,-0.11210092157125473,0.5553926825523376,-0.03861808031797409,-0.08449209481477737,12.377559661865234,x,1.8_2.0_2.2
55,5.459090909090909,5.56,11,-0.05636363636363628,-0.0050000000000000044,315,-0.9081487655639648,2.310403347015381,0.16714370250701904,-0.03298068419098854,11.690752029418945,x,1.8_2.0_2.2
55,5.459090909090909,5.56,13,0.095,0.14777777777777779,276,0.10271888971328735,0.21064281463623047,0.24885594844818115,0.11627408862113953,9.266944885253906,x,1.8_2.0_2.2
55,5.459090909090909,5.56,14,0.14777777777777779,0.20055555555555554,191,0.11216441541910172,0.06685952097177505,0.3610384166240692,0.17367616295814514,10.056480407714844,x,1.8_2.0_2.2
55,5.459090909090909,5.56,15,0.20055555555555554,0.2533333333333333,321,0.04176274314522743,0.043604593724012375,0.31385090947151184,0.23151661455631256,7.855528831481934,x,1.8_2.0_2.2
55,5.459090909090909,5.56,16,0.2533333333333333,0.3061111111111111,305,0.025652281939983368,0.039783865213394165,0.3301459550857544,0.272931843996048,7.464297771453857,x,1.8_2.0_2.2
55,5.459090909090909,5.56,17,0.3061111111111111,0.3588888888888889,206,0.0344264954328537,0.03254227712750435,0.4344482421875,0.3328196704387665,8.708149909973145,x,1.8_2.0_2.2
55,5.459090909090909,5.56,18,0.3588888888888889,0.4116666666666666,97,0.04395243152976036,0.009915029630064964,0.5244615077972412,0.38245725631713867,8.435486793518066,x,1.8_2.0_2.2
55,5.459090909090909,5.56,19,0.4116666666666666,0.46444444444444444,38,0.033144254237413406,0.0052839620038867,0.534033477306366,0.4307442605495453,7.240426540374756,x,1.8_2.0_2.2
55,5.459090909090909,5.56,20,0.46444444444444444,0.5172222222222222,12,0.018608462065458298,0.0042626699432730675,0.5341371297836304,0.4816150367259979,5.9659905433654785,x,1.8_2.0_2.2
56,5.56,5.66090909090909,3,-0.46727272727272723,-0.4159090909090909,63,-0.062103938311338425,0.12890750169754028,-0.1547514945268631,-0.4371938407421112,8.144640922546387,x,1.8_2.0_2.2
56,5.56,5.66090909090909,4,-0.4159090909090909,-0.3645454545454545,109,-0.0740625411272049,0.11922182887792587,0.014676408842206001,-0.38901302218437195,11.982330322265625,x,1.8_2.0_2.2
56,5.56,5.66090909090909,5,-0.3645454545454545,-0.3131818181818181,333,-0.07697032392024994,0.12576541304588318,-0.04492534324526787,-0.33705034852027893,10.852048873901367,x,1.8_2.0_2.2
56,5.56,5.66090909090909,6,-0.3131818181818181,-0.2618181818181818,461,-0.06866882741451263,0.12793734669685364,-0.04309286177158356,-0.2836773693561554,11.788679122924805,x,1.8_2.0_2.2
56,5.56,5.66090909090909,7,-0.2618181818181818,-0.21045454545454545,702,-0.08649778366088867,0.1778712272644043,0.0517900250852108,-0.23520509898662567,13.046151161193848,x,1.8_2.0_2.2
56,5.56,5.66090909090909,8,-0.21045454545454545,-0.15909090909090906,579,-0.14586983621120453,0.22783134877681732,0.08745047450065613,-0.18692031502723694,13.025078773498535,x,1.8_2.0_2.2
56,5.56,5.66090909090909,9,-0.15909090909090906,-0.10772727272727267,364,-0.045658767223358154,0.2855944335460663,-0.05431056767702103,-0.13268505036830902,15.15825366973877,x,1.8_2.0_2.2
56,5.56,5.66090909090909,10,-0.10772727272727267,-0.05636363636363628,419,-0.1077500730752945,0.551720380783081,-0.040388330817222595,-0.08426199853420258,12.47570514678955,x,1.8_2.0_2.2
56,5.56,5.66090909090909,11,-0.05636363636363628,-0.0050000000000000044,311,-0.8955913186073303,2.2743866443634033,0.16726826131343842,-0.03309590741991997,11.770096778869629,x,1.8_2.0_2.2
56,5.56,5.66090909090909,13,0.095,0.14777777777777779,268,0.09592363983392715,0.20707060396671295,0.24562972784042358,0.11607550084590912,9.378751754760742,x,1.8_2.0_2.2
56,5.56,5.66090909090909,14,0.14777777777777779,0.20055555555555554,187,0.11079572886228561,0.0648890808224678,0.3606486916542053,0.17360226809978485,10.15385913848877,x,1.8_2.0_2.2
56,5.56,5.66090909090909,15,0.20055555555555554,0.2533333333333333,310,0.0413283109664917,0.04331539198756218,0.31435924768447876,0.23159945011138916,7.938868999481201,x,1.8_2.0_2.2
56,5.56,5.66090909090909,16,0.2533333333333333,0.3061111111111111,287,0.024530593305826187,0.038626089692115784,0.32893654704093933,0.2726767957210541,7.586517810821533,x,1.8_2.0_2.2
56,5.56,5.66090909090909,17,0.3061111111111111,0.3588888888888889,202,0.03445104509592056,0.0324966125190258,0.4349527657032013,0.3327213227748871,8.771184921264648,x,1.8_2.0_2.2
56,5.56,5.66090909090909,18,0.3588888888888889,0.4116666666666666,96,0.04397835209965706,0.009960602968931198,0.5251622796058655,0.38257649540901184,8.46572208404541,x,1.8_2.0_2.2
56,5.56,5.66090909090909,19,0.4116666666666666,0.46444444444444444,38,0.033144254237413406,0.0052839620038867,0.534033477306366,0.4307442605495453,7.240426540374756,x,1.8_2.0_2.2
56,5.56,5.66090909090909,20,0.46444444444444444,0.5172222222222222,12,0.018608462065458298,0.0042626699432730675,0.5341371297836304,0.4816150367259979,5.9659905433654785,x,1.8_2.0_2.2
57,5.66090909090909,5.761818181818182,3,-0.46727272727272723,-0.4159090909090909,59,-0.06541813910007477,0.12745045125484467,-0.1457652747631073,-0.4360496699810028,8.315559387207031,x,1.8_2.0_2.2
57,5.66090909090909,5.761818181818182,4,-0.4159090909090909,-0.3645454545454545,106,-0.07214253395795822,0.11465451866388321,0.01264790166169405,-0.3888600766658783,12.162992477416992,x,1.8_2.0_2.2
57,5.66090909090909,5.761818181818182,5,-0.3645454545454545,-0.3131818181818181,327,-0.07721783220767975,0.12480098009109497,-0.04293151944875717,-0.33701419830322266,10.948158264160156,x,1.8_2.0_2.2
57,5.66090909090909,5.761818181818182,6,-0.3131818181818181,-0.2618181818181818,453,-0.06881638616323471,0.127005934715271,-0.04113549739122391,-0.28375041484832764,11.897896766662598,x,1.8_2.0_2.2
57,5.66090909090909,5.761818181818182,7,-0.2618181818181818,-0.21045454545454545,671,-0.08291199058294296,0.16773585975170135,0.05078921094536781,-0.23546524345874786,13.38953971862793,x,1.8_2.0_2.2
57,5.66090909090909,5.761818181818182,8,-0.21045454545454545,-0.15909090909090906,562,-0.1391221284866333,0.22449372708797455,0.08372873067855835,-0.18697957694530487,13.24913215637207,x,1.8_2.0_2.2
57,5.66090909090909,5.761818181818182,9,-0.15909090909090906,-0.10772727272727267,363,-0.04528283700346947,0.28593873977661133,-0.05441075935959816,-0.13266080617904663,15.184422492980957,x,1.8_2.0_2.2
57,5.66090909090909,5.761818181818182,10,-0.10772727272727267,-0.05636363636363628,418,-0.10565008223056793,0.5512374639511108,-0.041395869106054306,-0.0842183381319046,12.492053985595703,x,1.8_2.0_2.2
57,5.66090909090909,5.761818181818182,11,-0.05636363636363628,-0.0050000000000000044,306,-0.8804402351379395,2.2420129776000977,0.1661062091588974,-0.033136822283267975,11.87049388885498,x,1.8_2.0_2.2
57,5.66090909090909,5.761818181818182,13,0.095,0.14777777777777779,264,0.09893552958965302,0.2042679339647293,0.24772979319095612,0.1160551980137825,9.435609817504883,x,1.8_2.0_2.2
57,5.66090909090909,5.761818181818182,14,0.14777777777777779,0.20055555555555554,186,0.11071635782718658,0.06506282091140747,0.3608091175556183,0.17347973585128784,10.178421974182129,x,1.8_2.0_2.2
57,5.66090909090909,5.761818181818182,15,0.20055555555555554,0.2533333333333333,296,0.040401507169008255,0.04212723299860954,0.3147208094596863,0.23178376257419586,8.049481391906738,x,1.8_2.0_2.2
57,5.66090909090909,5.761818181818182,16,0.2533333333333333,0.3061111111111111,272,0.023906731978058815,0.038870878517627716,0.32952380180358887,0.2730202078819275,7.695552349090576,x,1.8_2.0_2.2
57,5.66090909090909,5.761818181818182,17,0.3061111111111111,0.3588888888888889,193,0.03515103459358215,0.031723637133836746,0.4377034902572632,0.3331468105316162,8.919153213500977,x,1.8_2.0_2.2
57,5.66090909090909,5.761818181818182,18,0.3588888888888889,0.4116666666666666,95,0.043781861662864685,0.009750955738127232,0.5249502658843994,0.38244274258613586,8.495587348937988,x,1.8_2.0_2.2
57,5.66090909090909,5.761818181818182,19,0.4116666666666666,0.46444444444444444,36,0.03302494063973427,0.00531952828168869,0.5345569252967834,0.4302932322025299,7.330903053283691,x,1.8_2.0_2.2
57,5.66090909090909,5.761818181818182,20,0.46444444444444444,0.5172222222222222,12,0.018608462065458298,0.0042626699432730675,0.5341371297836304,0.4816150367259979,5.9659905433654785,x,1.8_2.0_2.2
58,5.761818181818182,5.862727272727272,3,-0.46727272727272723,-0.4159090909090909,59,-0.06541813910007477,0.12745045125484467,-0.1457652747631073,-0.4360496699810028,8.315559387207031,x,1.8_2.0_2.2
58,5.761818181818182,5.862727272727272,4,-0.4159090909090909,-0.3645454545454545,101,-0.07270843535661697,0.10932335257530212,0.01951991394162178,-0.3892030119895935,12.482629776000977,x,1.8_2.0_2.2
58,5.761818181818182,5.862727272727272,5,-0.3645454545454545,-0.3131818181818181,323,-0.07836931943893433,0.1251058429479599,-0.03937613219022751,-0.3370570242404938,11.013335227966309,x,1.8_2.0_2.2
58,5.761818181818182,5.862727272727272,6,-0.3131818181818181,-0.2618181818181818,443,-0.06869911402463913,0.12533091008663177,-0.03945605829358101,-0.28373903036117554,12.037786483764648,x,1.8_2.0_2.2
58,5.761818181818182,5.862727272727272,7,-0.2618181818181818,-0.21045454545454545,645,-0.0823984369635582,0.1613394320011139,0.05449911952018738,-0.2357402741909027,13.698555946350098,x,1.8_2.0_2.2
58,5.761818181818182,5.862727272727272,8,-0.21045454545454545,-0.15909090909090906,548,-0.1350339949131012,0.22237664461135864,0.08227439969778061,-0.1869482398033142,13.441876411437988,x,1.8_2.0_2.2
58,5.761818181818182,5.862727272727272,9,-0.15909090909090906,-0.10772727272727267,356,-0.04210641235113144,0.2844964563846588,-0.05677838250994682,-0.13277694582939148,15.37081527709961,x,1.8_2.0_2.2
58,5.761818181818182,5.862727272727272,10,-0.10772727272727267,-0.05636363636363628,412,-0.09312191605567932,0.5474039316177368,-0.04718198627233505,-0.08408655971288681,12.591043472290039,x,1.8_2.0_2.2
58,5.761818181818182,5.862727272727272,11,-0.05636363636363628,-0.0050000000000000044,302,-0.87190181016922,2.192279100418091,0.16623280942440033,-0.033226128667593,11.952252388000488,x,1.8_2.0_2.2
58,5.761818181818182,5.862727272727272,13,0.095,0.14777777777777779,260,0.10159754753112793,0.2020132690668106,0.24971431493759155,0.11595196276903152,9.492549896240234,x,1.8_2.0_2.2
58,5.761818181818182,5.862727272727272,14,0.14777777777777779,0.20055555555555554,184,0.10994703322649002,0.06457925587892532,0.3606170117855072,0.1734723597764969,10.226618766784668,x,1.8_2.0_2.2
58,5.761818181818182,5.862727272727272,15,0.20055555555555554,0.2533333333333333,279,0.039145782589912415,0.03989167883992195,0.3144838213920593,0.23196853697299957,8.192216873168945,x,1.8_2.0_2.2
58,5.761818181818182,5.862727272727272,16,0.2533333333333333,0.3061111111111111,261,0.023129085078835487,0.03859679400920868,0.3288474380970001,0.27289626002311707,7.779790878295898,x,1.8_2.0_2.2
58,5.761818181818182,5.862727272727272,17,0.3061111111111111,0.3588888888888889,191,0.03566403314471245,0.03149869292974472,0.4391334056854248,0.33323806524276733,8.95279312133789,x,1.8_2.0_2.2
58,5.761818181818182,5.862727272727272,18,0.3588888888888889,0.4116666666666666,92,0.0436418242752552,0.009438727051019669,0.525969386100769,0.38253796100616455,8.586094856262207,x,1.8_2.0_2.2
58,5.761818181818182,5.862727272727272,19,0.4116666666666666,0.46444444444444444,35,0.0328863225877285,0.0053587197326123714,0.5353577733039856,0.4306267201900482,7.377180576324463,x,1.8_2.0_2.2
58,5.761818181818182,5.862727272727272,20,0.46444444444444444,0.5172222222222222,7,0.019421745091676712,0.005031998734921217,0.538196861743927,0.48140454292297363,6.14303731918335,x,1.8_2.0_2.2
59,5.862727272727272,5.963636363636363,3,-0.46727272727272723,-0.4159090909090909,59,-0.06541813910007477,0.12745045125484467,-0.1457652747631073,-0.4360496699810028,8.315559387207031,x,1.8_2.0_2.2
59,5.862727272727272,5.963636363636363,4,-0.4159090909090909,-0.3645454545454545,101,-0.07270843535661697,0.10932335257530212,0.01951991394162178,-0.3892030119895935,12.482629776000977,x,1.8_2.0_2.2
59,5.862727272727272,5.963636363636363,5,-0.3645454545454545,-0.3131818181818181,318,-0.07816020399332047,0.12394518405199051,-0.038677360862493515,-0.3369142413139343,11.094910621643066,x,1.8_2.0_2.2
59,5.862727272727272,5.963636363636363,6,-0.3131818181818181,-0.2618181818181818,436,-0.06811269372701645,0.12388620525598526,-0.03941752761602402,-0.28378573060035706,12.137654304504395,x,1.8_2.0_2.2
59,5.862727272727272,5.963636363636363,7,-0.2618181818181818,-0.21045454545454545,626,-0.08062484115362167,0.15394143760204315,0.054622832685709,-0.23587855696678162,13.937690734863281,x,1.8_2.0_2.2
59,5.862727272727272,5.963636363636363,8,-0.21045454545454545,-0.15909090909090906,533,-0.12686468660831451,0.21558812260627747,0.07543518394231796,-0.18710555136203766,13.65647029876709,x,1.8_2.0_2.2
59,5.862727272727272,5.963636363636363,9,-0.15909090909090906,-0.10772727272727267,351,-0.040627289563417435,0.2770956754684448,-0.05776137486100197,-0.1329476684331894,15.507155418395996,x,1.8_2.0_2.2
59,5.862727272727272,5.963636363636363,10,-0.10772727272727267,-0.05636363636363628,409,-0.09101410210132599,0.5437551140785217,-0.048137351870536804,-0.08405908197164536,12.640825271606445,x,1.8_2.0_2.2
59,5.862727272727272,5.963636363636363,11,-0.05636363636363628,-0.0050000000000000044,302,-0.87190181016922,2.192279100418091,0.16623280942440033,-0.033226128667593,11.952252388000488,x,1.8_2.0_2.2
59,5.862727272727272,5.963636363636363,13,0.095,0.14777777777777779,252,0.10302601754665375,0.19629287719726562,0.2521905303001404,0.116265207529068,9.609566688537598,x,1.8_2.0_2.2
59,5.862727272727272,5.963636363636363,14,0.14777777777777779,0.20055555555555554,179,0.10823190957307816,0.06023649126291275,0.3598423898220062,0.17366428673267365,10.350403785705566,x,1.8_2.0_2.2
59,5.862727272727272,5.963636363636363,15,0.20055555555555554,0.2533333333333333,271,0.03964889049530029,0.039187997579574585,0.31575822830200195,0.2320222556591034,8.261971473693848,x,1.8_2.0_2.2
59,5.862727272727272,5.963636363636363,16,0.2533333333333333,0.3061111111111111,245,0.0218682698905468,0.038423094898462296,0.32796767354011536,0.27275392413139343,7.908812046051025,x,1.8_2.0_2.2
59,5.862727272727272,5.963636363636363,17,0.3061111111111111,0.3588888888888889,187,0.03513133525848389,0.030933234840631485,0.438593327999115,0.33329686522483826,9.019745826721191,x,1.8_2.0_2.2
59,5.862727272727272,5.963636363636363,18,0.3588888888888889,0.4116666666666666,89,0.043609123677015305,0.008793058805167675,0.5267355442047119,0.3824777901172638,8.680155754089355,x,1.8_2.0_2.2
59,5.862727272727272,5.963636363636363,19,0.4116666666666666,0.46444444444444444,35,0.0328863225877285,0.0053587197326123714,0.5353577733039856,0.4306267201900482,7.377180576324463,x,1.8_2.0_2.2
59,5.862727272727272,5.963636363636363,20,0.46444444444444444,0.5172222222222222,5,0.01905163563787937,0.0059129358269274235,0.5384510159492493,0.4816243648529053,6.281877517700195,x,1.8_2.0_2.2
60,5.963636363636363,6.0645454545454545,3,-0.46727272727272723,-0.4159090909090909,58,-0.06699653714895248,0.1280624270439148,-0.1400875598192215,-0.4357103705406189,8.3571138381958,x,1.8_2.0_2.2
60,5.963636363636363,6.0645454545454545,4,-0.4159090909090909,-0.3645454545454545,99,-0.06948675215244293,0.10390952229499817,0.012411561794579029,-0.38953834772109985,12.616068840026855,x,1.8_2.0_2.2
60,5.963636363636363,6.0645454545454545,5,-0.3645454545454545,-0.3131818181818181,310,-0.07692933827638626,0.12142457067966461,-0.03927558287978172,-0.3368723690509796,11.228630065917969,x,1.8_2.0_2.2
60,5.963636363636363,6.0645454545454545,6,-0.3131818181818181,-0.2618181818181818,428,-0.06916095316410065,0.12349411100149155,-0.03618239983916283,-0.28392931818962097,12.253581047058105,x,1.8_2.0_2.2
60,5.963636363636363,6.0645454545454545,7,-0.2618181818181818,-0.21045454545454545,615,-0.0795980766415596,0.15130633115768433,0.055267054587602615,-0.23591546714305878,14.081209182739258,x,1.8_2.0_2.2
60,5.963636363636363,6.0645454545454545,8,-0.21045454545454545,-0.15909090909090906,516,-0.11970791965723038,0.2110079675912857,0.07069598138332367,-0.18716460466384888,13.911590576171875,x,1.8_2.0_2.2
60,5.963636363636363,6.0645454545454545,9,-0.15909090909090906,-0.10772727272727267,345,-0.03656730800867081,0.2696523070335388,-0.06155480071902275,-0.13297565281391144,15.674182891845703,x,1.8_2.0_2.2
60,5.963636363636363,6.0645454545454545,10,-0.10772727272727267,-0.05636363636363628,403,-0.08244174718856812,0.5385591983795166,-0.05212332680821419,-0.08404102176427841,12.741031646728516,x,1.8_2.0_2.2
60,5.963636363636363,6.0645454545454545,11,-0.05636363636363628,-0.0050000000000000044,299,-0.8698736429214478,2.1387972831726074,0.16703182458877563,-0.033286597579717636,12.012585639953613,x,1.8_2.0_2.2
60,5.963636363636363,6.0645454545454545,13,0.095,0.14777777777777779,245,0.11005336791276932,0.19268198311328888,0.25837039947509766,0.11641624569892883,9.71553897857666,x,1.8_2.0_2.2
60,5.963636363636363,6.0645454545454545,14,0.14777777777777779,0.20055555555555554,173,0.1067766323685646,0.05821876972913742,0.3598622977733612,0.17339424788951874,10.503850936889648,x,1.8_2.0_2.2
60,5.963636363636363,6.0645454545454545,15,0.20055555555555554,0.2533333333333333,256,0.039268750697374344,0.038178518414497375,0.316092312335968,0.2317097783088684,8.398637771606445,x,1.8_2.0_2.2
60,5.963636363636363,6.0645454545454545,16,0.2533333333333333,0.3061111111111111,229,0.019939513877034187,0.03763860464096069,0.3263513147830963,0.2725275456905365,8.047918319702148,x,1.8_2.0_2.2
60,5.963636363636363,6.0645454545454545,17,0.3061111111111111,0.3588888888888889,182,0.03451383113861084,0.030562231317162514,0.4387519061565399,0.33360448479652405,9.10508918762207,x,1.8_2.0_2.2
60,5.963636363636363,6.0645454545454545,18,0.3588888888888889,0.4116666666666666,88,0.04365530237555504,0.00883133802562952,0.5275423526763916,0.3826417028903961,8.711745262145996,x,1.8_2.0_2.2
60,5.963636363636363,6.0645454545454545,19,0.4116666666666666,0.46444444444444444,34,0.0330941416323185,0.005195658653974533,0.5359671115875244,0.4300241768360138,7.4202423095703125,x,1.8_2.0_2.2
60,5.963636363636363,6.0645454545454545,20,0.46444444444444444,0.5172222222222222,5,0.01905163563787937,0.0059129358269274235,0.5384510159492493,0.4816243648529053,6.281877517700195,x,1.8_2.0_2.2
61,6.0645454545454545,6.165454545454545,3,-0.46727272727272723,-0.4159090909090909,58,-0.06699653714895248,0.1280624270439148,-0.1400875598192215,-0.4357103705406189,8.3571138381958,x,1.8_2.0_2.2
61,6.0645454545454545,6.165454545454545,4,-0.4159090909090909,-0.3645454545454545,98,-0.07085053622722626,0.10354118794202805,0.017766393721103668,-0.38967397809028625,12.683553695678711,x,1.8_2.0_2.2
61,6.0645454545454545,6.165454545454545,5,-0.3645454545454545,-0.3131818181818181,306,-0.07608075439929962,0.12027671933174133,-0.039438944309949875,-0.33683568239212036,11.296852111816406,x,1.8_2.0_2.2
61,6.0645454545454545,6.165454545454545,6,-0.3131818181818181,-0.2618181818181818,416,-0.06924652308225632,0.12158069014549255,-0.033883992582559586,-0.2839483618736267,12.433853149414062,x,1.8_2.0_2.2
61,6.0645454545454545,6.165454545454545,7,-0.2618181818181818,-0.21045454545454545,601,-0.07797760516405106,0.14612604677677155,0.054947927594184875,-0.2360309213399887,14.269290924072266,x,1.8_2.0_2.2
61,6.0645454545454545,6.165454545454545,8,-0.21045454545454545,-0.15909090909090906,502,-0.11485110968351364,0.2056436687707901,0.06714706122875214,-0.1869787722826004,14.131464004516602,x,1.8_2.0_2.2
61,6.0645454545454545,6.165454545454545,9,-0.15909090909090906,-0.10772727272727267,341,-0.036512017250061035,0.2643207311630249,-0.06173964589834213,-0.1330733299255371,15.787297248840332,x,1.8_2.0_2.2
61,6.0645454545454545,6.165454545454545,10,-0.10772727272727267,-0.05636363636363628,396,-0.0758555680513382,0.5340787768363953,-0.05521240457892418,-0.08382945507764816,12.859813690185547,x,1.8_2.0_2.2
61,6.0645454545454545,6.165454545454545,11,-0.05636363636363628,-0.0050000000000000044,298,-0.8624817728996277,2.1384775638580322,0.16642123460769653,-0.03333359211683273,12.032587051391602,x,1.8_2.0_2.2
61,6.0645454545454545,6.165454545454545,13,0.095,0.14777777777777779,240,0.10959720611572266,0.18749083578586578,0.2585669755935669,0.11646632105112076,9.7923583984375,x,1.8_2.0_2.2
61,6.0645454545454545,6.165454545454545,14,0.14777777777777779,0.20055555555555554,168,0.10556092113256454,0.058687031269073486,0.36139607429504395,0.173685222864151,10.637449264526367,x,1.8_2.0_2.2
61,6.0645454545454545,6.165454545454545,15,0.20055555555555554,0.2533333333333333,241,0.040145304054021835,0.0373474583029747,0.3186628520488739,0.23161154985427856,8.54708480834961,x,1.8_2.0_2.2
61,6.0645454545454545,6.165454545454545,16,0.2533333333333333,0.3061111111111111,214,0.019030798226594925,0.03700054809451103,0.32642921805381775,0.27253201603889465,8.190162658691406,x,1.8_2.0_2.2
61,6.0645454545454545,6.165454545454545,17,0.3061111111111111,0.3588888888888889,179,0.033868275582790375,0.03044208697974682,0.4382743537425995,0.3336189389228821,9.156864166259766,x,1.8_2.0_2.2
61,6.0645454545454545,6.165454545454545,18,0.3588888888888889,0.4116666666666666,86,0.04345759376883507,0.008822965435683727,0.5279388427734375,0.38244935870170593,8.774218559265137,x,1.8_2.0_2.2
61,6.0645454545454545,6.165454545454545,19,0.4116666666666666,0.46444444444444444,33,0.03330112248659134,0.004927273839712143,0.5363320708274841,0.4290856420993805,7.462475776672363,x,1.8_2.0_2.2
62,6.165454545454545,6.266363636363636,3,-0.46727272727272723,-0.4159090909090909,57,-0.06921079009771347,0.12828801572322845,-0.13273462653160095,-0.43527597188949585,8.39698314666748,x,1.8_2.0_2.2
62,6.165454545454545,6.266363636363636,4,-0.4159090909090909,-0.3645454545454545,98,-0.07085053622722626,0.10354118794202805,0.017766393721103668,-0.38967397809028625,12.683553695678711,x,1.8_2.0_2.2
62,6.165454545454545,6.266363636363636,5,-0.3645454545454545,-0.3131818181818181,301,-0.07707680761814117,0.11989878118038177,-0.03628985583782196,-0.33658117055892944,11.382869720458984,x,1.8_2.0_2.2
62,6.165454545454545,6.266363636363636,6,-0.3131818181818181,-0.2618181818181818,411,-0.06827758252620697,0.12063398957252502,-0.03454672545194626,-0.2839982509613037,12.510475158691406,x,1.8_2.0_2.2
62,6.165454545454545,6.266363636363636,7,-0.2618181818181818,-0.21045454545454545,587,-0.07995691895484924,0.14543935656547546,0.06156940758228302,-0.23607982695102692,14.46359634399414,x,1.8_2.0_2.2
62,6.165454545454545,6.266363636363636,8,-0.21045454545454545,-0.15909090909090906,493,-0.10960772633552551,0.19917020201683044,0.06075650453567505,-0.18694749474525452,14.277780532836914,x,1.8_2.0_2.2
62,6.165454545454545,6.266363636363636,9,-0.15909090909090906,-0.10772727272727267,336,-0.03343861922621727,0.26219800114631653,-0.06424572318792343,-0.13299956917762756,15.931224822998047,x,1.8_2.0_2.2
62,6.165454545454545,6.266363636363636,10,-0.10772727272727267,-0.05636363636363628,390,-0.0712820440530777,0.5281140208244324,-0.057354383170604706,-0.08384095877408981,12.963716506958008,x,1.8_2.0_2.2
62,6.165454545454545,6.266363636363636,11,-0.05636363636363628,-0.0050000000000000044,295,-0.8452375531196594,2.095163345336914,0.1639401912689209,-0.033462170511484146,12.092910766601562,x,1.8_2.0_2.2
62,6.165454545454545,6.266363636363636,13,0.095,0.14777777777777779,236,0.10891652852296829,0.18503572046756744,0.2585713267326355,0.11646689474582672,9.854879379272461,x,1.8_2.0_2.2
62,6.165454545454545,6.266363636363636,14,0.14777777777777779,0.20055555555555554,163,0.10441545397043228,0.05356120690703392,0.3605715334415436,0.1734582632780075,10.776585578918457,x,1.8_2.0_2.2
62,6.165454545454545,6.266363636363636,15,0.20055555555555554,0.2533333333333333,233,0.0393306203186512,0.03689863160252571,0.3181892931461334,0.23141558468341827,8.630659103393555,x,1.8_2.0_2.2
62,6.165454545454545,6.266363636363636,16,0.2533333333333333,0.3061111111111111,202,0.01686628721654415,0.036150459200143814,0.32477042078971863,0.2726479768753052,8.313299179077148,x,1.8_2.0_2.2
62,6.165454545454545,6.266363636363636,17,0.3061111111111111,0.3588888888888889,176,0.03324450924992561,0.030260151252150536,0.4380391836166382,0.3339032232761383,9.208333969116211,x,1.8_2.0_2.2
62,6.165454545454545,6.266363636363636,18,0.3588888888888889,0.4116666666666666,85,0.04352130740880966,0.008855755440890789,0.5282033681869507,0.38215529918670654,8.805230140686035,x,1.8_2.0_2.2
62,6.165454545454545,6.266363636363636,19,0.4116666666666666,0.46444444444444444,32,0.03306380659341812,0.0046584270894527435,0.535976767539978,0.4289829134941101,7.505321979522705,x,1.8_2.0_2.2
63,6.266363636363636,6.367272727272727,3,-0.46727272727272723,-0.4159090909090909,56,-0.07096361368894577,0.12888169288635254,-0.12663455307483673,-0.4349750876426697,8.436062812805176,x,1.8_2.0_2.2
63,6.266363636363636,6.367272727272727,4,-0.4159090909090909,-0.3645454545454545,98,-0.07085053622722626,0.10354118794202805,0.017766393721103668,-0.38967397809028625,12.683553695678711,x,1.8_2.0_2.2
63,6.266363636363636,6.367272727272727,5,-0.3645454545454545,-0.3131818181818181,289,-0.07551794499158859,0.11772888898849487,-0.03531019017100334,-0.3369133174419403,11.596988677978516,x,1.8_2.0_2.2
63,6.266363636363636,6.367272727272727,6,-0.3131818181818181,-0.2618181818181818,399,-0.06852851063013077,0.1194574162364006,-0.031425707042217255,-0.28409677743911743,12.699845314025879,x,1.8_2.0_2.2
63,6.266363636363636,6.367272727272727,7,-0.2618181818181818,-0.21045454545454545,570,-0.07873544842004776,0.1434416025876999,0.06465526670217514,-0.23589542508125305,14.709487915039062,x,1.8_2.0_2.2
63,6.266363636363636,6.367272727272727,8,-0.21045454545454545,-0.15909090909090906,480,-0.10393006354570389,0.1924866884946823,0.05529116839170456,-0.18683534860610962,14.496612548828125,x,1.8_2.0_2.2
63,6.266363636363636,6.367272727272727,9,-0.15909090909090906,-0.10772727272727267,333,-0.034481968730688095,0.2622814476490021,-0.0629943311214447,-0.1330728977918625,16.018842697143555,x,1.8_2.0_2.2
63,6.266363636363636,6.367272727272727,10,-0.10772727272727267,-0.05636363636363628,384,-0.06226952373981476,0.5230987668037415,-0.0618181936442852,-0.08373430371284485,13.069127082824707,x,1.8_2.0_2.2
63,6.266363636363636,6.367272727272727,11,-0.05636363636363628,-0.0050000000000000044,294,-0.8539391160011292,2.0349230766296387,0.16615627706050873,-0.0335426963865757,12.113053321838379,x,1.8_2.0_2.2
63,6.266363636363636,6.367272727272727,13,0.095,0.14777777777777779,233,0.11159303039312363,0.18402571976184845,0.2608630955219269,0.11641532927751541,9.90163516998291,x,1.8_2.0_2.2
63,6.266363636363636,6.367272727272727,14,0.14777777777777779,0.20055555555555554,161,0.1041746512055397,0.05381208658218384,0.3612464368343353,0.17353470623493195,10.833121299743652,x,1.8_2.0_2.2
63,6.266363636363636,6.367272727272727,15,0.20055555555555554,0.2533333333333333,221,0.03861244022846222,0.036479681730270386,0.31869927048683167,0.2312396615743637,8.761566162109375,x,1.8_2.0_2.2
63,6.266363636363636,6.367272727272727,16,0.2533333333333333,0.3061111111111111,192,0.015768663957715034,0.03448847308754921,0.3232789635658264,0.27232488989830017,8.422098159790039,x,1.8_2.0_2.2
63,6.266363636363636,6.367272727272727,17,0.3061111111111111,0.3588888888888889,174,0.033489882946014404,0.030236700549721718,0.4387599527835846,0.3338269591331482,9.24306869506836,x,1.8_2.0_2.2
63,6.266363636363636,6.367272727272727,18,0.3588888888888889,0.4116666666666666,82,0.04357144236564636,0.008991330862045288,0.5306211113929749,0.382766991853714,8.899544715881348,x,1.8_2.0_2.2
63,6.266363636363636,6.367272727272727,19,0.4116666666666666,0.46444444444444444,30,0.033319566398859024,0.004501090385019779,0.5373458862304688,0.4283545911312103,7.592764377593994,x,1.8_2.0_2.2
64,6.367272727272727,6.468181818181818,3,-0.46727272727272723,-0.4159090909090909,55,-0.06682808697223663,0.12694379687309265,-0.13571961224079132,-0.434579074382782,8.475305557250977,x,1.8_2.0_2.2
64,6.367272727272727,6.468181818181818,4,-0.4159090909090909,-0.3645454545454545,97,-0.07224686443805695,0.10315018892288208,0.02323947288095951,-0.3898599445819855,12.748783111572266,x,1.8_2.0_2.2
64,6.367272727272727,6.468181818181818,5,-0.3645454545454545,-0.3131818181818181,278,-0.07444998621940613,0.11622761934995651,-0.03379957377910614,-0.3366336524486542,11.806158065795898,x,1.8_2.0_2.2
64,6.367272727272727,6.468181818181818,6,-0.3131818181818181,-0.2618181818181818,390,-0.06663604825735092,0.11849798262119293,-0.0325048603117466,-0.2841140329837799,12.847060203552246,x,1.8_2.0_2.2
64,6.367272727272727,6.468181818181818,7,-0.2618181818181818,-0.21045454545454545,552,-0.07728174328804016,0.13986322283744812,0.06696007400751114,-0.2359645962715149,14.98347282409668,x,1.8_2.0_2.2
64,6.367272727272727,6.468181818181818,8,-0.21045454545454545,-0.15909090909090906,467,-0.10131566226482391,0.18701289594173431,0.05338509380817413,-0.18684963881969452,14.724746704101562,x,1.8_2.0_2.2
64,6.367272727272727,6.468181818181818,9,-0.15909090909090906,-0.10772727272727267,330,-0.03275749832391739,0.2618754208087921,-0.06445375829935074,-0.13296547532081604,16.107023239135742,x,1.8_2.0_2.2
64,6.367272727272727,6.468181818181818,10,-0.10772727272727267,-0.05636363636363628,381,-0.06424393504858017,0.5216387510299683,-0.06067715212702751,-0.08359583467245102,13.122330665588379,x,1.8_2.0_2.2
64,6.367272727272727,6.468181818181818,11,-0.05636363636363628,-0.0050000000000000044,292,-0.8392256498336792,1.971753716468811,0.16494868695735931,-0.033682145178318024,12.152758598327637,x,1.8_2.0_2.2
64,6.367272727272727,6.468181818181818,13,0.095,0.14777777777777779,228,0.11638444662094116,0.17977787554264069,0.26511701941490173,0.11648116260766983,9.980585098266602,x,1.8_2.0_2.2
64,6.367272727272727,6.468181818181818,14,0.14777777777777779,0.20055555555555554,157,0.10280852764844894,0.0540391281247139,0.36199113726615906,0.17358718812465668,10.947660446166992,x,1.8_2.0_2.2
64,6.367272727272727,6.468181818181818,15,0.20055555555555554,0.2533333333333333,211,0.038163360208272934,0.03470302373170853,0.31880277395248413,0.23097550868988037,8.877202033996582,x,1.8_2.0_2.2
64,6.367272727272727,6.468181818181818,16,0.2533333333333333,0.3061111111111111,179,0.014065921306610107,0.032551851123571396,0.32164520025253296,0.27251362800598145,8.575858116149902,x,1.8_2.0_2.2
64,6.367272727272727,6.468181818181818,17,0.3061111111111111,0.3588888888888889,166,0.03314821794629097,0.030473485589027405,0.44017985463142395,0.334038108587265,9.383194923400879,x,1.8_2.0_2.2
64,6.367272727272727,6.468181818181818,18,0.3588888888888889,0.4116666666666666,80,0.043653737753629684,0.009096743538975716,0.5320395231246948,0.38305240869522095,8.964055061340332,x,1.8_2.0_2.2
64,6.367272727272727,6.468181818181818,19,0.4116666666666666,0.46444444444444444,29,0.033541154116392136,0.0044291261583566666,0.537333071231842,0.4273121654987335,7.638082027435303,x,1.8_2.0_2.2
65,6.468181818181818,6.569090909090908,3,-0.46727272727272723,-0.4159090909090909,55,-0.06682808697223663,0.12694379687309265,-0.13571961224079132,-0.434579074382782,8.475305557250977,x,1.8_2.0_2.2
65,6.468181818181818,6.569090909090908,4,-0.4159090909090909,-0.3645454545454545,97,-0.07224686443805695,0.10315018892288208,0.02323947288095951,-0.3898599445819855,12.748783111572266,x,1.8_2.0_2.2
65,6.468181818181818,6.569090909090908,5,-0.3645454545454545,-0.3131818181818181,272,-0.07341323792934418,0.11426214873790741,-0.034384243190288544,-0.3365597128868103,11.925030708312988,x,1.8_2.0_2.2
65,6.468181818181818,6.569090909090908,6,-0.3131818181818181,-0.2618181818181818,381,-0.06731396913528442,0.11849832534790039,-0.02888663485646248,-0.2841295003890991,12.998982429504395,x,1.8_2.0_2.2
65,6.468181818181818,6.569090909090908,7,-0.2618181818181818,-0.21045454545454545,542,-0.07793256640434265,0.13756915926933289,0.07022503018379211,-0.23597103357315063,15.141626358032227,x,1.8_2.0_2.2
65,6.468181818181818,6.569090909090908,8,-0.21045454545454545,-0.15909090909090906,461,-0.09873463958501816,0.1829870194196701,0.049792688339948654,-0.18672871589660645,14.832666397094727,x,1.8_2.0_2.2
65,6.468181818181818,6.569090909090908,9,-0.15909090909090906,-0.10772727272727267,328,-0.030231349170207977,0.25975313782691956,-0.06715936213731766,-0.1328265219926834,16.166133880615234,x,1.8_2.0_2.2
65,6.468181818181818,6.569090909090908,10,-0.10772727272727267,-0.05636363636363628,376,-0.06146308779716492,0.5175161361694336,-0.06180465593934059,-0.08352388441562653,13.211343765258789,x,1.8_2.0_2.2
65,6.468181818181818,6.569090909090908,11,-0.05636363636363628,-0.0050000000000000044,290,-0.8552622199058533,1.8942290544509888,0.16945937275886536,-0.03378293663263321,12.192342758178711,x,1.8_2.0_2.2
65,6.468181818181818,6.569090909090908,13,0.095,0.14777777777777779,220,0.11974012106657028,0.1758287250995636,0.26854828000068665,0.11632456630468369,10.109838485717773,x,1.8_2.0_2.2
65,6.468181818181818,6.569090909090908,14,0.14777777777777779,0.20055555555555554,155,0.10229715704917908,0.054056037217378616,0.3624175190925598,0.17351938784122467,11.00626277923584,x,1.8_2.0_2.2
65,6.468181818181818,6.569090909090908,15,0.20055555555555554,0.2533333333333333,193,0.03959165886044502,0.034311797469854355,0.32286086678504944,0.23042716085910797,9.106549263000488,x,1.8_2.0_2.2
65,6.468181818181818,6.569090909090908,16,0.2533333333333333,0.3061111111111111,170,0.013604952022433281,0.032157547771930695,0.32151392102241516,0.27237287163734436,8.68968391418457,x,1.8_2.0_2.2
65,6.468181818181818,6.569090909090908,17,0.3061111111111111,0.3588888888888889,156,0.03195062279701233,0.030279099941253662,0.4405584931373596,0.3343679904937744,9.573498725891113,x,1.8_2.0_2.2
65,6.468181818181818,6.569090909090908,18,0.3588888888888889,0.4116666666666666,76,0.04311768338084221,0.008004797622561455,0.5319228172302246,0.38296395540237427,9.098137855529785,x,1.8_2.0_2.2
65,6.468181818181818,6.569090909090908,19,0.4116666666666666,0.46444444444444444,27,0.03402804955840111,0.00423789769411087,0.538857102394104,0.42645740509033203,7.72762393951416,x,1.8_2.0_2.2
66,6.569090909090908,6.67,3,-0.46727272727272723,-0.4159090909090909,52,-0.06666890531778336,0.12586812674999237,-0.13084453344345093,-0.4338170886039734,8.586873054504395,x,1.8_2.0_2.2
66,6.569090909090908,6.67,4,-0.4159090909090909,-0.3645454545454545,96,-0.07058119773864746,0.10089168697595596,0.019624637439846992,-0.39012351632118225,12.813870429992676,x,1.8_2.0_2.2
66,6.569090909090908,6.67,5,-0.3645454545454545,-0.3131818181818181,265,-0.07483948767185211,0.11428427696228027,-0.028787119314074516,-0.3363824784755707,12.067584991455078,x,1.8_2.0_2.2
66,6.569090909090908,6.67,6,-0.3131818181818181,-0.2618181818181818,375,-0.06658387929201126,0.11796495318412781,-0.028509333729743958,-0.2841835021972656,13.102584838867188,x,1.8_2.0_2.2
66,6.569090909090908,6.67,7,-0.2618181818181818,-0.21045454545454545,529,-0.0757865384221077,0.13456706702709198,0.07028602808713913,-0.23602810502052307,15.353848457336426,x,1.8_2.0_2.2
66,6.569090909090908,6.67,8,-0.21045454545454545,-0.15909090909090906,451,-0.09541970491409302,0.17725150287151337,0.045575596392154694,-0.186638742685318,15.017119407653809,x,1.8_2.0_2.2
66,6.569090909090908,6.67,9,-0.15909090909090906,-0.10772727272727267,327,-0.031450919806957245,0.2592443823814392,-0.06598659604787827,-0.13281816244125366,16.195682525634766,x,1.8_2.0_2.2
66,6.569090909090908,6.67,10,-0.10772727272727267,-0.05636363636363628,371,-0.06749696284532547,0.5124202370643616,-0.058509763330221176,-0.08345259726047516,13.301834106445312,x,1.8_2.0_2.2
66,6.569090909090908,6.67,11,-0.05636363636363628,-0.0050000000000000044,287,-0.8404951691627502,1.8809843063354492,0.1676325798034668,-0.03386599197983742,12.251744270324707,x,1.8_2.0_2.2
66,6.569090909090908,6.67,13,0.095,0.14777777777777779,215,0.12562519311904907,0.173924058675766,0.2735064625740051,0.11635757982730865,10.193105697631836,x,1.8_2.0_2.2
66,6.569090909090908,6.67,14,0.14777777777777779,0.20055555555555554,151,0.10110488533973694,0.054092083126306534,0.363131046295166,0.17359499633312225,11.125292778015137,x,1.8_2.0_2.2
66,6.569090909090908,6.67,15,0.20055555555555554,0.2533333333333333,181,0.03955656290054321,0.03494897857308388,0.32478606700897217,0.2301359623670578,9.277099609375,x,1.8_2.0_2.2
66,6.569090909090908,6.67,16,0.2533333333333333,0.3061111111111111,165,0.013644018210470676,0.03183987736701965,0.3221248388290405,0.2723754048347473,8.75466537475586,x,1.8_2.0_2.2
66,6.569090909090908,6.67,17,0.3061111111111111,0.3588888888888889,148,0.031770769506692886,0.030422767624258995,0.44221970438957214,0.33431145548820496,9.739033699035645,x,1.8_2.0_2.2
66,6.569090909090908,6.67,18,0.3588888888888889,0.4116666666666666,76,0.04311768338084221,0.008004797622561455,0.5319228172302246,0.38296395540237427,9.098137855529785,x,1.8_2.0_2.2
66,6.569090909090908,6.67,19,0.4116666666666666,0.46444444444444444,26,0.03422751650214195,0.00416294950991869,0.5393668413162231,0.42582273483276367,7.77337646484375,x,1.8_2.0_2.2
67,6.67,6.7709090909090905,3,-0.46727272727272723,-0.4159090909090909,51,-0.06424695998430252,0.12398897856473923,-0.14069214463233948,-0.433407723903656,8.625922203063965,x,1.8_2.0_2.2
67,6.67,6.7709090909090905,4,-0.4159090909090909,-0.3645454545454545,96,-0.07058119773864746,0.10089168697595596,0.019624637439846992,-0.39012351632118225,12.813870429992676,x,1.8_2.0_2.2
67,6.67,6.7709090909090905,5,-0.3645454545454545,-0.3131818181818181,261,-0.07640966027975082,0.11454765498638153,-0.024176819249987602,-0.3364201486110687,12.151341438293457,x,1.8_2.0_2.2
67,6.67,6.7709090909090905,6,-0.3131818181818181,-0.2618181818181818,365,-0.0643971785902977,0.11658930033445358,-0.029424143955111504,-0.2841787338256836,13.280133247375488,x,1.8_2.0_2.2
67,6.67,6.7709090909090905,7,-0.2618181818181818,-0.21045454545454545,517,-0.07628464698791504,0.13091284036636353,0.07354017347097397,-0.23606806993484497,15.55665111541748,x,1.8_2.0_2.2
67,6.67,6.7709090909090905,8,-0.21045454545454545,-0.15909090909090906,447,-0.09479330480098724,0.17668753862380981,0.04566081985831261,-0.186593696475029,15.092284202575684,x,1.8_2.0_2.2
67,6.67,6.7709090909090905,9,-0.15909090909090906,-0.10772727272727267,326,-0.03126569464802742,0.25963011384010315,-0.06598874926567078,-0.13279932737350464,16.224933624267578,x,1.8_2.0_2.2
67,6.67,6.7709090909090905,10,-0.10772727272727267,-0.05636363636363628,365,-0.06674499064683914,0.5097304582595825,-0.05849263444542885,-0.08316954225301743,13.411432266235352,x,1.8_2.0_2.2
67,6.67,6.7709090909090905,11,-0.05636363636363628,-0.0050000000000000044,281,-0.8482187986373901,1.7783633470535278,0.17198529839515686,-0.03394874557852745,12.371976852416992,x,1.8_2.0_2.2
67,6.67,6.7709090909090905,13,0.095,0.14777777777777779,212,0.1281690150499344,0.17161406576633453,0.2761785089969635,0.11651551723480225,10.243926048278809,x,1.8_2.0_2.2
67,6.67,6.7709090909090905,14,0.14777777777777779,0.20055555555555554,151,0.10110488533973694,0.054092083126306534,0.363131046295166,0.17359499633312225,11.125292778015137,x,1.8_2.0_2.2
67,6.67,6.7709090909090905,15,0.20055555555555554,0.2533333333333333,171,0.040004611015319824,0.034885454922914505,0.32692137360572815,0.22970132529735565,9.431670188903809,x,1.8_2.0_2.2
67,6.67,6.7709090909090905,16,0.2533333333333333,0.3061111111111111,157,0.012816347181797028,0.031385600566864014,0.3220182955265045,0.27246880531311035,8.863688468933105,x,1.8_2.0_2.2
67,6.67,6.7709090909090905,17,0.3061111111111111,0.3588888888888889,139,0.03079318068921566,0.030031882226467133,0.44221949577331543,0.334112286567688,9.941309928894043,x,1.8_2.0_2.2
67,6.67,6.7709090909090905,18,0.3588888888888889,0.4116666666666666,74,0.04312095791101456,0.00808037631213665,0.5330354571342468,0.38297587633132935,9.16551399230957,x,1.8_2.0_2.2
67,6.67,6.7709090909090905,19,0.4116666666666666,0.46444444444444444,23,0.034399308264255524,0.00331321288831532,0.539869487285614,0.4246220886707306,7.9224042892456055,x,1.8_2.0_2.2
68,6.7709090909090905,6.871818181818181,3,-0.46727272727272723,-0.4159090909090909,50,-0.06664635986089706,0.1243080198764801,-0.1325335055589676,-0.4330201745033264,8.665021896362305,x,1.8_2.0_2.2
68,6.7709090909090905,6.871818181818181,4,-0.4159090909090909,-0.3645454545454545,95,-0.0720047801733017,0.10047630220651627,0.02523215487599373,-0.39037299156188965,12.877729415893555,x,1.8_2.0_2.2
68,6.7709090909090905,6.871818181818181,5,-0.3645454545454545,-0.3131818181818181,253,-0.07494243234395981,0.11248768121004105,-0.024441394954919815,-0.3360596001148224,12.32299518585205,x,1.8_2.0_2.2
68,6.7709090909090905,6.871818181818181,6,-0.3131818181818181,-0.2618181818181818,360,-0.06423646211624146,0.11657959967851639,-0.02794915810227394,-0.2842133343219757,13.371421813964844,x,1.8_2.0_2.2
68,6.7709090909090905,6.871818181818181,7,-0.2618181818181818,-0.21045454545454545,510,-0.07386889308691025,0.13003599643707275,0.07241107523441315,-0.23601002991199493,15.678140640258789,x,1.8_2.0_2.2
68,6.7709090909090905,6.871818181818181,8,-0.21045454545454545,-0.15909090909090906,444,-0.09499392658472061,0.1768890619277954,0.046648137271404266,-0.1865498274564743,15.148953437805176,x,1.8_2.0_2.2
68,6.7709090909090905,6.871818181818181,9,-0.15909090909090906,-0.10772727272727267,321,-0.03362001106142998,0.2560425400733948,-0.0636853575706482,-0.1328912079334259,16.37308120727539,x,1.8_2.0_2.2
68,6.7709090909090905,6.871818181818181,10,-0.10772727272727267,-0.05636363636363628,360,-0.05563761293888092,0.5058526396751404,-0.06448259204626083,-0.08309998363256454,13.504423141479492,x,1.8_2.0_2.2
68,6.7709090909090905,6.871818181818181,11,-0.05636363636363628,-0.0050000000000000044,275,-0.8228779435157776,1.7903025150299072,0.1674491912126541,-0.03387182205915451,12.495051383972168,x,1.8_2.0_2.2
68,6.7709090909090905,6.871818181818181,13,0.095,0.14777777777777779,202,0.13528276979923248,0.16374093294143677,0.283863365650177,0.11688019335269928,10.4182710647583,x,1.8_2.0_2.2
68,6.7709090909090905,6.871818181818181,14,0.14777777777777779,0.20055555555555554,145,0.09823016077280045,0.05120304599404335,0.3616933226585388,0.17334719002246857,11.307734489440918,x,1.8_2.0_2.2
68,6.7709090909090905,6.871818181818181,15,0.20055555555555554,0.2533333333333333,159,0.04173571616411209,0.03426310792565346,0.331091046333313,0.22877876460552216,9.63658332824707,x,1.8_2.0_2.2
68,6.7709090909090905,6.871818181818181,16,0.2533333333333333,0.3061111111111111,150,0.012812807224690914,0.031537238508462906,0.3228430151939392,0.27240368723869324,8.963337898254395,x,1.8_2.0_2.2
68,6.7709090909090905,6.871818181818181,17,0.3061111111111111,0.3588888888888889,127,0.028720103204250336,0.02980661951005459,0.44177454710006714,0.3342396914958954,10.244451522827148,x,1.8_2.0_2.2
68,6.7709090909090905,6.871818181818181,18,0.3588888888888889,0.4116666666666666,72,0.04326920956373215,0.008129976689815521,0.5339995622634888,0.38264334201812744,9.23280143737793,x,1.8_2.0_2.2
68,6.7709090909090905,6.871818181818181,19,0.4116666666666666,0.46444444444444444,23,0.034399308264255524,0.00331321288831532,0.539869487285614,0.4246220886707306,7.9224042892456055,x,1.8_2.0_2.2
69,6.871818181818181,6.972727272727273,3,-0.46727272727272723,-0.4159090909090909,46,-0.06858380883932114,0.12401165068149567,-0.12066600471735,-0.43294015526771545,8.826786994934082,x,1.8_2.0_2.2
69,6.871818181818181,6.972727272727273,4,-0.4159090909090909,-0.3645454545454545,95,-0.0720047801733017,0.10047630220651627,0.02523215487599373,-0.39037299156188965,12.877729415893555,x,1.8_2.0_2.2
69,6.871818181818181,6.972727272727273,5,-0.3645454545454545,-0.3131818181818181,245,-0.07248023897409439,0.1095857322216034,-0.027687236666679382,-0.33584365248680115,12.502315521240234,x,1.8_2.0_2.2
69,6.871818181818181,6.972727272727273,6,-0.3131818181818181,-0.2618181818181818,352,-0.0616438202559948,0.1150161400437355,-0.030276136472821236,-0.2842554450035095,13.520401954650879,x,1.8_2.0_2.2
69,6.871818181818181,6.972727272727273,7,-0.2618181818181818,-0.21045454545454545,497,-0.07361805438995361,0.12830565869808197,0.07641958445310593,-0.2359866201877594,15.90982437133789,x,1.8_2.0_2.2
69,6.871818181818181,6.972727272727273,8,-0.21045454545454545,-0.15909090909090906,438,-0.0922442227602005,0.17520438134670258,0.04431912302970886,-0.186592236161232,15.262904167175293,x,1.8_2.0_2.2
69,6.871818181818181,6.972727272727273,9,-0.15909090909090906,-0.10772727272727267,318,-0.032288163900375366,0.25354915857315063,-0.06526105850934982,-0.13276810944080353,16.463146209716797,x,1.8_2.0_2.2
69,6.871818181818181,6.972727272727273,10,-0.10772727272727267,-0.05636363636363628,353,-0.047730930149555206,0.4987449645996094,-0.06838703155517578,-0.08319859206676483,13.636860847473145,x,1.8_2.0_2.2
69,6.871818181818181,6.972727272727273,11,-0.05636363636363628,-0.0050000000000000044,273,-0.8284412026405334,1.670846939086914,0.16921092569828033,-0.033953383564949036,12.536890029907227,x,1.8_2.0_2.2
69,6.871818181818181,6.972727272727273,13,0.095,0.14777777777777779,198,0.1391506940126419,0.1604585200548172,0.28820428252220154,0.11692144721746445,10.49100399017334,x,1.8_2.0_2.2
69,6.871818181818181,6.972727272727273,14,0.14777777777777779,0.20055555555555554,141,0.09756556153297424,0.05122658237814903,0.36225426197052,0.1730806678533554,11.435007095336914,x,1.8_2.0_2.2
69,6.871818181818181,6.972727272727273,15,0.20055555555555554,0.2533333333333333,154,0.04196794331073761,0.03420327603816986,0.33316877484321594,0.22873523831367493,9.72878646850586,x,1.8_2.0_2.2
69,6.871818181818181,6.972727272727273,16,0.2533333333333333,0.3061111111111111,142,0.011933282017707825,0.030515357851982117,0.32200953364372253,0.27191051840782166,9.083783149719238,x,1.8_2.0_2.2
69,6.871818181818181,6.972727272727273,17,0.3061111111111111,0.3588888888888889,121,0.027912693098187447,0.02989872731268406,0.44216904044151306,0.33404529094696045,10.413983345031738,x,1.8_2.0_2.2
69,6.871818181818181,6.972727272727273,18,0.3588888888888889,0.4116666666666666,72,0.04326920956373215,0.008129976689815521,0.5339995622634888,0.38264334201812744,9.23280143737793,x,1.8_2.0_2.2
69,6.871818181818181,6.972727272727273,19,0.4116666666666666,0.46444444444444444,22,0.034638017416000366,0.0032812654972076416,0.540080726146698,0.42380037903785706,7.97184944152832,x,1.8_2.0_2.2
70,6.972727272727273,7.073636363636363,3,-0.46727272727272723,-0.4159090909090909,44,-0.07316867262125015,0.1253623068332672,-0.10490093380212784,-0.4326536953449249,8.91272258758545,x,1.8_2.0_2.2
70,6.972727272727273,7.073636363636363,4,-0.4159090909090909,-0.3645454545454545,95,-0.0720047801733017,0.10047630220651627,0.02523215487599373,-0.39037299156188965,12.877729415893555,x,1.8_2.0_2.2
70,6.972727272727273,7.073636363636363,5,-0.3645454545454545,-0.3131818181818181,237,-0.07241848856210709,0.10839924216270447,-0.024621639400720596,-0.3354422152042389,12.690936088562012,x,1.8_2.0_2.2
70,6.972727272727273,7.073636363636363,6,-0.3131818181818181,-0.2618181818181818,340,-0.06463959813117981,0.11487778276205063,-0.021223803982138634,-0.2844350337982178,13.753067970275879,x,1.8_2.0_2.2
70,6.972727272727273,7.073636363636363,7,-0.2618181818181818,-0.21045454545454545,490,-0.07280398905277252,0.12772832810878754,0.07782167196273804,-0.23597051203250885,16.038166046142578,x,1.8_2.0_2.2
70,6.972727272727273,7.073636363636363,8,-0.21045454545454545,-0.15909090909090906,430,-0.0936267077922821,0.17329303920269012,0.04697064682841301,-0.18650388717651367,15.418264389038086,x,1.8_2.0_2.2
70,6.972727272727273,7.073636363636363,9,-0.15909090909090906,-0.10772727272727267,316,-0.030646732077002525,0.2529725730419159,-0.06678833067417145,-0.13262347877025604,16.523597717285156,x,1.8_2.0_2.2
70,6.972727272727273,7.073636363636363,10,-0.10772727272727267,-0.05636363636363628,352,-0.04531426355242729,0.49803850054740906,-0.0696500837802887,-0.08318686485290527,13.655868530273438,x,1.8_2.0_2.2
70,6.972727272727273,7.073636363636363,11,-0.05636363636363628,-0.0050000000000000044,273,-0.8284412026405334,1.670846939086914,0.16921092569828033,-0.033953383564949036,12.536890029907227,x,1.8_2.0_2.2
70,6.972727272727273,7.073636363636363,13,0.095,0.14777777777777779,189,0.1526266634464264,0.14802658557891846,0.30113571882247925,0.11752922087907791,10.660517692565918,x,1.8_2.0_2.2
70,6.972727272727273,7.073636363636363,14,0.14777777777777779,0.20055555555555554,141,0.09756556153297424,0.05122658237814903,0.36225426197052,0.1730806678533554,11.435007095336914,x,1.8_2.0_2.2
70,6.972727272727273,7.073636363636363,15,0.20055555555555554,0.2533333333333333,148,0.04194585978984833,0.033102087676525116,0.3343088924884796,0.22850026190280914,9.842733383178711,x,1.8_2.0_2.2
70,6.972727272727273,7.073636363636363,16,0.2533333333333333,0.3061111111111111,132,0.011488646268844604,0.029282137751579285,0.3221602141857147,0.27175676822662354,9.246223449707031,x,1.8_2.0_2.2
70,6.972727272727273,7.073636363636363,17,0.3061111111111111,0.3588888888888889,115,0.028104666620492935,0.029642976820468903,0.44521915912628174,0.33438098430633545,10.595046043395996,x,1.8_2.0_2.2
70,6.972727272727273,7.073636363636363,18,0.3588888888888889,0.4116666666666666,71,0.043226391077041626,0.008173677138984203,0.5346933007240295,0.382904976606369,9.265348434448242,x,1.8_2.0_2.2
70,6.972727272727273,7.073636363636363,19,0.4116666666666666,0.46444444444444444,19,0.035185493528842926,0.003246777690947056,0.5433332920074463,0.42352256178855896,8.135210990905762,x,1.8_2.0_2.2
71,7.073636363636363,7.174545454545454,3,-0.46727272727272723,-0.4159090909090909,44,-0.07316867262125015,0.1253623068332672,-0.10490093380212784,-0.4326536953449249,8.91272258758545,x,1.8_2.0_2.2
71,7.073636363636363,7.174545454545454,4,-0.4159090909090909,-0.3645454545454545,95,-0.0720047801733017,0.10047630220651627,0.02523215487599373,-0.39037299156188965,12.877729415893555,x,1.8_2.0_2.2
71,7.073636363636363,7.174545454545454,5,-0.3645454545454545,-0.3131818181818181,234,-0.0712536945939064,0.10726896673440933,-0.02610183320939541,-0.3354301154613495,12.763628005981445,x,1.8_2.0_2.2
71,7.073636363636363,7.174545454545454,6,-0.3131818181818181,-0.2618181818181818,329,-0.06414654105901718,0.11375738680362701,-0.018890932202339172,-0.2846449017524719,13.977381706237793,x,1.8_2.0_2.2
71,7.073636363636363,7.174545454545454,7,-0.2618181818181818,-0.21045454545454545,482,-0.07274175435304642,0.1261466145515442,0.08005721867084503,-0.23593832552433014,16.18793296813965,x,1.8_2.0_2.2
71,7.073636363636363,7.174545454545454,8,-0.21045454545454545,-0.15909090909090906,424,-0.09272541850805283,0.17052169144153595,0.045765139162540436,-0.1864444464445114,15.537057876586914,x,1.8_2.0_2.2
71,7.073636363636363,7.174545454545454,9,-0.15909090909090906,-0.10772727272727267,313,-0.03295451030135155,0.25222501158714294,-0.06430577486753464,-0.13263219594955444,16.614587783813477,x,1.8_2.0_2.2
71,7.073636363636363,7.174545454545454,10,-0.10772727272727267,-0.05636363636363628,350,-0.04102111607789993,0.4965536594390869,-0.07210267335176468,-0.08318939805030823,13.693510055541992,x,1.8_2.0_2.2
71,7.073636363636363,7.174545454545454,11,-0.05636363636363628,-0.0050000000000000044,270,-0.8267347812652588,1.66983163356781,0.1695346236228943,-0.033857621252536774,12.598130226135254,x,1.8_2.0_2.2
71,7.073636363636363,7.174545454545454,13,0.095,0.14777777777777779,178,0.16574901342391968,0.1350102424621582,0.315799355506897,0.11814166605472565,10.884796142578125,x,1.8_2.0_2.2
71,7.073636363636363,7.174545454545454,14,0.14777777777777779,0.20055555555555554,137,0.09561046212911606,0.05107808858156204,0.36285343766212463,0.17328576743602753,11.56307601928711,x,1.8_2.0_2.2
71,7.073636363636363,7.174545454545454,15,0.20055555555555554,0.2533333333333333,140,0.04186517745256424,0.029454976320266724,0.3353182077407837,0.22832006216049194,10.003504753112793,x,1.8_2.0_2.2
71,7.073636363636363,7.174545454545454,16,0.2533333333333333,0.3061111111111111,124,0.012146249413490295,0.028512805700302124,0.3244582712650299,0.2718932032585144,9.388704299926758,x,1.8_2.0_2.2
71,7.073636363636363,7.174545454545454,17,0.3061111111111111,0.3588888888888889,112,0.02839817851781845,0.029655635356903076,0.4467182755470276,0.33418241143226624,10.690324783325195,x,1.8_2.0_2.2
71,7.073636363636363,7.174545454545454,18,0.3588888888888889,0.4116666666666666,71,0.043226391077041626,0.008173677138984203,0.5346933007240295,0.382904976606369,9.265348434448242,x,1.8_2.0_2.2
71,7.073636363636363,7.174545454545454,19,0.4116666666666666,0.46444444444444444,16,0.03560170158743858,0.0034384115133434534,0.543602705001831,0.4206591546535492,8.34603500366211,x,1.8_2.0_2.2
72,7.174545454545454,7.275454545454545,3,-0.46727272727272723,-0.4159090909090909,41,-0.08417928218841553,0.12618675827980042,-0.07370640337467194,-0.43186476826667786,9.043621063232422,x,1.8_2.0_2.2
72,7.174545454545454,7.275454545454545,4,-0.4159090909090909,-0.3645454545454545,94,-0.07033013552427292,0.09894318133592606,0.021542686969041824,-0.3903543949127197,12.938520431518555,x,1.8_2.0_2.2
72,7.174545454545454,7.275454545454545,5,-0.3645454545454545,-0.3131818181818181,227,-0.07242011278867722,0.10643154382705688,-0.020475711673498154,-0.33519694209098816,12.937278747558594,x,1.8_2.0_2.2
72,7.174545454545454,7.275454545454545,6,-0.3131818181818181,-0.2618181818181818,319,-0.06170644238591194,0.11246258020401001,-0.01992208883166313,-0.28468722105026245,14.192448616027832,x,1.8_2.0_2.2
72,7.174545454545454,7.275454545454545,7,-0.2618181818181818,-0.21045454545454545,471,-0.07391325384378433,0.12595967948436737,0.08638361841440201,-0.2356351763010025,16.39972686767578,x,1.8_2.0_2.2
72,7.174545454545454,7.275454545454545,8,-0.21045454545454545,-0.15909090909090906,422,-0.09233613312244415,0.17085787653923035,0.045860856771469116,-0.18642985820770264,15.577038764953613,x,1.8_2.0_2.2
72,7.174545454545454,7.275454545454545,9,-0.15909090909090906,-0.10772727272727267,310,-0.032853566110134125,0.25087377429008484,-0.06444445997476578,-0.1326117068529129,16.706531524658203,x,1.8_2.0_2.2
72,7.174545454545454,7.275454545454545,10,-0.10772727272727267,-0.05636363636363628,349,-0.03871890529990196,0.49612027406692505,-0.0733971819281578,-0.0831451416015625,13.712411880493164,x,1.8_2.0_2.2
72,7.174545454545454,7.275454545454545,11,-0.05636363636363628,-0.0050000000000000044,266,-0.810400128364563,1.653031826019287,0.16628940403461456,-0.033843617886304855,12.680366516113281,x,1.8_2.0_2.2
72,7.174545454545454,7.275454545454545,13,0.095,0.14777777777777779,174,0.17404523491859436,0.12766969203948975,0.32347169518470764,0.11843293160200119,10.970863342285156,x,1.8_2.0_2.2
72,7.174545454545454,7.275454545454545,14,0.14777777777777779,0.20055555555555554,134,0.09450646489858627,0.05056658014655113,0.36350610852241516,0.17337414622306824,11.66321849822998,x,1.8_2.0_2.2
72,7.174545454545454,7.275454545454545,15,0.20055555555555554,0.2533333333333333,133,0.041540201753377914,0.029299581423401833,0.33712059259414673,0.2281123548746109,10.155031204223633,x,1.8_2.0_2.2
72,7.174545454545454,7.275454545454545,16,0.2533333333333333,0.3061111111111111,118,0.011314725503325462,0.027922777459025383,0.32315900921821594,0.27089032530784607,9.502767562866211,x,1.8_2.0_2.2
72,7.174545454545454,7.275454545454545,17,0.3061111111111111,0.3588888888888889,111,0.028072649613022804,0.02970285713672638,0.4468747675418854,0.3343799412250519,10.722052574157715,x,1.8_2.0_2.2
72,7.174545454545454,7.275454545454545,18,0.3588888888888889,0.4116666666666666,66,0.04304388910531998,0.00752666499465704,0.5358439087867737,0.38286638259887695,9.426573753356934,x,1.8_2.0_2.2
72,7.174545454545454,7.275454545454545,19,0.4116666666666666,0.46444444444444444,13,0.03534997999668121,0.00362448301166296,0.5479899048805237,0.42154452204704285,8.630901336669922,x,1.8_2.0_2.2
73,7.275454545454545,7.376363636363636,3,-0.46727272727272723,-0.4159090909090909,41,-0.08417928218841553,0.12618675827980042,-0.07370640337467194,-0.43186476826667786,9.043621063232422,x,1.8_2.0_2.2
73,7.275454545454545,7.376363636363636,4,-0.4159090909090909,-0.3645454545454545,94,-0.07033013552427292,0.09894318133592606,0.021542686969041824,-0.3903543949127197,12.938520431518555,x,1.8_2.0_2.2
73,7.275454545454545,7.376363636363636,5,-0.3645454545454545,-0.3131818181818181,223,-0.07171183079481125,0.10548984259366989,-0.02029425837099552,-0.33505406975746155,13.039448738098145,x,1.8_2.0_2.2
73,7.275454545454545,7.376363636363636,6,-0.3131818181818181,-0.2618181818181818,314,-0.060030482709407806,0.1101863756775856,-0.022319750860333443,-0.28474539518356323,14.303654670715332,x,1.8_2.0_2.2
73,7.275454545454545,7.376363636363636,7,-0.2618181818181818,-0.21045454545454545,461,-0.07143668085336685,0.12258817255496979,0.0849432721734047,-0.23564335703849792,16.599061965942383,x,1.8_2.0_2.2
73,7.275454545454545,7.376363636363636,8,-0.21045454545454545,-0.15909090909090906,415,-0.09255105257034302,0.17073574662208557,0.04778192192316055,-0.18638136982917786,15.71798038482666,x,1.8_2.0_2.2
73,7.275454545454545,7.376363636363636,9,-0.15909090909090906,-0.10772727272727267,309,-0.032707806676626205,0.25127285718917847,-0.06441988050937653,-0.13257881999015808,16.737314224243164,x,1.8_2.0_2.2
73,7.275454545454545,7.376363636363636,10,-0.10772727272727267,-0.05636363636363628,344,-0.026396598666906357,0.4914739429950714,-0.07961668074131012,-0.08323141932487488,13.806772232055664,x,1.8_2.0_2.2
73,7.275454545454545,7.376363636363636,11,-0.05636363636363628,-0.0050000000000000044,265,-0.8023716807365417,1.6477822065353394,0.16498920321464539,-0.03389493003487587,12.700825691223145,x,1.8_2.0_2.2
73,7.275454545454545,7.376363636363636,13,0.095,0.14777777777777779,170,0.17798900604248047,0.1226055920124054,0.32950663566589355,0.11857961863279343,11.059211730957031,x,1.8_2.0_2.2
73,7.275454545454545,7.376363636363636,14,0.14777777777777779,0.20055555555555554,132,0.09390398859977722,0.050172414630651474,0.36408495903015137,0.17349185049533844,11.730755805969238,x,1.8_2.0_2.2
73,7.275454545454545,7.376363636363636,15,0.20055555555555554,0.2533333333333333,125,0.0422946959733963,0.028934365138411522,0.34131574630737305,0.22769473493099213,10.343957901000977,x,1.8_2.0_2.2
73,7.275454545454545,7.376363636363636,16,0.2533333333333333,0.3061111111111111,112,0.010992826893925667,0.02779158018529415,0.3249675929546356,0.2715347707271576,9.623555183410645,x,1.8_2.0_2.2
73,7.275454545454545,7.376363636363636,17,0.3061111111111111,0.3588888888888889,108,0.028554411605000496,0.02915661782026291,0.4491082429885864,0.33471202850341797,10.819293022155762,x,1.8_2.0_2.2
73,7.275454545454545,7.376363636363636,18,0.3588888888888889,0.4116666666666666,64,0.04276590794324875,0.007499011233448982,0.5353021025657654,0.3822179436683655,9.494683265686035,x,1.8_2.0_2.2
73,7.275454545454545,7.376363636363636,19,0.4116666666666666,0.46444444444444444,11,0.03514259681105614,0.0038971472531557083,0.5519044995307922,0.4222147762775421,8.887556076049805,x,1.8_2.0_2.2
74,7.376363636363636,7.477272727272727,3,-0.46727272727272723,-0.4159090909090909,41,-0.08417928218841553,0.12618675827980042,-0.07370640337467194,-0.43186476826667786,9.043621063232422,x,1.8_2.0_2.2
74,7.376363636363636,7.477272727272727,4,-0.4159090909090909,-0.3645454545454545,93,-0.06863141804933548,0.09731154888868332,0.017797809094190598,-0.39051353931427,12.999124526977539,x,1.8_2.0_2.2
74,7.376363636363636,7.477272727272727,5,-0.3645454545454545,-0.3131818181818181,221,-0.07153720408678055,0.10495992749929428,-0.020444564521312714,-0.334858775138855,13.090924263000488,x,1.8_2.0_2.2
74,7.376363636363636,7.477272727272727,6,-0.3131818181818181,-0.2618181818181818,306,-0.05858553946018219,0.10844184458255768,-0.023075178265571594,-0.28467851877212524,14.485871315002441,x,1.8_2.0_2.2
74,7.376363636363636,7.477272727272727,7,-0.2618181818181818,-0.21045454545454545,455,-0.07185110449790955,0.12217675894498825,0.08792587369680405,-0.23565588891506195,16.721399307250977,x,1.8_2.0_2.2
74,7.376363636363636,7.477272727272727,8,-0.21045454545454545,-0.15909090909090906,411,-0.0928570106625557,0.17023469507694244,0.049041517078876495,-0.1862378716468811,15.799629211425781,x,1.8_2.0_2.2
74,7.376363636363636,7.477272727272727,9,-0.15909090909090906,-0.10772727272727267,309,-0.032707806676626205,0.25127285718917847,-0.06441988050937653,-0.13257881999015808,16.737314224243164,x,1.8_2.0_2.2
74,7.376363636363636,7.477272727272727,10,-0.10772727272727267,-0.05636363636363628,341,-0.023874422535300255,0.4896925687789917,-0.08097843080759048,-0.08322489261627197,13.863686561584473,x,1.8_2.0_2.2
74,7.376363636363636,7.477272727272727,11,-0.05636363636363628,-0.0050000000000000044,264,-0.811097264289856,1.642473578453064,0.1674535721540451,-0.03389330580830574,12.72125244140625,x,1.8_2.0_2.2
74,7.376363636363636,7.477272727272727,13,0.095,0.14777777777777779,167,0.18029150366783142,0.11612611263990402,0.3356301188468933,0.1188131794333458,11.126202583312988,x,1.8_2.0_2.2
74,7.376363636363636,7.477272727272727,14,0.14777777777777779,0.20055555555555554,130,0.09364103525876999,0.050099194049835205,0.3647305369377136,0.17353342473506927,11.798431396484375,x,1.8_2.0_2.2
74,7.376363636363636,7.477272727272727,15,0.20055555555555554,0.2533333333333333,117,0.04299362376332283,0.029721952974796295,0.3448279798030853,0.2275979220867157,10.54898452758789,x,1.8_2.0_2.2
74,7.376363636363636,7.477272727272727,16,0.2533333333333333,0.3061111111111111,100,0.009389269165694714,0.02574154920876026,0.3226903975009918,0.27024364471435547,9.899528503417969,x,1.8_2.0_2.2
74,7.376363636363636,7.477272727272727,17,0.3061111111111111,0.3588888888888889,104,0.027946799993515015,0.028870832175016403,0.44948938488960266,0.33488038182258606,10.953521728515625,x,1.8_2.0_2.2
74,7.376363636363636,7.477272727272727,18,0.3588888888888889,0.4116666666666666,62,0.04274279251694679,0.007567783817648888,0.5363368391990662,0.38220441341400146,9.564760208129883,x,1.8_2.0_2.2
74,7.376363636363636,7.477272727272727,19,0.4116666666666666,0.46444444444444444,11,0.03514259681105614,0.0038971472531557083,0.5519044995307922,0.4222147762775421,8.887556076049805,x,1.8_2.0_2.2
75,7.477272727272727,7.578181818181818,3,-0.46727272727272723,-0.4159090909090909,39,-0.08242320269346237,0.12571774423122406,-0.07467048615217209,-0.4317179322242737,9.127135276794434,x,1.8_2.0_2.2
75,7.477272727272727,7.578181818181818,4,-0.4159090909090909,-0.3645454545454545,93,-0.06863141804933548,0.09731154888868332,0.017797809094190598,-0.39051353931427,12.999124526977539,x,1.8_2.0_2.2
75,7.477272727272727,7.578181818181818,5,-0.3645454545454545,-0.3131818181818181,219,-0.0699041560292244,0.10392649471759796,-0.02352897822856903,-0.33481642603874207,13.1428804397583,x,1.8_2.0_2.2
75,7.477272727272727,7.578181818181818,6,-0.3131818181818181,-0.2618181818181818,304,-0.05838491767644882,0.10790248960256577,-0.022717513144016266,-0.2846491038799286,14.532212257385254,x,1.8_2.0_2.2
75,7.477272727272727,7.578181818181818,7,-0.2618181818181818,-0.21045454545454545,442,-0.07281336188316345,0.12080370634794235,0.09453435987234116,-0.23551972210407257,16.99520492553711,x,1.8_2.0_2.2
75,7.477272727272727,7.578181818181818,8,-0.21045454545454545,-0.15909090909090906,403,-0.09371718019247055,0.1694151759147644,0.051534879952669144,-0.18618075549602509,15.965873718261719,x,1.8_2.0_2.2
75,7.477272727272727,7.578181818181818,9,-0.15909090909090906,-0.10772727272727267,306,-0.03244389593601227,0.2500534653663635,-0.0644403025507927,-0.13247279822826385,16.828702926635742,x,1.8_2.0_2.2
75,7.477272727272727,7.578181818181818,10,-0.10772727272727267,-0.05636363636363628,339,-0.018977567553520203,0.4881913661956787,-0.08345557749271393,-0.0832633376121521,13.901819229125977,x,1.8_2.0_2.2
75,7.477272727272727,7.578181818181818,11,-0.05636363636363628,-0.0050000000000000044,264,-0.811097264289856,1.642473578453064,0.1674535721540451,-0.03389330580830574,12.72125244140625,x,1.8_2.0_2.2
75,7.477272727272727,7.578181818181818,13,0.095,0.14777777777777779,162,0.18159228563308716,0.1125553771853447,0.34005340933799744,0.11870337277650833,11.240942001342773,x,1.8_2.0_2.2
75,7.477272727272727,7.578181818181818,14,0.14777777777777779,0.20055555555555554,126,0.09080073982477188,0.04771929979324341,0.36373579502105713,0.1738365739583969,11.937538146972656,x,1.8_2.0_2.2
75,7.477272727272727,7.578181818181818,15,0.20055555555555554,0.2533333333333333,112,0.0432608462870121,0.029030976817011833,0.34808212518692017,0.22730252146720886,10.688590049743652,x,1.8_2.0_2.2
75,7.477272727272727,7.578181818181818,16,0.2533333333333333,0.3061111111111111,92,0.010949881747364998,0.026009097695350647,0.32807448506355286,0.27008891105651855,10.11396598815918,x,1.8_2.0_2.2
75,7.477272727272727,7.578181818181818,17,0.3061111111111111,0.3588888888888889,101,0.02834910899400711,0.02845878340303898,0.45151084661483765,0.33502495288848877,11.058805465698242,x,1.8_2.0_2.2
75,7.477272727272727,7.578181818181818,18,0.3588888888888889,0.4116666666666666,61,0.04277754947543144,0.007626187056303024,0.5364737510681152,0.3818509578704834,9.599913597106934,x,1.8_2.0_2.2
75,7.477272727272727,7.578181818181818,19,0.4116666666666666,0.46444444444444444,10,0.034975528717041016,0.004056200385093689,0.5547307729721069,0.4232591688632965,9.031548500061035,x,1.8_2.0_2.2
76,7.578181818181818,7.679090909090909,3,-0.46727272727272723,-0.4159090909090909,39,-0.08242320269346237,0.12571774423122406,-0.07467048615217209,-0.4317179322242737,9.127135276794434,x,1.8_2.0_2.2
76,7.578181818181818,7.679090909090909,4,-0.4159090909090909,-0.3645454545454545,93,-0.06863141804933548,0.09731154888868332,0.017797809094190598,-0.39051353931427,12.999124526977539,x,1.8_2.0_2.2
76,7.578181818181818,7.679090909090909,5,-0.3645454545454545,-0.3131818181818181,213,-0.0731063261628151,0.1040772870182991,-0.01297851838171482,-0.33459511399269104,13.300908088684082,x,1.8_2.0_2.2
76,7.578181818181818,7.679090909090909,6,-0.3131818181818181,-0.2618181818181818,296,-0.057842012494802475,0.10729749500751495,-0.020702272653579712,-0.2848941385746002,14.721481323242188,x,1.8_2.0_2.2
76,7.578181818181818,7.679090909090909,7,-0.2618181818181818,-0.21045454545454545,438,-0.07153480499982834,0.12073662132024765,0.09434051811695099,-0.23545634746551514,17.081764221191406,x,1.8_2.0_2.2
76,7.578181818181818,7.679090909090909,8,-0.21045454545454545,-0.15909090909090906,401,-0.09420158714056015,0.16954831779003143,0.05277831479907036,-0.1861659586429596,16.00798988342285,x,1.8_2.0_2.2
76,7.578181818181818,7.679090909090909,9,-0.15909090909090906,-0.10772727272727267,305,-0.03221801295876503,0.25044605135917664,-0.06447990238666534,-0.1324053853750229,16.859180450439453,x,1.8_2.0_2.2
76,7.578181818181818,7.679090909090909,10,-0.10772727272727267,-0.05636363636363628,338,-0.01655508577823639,0.48767706751823425,-0.08482600003480911,-0.08323154598474503,13.920795440673828,x,1.8_2.0_2.2
76,7.578181818181818,7.679090909090909,11,-0.05636363636363628,-0.0050000000000000044,264,-0.811097264289856,1.642473578453064,0.1674535721540451,-0.03389330580830574,12.72125244140625,x,1.8_2.0_2.2
76,7.578181818181818,7.679090909090909,13,0.095,0.14777777777777779,159,0.18303599953651428,0.10794614255428314,0.3442661166191101,0.11881645768880844,11.311141014099121,x,1.8_2.0_2.2
76,7.578181818181818,7.679090909090909,14,0.14777777777777779,0.20055555555555554,124,0.09024430066347122,0.04617806896567345,0.36339041590690613,0.17369982600212097,12.008536338806152,x,1.8_2.0_2.2
76,7.578181818181818,7.679090909090909,15,0.20055555555555554,0.2533333333333333,106,0.04325795918703079,0.028450580313801765,0.3504570722579956,0.22695687413215637,10.866399765014648,x,1.8_2.0_2.2
76,7.578181818181818,7.679090909090909,16,0.2533333333333333,0.3061111111111111,86,0.012133680284023285,0.025610335171222687,0.3316107988357544,0.26969948410987854,10.296060562133789,x,1.8_2.0_2.2
76,7.578181818181818,7.679090909090909,17,0.3061111111111111,0.3588888888888889,101,0.02834910899400711,0.02845878340303898,0.45151084661483765,0.33502495288848877,11.058805465698242,x,1.8_2.0_2.2
76,7.578181818181818,7.679090909090909,18,0.3588888888888889,0.4116666666666666,59,0.042885977774858475,0.007717933505773544,0.5377538204193115,0.3818168044090271,9.669921875,x,1.8_2.0_2.2
76,7.578181818181818,7.679090909090909,19,0.4116666666666666,0.46444444444444444,9,0.03457386791706085,0.004210814367979765,0.5551851391792297,0.42236220836639404,9.202573776245117,x,1.8_2.0_2.2
77,7.679090909090909,7.779999999999999,3,-0.46727272727272723,-0.4159090909090909,37,-0.0898125097155571,0.1261880099773407,-0.05079475790262222,-0.4316513240337372,9.208142280578613,x,1.8_2.0_2.2
77,7.679090909090909,7.779999999999999,4,-0.4159090909090909,-0.3645454545454545,93,-0.06863141804933548,0.09731154888868332,0.017797809094190598,-0.39051353931427,12.999124526977539,x,1.8_2.0_2.2
77,7.679090909090909,7.779999999999999,5,-0.3645454545454545,-0.3131818181818181,212,-0.07365123182535172,0.10411394387483597,-0.011198191903531551,-0.33455890417099,13.327670097351074,x,1.8_2.0_2.2
77,7.679090909090909,7.779999999999999,6,-0.3131818181818181,-0.2618181818181818,289,-0.05539935827255249,0.10525000095367432,-0.023942261934280396,-0.28502243757247925,14.893115043640137,x,1.8_2.0_2.2
77,7.679090909090909,7.779999999999999,7,-0.2618181818181818,-0.21045454545454545,429,-0.0717550590634346,0.12005604058504105,0.09824570268392563,-0.23543620109558105,17.280454635620117,x,1.8_2.0_2.2
77,7.679090909090909,7.779999999999999,8,-0.21045454545454545,-0.15909090909090906,397,-0.09473574161529541,0.16971582174301147,0.054618265479803085,-0.1861785650253296,16.092689514160156,x,1.8_2.0_2.2
77,7.679090909090909,7.779999999999999,9,-0.15909090909090906,-0.10772727272727267,304,-0.0334390364587307,0.2500380873680115,-0.0630766972899437,-0.13236680626869202,16.889616012573242,x,1.8_2.0_2.2
77,7.679090909090909,7.779999999999999,10,-0.10772727272727267,-0.05636363636363628,336,-0.016005510464310646,0.48638564348220825,-0.08504395931959152,-0.08323189616203308,13.958365440368652,x,1.8_2.0_2.2
77,7.679090909090909,7.779999999999999,11,-0.05636363636363628,-0.0050000000000000044,262,-0.8176808953285217,1.6405892372131348,0.1691408008337021,-0.03385550528764725,12.7601957321167,x,1.8_2.0_2.2
77,7.679090909090909,7.779999999999999,13,0.095,0.14777777777777779,154,0.18339209258556366,0.10289093852043152,0.3488593101501465,0.11885078251361847,11.43121337890625,x,1.8_2.0_2.2
77,7.679090909090909,7.779999999999999,14,0.14777777777777779,0.20055555555555554,123,0.09018950164318085,0.046365369111299515,0.3639233708381653,0.17370833456516266,12.044474601745605,x,1.8_2.0_2.2
77,7.679090909090909,7.779999999999999,15,0.20055555555555554,0.2533333333333333,101,0.044470950961112976,0.027559969574213028,0.3549339771270752,0.22627373039722443,11.027090072631836,x,1.8_2.0_2.2
77,7.679090909090909,7.779999999999999,16,0.2533333333333333,0.3061111111111111,82,0.012906607240438461,0.025807375088334084,0.33451026678085327,0.2694431245326996,10.425605773925781,x,1.8_2.0_2.2
77,7.679090909090909,7.779999999999999,17,0.3061111111111111,0.3588888888888889,99,0.029160303995013237,0.028302889317274094,0.4542080760002136,0.33508458733558655,11.128373146057129,x,1.8_2.0_2.2
77,7.679090909090909,7.779999999999999,18,0.3588888888888889,0.4116666666666666,57,0.04284365102648735,0.00716436980292201,0.5379003882408142,0.38170117139816284,9.741045951843262,x,1.8_2.0_2.2
77,7.679090909090909,7.779999999999999,19,0.4116666666666666,0.46444444444444444,8,0.03402101621031761,0.004146869294345379,0.5573811531066895,0.42334651947021484,9.400684356689453,x,1.8_2.0_2.2
78,7.779999999999999,7.880909090909091,3,-0.46727272727272723,-0.4159090909090909,35,-0.08869859576225281,0.12555494904518127,-0.04836668819189072,-0.4310606122016907,9.293750762939453,x,1.8_2.0_2.2
78,7.779999999999999,7.880909090909091,4,-0.4159090909090909,-0.3645454545454545,93,-0.06863141804933548,0.09731154888868332,0.017797809094190598,-0.39051353931427,12.999124526977539,x,1.8_2.0_2.2
78,7.779999999999999,7.880909090909091,5,-0.3645454545454545,-0.3131818181818181,206,-0.07019262760877609,0.10134625434875488,-0.017544066533446312,-0.3347242772579193,13.490546226501465,x,1.8_2.0_2.2
78,7.779999999999999,7.880909090909091,6,-0.3131818181818181,-0.2618181818181818,285,-0.05505076050758362,0.10479516535997391,-0.022962691262364388,-0.28500300645828247,14.993637084960938,x,1.8_2.0_2.2
78,7.779999999999999,7.880909090909091,7,-0.2618181818181818,-0.21045454545454545,425,-0.07135459780693054,0.11994964629411697,0.09934956580400467,-0.23540610074996948,17.370267868041992,x,1.8_2.0_2.2
78,7.779999999999999,7.880909090909091,8,-0.21045454545454545,-0.15909090909090906,391,-0.09449486434459686,0.16853386163711548,0.0551346130669117,-0.18605974316596985,16.221172332763672,x,1.8_2.0_2.2
78,7.779999999999999,7.880909090909091,9,-0.15909090909090906,-0.10772727272727267,303,-0.034668486565351486,0.24959741532802582,-0.06166666001081467,-0.13234008848667145,16.919790267944336,x,1.8_2.0_2.2
78,7.779999999999999,7.880909090909091,10,-0.10772727272727267,-0.05636363636363628,333,-0.008350631222128868,0.483739972114563,-0.08920387178659439,-0.08326641470193863,14.014310836791992,x,1.8_2.0_2.2
78,7.779999999999999,7.880909090909091,11,-0.05636363636363628,-0.0050000000000000044,260,-0.8007665872573853,1.6404868364334106,0.16613541543483734,-0.03388739377260208,12.798921585083008,x,1.8_2.0_2.2
78,7.779999999999999,7.880909090909091,13,0.095,0.14777777777777779,148,0.1804572194814682,0.09851714968681335,0.3498021066188812,0.11894455552101135,11.582138061523438,x,1.8_2.0_2.2
78,7.779999999999999,7.880909090909091,14,0.14777777777777779,0.20055555555555554,123,0.09018950164318085,0.046365369111299515,0.3639233708381653,0.17370833456516266,12.044474601745605,x,1.8_2.0_2.2
78,7.779999999999999,7.880909090909091,15,0.20055555555555554,0.2533333333333333,95,0.0448857881128788,0.02774852328002453,0.357976496219635,0.22539165616035461,11.234511375427246,x,1.8_2.0_2.2
78,7.779999999999999,7.880909090909091,16,0.2533333333333333,0.3061111111111111,75,0.01497033890336752,0.026053793728351593,0.34131714701652527,0.26955854892730713,10.67890739440918,x,1.8_2.0_2.2
78,7.779999999999999,7.880909090909091,17,0.3061111111111111,0.3588888888888889,95,0.029203863814473152,0.027763979509472847,0.4560631513595581,0.335418164730072,11.271055221557617,x,1.8_2.0_2.2
78,7.779999999999999,7.880909090909091,18,0.3588888888888889,0.4116666666666666,55,0.04271075874567032,0.006963605992496014,0.5378717184066772,0.3813616931438446,9.814970970153809,x,1.8_2.0_2.2
78,7.779999999999999,7.880909090909091,19,0.4116666666666666,0.46444444444444444,7,0.033115457743406296,0.0036184138152748346,0.559190571308136,0.42456135153770447,9.635518074035645,x,1.8_2.0_2.2
79,7.880909090909091,7.9818181818181815,3,-0.46727272727272723,-0.4159090909090909,33,-0.09658510982990265,0.12659254670143127,-0.022901689633727074,-0.4308156967163086,9.380396842956543,x,1.8_2.0_2.2
79,7.880909090909091,7.9818181818181815,4,-0.4159090909090909,-0.3645454545454545,93,-0.06863141804933548,0.09731154888868332,0.017797809094190598,-0.39051353931427,12.999124526977539,x,1.8_2.0_2.2
79,7.880909090909091,7.9818181818181815,5,-0.3645454545454545,-0.3131818181818181,201,-0.06879419088363647,0.10023883730173111,-0.018565375357866287,-0.3345262408256531,13.631361961364746,x,1.8_2.0_2.2
79,7.880909090909091,7.9818181818181815,6,-0.3131818181818181,-0.2618181818181818,281,-0.05589652433991432,0.10401172190904617,-0.020482772961258888,-0.2851192057132721,15.095956802368164,x,1.8_2.0_2.2
79,7.880909090909091,7.9818181818181815,7,-0.2618181818181818,-0.21045454545454545,414,-0.069700226187706,0.11739984154701233,0.100173719227314,-0.2351827323436737,17.62386131286621,x,1.8_2.0_2.2
79,7.880909090909091,7.9818181818181815,8,-0.21045454545454545,-0.15909090909090906,387,-0.09366460144519806,0.16746720671653748,0.054224058985710144,-0.18598756194114685,16.30782127380371,x,1.8_2.0_2.2
79,7.880909090909091,7.9818181818181815,9,-0.15909090909090906,-0.10772727272727267,302,-0.03452927991747856,0.25000450015068054,-0.06164367496967316,-0.13229435682296753,16.950010299682617,x,1.8_2.0_2.2
79,7.880909090909091,7.9818181818181815,10,-0.10772727272727267,-0.05636363636363628,330,-0.005537816789001226,0.4818933606147766,-0.09078966826200485,-0.08326013386249542,14.070478439331055,x,1.8_2.0_2.2
79,7.880909090909091,7.9818181818181815,11,-0.05636363636363628,-0.0050000000000000044,257,-0.7967056035995483,1.6024144887924194,0.16670170426368713,-0.0339650884270668,12.856600761413574,x,1.8_2.0_2.2
79,7.880909090909091,7.9818181818181815,13,0.095,0.14777777777777779,145,0.17848742008209229,0.09863340109586716,0.35030558705329895,0.11911852657794952,11.66003704071045,x,1.8_2.0_2.2
79,7.880909090909091,7.9818181818181815,14,0.14777777777777779,0.20055555555555554,119,0.09010317176580429,0.04652998596429825,0.36564451456069946,0.17363271117210388,12.186537742614746,x,1.8_2.0_2.2
79,7.880909090909091,7.9818181818181815,15,0.20055555555555554,0.2533333333333333,91,0.04515652358531952,0.02743392623960972,0.36029163002967834,0.22544004023075104,11.383468627929688,x,1.8_2.0_2.2
79,7.880909090909091,7.9818181818181815,16,0.2533333333333333,0.3061111111111111,70,0.017369473353028297,0.0258957389742136,0.348307341337204,0.26986435055732727,10.88227653503418,x,1.8_2.0_2.2
79,7.880909090909091,7.9818181818181815,17,0.3061111111111111,0.3588888888888889,91,0.029186751693487167,0.027648169547319412,0.457073450088501,0.33484888076782227,11.421968460083008,x,1.8_2.0_2.2
79,7.880909090909091,7.9818181818181815,18,0.3588888888888889,0.4116666666666666,53,0.04281386733055115,0.007067633792757988,0.5389176607131958,0.3811412751674652,9.890298843383789,x,1.8_2.0_2.2
79,7.880909090909091,7.9818181818181815,19,0.4116666666666666,0.46444444444444444,7,0.033115457743406296,0.0036184138152748346,0.559190571308136,0.42456135153770447,9.635518074035645,x,1.8_2.0_2.2
80,7.9818181818181815,8.082727272727272,3,-0.46727272727272723,-0.4159090909090909,31,-0.09576735645532608,0.12679557502269745,-0.020948752760887146,-0.4302962124347687,9.475500106811523,x,1.8_2.0_2.2
80,7.9818181818181815,8.082727272727272,4,-0.4159090909090909,-0.3645454545454545,93,-0.06863141804933548,0.09731154888868332,0.017797809094190598,-0.39051353931427,12.999124526977539,x,1.8_2.0_2.2
80,7.9818181818181815,8.082727272727272,5,-0.3645454545454545,-0.3131818181818181,199,-0.06708956509828568,0.09947545826435089,-0.021609198302030563,-0.334443062543869,13.688490867614746,x,1.8_2.0_2.2
80,7.9818181818181815,8.082727272727272,6,-0.3131818181818181,-0.2618181818181818,273,-0.05500628054141998,0.10275503247976303,-0.01936778426170349,-0.28513312339782715,15.306291580200195,x,1.8_2.0_2.2
80,7.9818181818181815,8.082727272727272,7,-0.2618181818181818,-0.21045454545454545,405,-0.07027126103639603,0.11684220284223557,0.10550891607999802,-0.2352079451084137,17.839065551757812,x,1.8_2.0_2.2
80,7.9818181818181815,8.082727272727272,8,-0.21045454545454545,-0.15909090909090906,381,-0.0935225710272789,0.1667628288269043,0.05527837201952934,-0.18593937158584595,16.43977928161621,x,1.8_2.0_2.2
80,7.9818181818181815,8.082727272727272,9,-0.15909090909090906,-0.10772727272727267,298,-0.03817875683307648,0.2489902675151825,-0.05755601078271866,-0.13222470879554749,17.070709228515625,x,1.8_2.0_2.2
80,7.9818181818181815,8.082727272727272,10,-0.10772727272727267,-0.05636363636363628,329,-0.0075402893126010895,0.4809415638446808,-0.08964025229215622,-0.08329737931489944,14.089107513427734,x,1.8_2.0_2.2
80,7.9818181818181815,8.082727272727272,11,-0.05636363636363628,-0.0050000000000000044,255,-0.7803090810775757,1.6009267568588257,0.16390113532543182,-0.03402769938111305,12.895157814025879,x,1.8_2.0_2.2
80,7.9818181818181815,8.082727272727272,13,0.095,0.14777777777777779,141,0.17976248264312744,0.09642133861780167,0.3535832166671753,0.11888322979211807,11.766901016235352,x,1.8_2.0_2.2
80,7.9818181818181815,8.082727272727272,14,0.14777777777777779,0.20055555555555554,115,0.08719305694103241,0.045315686613321304,0.36442577838897705,0.17354512214660645,12.33420181274414,x,1.8_2.0_2.2
80,7.9818181818181815,8.082727272727272,15,0.20055555555555554,0.2533333333333333,87,0.04484836757183075,0.02735799551010132,0.36241763830184937,0.22549760341644287,11.541885375976562,x,1.8_2.0_2.2
80,7.9818181818181815,8.082727272727272,16,0.2533333333333333,0.3061111111111111,61,0.022400230169296265,0.025126684457063675,0.3635139465332031,0.2703993618488312,11.319816589355469,x,1.8_2.0_2.2
80,7.9818181818181815,8.082727272727272,17,0.3061111111111111,0.3588888888888889,89,0.029115434736013412,0.027425337582826614,0.45730313658714294,0.3347330391407013,11.500518798828125,x,1.8_2.0_2.2
80,7.9818181818181815,8.082727272727272,18,0.3588888888888889,0.4116666666666666,48,0.04258047416806221,0.007295591756701469,0.539588451385498,0.3798695504665375,10.09448528289795,x,1.8_2.0_2.2
80,7.9818181818181815,8.082727272727272,19,0.4116666666666666,0.46444444444444444,7,0.033115457743406296,0.0036184138152748346,0.559190571308136,0.42456135153770447,9.635518074035645,x,1.8_2.0_2.2
81,8.082727272727272,8.183636363636364,3,-0.46727272727272723,-0.4159090909090909,28,-0.09954369068145752,0.1250479817390442,-0.006204226054251194,-0.42909863591194153,9.629487037658691,x,1.8_2.0_2.2
81,8.082727272727272,8.183636363636364,4,-0.4159090909090909,-0.3645454545454545,93,-0.06863141804933548,0.09731154888868332,0.017797809094190598,-0.39051353931427,12.999124526977539,x,1.8_2.0_2.2
81,8.082727272727272,8.183636363636364,5,-0.3645454545454545,-0.3131818181818181,197,-0.06816332042217255,0.09958169609308243,-0.017941102385520935,-0.3344196081161499,13.745960235595703,x,1.8_2.0_2.2
81,8.082727272727272,8.183636363636364,6,-0.3131818181818181,-0.2618181818181818,264,-0.05465751886367798,0.10249325633049011,-0.016217101365327835,-0.28521594405174255,15.554427146911621,x,1.8_2.0_2.2
81,8.082727272727272,8.183636363636364,7,-0.2618181818181818,-0.21045454545454545,393,-0.0694030374288559,0.11536967009305954,0.10928507149219513,-0.2349219024181366,18.1385498046875,x,1.8_2.0_2.2
81,8.082727272727272,8.183636363636364,8,-0.21045454545454545,-0.15909090909090906,374,-0.09504370391368866,0.1667041778564453,0.05903017520904541,-0.1856902688741684,16.59697914123535,x,1.8_2.0_2.2
81,8.082727272727272,8.183636363636364,9,-0.15909090909090906,-0.10772727272727267,295,-0.03927053511142731,0.24728001654148102,-0.05621173605322838,-0.1321687549352646,17.162525177001953,x,1.8_2.0_2.2
81,8.082727272727272,8.183636363636364,10,-0.10772727272727267,-0.05636363636363628,326,-0.004326369147747755,0.4786573648452759,-0.09123226255178452,-0.08337017148733139,14.144722938537598,x,1.8_2.0_2.2
81,8.082727272727272,8.183636363636364,11,-0.05636363636363628,-0.0050000000000000044,255,-0.7803090810775757,1.6009267568588257,0.16390113532543182,-0.03402769938111305,12.895157814025879,x,1.8_2.0_2.2
81,8.082727272727272,8.183636363636364,13,0.095,0.14777777777777779,137,0.18120136857032776,0.08359616249799728,0.3604363203048706,0.11935991793870926,11.875435829162598,x,1.8_2.0_2.2
81,8.082727272727272,8.183636363636364,14,0.14777777777777779,0.20055555555555554,110,0.08809550106525421,0.0457623191177845,0.3671826422214508,0.17299747467041016,12.530380249023438,x,1.8_2.0_2.2
81,8.082727272727272,8.183636363636364,15,0.20055555555555554,0.2533333333333333,83,0.04461943730711937,0.027106359601020813,0.3641352951526642,0.22524410486221313,11.712878227233887,x,1.8_2.0_2.2
81,8.082727272727272,8.183636363636364,16,0.2533333333333333,0.3061111111111111,56,0.023013345897197723,0.025012783706188202,0.36910781264305115,0.270742267370224,11.614532470703125,x,1.8_2.0_2.2
81,8.082727272727272,8.183636363636364,17,0.3061111111111111,0.3588888888888889,88,0.029654748737812042,0.027186041697859764,0.4594140350818634,0.3350342810153961,11.540243148803711,x,1.8_2.0_2.2
81,8.082727272727272,8.183636363636364,18,0.3588888888888889,0.4116666666666666,46,0.04265477880835533,0.007439821492880583,0.5400310158729553,0.37910008430480957,10.184011459350586,x,1.8_2.0_2.2
81,8.082727272727272,8.183636363636364,19,0.4116666666666666,0.46444444444444444,6,0.03201515972614288,0.002607770962640643,0.5598374605178833,0.42513564229011536,9.904228210449219,x,1.8_2.0_2.2
82,8.183636363636364,8.284545454545453,3,-0.46727272727272723,-0.4159090909090909,28,-0.09954369068145752,0.1250479817390442,-0.006204226054251194,-0.42909863591194153,9.629487037658691,x,1.8_2.0_2.2
82,8.183636363636364,8.284545454545453,4,-0.4159090909090909,-0.3645454545454545,91,-0.07130742073059082,0.09741321951150894,0.028064770624041557,-0.39053797721862793,13.105867385864258,x,1.8_2.0_2.2
82,8.183636363636364,8.284545454545453,5,-0.3645454545454545,-0.3131818181818181,195,-0.06785715371370316,0.09936919063329697,-0.01736324094235897,-0.3344258666038513,13.803447723388672,x,1.8_2.0_2.2
82,8.183636363636364,8.284545454545453,6,-0.3131818181818181,-0.2618181818181818,256,-0.05234743654727936,0.1011652871966362,-0.01762520521879196,-0.2853125333786011,15.786633491516113,x,1.8_2.0_2.2
82,8.183636363636364,8.284545454545453,7,-0.2618181818181818,-0.21045454545454545,385,-0.06878867745399475,0.112930528819561,0.11024051159620285,-0.23488789796829224,18.34641456604004,x,1.8_2.0_2.2
82,8.183636363636364,8.284545454545453,8,-0.21045454545454545,-0.15909090909090906,364,-0.09353896230459213,0.16455525159835815,0.058804675936698914,-0.18567080795764923,16.829145431518555,x,1.8_2.0_2.2
82,8.183636363636364,8.284545454545453,9,-0.15909090909090906,-0.10772727272727267,294,-0.04045616835355759,0.24674904346466064,-0.054848067462444305,-0.13219508528709412,17.193166732788086,x,1.8_2.0_2.2
82,8.183636363636364,8.284545454545453,10,-0.10772727272727267,-0.05636363636363628,325,-0.006309910677373409,0.47799429297447205,-0.09004143625497818,-0.08338789641857147,14.163253784179688,x,1.8_2.0_2.2
82,8.183636363636364,8.284545454545453,11,-0.05636363636363628,-0.0050000000000000044,250,-0.780693531036377,1.5100815296173096,0.16470569372177124,-0.03408310189843178,12.99018669128418,x,1.8_2.0_2.2
82,8.183636363636364,8.284545454545453,13,0.095,0.14777777777777779,132,0.17998439073562622,0.08017269521951675,0.36296287178993225,0.11936735361814499,12.016578674316406,x,1.8_2.0_2.2
82,8.183636363636364,8.284545454545453,14,0.14777777777777779,0.20055555555555554,110,0.08809550106525421,0.0457623191177845,0.3671826422214508,0.17299747467041016,12.530380249023438,x,1.8_2.0_2.2
82,8.183636363636364,8.284545454545453,15,0.20055555555555554,0.2533333333333333,79,0.04526139795780182,0.027621600776910782,0.3675246238708496,0.22522731125354767,11.893820762634277,x,1.8_2.0_2.2
82,8.183636363636364,8.284545454545453,16,0.2533333333333333,0.3061111111111111,47,0.029889190569519997,0.02298004925251007,0.3910375237464905,0.27128496766090393,12.281274795532227,x,1.8_2.0_2.2
82,8.183636363636364,8.284545454545453,17,0.3061111111111111,0.3588888888888889,85,0.031105728819966316,0.026919566094875336,0.4642748236656189,0.3351700007915497,11.660866737365723,x,1.8_2.0_2.2
82,8.183636363636364,8.284545454545453,18,0.3588888888888889,0.4116666666666666,44,0.04242609813809395,0.007556469179689884,0.5402793884277344,0.3787183463573456,10.276077270507812,x,1.8_2.0_2.2
82,8.183636363636364,8.284545454545453,19,0.4116666666666666,0.46444444444444444,6,0.03201515972614288,0.002607770962640643,0.5598374605178833,0.42513564229011536,9.904228210449219,x,1.8_2.0_2.2
83,8.284545454545453,8.385454545454545,3,-0.46727272727272723,-0.4159090909090909,26,-0.11143448203802109,0.12489411234855652,0.033218320459127426,-0.4279618263244629,9.735917091369629,x,1.8_2.0_2.2
83,8.284545454545453,8.385454545454545,4,-0.4159090909090909,-0.3645454545454545,90,-0.07275667786598206,0.09729617834091187,0.0339856781065464,-0.39046481251716614,13.160284996032715,x,1.8_2.0_2.2
83,8.284545454545453,8.385454545454545,5,-0.3645454545454545,-0.3131818181818181,191,-0.06727875024080276,0.09884445369243622,-0.016770971938967705,-0.3341972529888153,13.919729232788086,x,1.8_2.0_2.2
83,8.284545454545453,8.385454545454545,6,-0.3131818181818181,-0.2618181818181818,243,-0.05063812807202339,0.10154694318771362,-0.01461428590118885,-0.2857097089290619,16.18991470336914,x,1.8_2.0_2.2
83,8.284545454545453,8.385454545454545,7,-0.2618181818181818,-0.21045454545454545,372,-0.07072090357542038,0.11093302816152573,0.11855124682188034,-0.23469646275043488,18.70018196105957,x,1.8_2.0_2.2
83,8.284545454545453,8.385454545454545,8,-0.21045454545454545,-0.15909090909090906,358,-0.09357059001922607,0.1648634821176529,0.060443777590990067,-0.18568673729896545,16.97333335876465,x,1.8_2.0_2.2
83,8.284545454545453,8.385454545454545,9,-0.15909090909090906,-0.10772727272727267,292,-0.038971908390522,0.24663284420967102,-0.056299831718206406,-0.1320165991783142,17.25461769104004,x,1.8_2.0_2.2
83,8.284545454545453,8.385454545454545,10,-0.10772727272727267,-0.05636363636363628,322,-0.0030227787792682648,0.4756775200366974,-0.09173724055290222,-0.08343461155891418,14.218295097351074,x,1.8_2.0_2.2
83,8.284545454545453,8.385454545454545,11,-0.05636363636363628,-0.0050000000000000044,249,-0.7723395824432373,1.5094982385635376,0.16327646374702454,-0.0341133214533329,13.009321212768555,x,1.8_2.0_2.2
83,8.284545454545453,8.385454545454545,13,0.095,0.14777777777777779,130,0.17946046590805054,0.08063210546970367,0.36343875527381897,0.11940228939056396,12.074130058288574,x,1.8_2.0_2.2
83,8.284545454545453,8.385454545454545,14,0.14777777777777779,0.20055555555555554,106,0.08742476999759674,0.045206308364868164,0.3676340579986572,0.17249280214309692,12.692652702331543,x,1.8_2.0_2.2
83,8.284545454545453,8.385454545454545,15,0.20055555555555554,0.2533333333333333,78,0.04468703269958496,0.027166645973920822,0.36745861172676086,0.22550810873508453,11.941360473632812,x,1.8_2.0_2.2
83,8.284545454545453,8.385454545454545,16,0.2533333333333333,0.3061111111111111,42,0.03587150573730469,0.01999565027654171,0.4080177843570709,0.2716105878353119,12.764787673950195,x,1.8_2.0_2.2
83,8.284545454545453,8.385454545454545,17,0.3061111111111111,0.3588888888888889,83,0.03222332149744034,0.026550784707069397,0.46825534105300903,0.3355260491371155,11.743579864501953,x,1.8_2.0_2.2
83,8.284545454545453,8.385454545454545,18,0.3588888888888889,0.4116666666666666,43,0.042356375604867935,0.0076371971517801285,0.5406118035316467,0.37859565019607544,10.322790145874023,x,1.8_2.0_2.2
83,8.284545454545453,8.385454545454545,19,0.4116666666666666,0.46444444444444444,6,0.03201515972614288,0.002607770962640643,0.5598374605178833,0.42513564229011536,9.904228210449219,x,1.8_2.0_2.2
84,8.385454545454545,8.486363636363636,3,-0.46727272727272723,-0.4159090909090909,26,-0.11143448203802109,0.12489411234855652,0.033218320459127426,-0.4279618263244629,9.735917091369629,x,1.8_2.0_2.2
84,8.385454545454545,8.486363636363636,4,-0.4159090909090909,-0.3645454545454545,88,-0.07253282517194748,0.09630518406629562,0.036256514489650726,-0.39030760526657104,13.269370079040527,x,1.8_2.0_2.2
84,8.385454545454545,8.486363636363636,5,-0.3645454545454545,-0.3131818181818181,191,-0.06727875024080276,0.09884445369243622,-0.016770971938967705,-0.3341972529888153,13.919729232788086,x,1.8_2.0_2.2
84,8.385454545454545,8.486363636363636,6,-0.3131818181818181,-0.2618181818181818,234,-0.04585109278559685,0.10041545331478119,-0.019389845430850983,-0.28585150837898254,16.49233055114746,x,1.8_2.0_2.2
84,8.385454545454545,8.486363636363636,7,-0.2618181818181818,-0.21045454545454545,367,-0.07195398956537247,0.11114037036895752,0.12358283251523972,-0.23464982211589813,18.8413143157959,x,1.8_2.0_2.2
84,8.385454545454545,8.486363636363636,8,-0.21045454545454545,-0.15909090909090906,356,-0.09394190460443497,0.16525664925575256,0.06154365837574005,-0.18558987975120544,17.02204132080078,x,1.8_2.0_2.2
84,8.385454545454545,8.486363636363636,9,-0.15909090909090906,-0.10772727272727267,291,-0.04033399745821953,0.24611781537532806,-0.05478178709745407,-0.13200511038303375,17.28542137145996,x,1.8_2.0_2.2
84,8.385454545454545,8.486363636363636,10,-0.10772727272727267,-0.05636363636363628,318,-0.002061445964500308,0.47274062037467957,-0.09234103560447693,-0.083491750061512,14.292274475097656,x,1.8_2.0_2.2
84,8.385454545454545,8.486363636363636,11,-0.05636363636363628,-0.0050000000000000044,244,-0.7525278329849243,1.4357930421829224,0.1578219085931778,-0.03406965360045433,13.104610443115234,x,1.8_2.0_2.2
84,8.385454545454545,8.486363636363636,13,0.095,0.14777777777777779,127,0.17900457978248596,0.07474517822265625,0.36531513929367065,0.11942896246910095,12.16285228729248,x,1.8_2.0_2.2
84,8.385454545454545,8.486363636363636,14,0.14777777777777779,0.20055555555555554,104,0.08713122457265854,0.04560737684369087,0.3690374791622162,0.17270667850971222,12.776327133178711,x,1.8_2.0_2.2
84,8.385454545454545,8.486363636363636,15,0.20055555555555554,0.2533333333333333,73,0.04555715620517731,0.027777746319770813,0.37261295318603516,0.22541937232017517,12.187782287597656,x,1.8_2.0_2.2
84,8.385454545454545,8.486363636363636,16,0.2533333333333333,0.3061111111111111,36,0.03849748149514198,0.01282956451177597,0.43276745080947876,0.2720735967159271,13.502463340759277,x,1.8_2.0_2.2
84,8.385454545454545,8.486363636363636,17,0.3061111111111111,0.3588888888888889,80,0.033853575587272644,0.025950239971280098,0.47425419092178345,0.33577418327331543,11.871111869812012,x,1.8_2.0_2.2
84,8.385454545454545,8.486363636363636,18,0.3588888888888889,0.4116666666666666,40,0.04204342141747475,0.007268376182764769,0.5409702062606812,0.3784533441066742,10.471829414367676,x,1.8_2.0_2.2
84,8.385454545454545,8.486363636363636,19,0.4116666666666666,0.46444444444444444,6,0.03201515972614288,0.002607770962640643,0.5598374605178833,0.42513564229011536,9.904228210449219,x,1.8_2.0_2.2
85,8.486363636363636,8.587272727272726,3,-0.46727272727272723,-0.4159090909090909,26,-0.11143448203802109,0.12489411234855652,0.033218320459127426,-0.4279618263244629,9.735917091369629,x,1.8_2.0_2.2
85,8.486363636363636,8.587272727272726,4,-0.4159090909090909,-0.3645454545454545,85,-0.07735692709684372,0.0957150086760521,0.05535915493965149,-0.3903716504573822,13.438377380371094,x,1.8_2.0_2.2
85,8.486363636363636,8.587272727272726,5,-0.3645454545454545,-0.3131818181818181,189,-0.0683993548154831,0.09894873201847076,-0.012899085879325867,-0.33419695496559143,13.977656364440918,x,1.8_2.0_2.2
85,8.486363636363636,8.587272727272726,6,-0.3131818181818181,-0.2618181818181818,226,-0.04577409848570824,0.09942136704921722,-0.01632908172905445,-0.2862544059753418,16.77794647216797,x,1.8_2.0_2.2
85,8.486363636363636,8.587272727272726,7,-0.2618181818181818,-0.21045454545454545,357,-0.07425513118505478,0.10993795096874237,0.13215990364551544,-0.23472590744495392,19.132448196411133,x,1.8_2.0_2.2
85,8.486363636363636,8.587272727272726,8,-0.21045454545454545,-0.15909090909090906,348,-0.09493070095777512,0.16483189165592194,0.06497685611248016,-0.1853581964969635,17.219636917114258,x,1.8_2.0_2.2
85,8.486363636363636,8.587272727272726,9,-0.15909090909090906,-0.10772727272727267,291,-0.04033399745821953,0.24611781537532806,-0.05478178709745407,-0.13200511038303375,17.28542137145996,x,1.8_2.0_2.2
85,8.486363636363636,8.587272727272726,10,-0.10772727272727267,-0.05636363636363628,312,0.0046561225317418575,0.46584632992744446,-0.09590832144021988,-0.08376514166593552,14.404999732971191,x,1.8_2.0_2.2
85,8.486363636363636,8.587272727272726,11,-0.05636363636363628,-0.0050000000000000044,241,-0.7494021654129028,1.4034123420715332,0.15824994444847107,-0.03408798575401306,13.162782669067383,x,1.8_2.0_2.2
85,8.486363636363636,8.587272727272726,13,0.095,0.14777777777777779,125,0.17831885814666748,0.07506130635738373,0.3662217855453491,0.11955906450748444,12.222734451293945,x,1.8_2.0_2.2
85,8.486363636363636,8.587272727272726,14,0.14777777777777779,0.20055555555555554,100,0.08369709551334381,0.04160948097705841,0.3657644987106323,0.1727309674024582,12.950048446655273,x,1.8_2.0_2.2
85,8.486363636363636,8.587272727272726,15,0.20055555555555554,0.2533333333333333,71,0.0462459959089756,0.028005067259073257,0.37486815452575684,0.22535568475723267,12.294241905212402,x,1.8_2.0_2.2
85,8.486363636363636,8.587272727272726,16,0.2533333333333333,0.3061111111111111,36,0.03849748149514198,0.01282956451177597,0.43276745080947876,0.2720735967159271,13.502463340759277,x,1.8_2.0_2.2
85,8.486363636363636,8.587272727272726,17,0.3061111111111111,0.3588888888888889,77,0.0357343815267086,0.02515883930027485,0.48092150688171387,0.3362428545951843,12.005565643310547,x,1.8_2.0_2.2
85,8.486363636363636,8.587272727272726,18,0.3588888888888889,0.4116666666666666,40,0.04204342141747475,0.007268376182764769,0.5409702062606812,0.3784533441066742,10.471829414367676,x,1.8_2.0_2.2
85,8.486363636363636,8.587272727272726,19,0.4116666666666666,0.46444444444444444,6,0.03201515972614288,0.002607770962640643,0.5598374605178833,0.42513564229011536,9.904228210449219,x,1.8_2.0_2.2
86,8.587272727272726,8.688181818181818,3,-0.46727272727272723,-0.4159090909090909,25,-0.11777561902999878,0.12500721216201782,0.05371534824371338,-0.4272790253162384,9.785829544067383,x,1.8_2.0_2.2
86,8.587272727272726,8.688181818181818,4,-0.4159090909090909,-0.3645454545454545,83,-0.08075453341007233,0.09525217860937119,0.06844890862703323,-0.3906421959400177,13.556398391723633,x,1.8_2.0_2.2
86,8.587272727272726,8.688181818181818,5,-0.3645454545454545,-0.3131818181818181,187,-0.06665049493312836,0.09835024923086166,-0.016123980283737183,-0.3340786099433899,14.035768508911133,x,1.8_2.0_2.2
86,8.587272727272726,8.688181818181818,6,-0.3131818181818181,-0.2618181818181818,214,-0.04247532784938812,0.09672278165817261,-0.016495147719979286,-0.28671208024024963,17.240962982177734,x,1.8_2.0_2.2
86,8.587272727272726,8.688181818181818,7,-0.2618181818181818,-0.21045454545454545,345,-0.07828827202320099,0.10859926044940948,0.14600732922554016,-0.2348429411649704,19.501127243041992,x,1.8_2.0_2.2
86,8.587272727272726,8.688181818181818,8,-0.21045454545454545,-0.15909090909090906,343,-0.0945853739976883,0.164495587348938,0.06546484678983688,-0.18528670072555542,17.34619903564453,x,1.8_2.0_2.2
86,8.587272727272726,8.688181818181818,9,-0.15909090909090906,-0.10772727272727267,288,-0.04136708006262779,0.2446294128894806,-0.05311720818281174,-0.13188447058200836,17.376543045043945,x,1.8_2.0_2.2
86,8.587272727272726,8.688181818181818,10,-0.10772727272727267,-0.05636363636363628,310,0.009212774224579334,0.46098870038986206,-0.0995108112692833,-0.08384861052036285,14.442934036254883,x,1.8_2.0_2.2
86,8.587272727272726,8.688181818181818,11,-0.05636363636363628,-0.0050000000000000044,236,-0.7491874098777771,1.4079643487930298,0.1566164344549179,-0.033883702009916306,13.260361671447754,x,1.8_2.0_2.2
86,8.587272727272726,8.688181818181818,13,0.095,0.14777777777777779,123,0.17734046280384064,0.07544802874326706,0.3662964105606079,0.1194942444562912,12.282549858093262,x,1.8_2.0_2.2
86,8.587272727272726,8.688181818181818,14,0.14777777777777779,0.20055555555555554,98,0.08403932303190231,0.04180588945746422,0.367473840713501,0.17258936166763306,13.040864944458008,x,1.8_2.0_2.2
86,8.587272727272726,8.688181818181818,15,0.20055555555555554,0.2533333333333333,67,0.04739969223737717,0.02825702354311943,0.3804054260253906,0.2252996563911438,12.518022537231445,x,1.8_2.0_2.2
86,8.587272727272726,8.688181818181818,16,0.2533333333333333,0.3061111111111111,36,0.03849748149514198,0.01282956451177597,0.43276745080947876,0.2720735967159271,13.502463340759277,x,1.8_2.0_2.2
86,8.587272727272726,8.688181818181818,17,0.3061111111111111,0.3588888888888889,75,0.03605726733803749,0.02449721097946167,0.48290929198265076,0.3366480767726898,12.098793029785156,x,1.8_2.0_2.2
86,8.587272727272726,8.688181818181818,18,0.3588888888888889,0.4116666666666666,35,0.041715364903211594,0.007368082646280527,0.543262779712677,0.37814268469810486,10.748113632202148,x,1.8_2.0_2.2
86,8.587272727272726,8.688181818181818,19,0.4116666666666666,0.46444444444444444,5,0.03283429145812988,0.002033400582149625,0.5629109740257263,0.42215675115585327,10.184852600097656,x,1.8_2.0_2.2
87,8.688181818181818,8.789090909090909,3,-0.46727272727272723,-0.4159090909090909,23,-0.12053996324539185,0.12487804144620895,0.06597870588302612,-0.4273185431957245,9.889162063598633,x,1.8_2.0_2.2
87,8.688181818181818,8.789090909090909,4,-0.4159090909090909,-0.3645454545454545,82,-0.07904783636331558,0.09438317269086838,0.06474615633487701,-0.39087024331092834,13.615839958190918,x,1.8_2.0_2.2
87,8.688181818181818,8.789090909090909,5,-0.3645454545454545,-0.3131818181818181,180,-0.06625930219888687,0.0976521372795105,-0.013015619479119778,-0.3340320587158203,14.245426177978516,x,1.8_2.0_2.2
87,8.688181818181818,8.789090909090909,6,-0.3131818181818181,-0.2618181818181818,206,-0.03880630061030388,0.09359511733055115,-0.021487778052687645,-0.2871113121509552,17.575897216796875,x,1.8_2.0_2.2
87,8.688181818181818,8.789090909090909,7,-0.2618181818181818,-0.21045454545454545,339,-0.07987591624259949,0.10718543082475662,0.15180976688861847,-0.23478937149047852,19.693355560302734,x,1.8_2.0_2.2
87,8.688181818181818,8.789090909090909,8,-0.21045454545454545,-0.15909090909090906,342,-0.0939016193151474,0.16425424814224243,0.06457440555095673,-0.1852254867553711,17.371610641479492,x,1.8_2.0_2.2
87,8.688181818181818,8.789090909090909,9,-0.15909090909090906,-0.10772727272727267,286,-0.0437794029712677,0.24350714683532715,-0.05029702186584473,-0.13196665048599243,17.437721252441406,x,1.8_2.0_2.2
87,8.688181818181818,8.789090909090909,10,-0.10772727272727267,-0.05636363636363628,307,0.017186615616083145,0.45728349685668945,-0.10404226928949356,-0.08401913195848465,14.499709129333496,x,1.8_2.0_2.2
87,8.688181818181818,8.789090909090909,11,-0.05636363636363628,-0.0050000000000000044,232,-0.7204447984695435,1.3807806968688965,0.15144488215446472,-0.034079987555742264,13.340030670166016,x,1.8_2.0_2.2
87,8.688181818181818,8.789090909090909,13,0.095,0.14777777777777779,121,0.17537884414196014,0.07442153990268707,0.3654147982597351,0.11954577267169952,12.3423490524292,x,1.8_2.0_2.2
87,8.688181818181818,8.789090909090909,14,0.14777777777777779,0.20055555555555554,96,0.0833912119269371,0.04215032607316971,0.36818161606788635,0.17260980606079102,13.131884574890137,x,1.8_2.0_2.2
87,8.688181818181818,8.789090909090909,15,0.20055555555555554,0.2533333333333333,62,0.04920858144760132,0.02839265763759613,0.38793233036994934,0.2247423231601715,12.830007553100586,x,1.8_2.0_2.2
87,8.688181818181818,8.789090909090909,16,0.2533333333333333,0.3061111111111111,33,0.03990904614329338,0.012634619139134884,0.44266030192375183,0.2726381719112396,13.945239067077637,x,1.8_2.0_2.2
87,8.688181818181818,8.789090909090909,17,0.3061111111111111,0.3588888888888889,73,0.03628714755177498,0.02424677088856697,0.4838128387928009,0.336382657289505,12.193825721740723,x,1.8_2.0_2.2
87,8.688181818181818,8.789090909090909,18,0.3588888888888889,0.4116666666666666,34,0.041454557329416275,0.007383954245597124,0.5436325073242188,0.3782568573951721,10.810737609863281,x,1.8_2.0_2.2
87,8.688181818181818,8.789090909090909,19,0.4116666666666666,0.46444444444444444,5,0.03283429145812988,0.002033400582149625,0.5629109740257263,0.42215675115585327,10.184852600097656,x,1.8_2.0_2.2
88,8.789090909090909,8.889999999999999,3,-0.46727272727272723,-0.4159090909090909,22,-0.1286783367395401,0.12465132772922516,0.09073349833488464,-0.4266904890537262,9.939360618591309,x,1.8_2.0_2.2
88,8.789090909090909,8.889999999999999,4,-0.4159090909090909,-0.3645454545454545,82,-0.07904783636331558,0.09438317269086838,0.06474615633487701,-0.39087024331092834,13.615839958190918,x,1.8_2.0_2.2
88,8.789090909090909,8.889999999999999,5,-0.3645454545454545,-0.3131818181818181,177,-0.06354973465204239,0.09592001140117645,-0.019532402977347374,-0.33386242389678955,14.33914566040039,x,1.8_2.0_2.2
88,8.789090909090909,8.889999999999999,6,-0.3131818181818181,-0.2618181818181818,201,-0.03905458748340607,0.0920763686299324,-0.019267011433839798,-0.28752124309539795,17.7960262298584,x,1.8_2.0_2.2
88,8.789090909090909,8.889999999999999,7,-0.2618181818181818,-0.21045454545454545,334,-0.08219081908464432,0.10691589117050171,0.15899372100830078,-0.234726220369339,19.857627868652344,x,1.8_2.0_2.2
88,8.789090909090909,8.889999999999999,8,-0.21045454545454545,-0.15909090909090906,340,-0.09370821714401245,0.16473330557346344,0.06511442363262177,-0.1851903349161148,17.42226791381836,x,1.8_2.0_2.2
88,8.789090909090909,8.889999999999999,9,-0.15909090909090906,-0.10772727272727267,284,-0.04617772996425629,0.2425704449415207,-0.04705563932657242,-0.13191181421279907,17.498756408691406,x,1.8_2.0_2.2
88,8.789090909090909,8.889999999999999,10,-0.10772727272727267,-0.05636363636363628,305,0.013380658812820911,0.4541405141353607,-0.10155089944601059,-0.08417123556137085,14.537416458129883,x,1.8_2.0_2.2
88,8.789090909090909,8.889999999999999,11,-0.05636363636363628,-0.0050000000000000044,229,-0.6980104446411133,1.3738783597946167,0.14862042665481567,-0.03426527976989746,13.400375366210938,x,1.8_2.0_2.2
88,8.789090909090909,8.889999999999999,13,0.095,0.14777777777777779,118,0.17337365448474884,0.07457707077264786,0.3650176525115967,0.11940053850412369,12.433963775634766,x,1.8_2.0_2.2
88,8.789090909090909,8.889999999999999,14,0.14777777777777779,0.20055555555555554,94,0.08301079273223877,0.04250132292509079,0.3686014413833618,0.1722714900970459,13.225566864013672,x,1.8_2.0_2.2
88,8.789090909090909,8.889999999999999,15,0.20055555555555554,0.2533333333333333,59,0.05053263157606125,0.028608975932002068,0.39295533299446106,0.22466245293617249,13.037835121154785,x,1.8_2.0_2.2
88,8.789090909090909,8.889999999999999,16,0.2533333333333333,0.3061111111111111,29,0.04225437715649605,0.012353090569376945,0.45928797125816345,0.2743157744407654,14.665544509887695,x,1.8_2.0_2.2
88,8.789090909090909,8.889999999999999,17,0.3061111111111111,0.3588888888888889,71,0.0353543758392334,0.024130461737513542,0.4827461242675781,0.336174339056015,12.29045295715332,x,1.8_2.0_2.2
88,8.789090909090909,8.889999999999999,18,0.3588888888888889,0.4116666666666666,32,0.041383616626262665,0.007518603000789881,0.5450198650360107,0.37810251116752625,10.94066047668457,x,1.8_2.0_2.2
88,8.789090909090909,8.889999999999999,19,0.4116666666666666,0.46444444444444444,5,0.03283429145812988,0.002033400582149625,0.5629109740257263,0.42215675115585327,10.184852600097656,x,1.8_2.0_2.2
89,8.889999999999999,8.99090909090909,3,-0.46727272727272723,-0.4159090909090909,20,-0.11352388560771942,0.12540116906166077,0.054086100310087204,-0.42628082633018494,10.048297882080078,x,1.8_2.0_2.2
89,8.889999999999999,8.99090909090909,4,-0.4159090909090909,-0.3645454545454545,82,-0.07904783636331558,0.09438317269086838,0.06474615633487701,-0.39087024331092834,13.615839958190918,x,1.8_2.0_2.2
89,8.889999999999999,8.99090909090909,5,-0.3645454545454545,-0.3131818181818181,176,-0.06416555494070053,0.09595626592636108,-0.017462529242038727,-0.3339425325393677,14.37038803100586,x,1.8_2.0_2.2
89,8.889999999999999,8.99090909090909,6,-0.3131818181818181,-0.2618181818181818,200,-0.039479486644268036,0.09215953946113586,-0.01746855303645134,-0.28744974732398987,17.840831756591797,x,1.8_2.0_2.2
89,8.889999999999999,8.99090909090909,7,-0.2618181818181818,-0.21045454545454545,327,-0.08538080006837845,0.10648831725120544,0.169799342751503,-0.23439809679985046,20.093585968017578,x,1.8_2.0_2.2
89,8.889999999999999,8.99090909090909,8,-0.21045454545454545,-0.15909090909090906,338,-0.0938761755824089,0.16380681097507477,0.06573651731014252,-0.18529655039310455,17.47292709350586,x,1.8_2.0_2.2
89,8.889999999999999,8.99090909090909,9,-0.15909090909090906,-0.10772727272727267,282,-0.04858648404479027,0.24151748418807983,-0.0441555418074131,-0.13198189437389374,17.560144424438477,x,1.8_2.0_2.2
89,8.889999999999999,8.99090909090909,10,-0.10772727272727267,-0.05636363636363628,303,0.014478849247097969,0.45061618089675903,-0.1024056151509285,-0.08419014513492584,14.574886322021484,x,1.8_2.0_2.2
89,8.889999999999999,8.99090909090909,11,-0.05636363636363628,-0.0050000000000000044,226,-0.6816601157188416,1.375536322593689,0.14575640857219696,-0.034313101321458817,13.461080551147461,x,1.8_2.0_2.2
89,8.889999999999999,8.99090909090909,13,0.095,0.14777777777777779,111,0.16768480837345123,0.0719035267829895,0.3646507263183594,0.1198994591832161,12.660808563232422,x,1.8_2.0_2.2
89,8.889999999999999,8.99090909090909,14,0.14777777777777779,0.20055555555555554,93,0.08320583403110504,0.04267524555325508,0.3694804906845093,0.17220765352249146,13.27245807647705,x,1.8_2.0_2.2
89,8.889999999999999,8.99090909090909,15,0.20055555555555554,0.2533333333333333,58,0.05104481056332588,0.02845023386180401,0.39489150047302246,0.22439134120941162,13.1096830368042,x,1.8_2.0_2.2
89,8.889999999999999,8.99090909090909,16,0.2533333333333333,0.3061111111111111,26,0.044501978904008865,0.011649839580059052,0.47475874423980713,0.2755173444747925,15.33740234375,x,1.8_2.0_2.2
89,8.889999999999999,8.99090909090909,17,0.3061111111111111,0.3588888888888889,70,0.035989705473184586,0.023961365222930908,0.4847456216812134,0.3360702693462372,12.33942699432373,x,1.8_2.0_2.2
89,8.889999999999999,8.99090909090909,18,0.3588888888888889,0.4116666666666666,31,0.041199106723070145,0.007565861567854881,0.5445902943611145,0.3776024580001831,11.008281707763672,x,1.8_2.0_2.2
89,8.889999999999999,8.99090909090909,19,0.4116666666666666,0.46444444444444444,5,0.03283429145812988,0.002033400582149625,0.5629109740257263,0.42215675115585327,10.184852600097656,x,1.8_2.0_2.2
90,8.99090909090909,9.091818181818182,3,-0.46727272727272723,-0.4159090909090909,19,-0.12313013523817062,0.12405639886856079,0.0864972472190857,-0.42585599422454834,10.107370376586914,x,1.8_2.0_2.2
90,8.99090909090909,9.091818181818182,4,-0.4159090909090909,-0.3645454545454545,81,-0.0802840068936348,0.09450092911720276,0.07046285271644592,-0.39097219705581665,13.67354965209961,x,1.8_2.0_2.2
90,8.99090909090909,9.091818181818182,5,-0.3645454545454545,-0.3131818181818181,173,-0.06287254393100739,0.09540019929409027,-0.01892208307981491,-0.33387213945388794,14.464479446411133,x,1.8_2.0_2.2
90,8.99090909090909,9.091818181818182,6,-0.3131818181818181,-0.2618181818181818,198,-0.038109518587589264,0.09130800515413284,-0.02008361555635929,-0.2872109115123749,17.930330276489258,x,1.8_2.0_2.2
90,8.99090909090909,9.091818181818182,7,-0.2618181818181818,-0.21045454545454545,323,-0.08688800036907196,0.10633458197116852,0.1752808541059494,-0.23432861268520355,20.232017517089844,x,1.8_2.0_2.2
90,8.99090909090909,9.091818181818182,8,-0.21045454545454545,-0.15909090909090906,335,-0.09404367208480835,0.16322878003120422,0.06667248904705048,-0.1853078305721283,17.54941177368164,x,1.8_2.0_2.2
90,8.99090909090909,9.091818181818182,9,-0.15909090909090906,-0.10772727272727267,277,-0.05480669066309929,0.23934543132781982,-0.03593394532799721,-0.13181905448436737,17.7156925201416,x,1.8_2.0_2.2
90,8.99090909090909,9.091818181818182,10,-0.10772727272727267,-0.05636363636363628,301,0.019035564735531807,0.44812437891960144,-0.105592280626297,-0.08430188149213791,14.612422943115234,x,1.8_2.0_2.2
90,8.99090909090909,9.091818181818182,11,-0.05636363636363628,-0.0050000000000000044,222,-0.6951335072517395,1.3662103414535522,0.1497553437948227,-0.03429914265871048,13.54226016998291,x,1.8_2.0_2.2
90,8.99090909090909,9.091818181818182,13,0.095,0.14777777777777779,109,0.16708724200725555,0.07250908762216568,0.36525389552116394,0.11986470222473145,12.729715347290039,x,1.8_2.0_2.2
90,8.99090909090909,9.091818181818182,14,0.14777777777777779,0.20055555555555554,90,0.08361198753118515,0.04309530556201935,0.3712744414806366,0.17200636863708496,13.41684341430664,x,1.8_2.0_2.2
90,8.99090909090909,9.091818181818182,15,0.20055555555555554,0.2533333333333333,56,0.0519561730325222,0.02852977067232132,0.3988531231880188,0.22443793714046478,13.257956504821777,x,1.8_2.0_2.2
90,8.99090909090909,9.091818181818182,16,0.2533333333333333,0.3061111111111111,23,0.047415267676115036,0.01053831446915865,0.4945356547832489,0.2776242196559906,16.17357635498047,x,1.8_2.0_2.2
90,8.99090909090909,9.091818181818182,17,0.3061111111111111,0.3588888888888889,70,0.035989705473184586,0.023961365222930908,0.4847456216812134,0.3360702693462372,12.33942699432373,x,1.8_2.0_2.2
90,8.99090909090909,9.091818181818182,18,0.3588888888888889,0.4116666666666666,31,0.041199106723070145,0.007565861567854881,0.5445902943611145,0.3776024580001831,11.008281707763672,x,1.8_2.0_2.2
90,8.99090909090909,9.091818181818182,19,0.4116666666666666,0.46444444444444444,5,0.03283429145812988,0.002033400582149625,0.5629109740257263,0.42215675115585327,10.184852600097656,x,1.8_2.0_2.2
91,9.091818181818182,9.192727272727272,3,-0.46727272727272723,-0.4159090909090909,17,-0.12435190379619598,0.12344209104776382,0.09231467545032501,-0.4245184063911438,10.229108810424805,x,1.8_2.0_2.2
91,9.091818181818182,9.192727272727272,4,-0.4159090909090909,-0.3645454545454545,81,-0.0802840068936348,0.09450092911720276,0.07046285271644592,-0.39097219705581665,13.67354965209961,x,1.8_2.0_2.2
91,9.091818181818182,9.192727272727272,5,-0.3645454545454545,-0.3131818181818181,167,-0.06188851594924927,0.09517452120780945,-0.01696017198264599,-0.3336397111415863,14.659124374389648,x,1.8_2.0_2.2
91,9.091818181818182,9.192727272727272,6,-0.3131818181818181,-0.2618181818181818,196,-0.03794960305094719,0.09078732132911682,-0.0198252834379673,-0.2871350646018982,18.0209903717041,x,1.8_2.0_2.2
91,9.091818181818182,9.192727272727272,7,-0.2618181818181818,-0.21045454545454545,318,-0.0883975550532341,0.1049884781241417,0.1807384192943573,-0.23414453864097595,20.408464431762695,x,1.8_2.0_2.2
91,9.091818181818182,9.192727272727272,8,-0.21045454545454545,-0.15909090909090906,331,-0.09337777644395828,0.16276061534881592,0.06674176454544067,-0.18522264063358307,17.652149200439453,x,1.8_2.0_2.2
91,9.091818181818182,9.192727272727272,9,-0.15909090909090906,-0.10772727272727267,276,-0.05604002997279167,0.23858873546123505,-0.034393150359392166,-0.13188287615776062,17.74713706970215,x,1.8_2.0_2.2
91,9.091818181818182,9.192727272727272,10,-0.10772727272727267,-0.05636363636363628,299,0.02024041675031185,0.4460047483444214,-0.10649333149194717,-0.08427178859710693,14.649707794189453,x,1.8_2.0_2.2
91,9.091818181818182,9.192727272727272,11,-0.05636363636363628,-0.0050000000000000044,220,-0.6873133778572083,1.3713148832321167,0.1478511393070221,-0.03430423140525818,13.583154678344727,x,1.8_2.0_2.2
91,9.091818181818182,9.192727272727272,13,0.095,0.14777777777777779,109,0.16708724200725555,0.07250908762216568,0.36525389552116394,0.11986470222473145,12.729715347290039,x,1.8_2.0_2.2
91,9.091818181818182,9.192727272727272,14,0.14777777777777779,0.20055555555555554,87,0.08253898471593857,0.043189290910959244,0.37219685316085815,0.1718870848417282,13.568085670471191,x,1.8_2.0_2.2
91,9.091818181818182,9.192727272727272,15,0.20055555555555554,0.2533333333333333,53,0.052294544875621796,0.02911168895661831,0.40409550070762634,0.22497189044952393,13.496556282043457,x,1.8_2.0_2.2
91,9.091818181818182,9.192727272727272,16,0.2533333333333333,0.3061111111111111,23,0.047415267676115036,0.01053831446915865,0.4945356547832489,0.2776242196559906,16.17357635498047,x,1.8_2.0_2.2
91,9.091818181818182,9.192727272727272,17,0.3061111111111111,0.3588888888888889,68,0.03752853348851204,0.023098049685359,0.49033793807029724,0.33646559715270996,12.436564445495605,x,1.8_2.0_2.2
91,9.091818181818182,9.192727272727272,18,0.3588888888888889,0.4116666666666666,29,0.04047079756855965,0.007458238862454891,0.5447949767112732,0.3778630495071411,11.14467716217041,x,1.8_2.0_2.2
91,9.091818181818182,9.192727272727272,19,0.4116666666666666,0.46444444444444444,5,0.03283429145812988,0.002033400582149625,0.5629109740257263,0.42215675115585327,10.184852600097656,x,1.8_2.0_2.2
92,9.192727272727272,9.293636363636363,3,-0.46727272727272723,-0.4159090909090909,17,-0.12435190379619598,0.12344209104776382,0.09231467545032501,-0.4245184063911438,10.229108810424805,x,1.8_2.0_2.2
92,9.192727272727272,9.293636363636363,4,-0.4159090909090909,-0.3645454545454545,80,-0.07856996357440948,0.09391961246728897,0.0667109489440918,-0.39089885354042053,13.730669021606445,x,1.8_2.0_2.2
92,9.192727272727272,9.293636363636363,5,-0.3645454545454545,-0.3131818181818181,163,-0.061041608452796936,0.09474114328622818,-0.01634683832526207,-0.33337491750717163,14.794082641601562,x,1.8_2.0_2.2
92,9.192727272727272,9.293636363636363,6,-0.3131818181818181,-0.2618181818181818,194,-0.0390462763607502,0.09079737961292267,-0.016062835231423378,-0.2873108386993408,18.112611770629883,x,1.8_2.0_2.2
92,9.192727272727272,9.293636363636363,7,-0.2618181818181818,-0.21045454545454545,316,-0.08952528238296509,0.10474324226379395,0.184181347489357,-0.23408332467079163,20.479875564575195,x,1.8_2.0_2.2
92,9.192727272727272,9.293636363636363,8,-0.21045454545454545,-0.15909090909090906,328,-0.09341172128915787,0.16350266337394714,0.06766093522310257,-0.18510353565216064,17.72983169555664,x,1.8_2.0_2.2
92,9.192727272727272,9.293636363636363,9,-0.15909090909090906,-0.10772727272727267,276,-0.05604002997279167,0.23858873546123505,-0.034393150359392166,-0.13188287615776062,17.74713706970215,x,1.8_2.0_2.2
92,9.192727272727272,9.293636363636363,10,-0.10772727272727267,-0.05636363636363628,296,0.019225507974624634,0.4443367123603821,-0.1056872010231018,-0.08432457596063614,14.705495834350586,x,1.8_2.0_2.2
92,9.192727272727272,9.293636363636363,11,-0.05636363636363628,-0.0050000000000000044,216,-0.6911616921424866,1.3762418031692505,0.14708398282527924,-0.034076087176799774,13.665557861328125,x,1.8_2.0_2.2
92,9.192727272727272,9.293636363636363,13,0.095,0.14777777777777779,105,0.16422583162784576,0.06902217864990234,0.3647986054420471,0.11999163031578064,12.866016387939453,x,1.8_2.0_2.2
92,9.192727272727272,9.293636363636363,14,0.14777777777777779,0.20055555555555554,84,0.08195611834526062,0.042764630168676376,0.3737492859363556,0.1718231439590454,13.726112365722656,x,1.8_2.0_2.2
92,9.192727272727272,9.293636363636363,15,0.20055555555555554,0.2533333333333333,50,0.052275240421295166,0.02595927193760872,0.4053230285644531,0.224938303232193,13.757901191711426,x,1.8_2.0_2.2
92,9.192727272727272,9.293636363636363,16,0.2533333333333333,0.3061111111111111,21,0.049384959042072296,0.009078163653612137,0.511141836643219,0.2796696424484253,16.842269897460938,x,1.8_2.0_2.2
92,9.192727272727272,9.293636363636363,17,0.3061111111111111,0.3588888888888889,68,0.03752853348851204,0.023098049685359,0.49033793807029724,0.33646559715270996,12.436564445495605,x,1.8_2.0_2.2
92,9.192727272727272,9.293636363636363,18,0.3588888888888889,0.4116666666666666,27,0.03959221392869949,0.007256621029227972,0.5456056594848633,0.3787252604961395,11.29326343536377,x,1.8_2.0_2.2
93,9.293636363636363,9.394545454545455,3,-0.46727272727272723,-0.4159090909090909,16,-0.1372494101524353,0.12120802700519562,0.13242585957050323,-0.4242553114891052,10.292665481567383,x,1.8_2.0_2.2
93,9.293636363636363,9.394545454545455,4,-0.4159090909090909,-0.3645454545454545,80,-0.07856996357440948,0.09391961246728897,0.0667109489440918,-0.39089885354042053,13.730669021606445,x,1.8_2.0_2.2
93,9.293636363636363,9.394545454545455,5,-0.3645454545454545,-0.3131818181818181,160,-0.06149531900882721,0.09445471316576004,-0.01366333942860365,-0.33362555503845215,14.898101806640625,x,1.8_2.0_2.2
93,9.293636363636363,9.394545454545455,6,-0.3131818181818181,-0.2618181818181818,193,-0.03949030861258507,0.09088113158941269,-0.014186651445925236,-0.28725358843803406,18.158483505249023,x,1.8_2.0_2.2
93,9.293636363636363,9.394545454545455,7,-0.2618181818181818,-0.21045454545454545,314,-0.0906645804643631,0.10449375212192535,0.18766991794109344,-0.23401783406734467,20.551593780517578,x,1.8_2.0_2.2
93,9.293636363636363,9.394545454545455,8,-0.21045454545454545,-0.15909090909090906,324,-0.09378055483102798,0.16237647831439972,0.06903225928544998,-0.18505075573921204,17.834884643554688,x,1.8_2.0_2.2
93,9.293636363636363,9.394545454545455,9,-0.15909090909090906,-0.10772727272727267,276,-0.05604002997279167,0.23858873546123505,-0.034393150359392166,-0.13188287615776062,17.74713706970215,x,1.8_2.0_2.2
93,9.293636363636363,9.394545454545455,10,-0.10772727272727267,-0.05636363636363628,293,0.018022192642092705,0.43716999888420105,-0.10528400540351868,-0.0845835879445076,14.76149845123291,x,1.8_2.0_2.2
93,9.293636363636363,9.394545454545455,11,-0.05636363636363628,-0.0050000000000000044,215,-0.6821960806846619,1.3516486883163452,0.1462903916835785,-0.03420020267367363,13.68628978729248,x,1.8_2.0_2.2
93,9.293636363636363,9.394545454545455,13,0.095,0.14777777777777779,102,0.16267195343971252,0.06866110861301422,0.3651010990142822,0.11996901035308838,12.972042083740234,x,1.8_2.0_2.2
93,9.293636363636363,9.394545454545455,14,0.14777777777777779,0.20055555555555554,81,0.07998807728290558,0.04169471561908722,0.3733518421649933,0.17215685546398163,13.893388748168945,x,1.8_2.0_2.2
93,9.293636363636363,9.394545454545455,15,0.20055555555555554,0.2533333333333333,46,0.05477983132004738,0.02575664222240448,0.4140961766242981,0.2236279845237732,14.151577949523926,x,1.8_2.0_2.2
93,9.293636363636363,9.394545454545455,16,0.2533333333333333,0.3061111111111111,21,0.049384959042072296,0.009078163653612137,0.511141836643219,0.2796696424484253,16.842269897460938,x,1.8_2.0_2.2
93,9.293636363636363,9.394545454545455,17,0.3061111111111111,0.3588888888888889,67,0.038316719233989716,0.022756842896342278,0.49293506145477295,0.33657315373420715,12.484068870544434,x,1.8_2.0_2.2
93,9.293636363636363,9.394545454545455,18,0.3588888888888889,0.4116666666666666,26,0.03952113166451454,0.0073925526812672615,0.5450000166893005,0.37764307856559753,11.371541023254395,x,1.8_2.0_2.2
94,9.394545454545455,9.495454545454544,3,-0.46727272727272723,-0.4159090909090909,15,-0.12815333902835846,0.12160409986972809,0.1052004024386406,-0.423711359500885,10.354981422424316,x,1.8_2.0_2.2
94,9.394545454545455,9.495454545454544,4,-0.4159090909090909,-0.3645454545454545,80,-0.07856996357440948,0.09391961246728897,0.0667109489440918,-0.39089885354042053,13.730669021606445,x,1.8_2.0_2.2
94,9.394545454545455,9.495454545454544,5,-0.3645454545454545,-0.3131818181818181,159,-0.060618337243795395,0.0943564847111702,-0.014973328448832035,-0.33372989296913147,14.933085441589355,x,1.8_2.0_2.2
94,9.394545454545455,9.495454545454544,6,-0.3131818181818181,-0.2618181818181818,193,-0.03949030861258507,0.09088113158941269,-0.014186651445925236,-0.28725358843803406,18.158483505249023,x,1.8_2.0_2.2
94,9.394545454545455,9.495454545454544,7,-0.2618181818181818,-0.21045454545454545,312,-0.090928815305233,0.10357897728681564,0.18916399776935577,-0.2341010570526123,20.62335968017578,x,1.8_2.0_2.2
94,9.394545454545455,9.495454545454544,8,-0.21045454545454545,-0.15909090909090906,322,-0.09236890077590942,0.16203103959560394,0.06715385615825653,-0.18490788340568542,17.887792587280273,x,1.8_2.0_2.2
94,9.394545454545455,9.495454545454544,9,-0.15909090909090906,-0.10772727272727267,274,-0.05587602034211159,0.23776967823505402,-0.03433744236826897,-0.13183163106441498,17.808441162109375,x,1.8_2.0_2.2
94,9.394545454545455,9.495454545454544,10,-0.10772727272727267,-0.05636363636363628,292,0.016232473775744438,0.4371698200702667,-0.10405797511339188,-0.08455929905176163,14.780011177062988,x,1.8_2.0_2.2
94,9.394545454545455,9.495454545454544,11,-0.05636363636363628,-0.0050000000000000044,212,-0.700976550579071,1.3465185165405273,0.1511813849210739,-0.03406721353530884,13.747913360595703,x,1.8_2.0_2.2
94,9.394545454545455,9.495454545454544,13,0.095,0.14777777777777779,101,0.16230712831020355,0.06872832030057907,0.3648952841758728,0.11994011700153351,13.00835132598877,x,1.8_2.0_2.2
94,9.394545454545455,9.495454545454544,14,0.14777777777777779,0.20055555555555554,80,0.07893846929073334,0.04006494581699371,0.37236684560775757,0.17231842875480652,13.95044231414795,x,1.8_2.0_2.2
94,9.394545454545455,9.495454545454544,15,0.20055555555555554,0.2533333333333333,43,0.055748600512742996,0.025950290262699127,0.42106717824935913,0.22354720532894135,14.488036155700684,x,1.8_2.0_2.2
94,9.394545454545455,9.495454545454544,16,0.2533333333333333,0.3061111111111111,20,0.049809232354164124,0.00803794153034687,0.5206962823867798,0.2809709906578064,17.21856689453125,x,1.8_2.0_2.2
94,9.394545454545455,9.495454545454544,17,0.3061111111111111,0.3588888888888889,64,0.04065532609820366,0.0216494332998991,0.5007307529449463,0.33667343854904175,12.63160514831543,x,1.8_2.0_2.2
94,9.394545454545455,9.495454545454544,18,0.3588888888888889,0.4116666666666666,23,0.03812795877456665,0.0064678131602704525,0.5457273721694946,0.37906286120414734,11.632988929748535,x,1.8_2.0_2.2
95,9.495454545454544,9.596363636363636,3,-0.46727272727272723,-0.4159090909090909,13,-0.13139355182647705,0.12140671908855438,0.11493061482906342,-0.42326226830482483,10.49052619934082,x,1.8_2.0_2.2
95,9.495454545454544,9.596363636363636,4,-0.4159090909090909,-0.3645454545454545,80,-0.07856996357440948,0.09391961246728897,0.0667109489440918,-0.39089885354042053,13.730669021606445,x,1.8_2.0_2.2
95,9.495454545454544,9.596363636363636,5,-0.3645454545454545,-0.3131818181818181,153,-0.05452953279018402,0.09118033200502396,-0.02829304151237011,-0.33398517966270447,15.148247718811035,x,1.8_2.0_2.2
95,9.495454545454544,9.596363636363636,6,-0.3131818181818181,-0.2618181818181818,193,-0.03949030861258507,0.09088113158941269,-0.014186651445925236,-0.28725358843803406,18.158483505249023,x,1.8_2.0_2.2
95,9.495454545454544,9.596363636363636,7,-0.2618181818181818,-0.21045454545454545,312,-0.090928815305233,0.10357897728681564,0.18916399776935577,-0.2341010570526123,20.62335968017578,x,1.8_2.0_2.2
95,9.495454545454544,9.596363636363636,8,-0.21045454545454545,-0.15909090909090906,319,-0.09166241437196732,0.16094203293323517,0.06689206510782242,-0.1850164234638214,17.966922760009766,x,1.8_2.0_2.2
95,9.495454545454544,9.596363636363636,9,-0.15909090909090906,-0.10772727272727267,274,-0.05587602034211159,0.23776967823505402,-0.03433744236826897,-0.13183163106441498,17.808441162109375,x,1.8_2.0_2.2
95,9.495454545454544,9.596363636363636,10,-0.10772727272727267,-0.05636363636363628,290,0.016413109377026558,0.43479880690574646,-0.1049671322107315,-0.08457457274198532,14.81688404083252,x,1.8_2.0_2.2
95,9.495454545454544,9.596363636363636,11,-0.05636363636363628,-0.0050000000000000044,212,-0.700976550579071,1.3465185165405273,0.1511813849210739,-0.03406721353530884,13.747913360595703,x,1.8_2.0_2.2
95,9.495454545454544,9.596363636363636,13,0.095,0.14777777777777779,96,0.15796788036823273,0.0683746412396431,0.36377453804016113,0.11980205774307251,13.193977355957031,x,1.8_2.0_2.2
95,9.495454545454544,9.596363636363636,14,0.14777777777777779,0.20055555555555554,78,0.07726069539785385,0.03711133077740669,0.3710283041000366,0.17257562279701233,14.0662202835083,x,1.8_2.0_2.2
95,9.495454545454544,9.596363636363636,15,0.20055555555555554,0.2533333333333333,42,0.056197382509708405,0.02610825002193451,0.42386454343795776,0.2236723154783249,14.60822582244873,x,1.8_2.0_2.2
95,9.495454545454544,9.596363636363636,16,0.2533333333333333,0.3061111111111111,19,0.05025072768330574,0.006295749451965094,0.531353771686554,0.2824172079563141,17.625900268554688,x,1.8_2.0_2.2
95,9.495454545454544,9.596363636363636,17,0.3061111111111111,0.3588888888888889,61,0.041616715490818024,0.020570628345012665,0.5062833428382874,0.33646202087402344,12.789690971374512,x,1.8_2.0_2.2
95,9.495454545454544,9.596363636363636,18,0.3588888888888889,0.4116666666666666,19,0.036436427384614944,0.0056045264936983585,0.5504499673843384,0.3823879063129425,12.088863372802734,x,1.8_2.0_2.2
96,9.596363636363636,9.697272727272727,3,-0.46727272727272723,-0.4159090909090909,12,-0.11936076730489731,0.12154974788427353,0.07992836087942123,-0.42327022552490234,10.569640159606934,x,1.8_2.0_2.2
96,9.596363636363636,9.697272727272727,4,-0.4159090909090909,-0.3645454545454545,79,-0.07683677971363068,0.09349696338176727,0.06284305453300476,-0.3907170295715332,13.783411979675293,x,1.8_2.0_2.2
96,9.596363636363636,9.697272727272727,5,-0.3645454545454545,-0.3131818181818181,149,-0.052180543541908264,0.09007211029529572,-0.03225305303931236,-0.3340342044830322,15.298805236816406,x,1.8_2.0_2.2
96,9.596363636363636,9.697272727272727,6,-0.3131818181818181,-0.2618181818181818,189,-0.04156522452831268,0.09106459468603134,-0.00645175576210022,-0.28737854957580566,18.340238571166992,x,1.8_2.0_2.2
96,9.596363636363636,9.697272727272727,7,-0.2618181818181818,-0.21045454545454545,311,-0.09131825715303421,0.10323996841907501,0.19126226007938385,-0.23406697809696198,20.65912628173828,x,1.8_2.0_2.2
96,9.596363636363636,9.697272727272727,8,-0.21045454545454545,-0.15909090909090906,317,-0.09346536546945572,0.16009509563446045,0.07033956050872803,-0.18504689633846283,18.020267486572266,x,1.8_2.0_2.2
96,9.596363636363636,9.697272727272727,9,-0.15909090909090906,-0.10772727272727267,274,-0.05587602034211159,0.23776967823505402,-0.03433744236826897,-0.13183163106441498,17.808441162109375,x,1.8_2.0_2.2
96,9.596363636363636,9.697272727272727,10,-0.10772727272727267,-0.05636363636363628,286,0.02722826786339283,0.4260992705821991,-0.11227431893348694,-0.08491592109203339,14.890583992004395,x,1.8_2.0_2.2
96,9.596363636363636,9.697272727272727,11,-0.05636363636363628,-0.0050000000000000044,210,-0.718381404876709,1.3440090417861938,0.15730945765972137,-0.03386787697672844,13.78797435760498,x,1.8_2.0_2.2
96,9.596363636363636,9.697272727272727,13,0.095,0.14777777777777779,94,0.15728214383125305,0.06850852072238922,0.364647775888443,0.1197788342833519,13.27243709564209,x,1.8_2.0_2.2
96,9.596363636363636,9.697272727272727,14,0.14777777777777779,0.20055555555555554,77,0.07629576325416565,0.036336466670036316,0.37101057171821594,0.1728895604610443,14.12504768371582,x,1.8_2.0_2.2
96,9.596363636363636,9.697272727272727,15,0.20055555555555554,0.2533333333333333,39,0.05806408077478409,0.025925351306796074,0.43158823251724243,0.22205226123332977,14.997983932495117,x,1.8_2.0_2.2
96,9.596363636363636,9.697272727272727,16,0.2533333333333333,0.3061111111111111,19,0.05025072768330574,0.006295749451965094,0.531353771686554,0.2824172079563141,17.625900268554688,x,1.8_2.0_2.2
96,9.596363636363636,9.697272727272727,17,0.3061111111111111,0.3588888888888889,59,0.04349758103489876,0.019144387915730476,0.5127624869346619,0.33651602268218994,12.900511741638184,x,1.8_2.0_2.2
96,9.596363636363636,9.697272727272727,18,0.3588888888888889,0.4116666666666666,18,0.03587523102760315,0.00468339491635561,0.5501019358634949,0.3828035593032837,12.23121452331543,x,1.8_2.0_2.2
97,9.697272727272727,9.798181818181817,3,-0.46727272727272723,-0.4159090909090909,12,-0.11936076730489731,0.12154974788427353,0.07992836087942123,-0.42327022552490234,10.569640159606934,x,1.8_2.0_2.2
97,9.697272727272727,9.798181818181817,4,-0.4159090909090909,-0.3645454545454545,79,-0.07683677971363068,0.09349696338176727,0.06284305453300476,-0.3907170295715332,13.783411979675293,x,1.8_2.0_2.2
97,9.697272727272727,9.798181818181817,5,-0.3645454545454545,-0.3131818181818181,146,-0.05062493681907654,0.08937671780586243,-0.034088604152202606,-0.33416497707366943,15.414533615112305,x,1.8_2.0_2.2
97,9.697272727272727,9.798181818181817,6,-0.3131818181818181,-0.2618181818181818,186,-0.0418529137969017,0.09041119366884232,-0.004509859252721071,-0.2872146666049957,18.48052215576172,x,1.8_2.0_2.2
97,9.697272727272727,9.798181818181817,7,-0.2618181818181818,-0.21045454545454545,311,-0.09131825715303421,0.10323996841907501,0.19126226007938385,-0.23406697809696198,20.65912628173828,x,1.8_2.0_2.2
97,9.697272727272727,9.798181818181817,8,-0.21045454545454545,-0.15909090909090906,316,-0.09275837242603302,0.1599111706018448,0.06938856095075607,-0.1850072592496872,18.046794891357422,x,1.8_2.0_2.2
97,9.697272727272727,9.798181818181817,9,-0.15909090909090906,-0.10772727272727267,273,-0.057094208896160126,0.23764601349830627,-0.03277761861681938,-0.1317550092935562,17.83831024169922,x,1.8_2.0_2.2
97,9.697272727272727,9.798181818181817,10,-0.10772727272727267,-0.05636363636363628,286,0.02722826786339283,0.4260992705821991,-0.11227431893348694,-0.08491592109203339,14.890583992004395,x,1.8_2.0_2.2
97,9.697272727272727,9.798181818181817,11,-0.05636363636363628,-0.0050000000000000044,209,-0.7157353758811951,1.3469375371932983,0.15648706257343292,-0.03387608006596565,13.807602882385254,x,1.8_2.0_2.2
97,9.697272727272727,9.798181818181817,13,0.095,0.14777777777777779,93,0.15623150765895844,0.06849458813667297,0.36436182260513306,0.11977701634168625,13.3112154006958,x,1.8_2.0_2.2
97,9.697272727272727,9.798181818181817,14,0.14777777777777779,0.20055555555555554,76,0.07530280202627182,0.03578986972570419,0.37096723914146423,0.1731279045343399,14.18408489227295,x,1.8_2.0_2.2
97,9.697272727272727,9.798181818181817,15,0.20055555555555554,0.2533333333333333,36,0.06014832854270935,0.025261731818318367,0.44195348024368286,0.2207019329071045,15.447574615478516,x,1.8_2.0_2.2
97,9.697272727272727,9.798181818181817,16,0.2533333333333333,0.3061111111111111,19,0.05025072768330574,0.006295749451965094,0.531353771686554,0.2824172079563141,17.625900268554688,x,1.8_2.0_2.2
97,9.697272727272727,9.798181818181817,17,0.3061111111111111,0.3588888888888889,58,0.04320186749100685,0.019111821427941322,0.512093186378479,0.3363328278064728,12.956747055053711,x,1.8_2.0_2.2
97,9.697272727272727,9.798181818181817,18,0.3588888888888889,0.4116666666666666,17,0.035806600004434586,0.00481778010725975,0.5524099469184875,0.38311976194381714,12.385071754455566,x,1.8_2.0_2.2
98,9.798181818181817,9.899090909090908,3,-0.46727272727272723,-0.4159090909090909,10,-0.11936076730489731,0.1191047951579094,0.09882042557001114,-0.4226040244102478,10.74317455291748,x,1.8_2.0_2.2
98,9.798181818181817,9.899090909090908,4,-0.4159090909090909,-0.3645454545454545,79,-0.07683677971363068,0.09349696338176727,0.06284305453300476,-0.3907170295715332,13.783411979675293,x,1.8_2.0_2.2
98,9.798181818181817,9.899090909090908,5,-0.3645454545454545,-0.3131818181818181,144,-0.05011835694313049,0.08912066370248795,-0.0339493602514267,-0.3340644836425781,15.492941856384277,x,1.8_2.0_2.2
98,9.798181818181817,9.899090909090908,6,-0.3131818181818181,-0.2618181818181818,186,-0.0418529137969017,0.09041119366884232,-0.004509859252721071,-0.2872146666049957,18.48052215576172,x,1.8_2.0_2.2
98,9.798181818181817,9.899090909090908,7,-0.2618181818181818,-0.21045454545454545,311,-0.09131825715303421,0.10323996841907501,0.19126226007938385,-0.23406697809696198,20.65912628173828,x,1.8_2.0_2.2
98,9.798181818181817,9.899090909090908,8,-0.21045454545454545,-0.15909090909090906,313,-0.09225258231163025,0.15871722996234894,0.06924904137849808,-0.18514366447925568,18.126623153686523,x,1.8_2.0_2.2
98,9.798181818181817,9.899090909090908,9,-0.15909090909090906,-0.10772727272727267,271,-0.059688717126846313,0.2370171695947647,-0.029600095003843307,-0.1317230761051178,17.89815902709961,x,1.8_2.0_2.2
98,9.798181818181817,9.899090909090908,10,-0.10772727272727267,-0.05636363636363628,285,0.025287244468927383,0.4257509112358093,-0.11102501302957535,-0.08494365960359573,14.908771514892578,x,1.8_2.0_2.2
98,9.798181818181817,9.899090909090908,11,-0.05636363636363628,-0.0050000000000000044,206,-0.7162624597549438,1.3443065881729126,0.15718604624271393,-0.03386847674846649,13.866780281066895,x,1.8_2.0_2.2
98,9.798181818181817,9.899090909090908,13,0.095,0.14777777777777779,92,0.15466758608818054,0.06724844872951508,0.36333030462265015,0.11982004344463348,13.350342750549316,x,1.8_2.0_2.2
98,9.798181818181817,9.899090909090908,14,0.14777777777777779,0.20055555555555554,75,0.07478421926498413,0.03591153398156166,0.37151914834976196,0.17327474057674408,14.24315071105957,x,1.8_2.0_2.2
98,9.798181818181817,9.899090909090908,15,0.20055555555555554,0.2533333333333333,35,0.060905054211616516,0.02480747550725937,0.4455290734767914,0.2198357731103897,15.611300468444824,x,1.8_2.0_2.2
98,9.798181818181817,9.899090909090908,16,0.2533333333333333,0.3061111111111111,19,0.05025072768330574,0.006295749451965094,0.531353771686554,0.2824172079563141,17.625900268554688,x,1.8_2.0_2.2
98,9.798181818181817,9.899090909090908,17,0.3061111111111111,0.3588888888888889,58,0.04320186749100685,0.019111821427941322,0.512093186378479,0.3363328278064728,12.956747055053711,x,1.8_2.0_2.2
98,9.798181818181817,9.899090909090908,18,0.3588888888888889,0.4116666666666666,17,0.035806600004434586,0.00481778010725975,0.5524099469184875,0.38311976194381714,12.385071754455566,x,1.8_2.0_2.2
99,9.899090909090908,10.0,3,-0.46727272727272723,-0.4159090909090909,10,-0.11936076730489731,0.1191047951579094,0.09882042557001114,-0.4226040244102478,10.74317455291748,x,1.8_2.0_2.2
99,9.899090909090908,10.0,4,-0.4159090909090909,-0.3645454545454545,75,-0.08437661826610565,0.09187506139278412,0.09539981931447983,-0.3905743956565857,13.992701530456543,x,1.8_2.0_2.2
99,9.899090909090908,10.0,5,-0.3645454545454545,-0.3131818181818181,143,-0.05073216184973717,0.08922291547060013,-0.031472258269786835,-0.3341188132762909,15.53235149383545,x,1.8_2.0_2.2
99,9.899090909090908,10.0,6,-0.3131818181818181,-0.2618181818181818,184,-0.04168644919991493,0.08949532359838486,-0.0046030255034565926,-0.287311851978302,18.573841094970703,x,1.8_2.0_2.2
99,9.899090909090908,10.0,7,-0.2618181818181818,-0.21045454545454545,309,-0.09055370092391968,0.10254904627799988,0.19010253250598907,-0.23409579694271088,20.729400634765625,x,1.8_2.0_2.2
99,9.899090909090908,10.0,8,-0.21045454545454545,-0.15909090909090906,310,-0.09462428838014603,0.15772072970867157,0.07423518598079681,-0.18516921997070312,18.206682205200195,x,1.8_2.0_2.2
99,9.899090909090908,10.0,9,-0.15909090909090906,-0.10772727272727267,271,-0.059688717126846313,0.2370171695947647,-0.029600095003843307,-0.1317230761051178,17.89815902709961,x,1.8_2.0_2.2
99,9.899090909090908,10.0,10,-0.10772727272727267,-0.05636363636363628,283,0.026626799255609512,0.4242960512638092,-0.11196616291999817,-0.08488814532756805,14.94452953338623,x,1.8_2.0_2.2
99,9.899090909090908,10.0,11,-0.05636363636363628,-0.0050000000000000044,205,-0.7090812921524048,1.3452863693237305,0.1555594950914383,-0.033897992223501205,13.886239051818848,x,1.8_2.0_2.2
99,9.899090909090908,10.0,13,0.095,0.14777777777777779,89,0.1533881574869156,0.06757041066884995,0.36387377977371216,0.1199103370308876,13.46790885925293,x,1.8_2.0_2.2
99,9.899090909090908,10.0,14,0.14777777777777779,0.20055555555555554,75,0.07478421926498413,0.03591153398156166,0.37151914834976196,0.17327474057674408,14.24315071105957,x,1.8_2.0_2.2
99,9.899090909090908,10.0,15,0.20055555555555554,0.2533333333333333,34,0.0617184080183506,0.024744819849729538,0.45021769404411316,0.22021768987178802,15.780838966369629,x,1.8_2.0_2.2
99,9.899090909090908,10.0,16,0.2533333333333333,0.3061111111111111,19,0.05025072768330574,0.006295749451965094,0.531353771686554,0.2824172079563141,17.625900268554688,x,1.8_2.0_2.2
99,9.899090909090908,10.0,17,0.3061111111111111,0.3588888888888889,55,0.04386034235358238,0.018488792702555656,0.5150669813156128,0.3362836539745331,13.125975608825684,x,1.8_2.0_2.2
99,9.899090909090908,10.0,18,0.3588888888888889,0.4116666666666666,16,0.03531581535935402,0.00451588723808527,0.5520185232162476,0.3827560842037201,12.543350219726562,x,1.8_2.0_2.2
100,10.0,inf,3,-0.46727272727272723,-0.4159090909090909,8,-0.11933629214763641,0.1161511167883873,0.1248789131641388,-0.4215555787086487,10.95030689239502,x,1.8_2.0_2.2
100,10.0,inf,4,-0.4159090909090909,-0.3645454545454545,72,-0.09061730653047562,0.0905081257224083,0.12194225192070007,-0.3900281488895416,14.16193675994873,x,1.8_2.0_2.2
100,10.0,inf,5,-0.3645454545454545,-0.3131818181818181,143,-0.05073216184973717,0.08922291547060013,-0.031472258269786835,-0.3341188132762909,15.53235149383545,x,1.8_2.0_2.2
100,10.0,inf,6,-0.3131818181818181,-0.2618181818181818,182,-0.041551925241947174,0.08888198435306549,-0.004420733544975519,-0.2873501479625702,18.6682186126709,x,1.8_2.0_2.2
100,10.0,inf,7,-0.2618181818181818,-0.21045454545454545,309,-0.09055370092391968,0.10254904627799988,0.19010253250598907,-0.23409579694271088,20.729400634765625,x,1.8_2.0_2.2
100,10.0,inf,8,-0.21045454545454545,-0.15909090909090906,309,-0.09391696751117706,0.15753507614135742,0.07327485829591751,-0.1851571798324585,18.233245849609375,x,1.8_2.0_2.2
100,10.0,inf,9,-0.15909090909090906,-0.10772727272727267,268,-0.060798779129981995,0.2357715368270874,-0.027894040569663048,-0.13171443343162537,17.986852645874023,x,1.8_2.0_2.2
100,10.0,inf,10,-0.10772727272727267,-0.05636363636363628,279,0.02755148895084858,0.4218825697898865,-0.11339887976646423,-0.08490779995918274,15.016230583190918,x,1.8_2.0_2.2
100,10.0,inf,11,-0.05636363636363628,-0.0050000000000000044,205,-0.7090812921524048,1.3452863693237305,0.1555594950914383,-0.033897992223501205,13.886239051818848,x,1.8_2.0_2.2
100,10.0,inf,13,0.095,0.14777777777777779,85,0.1506292074918747,0.06696034967899323,0.36280128359794617,0.11938877403736115,13.633255958557129,x,1.8_2.0_2.2
100,10.0,inf,14,0.14777777777777779,0.20055555555555554,75,0.07478421926498413,0.03591153398156166,0.37151914834976196,0.17327474057674408,14.24315071105957,x,1.8_2.0_2.2
100,10.0,inf,15,0.20055555555555554,0.2533333333333333,34,0.0617184080183506,0.024744819849729538,0.45021769404411316,0.22021768987178802,15.780838966369629,x,1.8_2.0_2.2
100,10.0,inf,16,0.2533333333333333,0.3061111111111111,19,0.05025072768330574,0.006295749451965094,0.531353771686554,0.2824172079563141,17.625900268554688,x,1.8_2.0_2.2
100,10.0,inf,17,0.3061111111111111,0.3588888888888889,53,0.04520190507173538,0.016709130257368088,0.5222837924957275,0.3362986445426941,13.245711326599121,x,1.8_2.0_2.2
100,10.0,inf,18,0.3588888888888889,0.4116666666666666,16,0.03531581535935402,0.00451588723808527,0.5520185232162476,0.3827560842037201,12.543350219726562,x,1.8_2.0_2.2
0,0.0,0.01,0,-inf,-0.52,1052,0.023948010057210922,0.3726228177547455,-0.5611547827720642,-0.5599942803382874,0.07683810591697693,y,1.8_2.0_2.2
0,0.0,0.01,1,-0.52,-0.4673,786,0.2412184625864029,0.40290367603302,-0.5051013827323914,-0.4936180114746094,0.31412139534950256,y,1.8_2.0_2.2
0,0.0,0.01,2,-0.4673,-0.4146,799,0.28494617342948914,0.4819260537624359,-0.4544084072113037,-0.44094541668891907,0.24435974657535553,y,1.8_2.0_2.2
0,0.0,0.01,3,-0.4146,-0.3619,6916,-0.27948248386383057,2.881176471710205,-0.3738141357898712,-0.37656229734420776,0.21453045308589935,y,1.8_2.0_2.2
0,0.0,0.01,4,-0.3619,-0.30920000000000003,13469,-0.40186330676078796,2.9981813430786133,-0.3251037001609802,-0.33564648032188416,0.25304701924324036,y,1.8_2.0_2.2
0,0.0,0.01,5,-0.30920000000000003,-0.2565,21185,-0.3120129108428955,3.3062243461608887,-0.28062373399734497,-0.2780531942844391,0.19541870057582855,y,1.8_2.0_2.2
0,0.0,0.01,6,-0.2565,-0.20379999999999998,21972,0.2303437888622284,3.6357288360595703,-0.22871482372283936,-0.23022261261940002,0.14698703587055206,y,1.8_2.0_2.2
0,0.0,0.01,7,-0.20379999999999998,-0.1511,23086,0.4934093654155731,4.313118934631348,-0.17658667266368866,-0.17725910246372223,0.15545499324798584,y,1.8_2.0_2.2
0,0.0,0.01,8,-0.1511,-0.09839999999999999,25604,1.2897231578826904,5.922816753387451,-0.1375739574432373,-0.1238812729716301,0.21151834726333618,y,1.8_2.0_2.2
0,0.0,0.01,9,-0.09839999999999999,-0.04569999999999996,39718,5.670248508453369,11.794404029846191,-0.11946438997983932,-0.06831510365009308,0.2505699098110199,y,1.8_2.0_2.2
0,0.0,0.01,10,-0.04569999999999996,0.006999999999999999,92853,-2.8434324264526367,219.88665771484375,0.040024533867836,-0.015900326892733574,0.25300130248069763,y,1.8_2.0_2.2
0,0.0,0.01,12,0.10700000000000001,0.1563,29678,0.6885883212089539,5.900032997131348,0.18977467715740204,0.13167639076709747,0.2127825915813446,y,1.8_2.0_2.2
0,0.0,0.01,13,0.1563,0.2056,27888,-0.042425841093063354,4.037337779998779,0.21447280049324036,0.1814032644033432,0.23285308480262756,y,1.8_2.0_2.2
0,0.0,0.01,14,0.2056,0.2549,27955,-0.2865118980407715,2.754723310470581,0.24812325835227966,0.23070503771305084,0.26150694489479065,y,1.8_2.0_2.2
0,0.0,0.01,15,0.2549,0.3042,32050,0.004749135114252567,2.3128392696380615,0.29365214705467224,0.28049859404563904,0.26068440079689026,y,1.8_2.0_2.2
0,0.0,0.01,16,0.3042,0.35350000000000004,71325,-0.2908608019351959,1.7964346408843994,0.3221915066242218,0.32144197821617126,0.12182203680276871,y,1.8_2.0_2.2
0,0.0,0.01,17,0.35350000000000004,0.40279999999999994,21949,-0.27280914783477783,2.257725477218628,0.37045177817344666,0.37712347507476807,0.21098341047763824,y,1.8_2.0_2.2
0,0.0,0.01,18,0.40279999999999994,0.45209999999999995,8322,-0.36162057518959045,1.1123955249786377,0.4191688001155853,0.424377977848053,0.2266024798154831,y,1.8_2.0_2.2
0,0.0,0.01,19,0.45209999999999995,0.5014,5328,-0.17676696181297302,0.7265001535415649,0.46899092197418213,0.4755359888076782,0.21596868336200714,y,1.8_2.0_2.2
0,0.0,0.01,20,0.5014,0.5507,568,0.025188228115439415,0.40679121017456055,0.5044107437133789,0.5053780674934387,0.1414441615343094,y,1.8_2.0_2.2
1,0.01,0.1109090909090909,0,-inf,-0.52,1052,0.023948010057210922,0.3726228177547455,-0.5611547827720642,-0.5599942803382874,0.07683810591697693,y,1.8_2.0_2.2
1,0.01,0.1109090909090909,1,-0.52,-0.4673,786,0.2412184625864029,0.40290367603302,-0.5051013827323914,-0.4936180114746094,0.31412139534950256,y,1.8_2.0_2.2
1,0.01,0.1109090909090909,2,-0.4673,-0.4146,799,0.28494617342948914,0.4819260537624359,-0.4544084072113037,-0.44094541668891907,0.24435974657535553,y,1.8_2.0_2.2
1,0.01,0.1109090909090909,3,-0.4146,-0.3619,5858,-0.38555410504341125,3.0199546813964844,-0.373115599155426,-0.3765048086643219,0.25183701515197754,y,1.8_2.0_2.2
1,0.01,0.1109090909090909,4,-0.3619,-0.30920000000000003,12890,-0.4103972315788269,3.053961753845215,-0.32408154010772705,-0.3350415527820587,0.26403045654296875,y,1.8_2.0_2.2
1,0.01,0.1109090909090909,5,-0.30920000000000003,-0.2565,14629,-0.304721474647522,3.4898765087127686,-0.2849670946598053,-0.2809064984321594,0.2804253101348877,y,1.8_2.0_2.2
1,0.01,0.1109090909090909,6,-0.2565,-0.20379999999999998,18857,0.04774568974971771,3.700028657913208,-0.22784587740898132,-0.22997036576271057,0.16988658905029297,y,1.8_2.0_2.2
1,0.01,0.1109090909090909,7,-0.20379999999999998,-0.1511,21172,0.24772858619689941,4.3031005859375,-0.17583009600639343,-0.17699579894542694,0.1687404066324234,y,1.8_2.0_2.2
1,0.01,0.1109090909090909,8,-0.1511,-0.09839999999999999,23822,1.0308359861373901,5.859562873840332,-0.13817179203033447,-0.12381880730390549,0.22671997547149658,y,1.8_2.0_2.2
1,0.01,0.1109090909090909,9,-0.09839999999999999,-0.04569999999999996,37941,5.379594326019287,11.785967826843262,-0.12140508741140366,-0.0681476816534996,0.26192131638526917,y,1.8_2.0_2.2
1,0.01,0.1109090909090909,10,-0.04569999999999996,0.006999999999999999,90857,-3.8137476444244385,219.69290161132812,0.0414731428027153,-0.015840420499444008,0.2583818733692169,y,1.8_2.0_2.2
1,0.01,0.1109090909090909,12,0.10700000000000001,0.1563,28079,1.1867566108703613,5.513748645782471,0.19359970092773438,0.13167692720890045,0.22445069253444672,y,1.8_2.0_2.2
1,0.01,0.1109090909090909,13,0.1563,0.2056,25732,0.4024771451950073,3.6124000549316406,0.2178756147623062,0.1812562495470047,0.25166869163513184,y,1.8_2.0_2.2
1,0.01,0.1109090909090909,14,0.2056,0.2549,25340,0.03301345556974411,2.3112900257110596,0.25077563524246216,0.2306813895702362,0.28762945532798767,y,1.8_2.0_2.2
1,0.01,0.1109090909090909,15,0.2549,0.3042,30111,0.15063972771167755,2.0756924152374268,0.2951754033565521,0.2806071937084198,0.2769291400909424,y,1.8_2.0_2.2
1,0.01,0.1109090909090909,16,0.3042,0.35350000000000004,49271,-0.007538554724305868,1.535887598991394,0.3237340748310089,0.3216286897659302,0.17327293753623962,y,1.8_2.0_2.2
1,0.01,0.1109090909090909,17,0.35350000000000004,0.40279999999999994,21693,-0.24138420820236206,2.2341468334198,0.37042808532714844,0.3770137131214142,0.2133651077747345,y,1.8_2.0_2.2
1,0.01,0.1109090909090909,18,0.40279999999999994,0.45209999999999995,8301,-0.35906288027763367,1.1115013360977173,0.41919028759002686,0.4243973195552826,0.2271507829427719,y,1.8_2.0_2.2
1,0.01,0.1109090909090909,19,0.45209999999999995,0.5014,5328,-0.17676696181297302,0.7265001535415649,0.46899092197418213,0.4755359888076782,0.21596868336200714,y,1.8_2.0_2.2
1,0.01,0.1109090909090909,20,0.5014,0.5507,568,0.025188228115439415,0.40679121017456055,0.5044107437133789,0.5053780674934387,0.1414441615343094,y,1.8_2.0_2.2
2,0.1109090909090909,0.21181818181818182,0,-inf,-0.52,237,0.10494469106197357,0.17060701549053192,-0.565814197063446,-0.5546919703483582,0.19689635932445526,y,1.8_2.0_2.2
2,0.1109090909090909,0.21181818181818182,1,-0.52,-0.4673,248,0.06170670688152313,0.11949466913938522,-0.5267597436904907,-0.4948471188545227,0.9260014891624451,y,1.8_2.0_2.2
2,0.1109090909090909,0.21181818181818182,2,-0.4673,-0.4146,204,0.0883028581738472,0.20129388570785522,-0.48915600776672363,-0.4412272572517395,0.8651046752929688,y,1.8_2.0_2.2
2,0.1109090909090909,0.21181818181818182,3,-0.4146,-0.3619,734,0.06652060896158218,0.7895634174346924,-0.4296918511390686,-0.3803578317165375,1.8051787614822388,y,1.8_2.0_2.2
2,0.1109090909090909,0.21181818181818182,4,-0.3619,-0.30920000000000003,3462,0.010693384334445,0.37747177481651306,-0.3368988633155823,-0.33169642090797424,0.8900011777877808,y,1.8_2.0_2.2
2,0.1109090909090909,0.21181818181818182,5,-0.30920000000000003,-0.2565,4805,0.24337142705917358,0.8556199073791504,-0.32239899039268494,-0.28105631470680237,0.7800186276435852,y,1.8_2.0_2.2
2,0.1109090909090909,0.21181818181818182,6,-0.2565,-0.20379999999999998,6521,0.23244178295135498,0.9089052081108093,-0.2457299530506134,-0.22875511646270752,0.4287647306919098,y,1.8_2.0_2.2
2,0.1109090909090909,0.21181818181818182,7,-0.20379999999999998,-0.1511,8104,0.371616005897522,1.8557621240615845,-0.1923096477985382,-0.17684794962406158,0.39103037118911743,y,1.8_2.0_2.2
2,0.1109090909090909,0.21181818181818182,8,-0.1511,-0.09839999999999999,10617,1.2470804452896118,3.265321969985962,-0.16696472465991974,-0.1227104514837265,0.47009825706481934,y,1.8_2.0_2.2
2,0.1109090909090909,0.21181818181818182,9,-0.09839999999999999,-0.04569999999999996,24393,7.067666530609131,10.922883987426758,-0.15273290872573853,-0.06602662801742554,0.3893134593963623,y,1.8_2.0_2.2
2,0.1109090909090909,0.21181818181818182,10,-0.04569999999999996,0.006999999999999999,77296,-5.433781623840332,228.96810913085938,0.05145664140582085,-0.015113022178411484,0.2976231873035431,y,1.8_2.0_2.2
2,0.1109090909090909,0.21181818181818182,12,0.10700000000000001,0.1563,14576,3.8558030128479004,4.206961154937744,0.2485140562057495,0.13172172009944916,0.3986840546131134,y,1.8_2.0_2.2
2,0.1109090909090909,0.21181818181818182,13,0.1563,0.2056,13080,1.9685121774673462,2.692440986633301,0.2521723806858063,0.18189737200737,0.4608032703399658,y,1.8_2.0_2.2
2,0.1109090909090909,0.21181818181818182,14,0.2056,0.2549,12685,0.6917098760604858,1.3708298206329346,0.2689869999885559,0.23123091459274292,0.5405399799346924,y,1.8_2.0_2.2
2,0.1109090909090909,0.21181818181818182,15,0.2549,0.3042,16307,0.3611070215702057,0.7633620500564575,0.30358490347862244,0.2802006006240845,0.48084205389022827,y,1.8_2.0_2.2
2,0.1109090909090909,0.21181818181818182,16,0.3042,0.35350000000000004,15640,0.06423506140708923,0.5791667103767395,0.3279728293418884,0.32465171813964844,0.4694821834564209,y,1.8_2.0_2.2
2,0.1109090909090909,0.21181818181818182,17,0.35350000000000004,0.40279999999999994,8017,0.058008186519145966,0.9415839314460754,0.3702894151210785,0.37381890416145325,0.5063684582710266,y,1.8_2.0_2.2
2,0.1109090909090909,0.21181818181818182,18,0.40279999999999994,0.45209999999999995,2458,-0.018309637904167175,0.45843926072120667,0.4138968884944916,0.42233145236968994,0.686414897441864,y,1.8_2.0_2.2
2,0.1109090909090909,0.21181818181818182,19,0.45209999999999995,0.5014,1637,-0.01513232383877039,0.18758635222911835,0.463360071182251,0.4763334095478058,0.6376078128814697,y,1.8_2.0_2.2
2,0.1109090909090909,0.21181818181818182,20,0.5014,0.5507,221,-0.01543001551181078,0.08411013334989548,0.5033321976661682,0.5058441162109375,0.3123946487903595,y,1.8_2.0_2.2
3,0.21181818181818182,0.31272727272727274,0,-inf,-0.52,62,0.11215899139642715,0.1333903670310974,-0.5669810771942139,-0.5495642423629761,0.3280574083328247,y,1.8_2.0_2.2
3,0.21181818181818182,0.31272727272727274,1,-0.52,-0.4673,207,0.0691893920302391,0.12686659395694733,-0.5309826135635376,-0.4931611120700836,1.0752053260803223,y,1.8_2.0_2.2
3,0.21181818181818182,0.31272727272727274,2,-0.4673,-0.4146,203,0.08754181116819382,0.1737983077764511,-0.48876944184303284,-0.4412251114845276,0.8684799075126648,y,1.8_2.0_2.2
3,0.21181818181818182,0.31272727272727274,3,-0.4146,-0.3619,511,0.05720550939440727,0.3137766718864441,-0.4410032033920288,-0.3823319375514984,2.5262093544006348,y,1.8_2.0_2.2
3,0.21181818181818182,0.31272727272727274,4,-0.3619,-0.30920000000000003,2852,0.018202440813183784,0.3053804934024811,-0.33776795864105225,-0.33031341433525085,1.0459191799163818,y,1.8_2.0_2.2
3,0.21181818181818182,0.31272727272727274,5,-0.30920000000000003,-0.2565,3879,0.155390202999115,0.6520476937294006,-0.3243136703968048,-0.2817857563495636,0.9283453226089478,y,1.8_2.0_2.2
3,0.21181818181818182,0.31272727272727274,6,-0.2565,-0.20379999999999998,4762,0.18429282307624817,0.9102818965911865,-0.24681848287582397,-0.22912555932998657,0.5276426672935486,y,1.8_2.0_2.2
3,0.21181818181818182,0.31272727272727274,7,-0.20379999999999998,-0.1511,5195,0.5173229575157166,2.1473968029022217,-0.19721479713916779,-0.17615963518619537,0.5188717246055603,y,1.8_2.0_2.2
3,0.21181818181818182,0.31272727272727274,8,-0.1511,-0.09839999999999999,7464,1.5822499990463257,3.502192735671997,-0.18082374334335327,-0.12280048429965973,0.5983250737190247,y,1.8_2.0_2.2
3,0.21181818181818182,0.31272727272727274,9,-0.09839999999999999,-0.04569999999999996,20197,7.944303512573242,11.503097534179688,-0.16202519834041595,-0.06507828086614609,0.43551456928253174,y,1.8_2.0_2.2
3,0.21181818181818182,0.31272727272727274,10,-0.04569999999999996,0.006999999999999999,66538,-6.395608901977539,241.3612518310547,0.06539645045995712,-0.015018917620182037,0.3162906765937805,y,1.8_2.0_2.2
3,0.21181818181818182,0.31272727272727274,12,0.10700000000000001,0.1563,9720,3.3498947620391846,3.884772539138794,0.23967471718788147,0.13107863068580627,0.5082326531410217,y,1.8_2.0_2.2
3,0.21181818181818182,0.31272727272727274,13,0.1563,0.2056,7292,1.0906574726104736,2.114814519882202,0.23378735780715942,0.1816517859697342,0.6956205368041992,y,1.8_2.0_2.2
3,0.21181818181818182,0.31272727272727274,14,0.2056,0.2549,9105,0.45220568776130676,0.9798545837402344,0.2648991346359253,0.23142988979816437,0.6885000467300415,y,1.8_2.0_2.2
3,0.21181818181818182,0.31272727272727274,15,0.2549,0.3042,12184,0.27161845564842224,0.6705448627471924,0.30214962363243103,0.28029194474220276,0.5885053277015686,y,1.8_2.0_2.2
3,0.21181818181818182,0.31272727272727274,16,0.3042,0.35350000000000004,9997,0.05301584675908089,0.5307347178459167,0.32561495900154114,0.32427722215652466,0.647943377494812,y,1.8_2.0_2.2
3,0.21181818181818182,0.31272727272727274,17,0.35350000000000004,0.40279999999999994,5194,0.03784983977675438,0.5609169006347656,0.3718360960483551,0.3754567801952362,0.6998865604400635,y,1.8_2.0_2.2
3,0.21181818181818182,0.31272727272727274,18,0.40279999999999994,0.45209999999999995,1970,0.0074243550188839436,0.3418468236923218,0.4163964092731476,0.42364487051963806,0.8174062967300415,y,1.8_2.0_2.2
3,0.21181818181818182,0.31272727272727274,19,0.45209999999999995,0.5014,1529,-0.008839430287480354,0.15721379220485687,0.4644145965576172,0.476345032453537,0.6694479584693909,y,1.8_2.0_2.2
3,0.21181818181818182,0.31272727272727274,20,0.5014,0.5507,164,-0.007846097461879253,0.07636040449142456,0.5025826692581177,0.504866361618042,0.36383792757987976,y,1.8_2.0_2.2
4,0.31272727272727274,0.41363636363636364,0,-inf,-0.52,29,0.07878493517637253,0.11679738759994507,-0.5676410794258118,-0.5520199537277222,0.40783968567848206,y,1.8_2.0_2.2
4,0.31272727272727274,0.41363636363636364,1,-0.52,-0.4673,161,0.07722831517457962,0.07205274701118469,-0.5383549332618713,-0.4943099319934845,1.3073686361312866,y,1.8_2.0_2.2
4,0.31272727272727274,0.41363636363636364,2,-0.4673,-0.4146,193,0.08712384104728699,0.12142743915319443,-0.4880506694316864,-0.4403146505355835,0.8992546796798706,y,1.8_2.0_2.2
4,0.31272727272727274,0.41363636363636364,3,-0.4146,-0.3619,435,0.04306692257523537,0.23261965811252594,-0.44602280855178833,-0.3816434442996979,2.9232687950134277,y,1.8_2.0_2.2
4,0.31272727272727274,0.41363636363636364,4,-0.3619,-0.30920000000000003,2410,0.019668614491820335,0.2864152789115906,-0.3395255208015442,-0.3303403854370117,1.1907110214233398,y,1.8_2.0_2.2
4,0.31272727272727274,0.41363636363636364,5,-0.30920000000000003,-0.2565,3272,0.1471850425004959,0.5851714611053467,-0.32735422253608704,-0.2814830541610718,1.0531398057937622,y,1.8_2.0_2.2
4,0.31272727272727274,0.41363636363636364,6,-0.2565,-0.20379999999999998,3170,0.08467027544975281,0.7173960208892822,-0.24047061800956726,-0.23189693689346313,0.6638940572738647,y,1.8_2.0_2.2
4,0.31272727272727274,0.41363636363636364,7,-0.20379999999999998,-0.1511,2747,-0.08858375251293182,1.8541107177734375,-0.1590953916311264,-0.17661766707897186,0.7591725587844849,y,1.8_2.0_2.2
4,0.31272727272727274,0.41363636363636364,8,-0.1511,-0.09839999999999999,3961,0.07569755613803864,2.5882961750030518,-0.1279328316450119,-0.12202949076890945,0.9040194153785706,y,1.8_2.0_2.2
4,0.31272727272727274,0.41363636363636364,9,-0.09839999999999999,-0.04569999999999996,5758,-2.250821828842163,10.073267936706543,0.010043023154139519,-0.06948915868997574,0.8920354247093201,y,1.8_2.0_2.2
4,0.31272727272727274,0.41363636363636364,10,-0.04569999999999996,0.006999999999999999,6377,10.104607582092285,104.3352279663086,-0.07142756879329681,-0.018873006105422974,0.9563531279563904,y,1.8_2.0_2.2
4,0.31272727272727274,0.41363636363636364,12,0.10700000000000001,0.1563,3582,0.4042600393295288,2.2000370025634766,0.15489836037158966,0.13173308968544006,0.9530612230300903,y,1.8_2.0_2.2
4,0.31272727272727274,0.41363636363636364,13,0.1563,0.2056,4290,0.4674134850502014,1.6457903385162354,0.21536672115325928,0.18160668015480042,1.0091902017593384,y,1.8_2.0_2.2
4,0.31272727272727274,0.41363636363636364,14,0.2056,0.2549,5948,0.24042637646198273,0.817298173904419,0.2564360797405243,0.23196819424629211,0.9166927337646484,y,1.8_2.0_2.2
4,0.31272727272727274,0.41363636363636364,15,0.2549,0.3042,7594,0.10731988400220871,0.5072038173675537,0.2895488440990448,0.2808972895145416,0.7888643741607666,y,1.8_2.0_2.2
4,0.31272727272727274,0.41363636363636364,16,0.3042,0.35350000000000004,7171,0.06012710928916931,0.4767991006374359,0.3274956941604614,0.32510778307914734,0.800248920917511,y,1.8_2.0_2.2
4,0.31272727272727274,0.41363636363636364,17,0.35350000000000004,0.40279999999999994,4131,0.04216374456882477,0.35971900820732117,0.3765077590942383,0.3759404420852661,0.8134786486625671,y,1.8_2.0_2.2
4,0.31272727272727274,0.41363636363636364,18,0.40279999999999994,0.45209999999999995,1510,-0.005714703816920519,0.28217998147010803,0.4132952392101288,0.4240895211696625,0.9866549372673035,y,1.8_2.0_2.2
4,0.31272727272727274,0.41363636363636364,19,0.45209999999999995,0.5014,1235,0.003946858458220959,0.144009068608284,0.46300557255744934,0.4746224284172058,0.7652564644813538,y,1.8_2.0_2.2
4,0.31272727272727274,0.41363636363636364,20,0.5014,0.5507,83,0.00745464488863945,0.0277929175645113,0.5060462951660156,0.5046284198760986,0.4575842320919037,y,1.8_2.0_2.2
5,0.41363636363636364,0.5145454545454545,0,-inf,-0.52,13,0.026192467659711838,0.09588475525379181,-0.5703000426292419,-0.5613391399383545,0.4646671414375305,y,1.8_2.0_2.2
5,0.41363636363636364,0.5145454545454545,1,-0.52,-0.4673,140,0.0794290080666542,0.03912767022848129,-0.543032705783844,-0.4952051341533661,1.4503785371780396,y,1.8_2.0_2.2
5,0.41363636363636364,0.5145454545454545,2,-0.4673,-0.4146,121,0.11407773196697235,0.07305500656366348,-0.5116209983825684,-0.44275179505348206,1.221671462059021,y,1.8_2.0_2.2
5,0.41363636363636364,0.5145454545454545,3,-0.4146,-0.3619,411,0.04135027527809143,0.20308785140514374,-0.4470251202583313,-0.3806208074092865,3.074134111404419,y,1.8_2.0_2.2
5,0.41363636363636364,0.5145454545454545,4,-0.3619,-0.30920000000000003,2226,0.0068265399895608425,0.27055731415748596,-0.3379645049571991,-0.33010777831077576,1.2593494653701782,y,1.8_2.0_2.2
5,0.41363636363636364,0.5145454545454545,5,-0.30920000000000003,-0.2565,2858,0.11309067159891129,0.5365080237388611,-0.32595422863960266,-0.28121107816696167,1.153239369392395,y,1.8_2.0_2.2
5,0.41363636363636364,0.5145454545454545,6,-0.2565,-0.20379999999999998,2250,-0.045876599848270416,0.6653200387954712,-0.22771085798740387,-0.2322714775800705,0.7881038784980774,y,1.8_2.0_2.2
5,0.41363636363636364,0.5145454545454545,7,-0.20379999999999998,-0.1511,2099,-0.14174708724021912,1.2115323543548584,-0.15737639367580414,-0.17667241394519806,0.8834584355354309,y,1.8_2.0_2.2
5,0.41363636363636364,0.5145454545454545,8,-0.1511,-0.09839999999999999,3008,0.08681651204824448,1.1998642683029175,-0.13939526677131653,-0.12199296057224274,1.076111912727356,y,1.8_2.0_2.2
5,0.41363636363636364,0.5145454545454545,9,-0.09839999999999999,-0.04569999999999996,3858,-0.13857915997505188,2.520956039428711,-0.06142350286245346,-0.07183902710676193,1.1604989767074585,y,1.8_2.0_2.2
5,0.41363636363636364,0.5145454545454545,10,-0.04569999999999996,0.006999999999999999,3763,-0.06095414236187935,24.955636978149414,-0.01691749319434166,-0.019767381250858307,1.3878203630447388,y,1.8_2.0_2.2
5,0.41363636363636364,0.5145454545454545,12,0.10700000000000001,0.1563,2686,0.3288908898830414,1.750475525856018,0.15236854553222656,0.13228487968444824,1.1517385244369507,y,1.8_2.0_2.2
5,0.41363636363636364,0.5145454545454545,13,0.1563,0.2056,3266,0.26272130012512207,1.3007042407989502,0.1990412473678589,0.1817244589328766,1.2124066352844238,y,1.8_2.0_2.2
5,0.41363636363636364,0.5145454545454545,14,0.2056,0.2549,4096,0.14101830124855042,0.7742860317230225,0.2473350614309311,0.23153237998485565,1.168468952178955,y,1.8_2.0_2.2
5,0.41363636363636364,0.5145454545454545,15,0.2549,0.3042,5318,0.05454935133457184,0.4784880578517914,0.28304946422576904,0.28043118119239807,0.9727684259414673,y,1.8_2.0_2.2
5,0.41363636363636364,0.5145454545454545,16,0.3042,0.35350000000000004,4760,0.03894301503896713,0.3982681334018707,0.3291039764881134,0.32688748836517334,1.0237663984298706,y,1.8_2.0_2.2
5,0.41363636363636364,0.5145454545454545,17,0.35350000000000004,0.40279999999999994,3136,0.055107664316892624,0.27428117394447327,0.3799537420272827,0.376049667596817,0.9558644890785217,y,1.8_2.0_2.2
5,0.41363636363636364,0.5145454545454545,18,0.40279999999999994,0.45209999999999995,1112,0.027135049924254417,0.24682487547397614,0.4175468385219574,0.42347252368927,1.2096664905548096,y,1.8_2.0_2.2
5,0.41363636363636364,0.5145454545454545,19,0.45209999999999995,0.5014,909,0.01445287000387907,0.15567412972450256,0.4609280526638031,0.4741562008857727,0.9119937419891357,y,1.8_2.0_2.2
5,0.41363636363636364,0.5145454545454545,20,0.5014,0.5507,46,0.007471362594515085,0.01811125874519348,0.5064454078674316,0.5048049688339233,0.5457590222358704,y,1.8_2.0_2.2
6,0.5145454545454545,0.6154545454545455,1,-0.52,-0.4673,126,0.07708514481782913,0.03598317131400108,-0.5441357493400574,-0.4939035475254059,1.5601091384887695,y,1.8_2.0_2.2
6,0.5145454545454545,0.6154545454545455,2,-0.4673,-0.4146,93,0.1340244859457016,0.06820692121982574,-0.5290491580963135,-0.44238191843032837,1.4535765647888184,y,1.8_2.0_2.2
6,0.5145454545454545,0.6154545454545455,3,-0.4146,-0.3619,393,0.05094144865870476,0.19073708355426788,-0.4519985616207123,-0.38101428747177124,3.1935973167419434,y,1.8_2.0_2.2
6,0.5145454545454545,0.6154545454545455,4,-0.3619,-0.30920000000000003,2087,-0.0059918905608356,0.2479144036769867,-0.3357180953025818,-0.3301115036010742,1.3121341466903687,y,1.8_2.0_2.2
6,0.5145454545454545,0.6154545454545455,5,-0.30920000000000003,-0.2565,2526,0.08739876002073288,0.5130013823509216,-0.32529205083847046,-0.28155991435050964,1.243937611579895,y,1.8_2.0_2.2
6,0.5145454545454545,0.6154545454545455,6,-0.2565,-0.20379999999999998,1544,-0.06428387016057968,0.5978856682777405,-0.22413188219070435,-0.23307543992996216,0.9349278211593628,y,1.8_2.0_2.2
6,0.5145454545454545,0.6154545454545455,7,-0.20379999999999998,-0.1511,1478,-0.08427350968122482,1.0413204431533813,-0.16076990962028503,-0.17528963088989258,1.0610239505767822,y,1.8_2.0_2.2
6,0.5145454545454545,0.6154545454545455,8,-0.1511,-0.09839999999999999,2502,0.13497991859912872,1.0875259637832642,-0.1403917372226715,-0.12115883827209473,1.199171543121338,y,1.8_2.0_2.2
6,0.5145454545454545,0.6154545454545455,9,-0.09839999999999999,-0.04569999999999996,3334,-0.161070317029953,1.6491773128509521,-0.06439951062202454,-0.07200685143470764,1.2718080282211304,y,1.8_2.0_2.2
6,0.5145454545454545,0.6154545454545455,10,-0.04569999999999996,0.006999999999999999,3435,-0.023845171555876732,21.30777359008789,-0.020985228940844536,-0.019410671666264534,1.476067304611206,y,1.8_2.0_2.2
6,0.5145454545454545,0.6154545454545455,12,0.10700000000000001,0.1563,2193,0.2585616707801819,1.5941848754882812,0.14585140347480774,0.13187743723392487,1.3079313039779663,y,1.8_2.0_2.2
6,0.5145454545454545,0.6154545454545455,13,0.1563,0.2056,2522,0.12088198959827423,1.087415099143982,0.18445956707000732,0.181443989276886,1.433530569076538,y,1.8_2.0_2.2
6,0.5145454545454545,0.6154545454545455,14,0.2056,0.2549,3077,0.09029661864042282,0.7042613625526428,0.2425164133310318,0.23129713535308838,1.4036122560501099,y,1.8_2.0_2.2
6,0.5145454545454545,0.6154545454545455,15,0.2549,0.3042,3906,0.02461320348083973,0.3837321102619171,0.2799687385559082,0.27958106994628906,1.1589980125427246,y,1.8_2.0_2.2
6,0.5145454545454545,0.6154545454545455,16,0.3042,0.35350000000000004,3381,0.025390760973095894,0.34207338094711304,0.3302379846572876,0.3277234733104706,1.2531136274337769,y,1.8_2.0_2.2
6,0.5145454545454545,0.6154545454545455,17,0.35350000000000004,0.40279999999999994,2380,0.049372948706150055,0.2222726047039032,0.37983134388923645,0.3765171468257904,1.1136014461517334,y,1.8_2.0_2.2
6,0.5145454545454545,0.6154545454545455,18,0.40279999999999994,0.45209999999999995,863,0.03927324339747429,0.21200281381607056,0.4202786684036255,0.4240088164806366,1.4253467321395874,y,1.8_2.0_2.2
6,0.5145454545454545,0.6154545454545455,19,0.45209999999999995,0.5014,746,0.01697896234691143,0.16802223026752472,0.45816752314567566,0.47408753633499146,1.010702133178711,y,1.8_2.0_2.2
6,0.5145454545454545,0.6154545454545455,20,0.5014,0.5507,22,-0.005392005667090416,0.006043300498276949,0.5026633739471436,0.5041910409927368,0.6364151239395142,y,1.8_2.0_2.2
7,0.6154545454545455,0.7163636363636363,1,-0.52,-0.4673,112,0.07572131603956223,0.03337119147181511,-0.5446847677230835,-0.4917835295200348,1.6844857931137085,y,1.8_2.0_2.2
7,0.6154545454545455,0.7163636363636363,2,-0.4673,-0.4146,93,0.1340244859457016,0.06820692121982574,-0.5290491580963135,-0.44238191843032837,1.4535765647888184,y,1.8_2.0_2.2
7,0.6154545454545455,0.7163636363636363,3,-0.4146,-0.3619,367,0.06482454389333725,0.16990603506565094,-0.46106651425361633,-0.38163691759109497,3.379119396209717,y,1.8_2.0_2.2
7,0.6154545454545455,0.7163636363636363,4,-0.3619,-0.30920000000000003,1642,-0.008785874582827091,0.22790224850177765,-0.3378763198852539,-0.33100777864456177,1.511839747428894,y,1.8_2.0_2.2
7,0.6154545454545455,0.7163636363636363,5,-0.30920000000000003,-0.2565,1716,0.17267662286758423,0.45905303955078125,-0.35245639085769653,-0.2822849154472351,1.5615931749343872,y,1.8_2.0_2.2
7,0.6154545454545455,0.7163636363636363,6,-0.2565,-0.20379999999999998,881,-0.051789361983537674,0.5192429423332214,-0.22503811120986938,-0.2300756871700287,1.2239768505096436,y,1.8_2.0_2.2
7,0.6154545454545455,0.7163636363636363,7,-0.20379999999999998,-0.1511,1080,-0.16182969510555267,0.9383510947227478,-0.15541166067123413,-0.17474187910556793,1.2467707395553589,y,1.8_2.0_2.2
7,0.6154545454545455,0.7163636363636363,8,-0.1511,-0.09839999999999999,2089,0.2054961919784546,1.1213254928588867,-0.14525245130062103,-0.12076189368963242,1.325162410736084,y,1.8_2.0_2.2
7,0.6154545454545455,0.7163636363636363,9,-0.09839999999999999,-0.04569999999999996,2904,-0.06123529374599457,1.5462735891342163,-0.06859175115823746,-0.07167036831378937,1.3755115270614624,y,1.8_2.0_2.2
7,0.6154545454545455,0.7163636363636363,10,-0.04569999999999996,0.006999999999999999,3168,0.05672353133559227,19.324546813964844,-0.024461129680275917,-0.01934480294585228,1.5528329610824585,y,1.8_2.0_2.2
7,0.6154545454545455,0.7163636363636363,12,0.10700000000000001,0.1563,1880,0.18160001933574677,1.4446866512298584,0.1412077248096466,0.13189402222633362,1.4316291809082031,y,1.8_2.0_2.2
7,0.6154545454545455,0.7163636363636363,13,0.1563,0.2056,2109,0.07750754058361053,0.8787579536437988,0.1820724606513977,0.18108633160591125,1.6053282022476196,y,1.8_2.0_2.2
7,0.6154545454545455,0.7163636363636363,14,0.2056,0.2549,2474,0.061762262135744095,0.5202100276947021,0.24054023623466492,0.23126092553138733,1.609247088432312,y,1.8_2.0_2.2
7,0.6154545454545455,0.7163636363636363,15,0.2549,0.3042,3005,0.0006574590224772692,0.3730766177177429,0.2753788232803345,0.27906474471092224,1.3385404348373413,y,1.8_2.0_2.2
7,0.6154545454545455,0.7163636363636363,16,0.3042,0.35350000000000004,2373,0.02374010905623436,0.3233780264854431,0.3329031765460968,0.3279322683811188,1.5468146800994873,y,1.8_2.0_2.2
7,0.6154545454545455,0.7163636363636363,17,0.35350000000000004,0.40279999999999994,1767,0.041378241032361984,0.2026050090789795,0.3767530024051666,0.37666764855384827,1.3046321868896484,y,1.8_2.0_2.2
7,0.6154545454545455,0.7163636363636363,18,0.40279999999999994,0.45209999999999995,693,0.04478148743510246,0.19783683121204376,0.420836865901947,0.4250195026397705,1.637821078300476,y,1.8_2.0_2.2
7,0.6154545454545455,0.7163636363636363,19,0.45209999999999995,0.5014,629,0.018365468829870224,0.18093037605285645,0.4545029103755951,0.47375139594078064,1.0937567949295044,y,1.8_2.0_2.2
7,0.6154545454545455,0.7163636363636363,20,0.5014,0.5507,9,-0.005405061412602663,0.0017699293093755841,0.501309871673584,0.5033252239227295,0.7394826412200928,y,1.8_2.0_2.2
8,0.7163636363636363,0.8172727272727273,1,-0.52,-0.4673,92,0.0760759636759758,0.03198137506842613,-0.5477758646011353,-0.48931267857551575,1.9062821865081787,y,1.8_2.0_2.2
8,0.7163636363636363,0.8172727272727273,2,-0.4673,-0.4146,93,0.1340244859457016,0.06820692121982574,-0.5290491580963135,-0.44238191843032837,1.4535765647888184,y,1.8_2.0_2.2
8,0.7163636363636363,0.8172727272727273,3,-0.4146,-0.3619,332,0.08012109249830246,0.14935287833213806,-0.47295987606048584,-0.3826337158679962,3.665813684463501,y,1.8_2.0_2.2
8,0.7163636363636363,0.8172727272727273,4,-0.3619,-0.30920000000000003,1309,-0.013629237189888954,0.18377293646335602,-0.34040796756744385,-0.3316640555858612,1.726966142654419,y,1.8_2.0_2.2
8,0.7163636363636363,0.8172727272727273,5,-0.30920000000000003,-0.2565,1377,0.1783924251794815,0.41209375858306885,-0.36343640089035034,-0.28217777609825134,1.783116102218628,y,1.8_2.0_2.2
8,0.7163636363636363,0.8172727272727273,6,-0.2565,-0.20379999999999998,687,-0.09590407460927963,0.42644473910331726,-0.217283695936203,-0.2293924242258072,1.3829337358474731,y,1.8_2.0_2.2
8,0.7163636363636363,0.8172727272727273,7,-0.20379999999999998,-0.1511,811,-0.17713068425655365,0.8539847731590271,-0.15706364810466766,-0.17490018904209137,1.4397934675216675,y,1.8_2.0_2.2
8,0.7163636363636363,0.8172727272727273,8,-0.1511,-0.09839999999999999,1769,0.20093727111816406,1.1482300758361816,-0.14530935883522034,-0.11996325105428696,1.4449667930603027,y,1.8_2.0_2.2
8,0.7163636363636363,0.8172727272727273,9,-0.09839999999999999,-0.04569999999999996,2478,0.05198001116514206,1.4935780763626099,-0.07367047667503357,-0.07090721279382706,1.498016357421875,y,1.8_2.0_2.2
8,0.7163636363636363,0.8172727272727273,10,-0.04569999999999996,0.006999999999999999,2957,0.12488572299480438,19.149892807006836,-0.027115479111671448,-0.019223803654313087,1.6162753105163574,y,1.8_2.0_2.2
8,0.7163636363636363,0.8172727272727273,12,0.10700000000000001,0.1563,1471,0.09339757263660431,1.1221754550933838,0.1382932811975479,0.13269850611686707,1.644547462463379,y,1.8_2.0_2.2
8,0.7163636363636363,0.8172727272727273,13,0.1563,0.2056,1874,0.07545029371976852,0.6853529810905457,0.18714892864227295,0.18137720227241516,1.7240837812423706,y,1.8_2.0_2.2
8,0.7163636363636363,0.8172727272727273,14,0.2056,0.2549,2192,0.04008754715323448,0.4679088592529297,0.2356157749891281,0.2309645563364029,1.7312532663345337,y,1.8_2.0_2.2
8,0.7163636363636363,0.8172727272727273,15,0.2549,0.3042,2415,-0.014088253490626812,0.36893418431282043,0.2711474299430847,0.2784990668296814,1.5034972429275513,y,1.8_2.0_2.2
8,0.7163636363636363,0.8172727272727273,16,0.3042,0.35350000000000004,1751,0.03394361585378647,0.26492196321487427,0.34135907888412476,0.32756274938583374,1.862574577331543,y,1.8_2.0_2.2
8,0.7163636363636363,0.8172727272727273,17,0.35350000000000004,0.40279999999999994,1222,0.019740980118513107,0.20393264293670654,0.36778220534324646,0.3770824670791626,1.5921157598495483,y,1.8_2.0_2.2
8,0.7163636363636363,0.8172727272727273,18,0.40279999999999994,0.45209999999999995,581,0.04815695062279701,0.18806351721286774,0.4199388921260834,0.4252825677394867,1.825604796409607,y,1.8_2.0_2.2
8,0.7163636363636363,0.8172727272727273,19,0.45209999999999995,0.5014,534,0.019378019496798515,0.19461993873119354,0.45012930035591125,0.4733973443508148,1.1701298952102661,y,1.8_2.0_2.2
8,0.7163636363636363,0.8172727272727273,20,0.5014,0.5507,6,-0.005825784523040056,0.002008398761972785,0.49959126114845276,0.5018712282180786,0.788123607635498,y,1.8_2.0_2.2
9,0.8172727272727273,0.9181818181818182,1,-0.52,-0.4673,73,0.07711644470691681,0.028943635523319244,-0.552287757396698,-0.4866204857826233,2.2044670581817627,y,1.8_2.0_2.2
9,0.8172727272727273,0.9181818181818182,2,-0.4673,-0.4146,92,0.132607564330101,0.06758423894643784,-0.529272198677063,-0.44259539246559143,1.4607248306274414,y,1.8_2.0_2.2
9,0.8172727272727273,0.9181818181818182,3,-0.4146,-0.3619,293,0.074476458132267,0.11997132003307343,-0.4787502884864807,-0.3827415108680725,4.052715301513672,y,1.8_2.0_2.2
9,0.8172727272727273,0.9181818181818182,4,-0.3619,-0.30920000000000003,1146,-0.009329154156148434,0.14805716276168823,-0.3443886339664459,-0.3321921229362488,1.864296317100525,y,1.8_2.0_2.2
9,0.8172727272727273,0.9181818181818182,5,-0.30920000000000003,-0.2565,1167,0.18843591213226318,0.3686915636062622,-0.373452365398407,-0.28263410925865173,1.9674350023269653,y,1.8_2.0_2.2
9,0.8172727272727273,0.9181818181818182,6,-0.2565,-0.20379999999999998,576,-0.09376364946365356,0.37598684430122375,-0.2170087993144989,-0.22932617366313934,1.5017597675323486,y,1.8_2.0_2.2
9,0.8172727272727273,0.9181818181818182,7,-0.20379999999999998,-0.1511,664,-0.1695212572813034,0.8045828938484192,-0.15820875763893127,-0.1753809154033661,1.589591145515442,y,1.8_2.0_2.2
9,0.8172727272727273,0.9181818181818182,8,-0.1511,-0.09839999999999999,1535,0.19435465335845947,1.1486396789550781,-0.14612995088100433,-0.11992839723825455,1.548459768295288,y,1.8_2.0_2.2
9,0.8172727272727273,0.9181818181818182,9,-0.09839999999999999,-0.04569999999999996,2164,0.11636017262935638,1.4611139297485352,-0.07716364413499832,-0.07037367671728134,1.6047149896621704,y,1.8_2.0_2.2
9,0.8172727272727273,0.9181818181818182,10,-0.04569999999999996,0.006999999999999999,2805,0.17425794899463654,18.53812026977539,-0.02894609607756138,-0.019083315506577492,1.6623023748397827,y,1.8_2.0_2.2
9,0.8172727272727273,0.9181818181818182,12,0.10700000000000001,0.1563,1233,0.01988416165113449,1.0175213813781738,0.12990248203277588,0.13303443789482117,1.8146404027938843,y,1.8_2.0_2.2
9,0.8172727272727273,0.9181818181818182,13,0.1563,0.2056,1654,0.04793381690979004,0.6076560616493225,0.18295405805110931,0.1815258264541626,1.8517532348632812,y,1.8_2.0_2.2
9,0.8172727272727273,0.9181818181818182,14,0.2056,0.2549,1972,0.02916988544166088,0.44891685247421265,0.233012855052948,0.2307751327753067,1.8392271995544434,y,1.8_2.0_2.2
9,0.8172727272727273,0.9181818181818182,15,0.2549,0.3042,2026,-0.012320615351200104,0.3538467288017273,0.2717355489730835,0.2785097062587738,1.6451162099838257,y,1.8_2.0_2.2
9,0.8172727272727273,0.9181818181818182,16,0.3042,0.35350000000000004,1460,0.04181554913520813,0.23410563170909882,0.34660646319389343,0.3276120126247406,2.0813589096069336,y,1.8_2.0_2.2
9,0.8172727272727273,0.9181818181818182,17,0.35350000000000004,0.40279999999999994,950,0.007444814778864384,0.19769501686096191,0.3606628179550171,0.3775487542152405,1.8300182819366455,y,1.8_2.0_2.2
9,0.8172727272727273,0.9181818181818182,18,0.40279999999999994,0.45209999999999995,505,0.049238745123147964,0.16982901096343994,0.41933056712150574,0.42589256167411804,1.9856114387512207,y,1.8_2.0_2.2
9,0.8172727272727273,0.9181818181818182,19,0.45209999999999995,0.5014,448,0.020268624648451805,0.21134087443351746,0.44428831338882446,0.47289493680000305,1.2475885152816772,y,1.8_2.0_2.2
10,0.9181818181818182,1.019090909090909,1,-0.52,-0.4673,57,0.07376976311206818,0.027912339195609093,-0.558805525302887,-0.48568814992904663,2.579411268234253,y,1.8_2.0_2.2
10,0.9181818181818182,1.019090909090909,2,-0.4673,-0.4146,86,0.1261097490787506,0.0661705732345581,-0.5307021141052246,-0.4435836374759674,1.5028685331344604,y,1.8_2.0_2.2
10,0.9181818181818182,1.019090909090909,3,-0.4146,-0.3619,268,0.0660727322101593,0.09676782041788101,-0.48166048526763916,-0.3832828104496002,4.350022315979004,y,1.8_2.0_2.2
10,0.9181818181818182,1.019090909090909,4,-0.3619,-0.30920000000000003,1052,-0.004451132845133543,0.13446009159088135,-0.34696537256240845,-0.3321740925312042,1.9533264636993408,y,1.8_2.0_2.2
10,0.9181818181818182,1.019090909090909,5,-0.30920000000000003,-0.2565,1024,0.19667276740074158,0.32916682958602905,-0.3814452588558197,-0.2829805612564087,2.1211256980895996,y,1.8_2.0_2.2
10,0.9181818181818182,1.019090909090909,6,-0.2565,-0.20379999999999998,482,-0.0771634504199028,0.3410877287387848,-0.22160200774669647,-0.2292480170726776,1.6254841089248657,y,1.8_2.0_2.2
10,0.9181818181818182,1.019090909090909,7,-0.20379999999999998,-0.1511,563,-0.1295396238565445,0.7803642749786377,-0.16567058861255646,-0.17619217932224274,1.7199485301971436,y,1.8_2.0_2.2
10,0.9181818181818182,1.019090909090909,8,-0.1511,-0.09839999999999999,1341,0.19990748167037964,1.1471878290176392,-0.14824429154396057,-0.11983900517225266,1.6474995613098145,y,1.8_2.0_2.2
10,0.9181818181818182,1.019090909090909,9,-0.09839999999999999,-0.04569999999999996,1885,0.14882130920886993,1.4389151334762573,-0.07927931100130081,-0.07020093500614166,1.713802695274353,y,1.8_2.0_2.2
10,0.9181818181818182,1.019090909090909,10,-0.04569999999999996,0.006999999999999999,2615,0.291336327791214,16.96238136291504,-0.035098351538181305,-0.018864963203668594,1.7197767496109009,y,1.8_2.0_2.2
10,0.9181818181818182,1.019090909090909,12,0.10700000000000001,0.1563,1069,-0.040083058178424835,0.9712289571762085,0.12294492870569229,0.1331571638584137,1.9604140520095825,y,1.8_2.0_2.2
10,0.9181818181818182,1.019090909090909,13,0.1563,0.2056,1482,0.024258838966488838,0.5539531707763672,0.17728088796138763,0.18140023946762085,1.9662538766860962,y,1.8_2.0_2.2
10,0.9181818181818182,1.019090909090909,14,0.2056,0.2549,1821,0.02460366114974022,0.4347393810749054,0.23269860446453094,0.23069308698177338,1.9199435710906982,y,1.8_2.0_2.2
10,0.9181818181818182,1.019090909090909,15,0.2549,0.3042,1618,-0.0002630622766446322,0.33063679933547974,0.27560657262802124,0.2780803143978119,1.8417437076568604,y,1.8_2.0_2.2
10,0.9181818181818182,1.019090909090909,16,0.3042,0.35350000000000004,1253,0.04701294004917145,0.18066924810409546,0.3523302376270294,0.32800161838531494,2.2827162742614746,y,1.8_2.0_2.2
10,0.9181818181818182,1.019090909090909,17,0.35350000000000004,0.40279999999999994,778,0.0014696933794766665,0.19483855366706848,0.3554336428642273,0.37735244631767273,2.0433766841888428,y,1.8_2.0_2.2
10,0.9181818181818182,1.019090909090909,18,0.40279999999999994,0.45209999999999995,456,0.05005565658211708,0.16210265457630157,0.41869452595710754,0.42644333839416504,2.105786085128784,y,1.8_2.0_2.2
10,0.9181818181818182,1.019090909090909,19,0.45209999999999995,0.5014,385,0.020421266555786133,0.22702530026435852,0.4381851255893707,0.4726852476596832,1.3107073307037354,y,1.8_2.0_2.2
11,1.019090909090909,1.1199999999999999,1,-0.52,-0.4673,47,0.07261866331100464,0.02895682491362095,-0.5667185187339783,-0.48591482639312744,2.9207587242126465,y,1.8_2.0_2.2
11,1.019090909090909,1.1199999999999999,2,-0.4673,-0.4146,81,0.12175017595291138,0.060700930655002594,-0.5310196876525879,-0.444418728351593,1.5346834659576416,y,1.8_2.0_2.2
11,1.019090909090909,1.1199999999999999,3,-0.4146,-0.3619,250,0.06084820255637169,0.07663948088884354,-0.48422154784202576,-0.38379523158073425,4.593013763427734,y,1.8_2.0_2.2
11,1.019090909090909,1.1199999999999999,4,-0.3619,-0.30920000000000003,924,0.009962610900402069,0.1165137067437172,-0.3544394373893738,-0.33217960596084595,2.0887937545776367,y,1.8_2.0_2.2
11,1.019090909090909,1.1199999999999999,5,-0.30920000000000003,-0.2565,916,0.19658128917217255,0.2989406883716583,-0.3868308961391449,-0.28382062911987305,2.2571260929107666,y,1.8_2.0_2.2
11,1.019090909090909,1.1199999999999999,6,-0.2565,-0.20379999999999998,376,-0.08628429472446442,0.33004966378211975,-0.22315265238285065,-0.22891315817832947,1.81033194065094,y,1.8_2.0_2.2
11,1.019090909090909,1.1199999999999999,7,-0.20379999999999998,-0.1511,507,-0.11808966845273972,0.746058464050293,-0.170256569981575,-0.17617857456207275,1.8034294843673706,y,1.8_2.0_2.2
11,1.019090909090909,1.1199999999999999,8,-0.1511,-0.09839999999999999,1161,0.22236667573451996,1.1481130123138428,-0.1521347463130951,-0.1192881390452385,1.7530030012130737,y,1.8_2.0_2.2
11,1.019090909090909,1.1199999999999999,9,-0.09839999999999999,-0.04569999999999996,1672,0.1601869910955429,1.2209128141403198,-0.08403006941080093,-0.07018191367387772,1.808924674987793,y,1.8_2.0_2.2
11,1.019090909090909,1.1199999999999999,10,-0.04569999999999996,0.006999999999999999,2438,0.3827313482761383,16.330930709838867,-0.03867720067501068,-0.018627915531396866,1.77413809299469,y,1.8_2.0_2.2
11,1.019090909090909,1.1199999999999999,12,0.10700000000000001,0.1563,937,-0.08558399975299835,0.9223637580871582,0.11647574603557587,0.13329024612903595,2.1006100177764893,y,1.8_2.0_2.2
11,1.019090909090909,1.1199999999999999,13,0.1563,0.2056,1332,0.010355602018535137,0.5189576148986816,0.1732090264558792,0.18130238354206085,2.078554391860962,y,1.8_2.0_2.2
11,1.019090909090909,1.1199999999999999,14,0.2056,0.2549,1639,0.017758531495928764,0.4099045693874359,0.23175816237926483,0.23078827559947968,2.025456190109253,y,1.8_2.0_2.2
11,1.019090909090909,1.1199999999999999,15,0.2549,0.3042,1337,0.012992648407816887,0.3087666928768158,0.28065937757492065,0.278262734413147,2.0255305767059326,y,1.8_2.0_2.2
11,1.019090909090909,1.1199999999999999,16,0.3042,0.35350000000000004,1119,0.049444980919361115,0.16256120800971985,0.3533318042755127,0.32790783047676086,2.4406239986419678,y,1.8_2.0_2.2
11,1.019090909090909,1.1199999999999999,17,0.35350000000000004,0.40279999999999994,668,0.0038982222322374582,0.19274093210697174,0.3536774516105652,0.37736207246780396,2.221510171890259,y,1.8_2.0_2.2
11,1.019090909090909,1.1199999999999999,18,0.40279999999999994,0.45209999999999995,410,0.04987901449203491,0.15614910423755646,0.41816040873527527,0.42647212743759155,2.2329626083374023,y,1.8_2.0_2.2
11,1.019090909090909,1.1199999999999999,19,0.45209999999999995,0.5014,315,0.019903847947716713,0.24944640696048737,0.4267130494117737,0.47123828530311584,1.3867594003677368,y,1.8_2.0_2.2
12,1.1199999999999999,1.220909090909091,1,-0.52,-0.4673,36,0.06404810398817062,0.027507804334163666,-0.5771970748901367,-0.48712238669395447,3.4858016967773438,y,1.8_2.0_2.2
12,1.1199999999999999,1.220909090909091,2,-0.4673,-0.4146,75,0.11635421961545944,0.050521381199359894,-0.5305370092391968,-0.4453902244567871,1.5715402364730835,y,1.8_2.0_2.2
12,1.1199999999999999,1.220909090909091,3,-0.4146,-0.3619,238,0.056155286729335785,0.06729691475629807,-0.4856314957141876,-0.3839239180088043,4.770709991455078,y,1.8_2.0_2.2
12,1.1199999999999999,1.220909090909091,4,-0.3619,-0.30920000000000003,804,0.021927766501903534,0.1015014499425888,-0.36285650730133057,-0.33207327127456665,2.2406160831451416,y,1.8_2.0_2.2
12,1.1199999999999999,1.220909090909091,5,-0.30920000000000003,-0.2565,826,0.19596661627292633,0.2715088725090027,-0.39144760370254517,-0.2844238579273224,2.386920213699341,y,1.8_2.0_2.2
12,1.1199999999999999,1.220909090909091,6,-0.2565,-0.20379999999999998,235,-0.09823089092969894,0.37603700160980225,-0.23210962116718292,-0.22942203283309937,2.253878355026245,y,1.8_2.0_2.2
12,1.1199999999999999,1.220909090909091,7,-0.20379999999999998,-0.1511,426,-0.10118590295314789,0.5844109058380127,-0.18226011097431183,-0.17543849349021912,1.9428277015686035,y,1.8_2.0_2.2
12,1.1199999999999999,1.220909090909091,8,-0.1511,-0.09839999999999999,965,0.23826727271080017,1.0057440996170044,-0.16267111897468567,-0.11911238729953766,1.8917969465255737,y,1.8_2.0_2.2
12,1.1199999999999999,1.220909090909091,9,-0.09839999999999999,-0.04569999999999996,1498,0.16872216761112213,1.1416857242584229,-0.08786888420581818,-0.07009358704090118,1.8948278427124023,y,1.8_2.0_2.2
12,1.1199999999999999,1.220909090909091,10,-0.04569999999999996,0.006999999999999999,2236,0.44906049966812134,14.249695777893066,-0.04112459719181061,-0.018490657210350037,1.8378475904464722,y,1.8_2.0_2.2
12,1.1199999999999999,1.220909090909091,12,0.10700000000000001,0.1563,821,-0.12734054028987885,0.8706033229827881,0.10987585783004761,0.13330858945846558,2.2465646266937256,y,1.8_2.0_2.2
12,1.1199999999999999,1.220909090909091,13,0.1563,0.2056,1216,-0.004170315805822611,0.49276605248451233,0.16880325973033905,0.18130046129226685,2.1749658584594727,y,1.8_2.0_2.2
12,1.1199999999999999,1.220909090909091,14,0.2056,0.2549,1461,0.020331908017396927,0.3784053325653076,0.2336113303899765,0.23071150481700897,2.1419765949249268,y,1.8_2.0_2.2
12,1.1199999999999999,1.220909090909091,15,0.2549,0.3042,1112,0.02376474253833294,0.2659531235694885,0.2889399230480194,0.2782648205757141,2.2189645767211914,y,1.8_2.0_2.2
12,1.1199999999999999,1.220909090909091,16,0.3042,0.35350000000000004,1018,0.05116016045212746,0.15779149532318115,0.35372868180274963,0.3280726671218872,2.57673978805542,y,1.8_2.0_2.2
12,1.1199999999999999,1.220909090909091,17,0.35350000000000004,0.40279999999999994,604,0.005934102926403284,0.18696479499340057,0.3523406982421875,0.3774354159832001,2.3442893028259277,y,1.8_2.0_2.2
12,1.1199999999999999,1.220909090909091,18,0.40279999999999994,0.45209999999999995,385,0.04979940503835678,0.15525884926319122,0.41708967089653015,0.42621922492980957,2.3095290660858154,y,1.8_2.0_2.2
12,1.1199999999999999,1.220909090909091,19,0.45209999999999995,0.5014,223,0.018587762489914894,0.2925605773925781,0.40159285068511963,0.46945127844810486,1.5189584493637085,y,1.8_2.0_2.2
13,1.220909090909091,1.3218181818181818,1,-0.52,-0.4673,30,0.0561690516769886,0.024301491677761078,-0.5862559080123901,-0.4893232583999634,3.9482436180114746,y,1.8_2.0_2.2
13,1.220909090909091,1.3218181818181818,2,-0.4673,-0.4146,60,0.11781764030456543,0.04940180107951164,-0.5351644158363342,-0.4446951746940613,1.671892523765564,y,1.8_2.0_2.2
13,1.220909090909091,1.3218181818181818,3,-0.4146,-0.3619,216,0.0539555661380291,0.055059775710105896,-0.4921532869338989,-0.38478201627731323,5.138678073883057,y,1.8_2.0_2.2
13,1.220909090909091,1.3218181818181818,4,-0.3619,-0.30920000000000003,669,0.03390398249030113,0.08739928156137466,-0.37394067645072937,-0.3317964971065521,2.456880569458008,y,1.8_2.0_2.2
13,1.220909090909091,1.3218181818181818,5,-0.30920000000000003,-0.2565,752,0.1919088214635849,0.24988216161727905,-0.39496880769729614,-0.28486645221710205,2.50669527053833,y,1.8_2.0_2.2
13,1.220909090909091,1.3218181818181818,6,-0.2565,-0.20379999999999998,172,-0.10442768037319183,0.39669257402420044,-0.2422446310520172,-0.23025204241275787,2.6525750160217285,y,1.8_2.0_2.2
13,1.220909090909091,1.3218181818181818,7,-0.20379999999999998,-0.1511,346,-0.0902576893568039,0.48352617025375366,-0.18945570290088654,-0.1741439551115036,2.121382236480713,y,1.8_2.0_2.2
13,1.220909090909091,1.3218181818181818,8,-0.1511,-0.09839999999999999,822,0.2679396867752075,0.909514844417572,-0.17362180352210999,-0.11914221197366714,2.0171570777893066,y,1.8_2.0_2.2
13,1.220909090909091,1.3218181818181818,9,-0.09839999999999999,-0.04569999999999996,1306,0.1630873680114746,1.087996244430542,-0.08950464427471161,-0.06962958723306656,2.001232385635376,y,1.8_2.0_2.2
13,1.220909090909091,1.3218181818181818,10,-0.04569999999999996,0.006999999999999999,2049,0.5126591324806213,13.251988410949707,-0.04284907132387161,-0.018588541075587273,1.898891568183899,y,1.8_2.0_2.2
13,1.220909090909091,1.3218181818181818,12,0.10700000000000001,0.1563,716,-0.15321950614452362,0.8342885971069336,0.10550178587436676,0.13333018124103546,2.4045262336730957,y,1.8_2.0_2.2
13,1.220909090909091,1.3218181818181818,13,0.1563,0.2056,1098,-0.011506387032568455,0.4712129831314087,0.16784831881523132,0.18128317594528198,2.2827508449554443,y,1.8_2.0_2.2
13,1.220909090909091,1.3218181818181818,14,0.2056,0.2549,1299,0.01846560463309288,0.36288952827453613,0.23421610891819,0.230333149433136,2.2632832527160645,y,1.8_2.0_2.2
13,1.220909090909091,1.3218181818181818,15,0.2549,0.3042,959,0.026806944981217384,0.24803218245506287,0.2927323877811432,0.27819734811782837,2.38641357421875,y,1.8_2.0_2.2
13,1.220909090909091,1.3218181818181818,16,0.3042,0.35350000000000004,951,0.053222160786390305,0.15086202323436737,0.35479408502578735,0.32803311944007874,2.675912618637085,y,1.8_2.0_2.2
13,1.220909090909091,1.3218181818181818,17,0.35350000000000004,0.40279999999999994,556,0.0035482493694871664,0.1806432455778122,0.34956881403923035,0.3773045837879181,2.446110248565674,y,1.8_2.0_2.2
13,1.220909090909091,1.3218181818181818,18,0.40279999999999994,0.45209999999999995,367,0.04923500120639801,0.150398388504982,0.41703933477401733,0.42671698331832886,2.3648953437805176,y,1.8_2.0_2.2
13,1.220909090909091,1.3218181818181818,19,0.45209999999999995,0.5014,170,0.017580924555659294,0.3307398855686188,0.37551483511924744,0.46823546290397644,1.6279196739196777,y,1.8_2.0_2.2
14,1.3218181818181818,1.4227272727272726,1,-0.52,-0.4673,28,0.05235771834850311,0.022121530026197433,-0.5892772674560547,-0.48987168073654175,4.139091968536377,y,1.8_2.0_2.2
14,1.3218181818181818,1.4227272727272726,2,-0.4673,-0.4146,48,0.11711523681879044,0.04837290942668915,-0.5390154719352722,-0.44383302330970764,1.7743583917617798,y,1.8_2.0_2.2
14,1.3218181818181818,1.4227272727272726,3,-0.4146,-0.3619,202,0.050836123526096344,0.03505700081586838,-0.49345633387565613,-0.38508468866348267,5.4067487716674805,y,1.8_2.0_2.2
14,1.3218181818181818,1.4227272727272726,4,-0.3619,-0.30920000000000003,544,0.04373902454972267,0.07467754185199738,-0.3871993124485016,-0.3320785462856293,2.729447603225708,y,1.8_2.0_2.2
14,1.3218181818181818,1.4227272727272726,5,-0.30920000000000003,-0.2565,683,0.1886165738105774,0.22902853786945343,-0.3995409607887268,-0.28551235795021057,2.631361246109009,y,1.8_2.0_2.2
14,1.3218181818181818,1.4227272727272726,6,-0.2565,-0.20379999999999998,142,-0.09638626128435135,0.37423378229141235,-0.25156038999557495,-0.23149758577346802,2.9451303482055664,y,1.8_2.0_2.2
14,1.3218181818181818,1.4227272727272726,7,-0.20379999999999998,-0.1511,277,-0.0742177665233612,0.4741820991039276,-0.201496422290802,-0.1730363816022873,2.332998037338257,y,1.8_2.0_2.2
14,1.3218181818181818,1.4227272727272726,8,-0.1511,-0.09839999999999999,701,0.2834162712097168,0.792327344417572,-0.18466970324516296,-0.11918112635612488,2.1472511291503906,y,1.8_2.0_2.2
14,1.3218181818181818,1.4227272727272726,9,-0.09839999999999999,-0.04569999999999996,1072,0.18792392313480377,0.9082347750663757,-0.09608428925275803,-0.06863526999950409,2.1604626178741455,y,1.8_2.0_2.2
14,1.3218181818181818,1.4227272727272726,10,-0.04569999999999996,0.006999999999999999,1829,0.47216320037841797,12.78249740600586,-0.04269504174590111,-0.01881765015423298,1.9743164777755737,y,1.8_2.0_2.2
14,1.3218181818181818,1.4227272727272726,12,0.10700000000000001,0.1563,622,-0.12446270138025284,0.8199405074119568,0.1109076738357544,0.13356705009937286,2.575284481048584,y,1.8_2.0_2.2
14,1.3218181818181818,1.4227272727272726,13,0.1563,0.2056,983,-0.01484768372029066,0.4545593857765198,0.1673821210861206,0.18139269948005676,2.4010281562805176,y,1.8_2.0_2.2
14,1.3218181818181818,1.4227272727272726,14,0.2056,0.2549,1129,0.027208244428038597,0.33356449007987976,0.23946206271648407,0.2299245148897171,2.4132473468780518,y,1.8_2.0_2.2
14,1.3218181818181818,1.4227272727272726,15,0.2549,0.3042,829,0.03024877794086933,0.2341034710407257,0.29700297117233276,0.2783917188644409,2.561886787414551,y,1.8_2.0_2.2
14,1.3218181818181818,1.4227272727272726,16,0.3042,0.35350000000000004,879,0.05478605255484581,0.1489274650812149,0.35513031482696533,0.32792967557907104,2.7909252643585205,y,1.8_2.0_2.2
14,1.3218181818181818,1.4227272727272726,17,0.35350000000000004,0.40279999999999994,509,-0.0025607948191463947,0.17323295772075653,0.3435888886451721,0.37693291902542114,2.555025815963745,y,1.8_2.0_2.2
14,1.3218181818181818,1.4227272727272726,18,0.40279999999999994,0.45209999999999995,356,0.04883032292127609,0.1494455188512802,0.4160798192024231,0.42672640085220337,2.3985230922698975,y,1.8_2.0_2.2
14,1.3218181818181818,1.4227272727272726,19,0.45209999999999995,0.5014,134,-0.005690152291208506,0.36702483892440796,0.3454088270664215,0.4663832485675812,1.7251640558242798,y,1.8_2.0_2.2
15,1.4227272727272726,1.5236363636363637,1,-0.52,-0.4673,26,0.04883778095245361,0.01885780692100525,-0.5926477909088135,-0.49068623781204224,4.351632118225098,y,1.8_2.0_2.2
15,1.4227272727272726,1.5236363636363637,2,-0.4673,-0.4146,36,0.11271315813064575,0.037996064871549606,-0.5433754324913025,-0.4446553587913513,1.906724452972412,y,1.8_2.0_2.2
15,1.4227272727272726,1.5236363636363637,3,-0.4146,-0.3619,195,0.05016932636499405,0.028149429708719254,-0.4934019446372986,-0.38448596000671387,5.551578044891357,y,1.8_2.0_2.2
15,1.4227272727272726,1.5236363636363637,4,-0.3619,-0.30920000000000003,464,0.05171206593513489,0.07240577787160873,-0.39683520793914795,-0.3320259153842926,2.964822292327881,y,1.8_2.0_2.2
15,1.4227272727272726,1.5236363636363637,5,-0.30920000000000003,-0.2565,607,0.19044101238250732,0.2071515917778015,-0.4056336283683777,-0.2854668200016022,2.7890355587005615,y,1.8_2.0_2.2
15,1.4227272727272726,1.5236363636363637,6,-0.2565,-0.20379999999999998,125,-0.07048999518156052,0.37423187494277954,-0.26601070165634155,-0.23204073309898376,3.159146308898926,y,1.8_2.0_2.2
15,1.4227272727272726,1.5236363636363637,7,-0.20379999999999998,-0.1511,213,-0.06403160095214844,0.4896419048309326,-0.21548472344875336,-0.17260956764221191,2.622446298599243,y,1.8_2.0_2.2
15,1.4227272727272726,1.5236363636363637,8,-0.1511,-0.09839999999999999,596,0.26021283864974976,0.7292407155036926,-0.18782851099967957,-0.11880838871002197,2.284332036972046,y,1.8_2.0_2.2
15,1.4227272727272726,1.5236363636363637,9,-0.09839999999999999,-0.04569999999999996,913,0.1552879363298416,0.8163477778434753,-0.09470100700855255,-0.06800929456949234,2.2980265617370605,y,1.8_2.0_2.2
15,1.4227272727272726,1.5236363636363637,10,-0.04569999999999996,0.006999999999999999,1569,0.45521295070648193,12.384550094604492,-0.04435264319181442,-0.019249998033046722,2.0735578536987305,y,1.8_2.0_2.2
15,1.4227272727272726,1.5236363636363637,12,0.10700000000000001,0.1563,550,-0.12835346162319183,0.7938700318336487,0.11105431616306305,0.13368086516857147,2.7327284812927246,y,1.8_2.0_2.2
15,1.4227272727272726,1.5236363636363637,13,0.1563,0.2056,893,-0.024477379396557808,0.4442670941352844,0.16523203253746033,0.18155112862586975,2.504802942276001,y,1.8_2.0_2.2
15,1.4227272727272726,1.5236363636363637,14,0.2056,0.2549,989,0.02358528971672058,0.32000666856765747,0.24036024510860443,0.23015008866786957,2.5611777305603027,y,1.8_2.0_2.2
15,1.4227272727272726,1.5236363636363637,15,0.2549,0.3042,714,0.039632491767406464,0.2185601443052292,0.3036384880542755,0.2786000370979309,2.753465414047241,y,1.8_2.0_2.2
15,1.4227272727272726,1.5236363636363637,16,0.3042,0.35350000000000004,814,0.05555358901619911,0.14582745730876923,0.3556433916091919,0.32822006940841675,2.9041664600372314,y,1.8_2.0_2.2
15,1.4227272727272726,1.5236363636363637,17,0.35350000000000004,0.40279999999999994,474,-0.0018569129751995206,0.16681981086730957,0.3417350649833679,0.3764714002609253,2.64190936088562,y,1.8_2.0_2.2
15,1.4227272727272726,1.5236363636363637,18,0.40279999999999994,0.45209999999999995,338,0.04820216819643974,0.14842064678668976,0.4151208996772766,0.42679911851882935,2.452648162841797,y,1.8_2.0_2.2
15,1.4227272727272726,1.5236363636363637,19,0.45209999999999995,0.5014,117,-0.028105538338422775,0.38873291015625,0.3251767158508301,0.4657154381275177,1.7759039402008057,y,1.8_2.0_2.2
16,1.5236363636363637,1.6245454545454545,1,-0.52,-0.4673,26,0.04883778095245361,0.01885780692100525,-0.5926477909088135,-0.49068623781204224,4.351632118225098,y,1.8_2.0_2.2
16,1.5236363636363637,1.6245454545454545,2,-0.4673,-0.4146,25,0.11604917794466019,0.033306997269392014,-0.5549026727676392,-0.44612354040145874,2.094203233718872,y,1.8_2.0_2.2
16,1.5236363636363637,1.6245454545454545,3,-0.4146,-0.3619,188,0.049859680235385895,0.018166275694966316,-0.4939171373844147,-0.38409045338630676,5.703275680541992,y,1.8_2.0_2.2
16,1.5236363636363637,1.6245454545454545,4,-0.3619,-0.30920000000000003,419,0.057183537632226944,0.07318629324436188,-0.40283262729644775,-0.33178597688674927,3.125384569168091,y,1.8_2.0_2.2
16,1.5236363636363637,1.6245454545454545,5,-0.30920000000000003,-0.2565,525,0.1843934953212738,0.18543091416358948,-0.41241833567619324,-0.2858622670173645,2.994497776031494,y,1.8_2.0_2.2
16,1.5236363636363637,1.6245454545454545,6,-0.2565,-0.20379999999999998,111,-0.04487331956624985,0.36835777759552,-0.2796139717102051,-0.23119725286960602,3.371727228164673,y,1.8_2.0_2.2
16,1.5236363636363637,1.6245454545454545,7,-0.20379999999999998,-0.1511,170,-0.026900339871644974,0.499645859003067,-0.23456816375255585,-0.17260004580020905,2.9135124683380127,y,1.8_2.0_2.2
16,1.5236363636363637,1.6245454545454545,8,-0.1511,-0.09839999999999999,510,0.23482821881771088,0.6681675314903259,-0.190434530377388,-0.11855167895555496,2.4214882850646973,y,1.8_2.0_2.2
16,1.5236363636363637,1.6245454545454545,9,-0.09839999999999999,-0.04569999999999996,765,0.12620903551578522,0.7430301904678345,-0.09393653273582458,-0.06770513951778412,2.459146499633789,y,1.8_2.0_2.2
16,1.5236363636363637,1.6245454545454545,10,-0.04569999999999996,0.006999999999999999,1348,0.4181153178215027,12.363748550415039,-0.045406267046928406,-0.01930215209722519,2.172469139099121,y,1.8_2.0_2.2
16,1.5236363636363637,1.6245454545454545,12,0.10700000000000001,0.1563,467,-0.16979512572288513,0.7868903279304504,0.10676103830337524,0.13420258462429047,2.95703125,y,1.8_2.0_2.2
16,1.5236363636363637,1.6245454545454545,13,0.1563,0.2056,790,-0.03648662194609642,0.43048158288002014,0.16166098415851593,0.18132223188877106,2.6395297050476074,y,1.8_2.0_2.2
16,1.5236363636363637,1.6245454545454545,14,0.2056,0.2549,885,0.03164537250995636,0.28880661725997925,0.24577878415584564,0.23006509244441986,2.689626455307007,y,1.8_2.0_2.2
16,1.5236363636363637,1.6245454545454545,15,0.2549,0.3042,640,0.044254813343286514,0.21683214604854584,0.3065818250179291,0.2787601351737976,2.9016270637512207,y,1.8_2.0_2.2
16,1.5236363636363637,1.6245454545454545,16,0.3042,0.35350000000000004,754,0.05949144437909126,0.14207905530929565,0.35772162675857544,0.32833051681518555,3.0178396701812744,y,1.8_2.0_2.2
16,1.5236363636363637,1.6245454545454545,17,0.35350000000000004,0.40279999999999994,450,-0.0026831957511603832,0.16642668843269348,0.3398887813091278,0.3762545585632324,2.704176425933838,y,1.8_2.0_2.2
16,1.5236363636363637,1.6245454545454545,18,0.40279999999999994,0.45209999999999995,322,0.04746737703680992,0.1514313519001007,0.4123920798301697,0.42679136991500854,2.500946521759033,y,1.8_2.0_2.2
16,1.5236363636363637,1.6245454545454545,19,0.45209999999999995,0.5014,87,-0.07380557060241699,0.4137590527534485,0.28232210874557495,0.46440476179122925,1.8817532062530518,y,1.8_2.0_2.2
17,1.6245454545454545,1.7254545454545454,1,-0.52,-0.4673,26,0.04883778095245361,0.01885780692100525,-0.5926477909088135,-0.49068623781204224,4.351632118225098,y,1.8_2.0_2.2
17,1.6245454545454545,1.7254545454545454,2,-0.4673,-0.4146,19,0.1210513487458229,0.03034321963787079,-0.5666587352752686,-0.4477662146091461,2.2596471309661865,y,1.8_2.0_2.2
17,1.6245454545454545,1.7254545454545454,3,-0.4146,-0.3619,187,0.04977857694029808,0.014181675389409065,-0.49371039867401123,-0.3839912712574005,5.725518703460693,y,1.8_2.0_2.2
17,1.6245454545454545,1.7254545454545454,4,-0.3619,-0.30920000000000003,382,0.06056089326739311,0.07450230419635773,-0.4082440733909607,-0.33202818036079407,3.2755095958709717,y,1.8_2.0_2.2
17,1.6245454545454545,1.7254545454545454,5,-0.30920000000000003,-0.2565,466,0.17910051345825195,0.16395701467990875,-0.41972124576568604,-0.2867497205734253,3.1746609210968018,y,1.8_2.0_2.2
17,1.6245454545454545,1.7254545454545454,6,-0.2565,-0.20379999999999998,99,-0.013191419653594494,0.36484044790267944,-0.29665935039520264,-0.23090383410453796,3.590128183364868,y,1.8_2.0_2.2
17,1.6245454545454545,1.7254545454545454,7,-0.20379999999999998,-0.1511,140,0.013376206159591675,0.5148128867149353,-0.2565578520298004,-0.17209979891777039,3.2002975940704346,y,1.8_2.0_2.2
17,1.6245454545454545,1.7254545454545454,8,-0.1511,-0.09839999999999999,438,0.2349155992269516,0.6166276931762695,-0.19675607979297638,-0.11819113045930862,2.5612783432006836,y,1.8_2.0_2.2
17,1.6245454545454545,1.7254545454545454,9,-0.09839999999999999,-0.04569999999999996,659,0.11603464186191559,0.6166462898254395,-0.09762244671583176,-0.06745477765798569,2.6017768383026123,y,1.8_2.0_2.2
17,1.6245454545454545,1.7254545454545454,10,-0.04569999999999996,0.006999999999999999,1186,0.3993785083293915,11.629013061523438,-0.04633358493447304,-0.01956162042915821,2.2541964054107666,y,1.8_2.0_2.2
17,1.6245454545454545,1.7254545454545454,12,0.10700000000000001,0.1563,412,-0.2019052505493164,0.7674858570098877,0.10083214938640594,0.1339608132839203,3.142057180404663,y,1.8_2.0_2.2
17,1.6245454545454545,1.7254545454545454,13,0.1563,0.2056,705,-0.030699165537953377,0.4054833948612213,0.16431154310703278,0.18121200799942017,2.7679507732391357,y,1.8_2.0_2.2
17,1.6245454545454545,1.7254545454545454,14,0.2056,0.2549,796,0.03960558399558067,0.2572740316390991,0.25332462787628174,0.23002997040748596,2.8141329288482666,y,1.8_2.0_2.2
17,1.6245454545454545,1.7254545454545454,15,0.2549,0.3042,568,0.04694792628288269,0.2200169712305069,0.30854716897010803,0.2791796326637268,3.0704329013824463,y,1.8_2.0_2.2
17,1.6245454545454545,1.7254545454545454,16,0.3042,0.35350000000000004,703,0.060582466423511505,0.13912515342235565,0.35865700244903564,0.3288055956363678,3.12235951423645,y,1.8_2.0_2.2
17,1.6245454545454545,1.7254545454545454,17,0.35350000000000004,0.40279999999999994,422,-0.0009714322513900697,0.16364063322544098,0.33906418085098267,0.3761601150035858,2.7788679599761963,y,1.8_2.0_2.2
17,1.6245454545454545,1.7254545454545454,18,0.40279999999999994,0.45209999999999995,309,0.04689112305641174,0.15418480336666107,0.409787118434906,0.4265207350254059,2.53914737701416,y,1.8_2.0_2.2
17,1.6245454545454545,1.7254545454545454,19,0.45209999999999995,0.5014,69,-0.11463294178247452,0.42912551760673523,0.2456875443458557,0.46320274472236633,1.9600027799606323,y,1.8_2.0_2.2
18,1.7254545454545454,1.8263636363636364,1,-0.52,-0.4673,26,0.04883778095245361,0.01885780692100525,-0.5926477909088135,-0.49068623781204224,4.351632118225098,y,1.8_2.0_2.2
18,1.7254545454545454,1.8263636363636364,2,-0.4673,-0.4146,16,0.11596786230802536,0.02552386000752449,-0.5695863366127014,-0.4499868154525757,2.3653292655944824,y,1.8_2.0_2.2
18,1.7254545454545454,1.8263636363636364,3,-0.4146,-0.3619,186,0.049698855727910995,0.013161594979465008,-0.49374920129776,-0.3838987350463867,5.747194290161133,y,1.8_2.0_2.2
18,1.7254545454545454,1.8263636363636364,4,-0.3619,-0.30920000000000003,349,0.06452502310276031,0.0757984146475792,-0.413897305727005,-0.33218151330947876,3.4273481369018555,y,1.8_2.0_2.2
18,1.7254545454545454,1.8263636363636364,5,-0.30920000000000003,-0.2565,417,0.17304782569408417,0.14355207979679108,-0.42570871114730835,-0.28771308064460754,3.3503994941711426,y,1.8_2.0_2.2
18,1.7254545454545454,1.8263636363636364,6,-0.2565,-0.20379999999999998,81,0.06697786599397659,0.35322198271751404,-0.3378869891166687,-0.23012137413024902,4.014299392700195,y,1.8_2.0_2.2
18,1.7254545454545454,1.8263636363636364,7,-0.20379999999999998,-0.1511,113,0.07665544748306274,0.5268247127532959,-0.2891634404659271,-0.1723823845386505,3.5632450580596924,y,1.8_2.0_2.2
18,1.7254545454545454,1.8263636363636364,8,-0.1511,-0.09839999999999999,368,0.230802983045578,0.58949214220047,-0.20340491831302643,-0.11824607849121094,2.7300832271575928,y,1.8_2.0_2.2
18,1.7254545454545454,1.8263636363636364,9,-0.09839999999999999,-0.04569999999999996,574,0.11754254996776581,0.5285361409187317,-0.10225389152765274,-0.0670064389705658,2.7391979694366455,y,1.8_2.0_2.2
18,1.7254545454545454,1.8263636363636364,10,-0.04569999999999996,0.006999999999999999,1039,0.3869861364364624,12.044292449951172,-0.046976860612630844,-0.01993122510612011,2.3365907669067383,y,1.8_2.0_2.2
18,1.7254545454545454,1.8263636363636364,12,0.10700000000000001,0.1563,358,-0.19947534799575806,0.7548545598983765,0.10378904640674591,0.13400967419147491,3.3625829219818115,y,1.8_2.0_2.2
18,1.7254545454545454,1.8263636363636364,13,0.1563,0.2056,623,-0.018836503848433495,0.36244335770606995,0.16750578582286835,0.18132908642292023,2.9125583171844482,y,1.8_2.0_2.2
18,1.7254545454545454,1.8263636363636364,14,0.2056,0.2549,707,0.04069443419575691,0.23260793089866638,0.254891574382782,0.22987866401672363,2.957859754562378,y,1.8_2.0_2.2
18,1.7254545454545454,1.8263636363636364,15,0.2549,0.3042,521,0.0549069307744503,0.2201640009880066,0.31234806776046753,0.27944302558898926,3.1955032348632812,y,1.8_2.0_2.2
18,1.7254545454545454,1.8263636363636364,16,0.3042,0.35350000000000004,653,0.06191270425915718,0.1369515359401703,0.3598056137561798,0.3291104733943939,3.233440399169922,y,1.8_2.0_2.2
18,1.7254545454545454,1.8263636363636364,17,0.35350000000000004,0.40279999999999994,400,0.0004755482077598572,0.1616724282503128,0.3388071358203888,0.3758985996246338,2.839292049407959,y,1.8_2.0_2.2
18,1.7254545454545454,1.8263636363636364,18,0.40279999999999994,0.45209999999999995,294,0.046315062791109085,0.15741153061389923,0.4073914885520935,0.4266611933708191,2.5832173824310303,y,1.8_2.0_2.2
18,1.7254545454545454,1.8263636363636364,19,0.45209999999999995,0.5014,56,-0.17304348945617676,0.4604109823703766,0.19034650921821594,0.46279579401016235,2.0280680656433105,y,1.8_2.0_2.2
19,1.8263636363636364,1.9272727272727272,1,-0.52,-0.4673,26,0.04883778095245361,0.01885780692100525,-0.5926477909088135,-0.49068623781204224,4.351632118225098,y,1.8_2.0_2.2
19,1.8263636363636364,1.9272727272727272,2,-0.4673,-0.4146,16,0.11596786230802536,0.02552386000752449,-0.5695863366127014,-0.4499868154525757,2.3653292655944824,y,1.8_2.0_2.2
19,1.8263636363636364,1.9272727272727272,3,-0.4146,-0.3619,184,0.04967008903622627,0.012349767610430717,-0.4943195879459381,-0.38385432958602905,5.789830684661865,y,1.8_2.0_2.2
19,1.8263636363636364,1.9272727272727272,4,-0.3619,-0.30920000000000003,315,0.06748226284980774,0.07758758962154388,-0.4200388193130493,-0.3324083387851715,3.605215311050415,y,1.8_2.0_2.2
19,1.8263636363636364,1.9272727272727272,5,-0.30920000000000003,-0.2565,379,0.1699821799993515,0.11849178373813629,-0.43200579285621643,-0.28864359855651855,3.5082499980926514,y,1.8_2.0_2.2
19,1.8263636363636364,1.9272727272727272,6,-0.2565,-0.20379999999999998,49,0.28510937094688416,0.20349189639091492,-0.47129425406455994,-0.22993074357509613,5.480922222137451,y,1.8_2.0_2.2
19,1.8263636363636364,1.9272727272727272,7,-0.20379999999999998,-0.1511,87,0.22707271575927734,0.5014133453369141,-0.3513696491718292,-0.17135153710842133,4.09909725189209,y,1.8_2.0_2.2
19,1.8263636363636364,1.9272727272727272,8,-0.1511,-0.09839999999999999,303,0.1886032223701477,0.5399454236030579,-0.20558114349842072,-0.11834749579429626,2.934767723083496,y,1.8_2.0_2.2
19,1.8263636363636364,1.9272727272727272,9,-0.09839999999999999,-0.04569999999999996,517,0.12333393096923828,0.44232869148254395,-0.10828980803489685,-0.06691457331180573,2.845370292663574,y,1.8_2.0_2.2
19,1.8263636363636364,1.9272727272727272,10,-0.04569999999999996,0.006999999999999999,904,0.3556264638900757,12.355546951293945,-0.049762651324272156,-0.02049616165459156,2.42048978805542,y,1.8_2.0_2.2
19,1.8263636363636364,1.9272727272727272,12,0.10700000000000001,0.1563,296,-0.1377929002046585,0.734173059463501,0.1218695268034935,0.13491138815879822,3.6947107315063477,y,1.8_2.0_2.2
19,1.8263636363636364,1.9272727272727272,13,0.1563,0.2056,560,-0.012279137969017029,0.3261694610118866,0.16931939125061035,0.18152546882629395,3.04028582572937,y,1.8_2.0_2.2
19,1.8263636363636364,1.9272727272727272,14,0.2056,0.2549,626,0.04259708896279335,0.20294588804244995,0.25834786891937256,0.22976969182491302,3.1113827228546143,y,1.8_2.0_2.2
19,1.8263636363636364,1.9272727272727272,15,0.2549,0.3042,454,0.05729882791638374,0.21459761261940002,0.31401512026786804,0.28001895546913147,3.404789447784424,y,1.8_2.0_2.2
19,1.8263636363636364,1.9272727272727272,16,0.3042,0.35350000000000004,614,0.061986058950424194,0.13393953442573547,0.35996013879776,0.3291371464729309,3.326087236404419,y,1.8_2.0_2.2
19,1.8263636363636364,1.9272727272727272,17,0.35350000000000004,0.40279999999999994,371,0.003410604316741228,0.16030727326869965,0.3388928174972534,0.3755555748939514,2.9220385551452637,y,1.8_2.0_2.2
19,1.8263636363636364,1.9272727272727272,18,0.40279999999999994,0.45209999999999995,275,0.045606423169374466,0.16214461624622345,0.4031122922897339,0.42653724551200867,2.6384220123291016,y,1.8_2.0_2.2
19,1.8263636363636364,1.9272727272727272,19,0.45209999999999995,0.5014,39,-0.253652960062027,0.46802380681037903,0.11839742213487625,0.4618641436100006,2.140255928039551,y,1.8_2.0_2.2
20,1.9272727272727272,2.028181818181818,1,-0.52,-0.4673,26,0.04883778095245361,0.01885780692100525,-0.5926477909088135,-0.49068623781204224,4.351632118225098,y,1.8_2.0_2.2
20,1.9272727272727272,2.028181818181818,2,-0.4673,-0.4146,14,0.11155854165554047,0.021252263337373734,-0.5685290694236755,-0.4505234360694885,2.4381091594696045,y,1.8_2.0_2.2
20,1.9272727272727272,2.028181818181818,3,-0.4146,-0.3619,181,0.049468617886304855,0.009862687438726425,-0.49437642097473145,-0.38345909118652344,5.854931354522705,y,1.8_2.0_2.2
20,1.9272727272727272,2.028181818181818,4,-0.3619,-0.30920000000000003,292,0.0689101442694664,0.07904541492462158,-0.4243403673171997,-0.3327294588088989,3.741314172744751,y,1.8_2.0_2.2
20,1.9272727272727272,2.028181818181818,5,-0.30920000000000003,-0.2565,348,0.16148363053798676,0.11350122839212418,-0.4325111508369446,-0.2891956567764282,3.6533141136169434,y,1.8_2.0_2.2
20,1.9272727272727272,2.028181818181818,6,-0.2565,-0.20379999999999998,45,0.286771684885025,0.13283470273017883,-0.486486554145813,-0.23007996380329132,5.804577827453613,y,1.8_2.0_2.2
20,1.9272727272727272,2.028181818181818,7,-0.20379999999999998,-0.1511,61,0.4042622447013855,0.27238181233406067,-0.46325355768203735,-0.17323511838912964,5.0528788566589355,y,1.8_2.0_2.2
20,1.9272727272727272,2.028181818181818,8,-0.1511,-0.09839999999999999,244,0.18462491035461426,0.47074753046035767,-0.2163955122232437,-0.11830112338066101,3.19085693359375,y,1.8_2.0_2.2
20,1.9272727272727272,2.028181818181818,9,-0.09839999999999999,-0.04569999999999996,462,0.13474422693252563,0.35239920020103455,-0.11531393975019455,-0.06662101298570633,2.9607975482940674,y,1.8_2.0_2.2
20,1.9272727272727272,2.028181818181818,10,-0.04569999999999996,0.006999999999999999,739,0.28058749437332153,12.792512893676758,-0.05328812450170517,-0.021713584661483765,2.5414159297943115,y,1.8_2.0_2.2
20,1.9272727272727272,2.028181818181818,12,0.10700000000000001,0.1563,251,-0.12978816032409668,0.739868700504303,0.12627293169498444,0.1348354071378708,4.020233631134033,y,1.8_2.0_2.2
20,1.9272727272727272,2.028181818181818,13,0.1563,0.2056,504,-0.015885815024375916,0.3036671578884125,0.16655291616916656,0.18156878650188446,3.1692209243774414,y,1.8_2.0_2.2
20,1.9272727272727272,2.028181818181818,14,0.2056,0.2549,555,0.04251915216445923,0.1739806979894638,0.2597236633300781,0.22958941757678986,3.269085168838501,y,1.8_2.0_2.2
20,1.9272727272727272,2.028181818181818,15,0.2549,0.3042,392,0.057728130370378494,0.20368309319019318,0.3146273195743561,0.2809000313282013,3.646218776702881,y,1.8_2.0_2.2
20,1.9272727272727272,2.028181818181818,16,0.3042,0.35350000000000004,586,0.0597006231546402,0.13347718119621277,0.35840699076652527,0.32928410172462463,3.3954505920410156,y,1.8_2.0_2.2
20,1.9272727272727272,2.028181818181818,17,0.35350000000000004,0.40279999999999994,354,0.002554049715399742,0.16028006374835968,0.3368166387081146,0.3756886422634125,2.972257375717163,y,1.8_2.0_2.2
20,1.9272727272727272,2.028181818181818,18,0.40279999999999994,0.45209999999999995,256,0.044962797313928604,0.1673918515443802,0.39839425683021545,0.42665374279022217,2.694319248199463,y,1.8_2.0_2.2
20,1.9272727272727272,2.028181818181818,19,0.45209999999999995,0.5014,28,-0.36447077989578247,0.47991064190864563,0.01585926115512848,0.462553471326828,2.2508087158203125,y,1.8_2.0_2.2
21,2.028181818181818,2.129090909090909,1,-0.52,-0.4673,26,0.04883778095245361,0.01885780692100525,-0.5926477909088135,-0.49068623781204224,4.351632118225098,y,1.8_2.0_2.2
21,2.028181818181818,2.129090909090909,2,-0.4673,-0.4146,13,0.10951530933380127,0.02004997991025448,-0.5693867802619934,-0.451720654964447,2.4731764793395996,y,1.8_2.0_2.2
21,2.028181818181818,2.129090909090909,3,-0.4146,-0.3619,179,0.04931649938225746,0.006521378178149462,-0.49446266889572144,-0.38333913683891296,5.89867639541626,y,1.8_2.0_2.2
21,2.028181818181818,2.129090909090909,4,-0.3619,-0.30920000000000003,269,0.0723230391740799,0.07998346537351608,-0.4298560917377472,-0.33285486698150635,3.8922033309936523,y,1.8_2.0_2.2
21,2.028181818181818,2.129090909090909,5,-0.30920000000000003,-0.2565,325,0.15595464408397675,0.11245210468769073,-0.43405574560165405,-0.2896842062473297,3.772202491760254,y,1.8_2.0_2.2
21,2.028181818181818,2.129090909090909,6,-0.2565,-0.20379999999999998,44,0.282427579164505,0.13232462108135223,-0.48729798197746277,-0.2297566831111908,5.892288684844971,y,1.8_2.0_2.2
21,2.028181818181818,2.129090909090909,7,-0.20379999999999998,-0.1511,58,0.40440261363983154,0.26523977518081665,-0.4694947600364685,-0.17251348495483398,5.212521076202393,y,1.8_2.0_2.2
21,2.028181818181818,2.129090909090909,8,-0.1511,-0.09839999999999999,182,0.20561319589614868,0.3374561071395874,-0.24647396802902222,-0.11775604635477066,3.606128454208374,y,1.8_2.0_2.2
21,2.028181818181818,2.129090909090909,9,-0.09839999999999999,-0.04569999999999996,405,0.1495395302772522,0.31938436627388,-0.12496442347764969,-0.06607985496520996,3.0995891094207764,y,1.8_2.0_2.2
21,2.028181818181818,2.129090909090909,10,-0.04569999999999996,0.006999999999999999,558,0.32398805022239685,9.757169723510742,-0.06098043918609619,-0.023285042494535446,2.724867105484009,y,1.8_2.0_2.2
21,2.028181818181818,2.129090909090909,12,0.10700000000000001,0.1563,193,-0.1649438738822937,0.7256123423576355,0.12126456201076508,0.13514696061611176,4.63318395614624,y,1.8_2.0_2.2
21,2.028181818181818,2.129090909090909,13,0.1563,0.2056,467,-0.01287806499749422,0.2987421154975891,0.16927851736545563,0.18166078627109528,3.263660430908203,y,1.8_2.0_2.2
21,2.028181818181818,2.129090909090909,14,0.2056,0.2549,502,0.04498119279742241,0.14735394716262817,0.26374271512031555,0.22982487082481384,3.40584135055542,y,1.8_2.0_2.2
21,2.028181818181818,2.129090909090909,15,0.2549,0.3042,349,0.052134811878204346,0.19546909630298615,0.3121470510959625,0.2820269763469696,3.851881504058838,y,1.8_2.0_2.2
21,2.028181818181818,2.129090909090909,16,0.3042,0.35350000000000004,550,0.05895277485251427,0.1327442228794098,0.35770130157470703,0.329288512468338,3.4887025356292725,y,1.8_2.0_2.2
21,2.028181818181818,2.129090909090909,17,0.35350000000000004,0.40279999999999994,326,0.002758449874818325,0.15801453590393066,0.3347072899341583,0.3748970627784729,3.057840347290039,y,1.8_2.0_2.2
21,2.028181818181818,2.129090909090909,18,0.40279999999999994,0.45209999999999995,236,0.04488528147339821,0.17347943782806396,0.3930409252643585,0.42641690373420715,2.7548482418060303,y,1.8_2.0_2.2
21,2.028181818181818,2.129090909090909,19,0.45209999999999995,0.5014,23,-0.412401020526886,0.47498148679733276,-0.03621654212474823,0.46299371123313904,2.3085460662841797,y,1.8_2.0_2.2
22,2.129090909090909,2.2299999999999995,1,-0.52,-0.4673,26,0.04883778095245361,0.01885780692100525,-0.5926477909088135,-0.49068623781204224,4.351632118225098,y,1.8_2.0_2.2
22,2.129090909090909,2.2299999999999995,2,-0.4673,-0.4146,11,0.10385055094957352,0.018616221845149994,-0.5698323845863342,-0.4528539478778839,2.5473527908325195,y,1.8_2.0_2.2
22,2.129090909090909,2.2299999999999995,3,-0.4146,-0.3619,179,0.04931649938225746,0.006521378178149462,-0.49446266889572144,-0.38333913683891296,5.89867639541626,y,1.8_2.0_2.2
22,2.129090909090909,2.2299999999999995,4,-0.3619,-0.30920000000000003,253,0.0731402263045311,0.08091814070940018,-0.4334825873374939,-0.3331736624240875,4.006531715393066,y,1.8_2.0_2.2
22,2.129090909090909,2.2299999999999995,5,-0.30920000000000003,-0.2565,301,0.15200874209403992,0.10629913955926895,-0.43520256876945496,-0.2899662256240845,3.907876968383789,y,1.8_2.0_2.2
22,2.129090909090909,2.2299999999999995,6,-0.2565,-0.20379999999999998,42,0.2745650112628937,0.12988576292991638,-0.4888935685157776,-0.2293788343667984,6.074840545654297,y,1.8_2.0_2.2
22,2.129090909090909,2.2299999999999995,7,-0.20379999999999998,-0.1511,56,0.39868679642677307,0.25801196694374084,-0.47254636883735657,-0.1724240779876709,5.324704647064209,y,1.8_2.0_2.2
22,2.129090909090909,2.2299999999999995,8,-0.1511,-0.09839999999999999,145,0.21604037284851074,0.2466648519039154,-0.2724798917770386,-0.11869977414608002,3.9986000061035156,y,1.8_2.0_2.2
22,2.129090909090909,2.2299999999999995,9,-0.09839999999999999,-0.04569999999999996,356,0.16842412948608398,0.2855819761753082,-0.1361260563135147,-0.06540542840957642,3.24045991897583,y,1.8_2.0_2.2
22,2.129090909090909,2.2299999999999995,10,-0.04569999999999996,0.006999999999999999,438,0.23093080520629883,10.245437622070312,-0.06182796135544777,-0.024450533092021942,2.9025354385375977,y,1.8_2.0_2.2
22,2.129090909090909,2.2299999999999995,12,0.10700000000000001,0.1563,158,-0.16681385040283203,0.7231524586677551,0.12426546216011047,0.13439276814460754,5.199268817901611,y,1.8_2.0_2.2
22,2.129090909090909,2.2299999999999995,13,0.1563,0.2056,408,-0.008191041648387909,0.2739340662956238,0.17484144866466522,0.18161098659038544,3.434032440185547,y,1.8_2.0_2.2
22,2.129090909090909,2.2299999999999995,14,0.2056,0.2549,470,0.04394581541419029,0.13693028688430786,0.26196300983428955,0.22947412729263306,3.4959404468536377,y,1.8_2.0_2.2
22,2.129090909090909,2.2299999999999995,15,0.2549,0.3042,324,0.04732174053788185,0.18725605309009552,0.30909785628318787,0.28231239318847656,3.988179922103882,y,1.8_2.0_2.2
22,2.129090909090909,2.2299999999999995,16,0.3042,0.35350000000000004,513,0.057096149772405624,0.13270333409309387,0.3559309244155884,0.3291293680667877,3.5901567935943604,y,1.8_2.0_2.2
22,2.129090909090909,2.2299999999999995,17,0.35350000000000004,0.40279999999999994,303,0.0019275934901088476,0.15816719830036163,0.33192306756973267,0.3747395873069763,3.1318914890289307,y,1.8_2.0_2.2
22,2.129090909090909,2.2299999999999995,18,0.40279999999999994,0.45209999999999995,216,0.0444948785007,0.1804090142250061,0.3857712149620056,0.4262489676475525,2.8171281814575195,y,1.8_2.0_2.2
22,2.129090909090909,2.2299999999999995,19,0.45209999999999995,0.5014,15,-0.5494256615638733,0.4483605623245239,-0.1667846292257309,0.4611669182777405,2.4373409748077393,y,1.8_2.0_2.2
23,2.2299999999999995,2.3309090909090906,1,-0.52,-0.4673,26,0.04883778095245361,0.01885780692100525,-0.5926477909088135,-0.49068623781204224,4.351632118225098,y,1.8_2.0_2.2
23,2.2299999999999995,2.3309090909090906,2,-0.4673,-0.4146,9,0.09844478219747543,0.017298296093940735,-0.5754142999649048,-0.45804479718208313,2.634429454803467,y,1.8_2.0_2.2
23,2.2299999999999995,2.3309090909090906,3,-0.4146,-0.3619,179,0.04931649938225746,0.006521378178149462,-0.49446266889572144,-0.38333913683891296,5.89867639541626,y,1.8_2.0_2.2
23,2.2299999999999995,2.3309090909090906,4,-0.3619,-0.30920000000000003,235,0.07420457899570465,0.0822538286447525,-0.43754786252975464,-0.33336955308914185,4.1458210945129395,y,1.8_2.0_2.2
23,2.2299999999999995,2.3309090909090906,5,-0.30920000000000003,-0.2565,277,0.14520768821239471,0.10291998833417892,-0.43549758195877075,-0.29041966795921326,4.056905746459961,y,1.8_2.0_2.2
23,2.2299999999999995,2.3309090909090906,6,-0.2565,-0.20379999999999998,40,0.2745650112628937,0.12551015615463257,-0.49571967124938965,-0.22946973145008087,6.269941806793213,y,1.8_2.0_2.2
23,2.2299999999999995,2.3309090909090906,7,-0.20379999999999998,-0.1511,54,0.39604872465133667,0.2503126561641693,-0.4752669036388397,-0.1720426231622696,5.441849231719971,y,1.8_2.0_2.2
23,2.2299999999999995,2.3309090909090906,8,-0.1511,-0.09839999999999999,132,0.2322518676519394,0.25274020433425903,-0.2845620810985565,-0.11830379068851471,4.178894996643066,y,1.8_2.0_2.2
23,2.2299999999999995,2.3309090909090906,9,-0.09839999999999999,-0.04569999999999996,311,0.17988882958889008,0.28883442282676697,-0.14518918097019196,-0.06586208939552307,3.3945517539978027,y,1.8_2.0_2.2
23,2.2299999999999995,2.3309090909090906,10,-0.04569999999999996,0.006999999999999999,363,0.18317583203315735,9.958012580871582,-0.06135493516921997,-0.025305870920419693,3.0521862506866455,y,1.8_2.0_2.2
23,2.2299999999999995,2.3309090909090906,12,0.10700000000000001,0.1563,123,-0.03141483664512634,0.6810936331748962,0.16725006699562073,0.13484321534633636,6.0590314865112305,y,1.8_2.0_2.2
23,2.2299999999999995,2.3309090909090906,13,0.1563,0.2056,372,-0.002271890640258789,0.24618521332740784,0.18323326110839844,0.18189573287963867,3.555194854736328,y,1.8_2.0_2.2
23,2.2299999999999995,2.3309090909090906,14,0.2056,0.2549,436,0.044602878391742706,0.136612668633461,0.26214563846588135,0.22924892604351044,3.5990803241729736,y,1.8_2.0_2.2
23,2.2299999999999995,2.3309090909090906,15,0.2549,0.3042,303,0.048893459141254425,0.1822034865617752,0.31030866503715515,0.28287336230278015,4.114497184753418,y,1.8_2.0_2.2
23,2.2299999999999995,2.3309090909090906,16,0.3042,0.35350000000000004,484,0.055632926523685455,0.13352403044700623,0.3538033366203308,0.3288623094558716,3.6752030849456787,y,1.8_2.0_2.2
23,2.2299999999999995,2.3309090909090906,17,0.35350000000000004,0.40279999999999994,278,-0.0007622155826538801,0.1603892296552658,0.32789018750190735,0.3746873736381531,3.2171337604522705,y,1.8_2.0_2.2
23,2.2299999999999995,2.3309090909090906,18,0.40279999999999994,0.45209999999999995,187,0.0438663624227047,0.19251106679439545,0.37331852316856384,0.42514559626579285,2.915463924407959,y,1.8_2.0_2.2
23,2.2299999999999995,2.3309090909090906,19,0.45209999999999995,0.5014,12,-0.6364406943321228,0.4230361878871918,-0.23681141436100006,0.460622638463974,2.5036094188690186,y,1.8_2.0_2.2
24,2.3309090909090906,2.4318181818181817,1,-0.52,-0.4673,26,0.04883778095245361,0.01885780692100525,-0.5926477909088135,-0.49068623781204224,4.351632118225098,y,1.8_2.0_2.2
24,2.3309090909090906,2.4318181818181817,2,-0.4673,-0.4146,8,0.09606701880693436,0.016904175281524658,-0.5748562216758728,-0.4580228626728058,2.6812033653259277,y,1.8_2.0_2.2
24,2.3309090909090906,2.4318181818181817,3,-0.4146,-0.3619,179,0.04931649938225746,0.006521378178149462,-0.49446266889572144,-0.38333913683891296,5.89867639541626,y,1.8_2.0_2.2
24,2.3309090909090906,2.4318181818181817,4,-0.3619,-0.30920000000000003,221,0.07546047866344452,0.08127715438604355,-0.44087278842926025,-0.3335883319377899,4.264116287231445,y,1.8_2.0_2.2
24,2.3309090909090906,2.4318181818181817,5,-0.30920000000000003,-0.2565,261,0.14043550193309784,0.10007889568805695,-0.4358691871166229,-0.2908589243888855,4.165764808654785,y,1.8_2.0_2.2
24,2.3309090909090906,2.4318181818181817,6,-0.2565,-0.20379999999999998,38,0.26686742901802063,0.1257030963897705,-0.497711181640625,-0.22880202531814575,6.4796037673950195,y,1.8_2.0_2.2
24,2.3309090909090906,2.4318181818181817,7,-0.20379999999999998,-0.1511,52,0.3934195637702942,0.24184665083885193,-0.4784145951271057,-0.17197465896606445,5.5632758140563965,y,1.8_2.0_2.2
24,2.3309090909090906,2.4318181818181817,8,-0.1511,-0.09839999999999999,115,0.2608737051486969,0.260282039642334,-0.30532771348953247,-0.11855829507112503,4.461060523986816,y,1.8_2.0_2.2
24,2.3309090909090906,2.4318181818181817,9,-0.09839999999999999,-0.04569999999999996,282,0.18586574494838715,0.29639938473701477,-0.15183988213539124,-0.06640636175870895,3.50864315032959,y,1.8_2.0_2.2
24,2.3309090909090906,2.4318181818181817,10,-0.04569999999999996,0.006999999999999999,306,0.11654220521450043,7.662666320800781,-0.05889587104320526,-0.026775266975164413,3.197223663330078,y,1.8_2.0_2.2
24,2.3309090909090906,2.4318181818181817,12,0.10700000000000001,0.1563,98,0.011717802844941616,0.6408601403236389,0.1875934600830078,0.13406234979629517,7.023868560791016,y,1.8_2.0_2.2
24,2.3309090909090906,2.4318181818181817,13,0.1563,0.2056,336,-0.0027682834770530462,0.2345023900270462,0.18501615524291992,0.1813981682062149,3.6918110847473145,y,1.8_2.0_2.2
24,2.3309090909090906,2.4318181818181817,14,0.2056,0.2549,403,0.044432103633880615,0.13561289012432098,0.26232174038887024,0.2290603220462799,3.706573963165283,y,1.8_2.0_2.2
24,2.3309090909090906,2.4318181818181817,15,0.2549,0.3042,279,0.04545128718018532,0.1780148595571518,0.3083689212799072,0.28344571590423584,4.272226333618164,y,1.8_2.0_2.2
24,2.3309090909090906,2.4318181818181817,16,0.3042,0.35350000000000004,465,0.05499022826552391,0.13378198444843292,0.352390319108963,0.32870444655418396,3.7320847511291504,y,1.8_2.0_2.2
24,2.3309090909090906,2.4318181818181817,17,0.35350000000000004,0.40279999999999994,257,0.00029469700530171394,0.16189351677894592,0.326483815908432,0.3745585083961487,3.293304920196533,y,1.8_2.0_2.2
24,2.3309090909090906,2.4318181818181817,18,0.40279999999999994,0.45209999999999995,173,0.04135502129793167,0.19945327937602997,0.36553484201431274,0.42455726861953735,2.9660415649414062,y,1.8_2.0_2.2
24,2.3309090909090906,2.4318181818181817,19,0.45209999999999995,0.5014,7,-0.7276226282119751,0.30559977889060974,-0.436708927154541,0.45885345339775085,2.6478958129882812,y,1.8_2.0_2.2
25,2.4318181818181817,2.5327272727272723,1,-0.52,-0.4673,26,0.04883778095245361,0.01885780692100525,-0.5926477909088135,-0.49068623781204224,4.351632118225098,y,1.8_2.0_2.2
25,2.4318181818181817,2.5327272727272723,2,-0.4673,-0.4146,7,0.09228275716304779,0.014560477808117867,-0.5720812678337097,-0.457966148853302,2.7187747955322266,y,1.8_2.0_2.2
25,2.4318181818181817,2.5327272727272723,3,-0.4146,-0.3619,179,0.04931649938225746,0.006521378178149462,-0.49446266889572144,-0.38333913683891296,5.89867639541626,y,1.8_2.0_2.2
25,2.4318181818181817,2.5327272727272723,4,-0.3619,-0.30920000000000003,209,0.07575958222150803,0.07950092852115631,-0.4433474838733673,-0.3338489532470703,4.371870994567871,y,1.8_2.0_2.2
25,2.4318181818181817,2.5327272727272723,5,-0.30920000000000003,-0.2565,248,0.13710041344165802,0.09879253059625626,-0.4363318085670471,-0.2910693883895874,4.259557723999023,y,1.8_2.0_2.2
25,2.4318181818181817,2.5327272727272723,6,-0.2565,-0.20379999999999998,36,0.2593555450439453,0.1210666075348854,-0.49978652596473694,-0.22870832681655884,6.708333492279053,y,1.8_2.0_2.2
25,2.4318181818181817,2.5327272727272723,7,-0.20379999999999998,-0.1511,51,0.4020087420940399,0.24117445945739746,-0.48353976011276245,-0.17220696806907654,5.625057220458984,y,1.8_2.0_2.2
25,2.4318181818181817,2.5327272727272723,8,-0.1511,-0.09839999999999999,99,0.29635855555534363,0.26744771003723145,-0.33193692564964294,-0.11986120045185089,4.796322822570801,y,1.8_2.0_2.2
25,2.4318181818181817,2.5327272727272723,9,-0.09839999999999999,-0.04569999999999996,256,0.19349388778209686,0.2984178960323334,-0.1571597158908844,-0.0664534792304039,3.6231887340545654,y,1.8_2.0_2.2
25,2.4318181818181817,2.5327272727272723,10,-0.04569999999999996,0.006999999999999999,263,0.10983535647392273,8.236055374145508,-0.061928942799568176,-0.027229638770222664,3.330923080444336,y,1.8_2.0_2.2
25,2.4318181818181817,2.5327272727272723,12,0.10700000000000001,0.1563,83,0.03179115429520607,0.5973720550537109,0.19853010773658752,0.13319456577301025,7.862725257873535,y,1.8_2.0_2.2
25,2.4318181818181817,2.5327272727272723,13,0.1563,0.2056,294,-0.007812212686985731,0.2312251776456833,0.18373273313045502,0.18104328215122223,3.8797333240509033,y,1.8_2.0_2.2
25,2.4318181818181817,2.5327272727272723,14,0.2056,0.2549,372,0.04802756756544113,0.13695436716079712,0.2639602720737457,0.22874034941196442,3.8166582584381104,y,1.8_2.0_2.2
25,2.4318181818181817,2.5327272727272723,15,0.2549,0.3042,265,0.0439724363386631,0.17208999395370483,0.30703821778297424,0.2833581566810608,4.372569561004639,y,1.8_2.0_2.2
25,2.4318181818181817,2.5327272727272723,16,0.3042,0.35350000000000004,441,0.051780350506305695,0.13476577401161194,0.3490387499332428,0.3283083140850067,3.8060648441314697,y,1.8_2.0_2.2
25,2.4318181818181817,2.5327272727272723,17,0.35350000000000004,0.40279999999999994,231,0.00372078618966043,0.15947666764259338,0.3272923529148102,0.3748660385608673,3.395216703414917,y,1.8_2.0_2.2
25,2.4318181818181817,2.5327272727272723,18,0.40279999999999994,0.45209999999999995,154,0.034152500331401825,0.21014416217803955,0.35290417075157166,0.4240756332874298,3.037501335144043,y,1.8_2.0_2.2
25,2.4318181818181817,2.5327272727272723,19,0.45209999999999995,0.5014,5,-0.830279529094696,0.044039011001586914,-0.5855879783630371,0.4582155644893646,2.75197172164917,y,1.8_2.0_2.2
26,2.5327272727272723,2.6336363636363633,1,-0.52,-0.4673,26,0.04883778095245361,0.01885780692100525,-0.5926477909088135,-0.49068623781204224,4.351632118225098,y,1.8_2.0_2.2
26,2.5327272727272723,2.6336363636363633,2,-0.4673,-0.4146,6,0.09056341648101807,0.015054871328175068,-0.5714611411094666,-0.45794549584388733,2.7544803619384766,y,1.8_2.0_2.2
26,2.5327272727272723,2.6336363636363633,3,-0.4146,-0.3619,179,0.04931649938225746,0.006521378178149462,-0.49446266889572144,-0.38333913683891296,5.89867639541626,y,1.8_2.0_2.2
26,2.5327272727272723,2.6336363636363633,4,-0.3619,-0.30920000000000003,198,0.07628306746482849,0.07952707260847092,-0.4459547698497772,-0.33372804522514343,4.477205753326416,y,1.8_2.0_2.2
26,2.5327272727272723,2.6336363636363633,5,-0.30920000000000003,-0.2565,225,0.13350151479244232,0.0976012721657753,-0.43866196274757385,-0.2912594974040985,4.4413838386535645,y,1.8_2.0_2.2
26,2.5327272727272723,2.6336363636363633,6,-0.2565,-0.20379999999999998,34,0.24977049231529236,0.11544130742549896,-0.5019938945770264,-0.2292129397392273,6.956847667694092,y,1.8_2.0_2.2
26,2.5327272727272723,2.6336363636363633,7,-0.20379999999999998,-0.1511,50,0.39327460527420044,0.2326846867799759,-0.4820398986339569,-0.17225494980812073,5.688229560852051,y,1.8_2.0_2.2
26,2.5327272727272723,2.6336363636363633,8,-0.1511,-0.09839999999999999,91,0.31923967599868774,0.2705945372581482,-0.3488531708717346,-0.1208576038479805,5.001140117645264,y,1.8_2.0_2.2
26,2.5327272727272723,2.6336363636363633,9,-0.09839999999999999,-0.04569999999999996,229,0.21313780546188354,0.3078535497188568,-0.16615435481071472,-0.06673389673233032,3.7578225135803223,y,1.8_2.0_2.2
26,2.5327272727272723,2.6336363636363633,10,-0.04569999999999996,0.006999999999999999,220,0.1737900674343109,8.351606369018555,-0.0701257586479187,-0.027909323573112488,3.4963490962982178,y,1.8_2.0_2.2
26,2.5327272727272723,2.6336363636363633,12,0.10700000000000001,0.1563,69,0.06000569835305214,0.5186407566070557,0.21331986784934998,0.133125901222229,8.956135749816895,y,1.8_2.0_2.2
26,2.5327272727272723,2.6336363636363633,13,0.1563,0.2056,265,-0.007675238884985447,0.23222613334655762,0.1848127543926239,0.1810782104730606,4.0328369140625,y,1.8_2.0_2.2
26,2.5327272727272723,2.6336363636363633,14,0.2056,0.2549,340,0.05015881359577179,0.13872084021568298,0.2650891840457916,0.22833305597305298,3.942561149597168,y,1.8_2.0_2.2
26,2.5327272727272723,2.6336363636363633,15,0.2549,0.3042,249,0.03871685266494751,0.16957159340381622,0.3027007281780243,0.28352412581443787,4.493758201599121,y,1.8_2.0_2.2
26,2.5327272727272723,2.6336363636363633,16,0.3042,0.35350000000000004,414,0.0483902208507061,0.13615506887435913,0.34470614790916443,0.3277006149291992,3.8917794227600098,y,1.8_2.0_2.2
26,2.5327272727272723,2.6336363636363633,17,0.35350000000000004,0.40279999999999994,204,0.005628837272524834,0.16264040768146515,0.32378798723220825,0.3747193515300751,3.5149126052856445,y,1.8_2.0_2.2
26,2.5327272727272723,2.6336363636363633,18,0.40279999999999994,0.45209999999999995,138,0.024262970313429832,0.22057069838047028,0.33903172612190247,0.4233629107475281,3.1030619144439697,y,1.8_2.0_2.2
26,2.5327272727272723,2.6336363636363633,19,0.45209999999999995,0.5014,5,-0.830279529094696,0.044039011001586914,-0.5855879783630371,0.4582155644893646,2.75197172164917,y,1.8_2.0_2.2
27,2.6336363636363633,2.7345454545454544,1,-0.52,-0.4673,26,0.04883778095245361,0.01885780692100525,-0.5926477909088135,-0.49068623781204224,4.351632118225098,y,1.8_2.0_2.2
27,2.6336363636363633,2.7345454545454544,2,-0.4673,-0.4146,5,0.08592220395803452,0.011947130784392357,-0.5664623975753784,-0.45707520842552185,2.795222759246826,y,1.8_2.0_2.2
27,2.6336363636363633,2.7345454545454544,3,-0.4146,-0.3619,179,0.04931649938225746,0.006521378178149462,-0.49446266889572144,-0.38333913683891296,5.89867639541626,y,1.8_2.0_2.2
27,2.6336363636363633,2.7345454545454544,4,-0.3619,-0.30920000000000003,186,0.07530198246240616,0.0788789838552475,-0.44817113876342773,-0.33402466773986816,4.600231647491455,y,1.8_2.0_2.2
27,2.6336363636363633,2.7345454545454544,5,-0.30920000000000003,-0.2565,211,0.12569674849510193,0.0940135195851326,-0.4365673065185547,-0.2918177545070648,4.565601348876953,y,1.8_2.0_2.2
27,2.6336363636363633,2.7345454545454544,6,-0.2565,-0.20379999999999998,33,0.2450042963027954,0.11453156173229218,-0.50314861536026,-0.2291514128446579,7.0887250900268555,y,1.8_2.0_2.2
27,2.6336363636363633,2.7345454545454544,7,-0.20379999999999998,-0.1511,48,0.3904099464416504,0.22259323298931122,-0.4853382408618927,-0.17224109172821045,5.817654132843018,y,1.8_2.0_2.2
27,2.6336363636363633,2.7345454545454544,8,-0.1511,-0.09839999999999999,79,0.36203867197036743,0.27247941493988037,-0.3791888356208801,-0.1216965913772583,5.370561122894287,y,1.8_2.0_2.2
27,2.6336363636363633,2.7345454545454544,9,-0.09839999999999999,-0.04569999999999996,199,0.2317506968975067,0.3125171363353729,-0.17670559883117676,-0.06695141643285751,3.935889720916748,y,1.8_2.0_2.2
27,2.6336363636363633,2.7345454545454544,10,-0.04569999999999996,0.006999999999999999,185,0.19858857989311218,8.566633224487305,-0.0790119618177414,-0.02799992263317108,3.6688427925109863,y,1.8_2.0_2.2
27,2.6336363636363633,2.7345454545454544,12,0.10700000000000001,0.1563,60,0.12070143222808838,0.4619353711605072,0.24528691172599792,0.13278089463710785,9.911629676818848,y,1.8_2.0_2.2
27,2.6336363636363633,2.7345454545454544,13,0.1563,0.2056,228,-0.001833797781728208,0.22194311022758484,0.19290438294410706,0.18171632289886475,4.269551753997803,y,1.8_2.0_2.2
27,2.6336363636363633,2.7345454545454544,14,0.2056,0.2549,309,0.05437556654214859,0.14160557091236115,0.26813602447509766,0.2281741052865982,4.078762054443359,y,1.8_2.0_2.2
27,2.6336363636363633,2.7345454545454544,15,0.2549,0.3042,237,0.03748359903693199,0.16613207757472992,0.3011939227581024,0.28372669219970703,4.59107780456543,y,1.8_2.0_2.2
27,2.6336363636363633,2.7345454545454544,16,0.3042,0.35350000000000004,388,0.04841131344437599,0.13479451835155487,0.3442237377166748,0.3275103271007538,3.9801409244537354,y,1.8_2.0_2.2
27,2.6336363636363633,2.7345454545454544,17,0.35350000000000004,0.40279999999999994,188,0.003142601577565074,0.16492006182670593,0.3196577727794647,0.37495291233062744,3.5943000316619873,y,1.8_2.0_2.2
27,2.6336363636363633,2.7345454545454544,18,0.40279999999999994,0.45209999999999995,123,0.015263800509274006,0.2313566356897354,0.3215447962284088,0.4230152368545532,3.1673150062561035,y,1.8_2.0_2.2
28,2.7345454545454544,2.835454545454545,1,-0.52,-0.4673,26,0.04883778095245361,0.01885780692100525,-0.5926477909088135,-0.49068623781204224,4.351632118225098,y,1.8_2.0_2.2
28,2.7345454545454544,2.835454545454545,3,-0.4146,-0.3619,179,0.04931649938225746,0.006521378178149462,-0.49446266889572144,-0.38333913683891296,5.89867639541626,y,1.8_2.0_2.2
28,2.7345454545454544,2.835454545454545,4,-0.3619,-0.30920000000000003,170,0.07718079537153244,0.07923030853271484,-0.4529334604740143,-0.3338489830493927,4.780726432800293,y,1.8_2.0_2.2
28,2.7345454545454544,2.835454545454545,5,-0.30920000000000003,-0.2565,201,0.11990804225206375,0.09135127812623978,-0.4346082806587219,-0.29208382964134216,4.658755779266357,y,1.8_2.0_2.2
28,2.7345454545454544,2.835454545454545,6,-0.2565,-0.20379999999999998,31,0.23658113181591034,0.11517663300037384,-0.5055753588676453,-0.22829356789588928,7.372223854064941,y,1.8_2.0_2.2
28,2.7345454545454544,2.835454545454545,7,-0.20379999999999998,-0.1511,45,0.383220374584198,0.22037874162197113,-0.4893888235092163,-0.17142975330352783,6.02679967880249,y,1.8_2.0_2.2
28,2.7345454545454544,2.835454545454545,8,-0.1511,-0.09839999999999999,73,0.38665884733200073,0.2710292339324951,-0.39919695258140564,-0.12310688942670822,5.591213226318359,y,1.8_2.0_2.2
28,2.7345454545454544,2.835454545454545,9,-0.09839999999999999,-0.04569999999999996,160,0.26253223419189453,0.33309206366539,-0.19835394620895386,-0.06849220395088196,4.241070747375488,y,1.8_2.0_2.2
28,2.7345454545454544,2.835454545454545,10,-0.04569999999999996,0.006999999999999999,153,0.26594144105911255,9.050748825073242,-0.0895082950592041,-0.02862217277288437,3.874840021133423,y,1.8_2.0_2.2
28,2.7345454545454544,2.835454545454545,12,0.10700000000000001,0.1563,53,0.11878783255815506,0.3341776132583618,0.2504509687423706,0.1331871747970581,10.870322227478027,y,1.8_2.0_2.2
28,2.7345454545454544,2.835454545454545,13,0.1563,0.2056,196,0.0003559885954018682,0.22425800561904907,0.19495889544487,0.18139703571796417,4.528421401977539,y,1.8_2.0_2.2
28,2.7345454545454544,2.835454545454545,14,0.2056,0.2549,283,0.05676651746034622,0.14225435256958008,0.2702506482601166,0.22799189388751984,4.206680774688721,y,1.8_2.0_2.2
28,2.7345454545454544,2.835454545454545,15,0.2549,0.3042,226,0.03507886826992035,0.16322293877601624,0.2983836531639099,0.28366124629974365,4.684444904327393,y,1.8_2.0_2.2
28,2.7345454545454544,2.835454545454545,16,0.3042,0.35350000000000004,367,0.04652083292603493,0.13602879643440247,0.34117138385772705,0.3270784616470337,4.054332733154297,y,1.8_2.0_2.2
28,2.7345454545454544,2.835454545454545,17,0.35350000000000004,0.40279999999999994,172,-0.00016764858446549624,0.16502049565315247,0.31378793716430664,0.3753925561904907,3.6785712242126465,y,1.8_2.0_2.2
28,2.7345454545454544,2.835454545454545,18,0.40279999999999994,0.45209999999999995,107,-0.003002560930326581,0.24460318684577942,0.29758304357528687,0.423053503036499,3.239022731781006,y,1.8_2.0_2.2
29,2.835454545454545,2.936363636363636,1,-0.52,-0.4673,25,0.04736495018005371,0.016686787828803062,-0.5924842357635498,-0.4915689527988434,4.414536952972412,y,1.8_2.0_2.2
29,2.835454545454545,2.936363636363636,3,-0.4146,-0.3619,179,0.04931649938225746,0.006521378178149462,-0.49446266889572144,-0.38333913683891296,5.89867639541626,y,1.8_2.0_2.2
29,2.835454545454545,2.936363636363636,4,-0.3619,-0.30920000000000003,160,0.07561247795820236,0.07755208760499954,-0.45421162247657776,-0.33407261967658997,4.905224800109863,y,1.8_2.0_2.2
29,2.835454545454545,2.936363636363636,5,-0.30920000000000003,-0.2565,181,0.11268337070941925,0.08986889570951462,-0.433945894241333,-0.29223981499671936,4.866134166717529,y,1.8_2.0_2.2
29,2.835454545454545,2.936363636363636,6,-0.2565,-0.20379999999999998,30,0.23415064811706543,0.11655828356742859,-0.5068740844726562,-0.2274058312177658,7.524107456207275,y,1.8_2.0_2.2
29,2.835454545454545,2.936363636363636,7,-0.20379999999999998,-0.1511,42,0.3571895956993103,0.2053983211517334,-0.4864666759967804,-0.1708160638809204,6.259549140930176,y,1.8_2.0_2.2
29,2.835454545454545,2.936363636363636,8,-0.1511,-0.09839999999999999,68,0.4120943546295166,0.2684818506240845,-0.41829612851142883,-0.12446605414152145,5.797765731811523,y,1.8_2.0_2.2
29,2.835454545454545,2.936363636363636,9,-0.09839999999999999,-0.04569999999999996,128,0.30061328411102295,0.34210488200187683,-0.22500835359096527,-0.07063145935535431,4.605213165283203,y,1.8_2.0_2.2
29,2.835454545454545,2.936363636363636,10,-0.04569999999999996,0.006999999999999999,107,0.4725242257118225,10.518858909606934,-0.11032889783382416,-0.02838684618473053,4.342617511749268,y,1.8_2.0_2.2
29,2.835454545454545,2.936363636363636,12,0.10700000000000001,0.1563,53,0.11878783255815506,0.3341776132583618,0.2504509687423706,0.1331871747970581,10.870322227478027,y,1.8_2.0_2.2
29,2.835454545454545,2.936363636363636,13,0.1563,0.2056,158,-0.001993587939068675,0.22133883833885193,0.19153574109077454,0.1822132170200348,4.94721794128418,y,1.8_2.0_2.2
29,2.835454545454545,2.936363636363636,14,0.2056,0.2549,259,0.05998118594288826,0.14576955139636993,0.2712831199169159,0.2275390625,4.3374223709106445,y,1.8_2.0_2.2
29,2.835454545454545,2.936363636363636,15,0.2549,0.3042,214,0.03248629719018936,0.16112910211086273,0.2953158915042877,0.2833598256111145,4.791347026824951,y,1.8_2.0_2.2
29,2.835454545454545,2.936363636363636,16,0.3042,0.35350000000000004,354,0.04270608350634575,0.13630647957324982,0.3369334638118744,0.3269871473312378,4.101194858551025,y,1.8_2.0_2.2
29,2.835454545454545,2.936363636363636,17,0.35350000000000004,0.40279999999999994,152,0.006462444085627794,0.16264361143112183,0.3142620027065277,0.3746432662010193,3.7955739498138428,y,1.8_2.0_2.2
29,2.835454545454545,2.936363636363636,18,0.40279999999999994,0.45209999999999995,87,-0.031212329864501953,0.2647392451763153,0.25701168179512024,0.4237098693847656,3.3422024250030518,y,1.8_2.0_2.2
30,2.936363636363636,3.037272727272727,1,-0.52,-0.4673,24,0.04608948156237602,0.014580546878278255,-0.5923890471458435,-0.49242663383483887,4.479287624359131,y,1.8_2.0_2.2
30,2.936363636363636,3.037272727272727,3,-0.4146,-0.3619,179,0.04931649938225746,0.006521378178149462,-0.49446266889572144,-0.38333913683891296,5.89867639541626,y,1.8_2.0_2.2
30,2.936363636363636,3.037272727272727,4,-0.3619,-0.30920000000000003,152,0.07531508058309555,0.07678620517253876,-0.45639222860336304,-0.33439120650291443,5.010220050811768,y,1.8_2.0_2.2
30,2.936363636363636,3.037272727272727,5,-0.30920000000000003,-0.2565,172,0.11039150506258011,0.0880926251411438,-0.4350009858608246,-0.29237130284309387,4.970582962036133,y,1.8_2.0_2.2
30,2.936363636363636,3.037272727272727,6,-0.2565,-0.20379999999999998,29,0.2282908707857132,0.1118868738412857,-0.508205235004425,-0.22810958325862885,7.684840679168701,y,1.8_2.0_2.2
30,2.936363636363636,3.037272727272727,7,-0.20379999999999998,-0.1511,40,0.3569859266281128,0.18765969574451447,-0.4912455677986145,-0.17156104743480682,6.429726600646973,y,1.8_2.0_2.2
30,2.936363636363636,3.037272727272727,8,-0.1511,-0.09839999999999999,62,0.41889774799346924,0.24895942211151123,-0.43171030282974243,-0.1250411570072174,6.081124782562256,y,1.8_2.0_2.2
30,2.936363636363636,3.037272727272727,9,-0.09839999999999999,-0.04569999999999996,100,0.358195960521698,0.3573192358016968,-0.2657693028450012,-0.0751236230134964,5.0907816886901855,y,1.8_2.0_2.2
30,2.936363636363636,3.037272727272727,10,-0.04569999999999996,0.006999999999999999,55,1.2193983793258667,14.524751663208008,-0.17583614587783813,-0.02230130136013031,5.718536853790283,y,1.8_2.0_2.2
30,2.936363636363636,3.037272727272727,12,0.10700000000000001,0.1563,52,0.11173471063375473,0.3268286883831024,0.24613676965236664,0.13276423513889313,11.023701667785645,y,1.8_2.0_2.2
30,2.936363636363636,3.037272727272727,13,0.1563,0.2056,131,0.009928028099238873,0.23601952195167542,0.19547082483768463,0.18276940286159515,5.373990058898926,y,1.8_2.0_2.2
30,2.936363636363636,3.037272727272727,14,0.2056,0.2549,234,0.05988939478993416,0.15207096934318542,0.271626353263855,0.22773748636245728,4.492892265319824,y,1.8_2.0_2.2
30,2.936363636363636,3.037272727272727,15,0.2549,0.3042,200,0.03109188936650753,0.1599130779504776,0.2925989627838135,0.28288164734840393,4.925213813781738,y,1.8_2.0_2.2
30,2.936363636363636,3.037272727272727,16,0.3042,0.35350000000000004,333,0.04611773416399956,0.13767962157726288,0.33788779377937317,0.3265669643878937,4.177322864532471,y,1.8_2.0_2.2
30,2.936363636363636,3.037272727272727,17,0.35350000000000004,0.40279999999999994,135,0.0003212607407476753,0.16594471037387848,0.30437955260276794,0.37470731139183044,3.910179853439331,y,1.8_2.0_2.2
30,2.936363636363636,3.037272727272727,18,0.40279999999999994,0.45209999999999995,73,-0.059822726994752884,0.28113994002342224,0.21199923753738403,0.423398494720459,3.428231954574585,y,1.8_2.0_2.2
31,3.037272727272727,3.1381818181818177,1,-0.52,-0.4673,23,0.04501956328749657,0.012849265709519386,-0.5924892425537109,-0.49328622221946716,4.544265270233154,y,1.8_2.0_2.2
31,3.037272727272727,3.1381818181818177,3,-0.4146,-0.3619,179,0.04931649938225746,0.006521378178149462,-0.49446266889572144,-0.38333913683891296,5.89867639541626,y,1.8_2.0_2.2
31,3.037272727272727,3.1381818181818177,4,-0.3619,-0.30920000000000003,139,0.07471349835395813,0.07580683380365372,-0.459357887506485,-0.3343270719051361,5.200129508972168,y,1.8_2.0_2.2
31,3.037272727272727,3.1381818181818177,5,-0.30920000000000003,-0.2565,159,0.10660333186388016,0.08523145318031311,-0.4353288412094116,-0.29265135526657104,5.133316516876221,y,1.8_2.0_2.2
31,3.037272727272727,3.1381818181818177,6,-0.2565,-0.20379999999999998,26,0.2113582342863083,0.10587101429700851,-0.5125618577003479,-0.2286798059940338,8.225971221923828,y,1.8_2.0_2.2
31,3.037272727272727,3.1381818181818177,7,-0.20379999999999998,-0.1511,39,0.3482837677001953,0.17994993925094604,-0.48929235339164734,-0.17144636809825897,6.518698692321777,y,1.8_2.0_2.2
31,3.037272727272727,3.1381818181818177,8,-0.1511,-0.09839999999999999,59,0.4381971061229706,0.24528542160987854,-0.4446932375431061,-0.12497267127037048,6.238285064697266,y,1.8_2.0_2.2
31,3.037272727272727,3.1381818181818177,9,-0.09839999999999999,-0.04569999999999996,86,0.38947388529777527,0.37438392639160156,-0.2898760437965393,-0.07553001493215561,5.434010028839111,y,1.8_2.0_2.2
31,3.037272727272727,3.1381818181818177,10,-0.04569999999999996,0.006999999999999999,36,2.0560247898101807,17.416858673095703,-0.25742194056510925,-0.019397296011447906,7.169303894042969,y,1.8_2.0_2.2
31,3.037272727272727,3.1381818181818177,12,0.10700000000000001,0.1563,52,0.11173471063375473,0.3268286883831024,0.24613676965236664,0.13276423513889313,11.023701667785645,y,1.8_2.0_2.2
31,3.037272727272727,3.1381818181818177,13,0.1563,0.2056,118,0.018647581338882446,0.2397177517414093,0.19830907881259918,0.18279479444026947,5.637016296386719,y,1.8_2.0_2.2
31,3.037272727272727,3.1381818181818177,14,0.2056,0.2549,202,0.058500874787569046,0.15098434686660767,0.2695475220680237,0.22838471829891205,4.7304229736328125,y,1.8_2.0_2.2
31,3.037272727272727,3.1381818181818177,15,0.2549,0.3042,193,0.03414993733167648,0.15816062688827515,0.29428526759147644,0.2831445336341858,4.9953742027282715,y,1.8_2.0_2.2
31,3.037272727272727,3.1381818181818177,16,0.3042,0.35350000000000004,312,0.04454653337597847,0.13987062871456146,0.33468908071517944,0.3262765407562256,4.257396221160889,y,1.8_2.0_2.2
31,3.037272727272727,3.1381818181818177,17,0.35350000000000004,0.40279999999999994,115,-0.007995455525815487,0.17118631303310394,0.2881072461605072,0.37437742948532104,4.072290420532227,y,1.8_2.0_2.2
31,3.037272727272727,3.1381818181818177,18,0.40279999999999994,0.45209999999999995,51,-0.13303987681865692,0.30148205161094666,0.11328866332769394,0.42157411575317383,3.620028257369995,y,1.8_2.0_2.2
32,3.1381818181818177,3.239090909090909,1,-0.52,-0.4673,23,0.04501956328749657,0.012849265709519386,-0.5924892425537109,-0.49328622221946716,4.544265270233154,y,1.8_2.0_2.2
32,3.1381818181818177,3.239090909090909,3,-0.4146,-0.3619,179,0.04931649938225746,0.006521378178149462,-0.49446266889572144,-0.38333913683891296,5.89867639541626,y,1.8_2.0_2.2
32,3.1381818181818177,3.239090909090909,4,-0.3619,-0.30920000000000003,128,0.07675161212682724,0.07679897546768188,-0.4647938013076782,-0.33473819494247437,5.381385326385498,y,1.8_2.0_2.2
32,3.1381818181818177,3.239090909090909,5,-0.30920000000000003,-0.2565,150,0.10389819741249084,0.0834563672542572,-0.43566131591796875,-0.2927114963531494,5.256641387939453,y,1.8_2.0_2.2
32,3.1381818181818177,3.239090909090909,6,-0.2565,-0.20379999999999998,25,0.20611774921417236,0.10597038269042969,-0.5141811370849609,-0.2282020002603531,8.431264877319336,y,1.8_2.0_2.2
32,3.1381818181818177,3.239090909090909,7,-0.20379999999999998,-0.1511,39,0.3482837677001953,0.17994993925094604,-0.48929235339164734,-0.17144636809825897,6.518698692321777,y,1.8_2.0_2.2
32,3.1381818181818177,3.239090909090909,8,-0.1511,-0.09839999999999999,58,0.44465744495391846,0.24399961531162262,-0.44891610741615295,-0.12471839785575867,6.293300151824951,y,1.8_2.0_2.2
32,3.1381818181818177,3.239090909090909,9,-0.09839999999999999,-0.04569999999999996,77,0.4251672625541687,0.38354021310806274,-0.3094319999217987,-0.07499241828918457,5.708168983459473,y,1.8_2.0_2.2
32,3.1381818181818177,3.239090909090909,10,-0.04569999999999996,0.006999999999999999,32,2.8349273204803467,17.92587661743164,-0.2951432168483734,-0.018535498529672623,7.67891788482666,y,1.8_2.0_2.2
32,3.1381818181818177,3.239090909090909,12,0.10700000000000001,0.1563,52,0.11173471063375473,0.3268286883831024,0.24613676965236664,0.13276423513889313,11.023701667785645,y,1.8_2.0_2.2
32,3.1381818181818177,3.239090909090909,13,0.1563,0.2056,98,0.030678492039442062,0.2399831861257553,0.20034408569335938,0.18316391110420227,6.158571720123291,y,1.8_2.0_2.2
32,3.1381818181818177,3.239090909090909,14,0.2056,0.2549,175,0.06850145012140274,0.15983125567436218,0.27462995052337646,0.2286413609981537,4.9835052490234375,y,1.8_2.0_2.2
32,3.1381818181818177,3.239090909090909,15,0.2549,0.3042,188,0.03400924801826477,0.15588995814323425,0.2935338020324707,0.2829183340072632,5.045753002166748,y,1.8_2.0_2.2
32,3.1381818181818177,3.239090909090909,16,0.3042,0.35350000000000004,297,0.04074475169181824,0.1411285400390625,0.33022305369377136,0.32619649171829224,4.316762924194336,y,1.8_2.0_2.2
32,3.1381818181818177,3.239090909090909,17,0.35350000000000004,0.40279999999999994,103,-0.010329436510801315,0.17238716781139374,0.2788190245628357,0.37409302592277527,4.186803340911865,y,1.8_2.0_2.2
32,3.1381818181818177,3.239090909090909,18,0.40279999999999994,0.45209999999999995,40,-0.20638510584831238,0.31448203325271606,0.006979501340538263,0.4195094108581543,3.77069091796875,y,1.8_2.0_2.2
33,3.239090909090909,3.34,1,-0.52,-0.4673,22,0.04403487592935562,0.011333311907947063,-0.5926986336708069,-0.4941812753677368,4.608036041259766,y,1.8_2.0_2.2
33,3.239090909090909,3.34,3,-0.4146,-0.3619,179,0.04931649938225746,0.006521378178149462,-0.49446266889572144,-0.38333913683891296,5.89867639541626,y,1.8_2.0_2.2
33,3.239090909090909,3.34,4,-0.3619,-0.30920000000000003,117,0.0714636743068695,0.07272818684577942,-0.46345090866088867,-0.3346565067768097,5.588488578796387,y,1.8_2.0_2.2
33,3.239090909090909,3.34,5,-0.30920000000000003,-0.2565,144,0.09868013113737106,0.08195658773183823,-0.43349578976631165,-0.29281529784202576,5.344083786010742,y,1.8_2.0_2.2
33,3.239090909090909,3.34,6,-0.2565,-0.20379999999999998,24,0.20211105048656464,0.10708943009376526,-0.5158915519714355,-0.227255716919899,8.649942398071289,y,1.8_2.0_2.2
33,3.239090909090909,3.34,7,-0.20379999999999998,-0.1511,37,0.3316928744316101,0.16937518119812012,-0.48767977952957153,-0.17162862420082092,6.700511932373047,y,1.8_2.0_2.2
33,3.239090909090909,3.34,8,-0.1511,-0.09839999999999999,57,0.44991761445999146,0.24391481280326843,-0.4538937211036682,-0.12516853213310242,6.347387313842773,y,1.8_2.0_2.2
33,3.239090909090909,3.34,9,-0.09839999999999999,-0.04569999999999996,69,0.4642999470233917,0.39148154854774475,-0.3317682147026062,-0.07506287097930908,6.001794338226318,y,1.8_2.0_2.2
33,3.239090909090909,3.34,10,-0.04569999999999996,0.006999999999999999,30,3.12347149848938,18.484970092773438,-0.3080764412879944,-0.01828579790890217,7.978020668029785,y,1.8_2.0_2.2
33,3.239090909090909,3.34,12,0.10700000000000001,0.1563,51,0.09848306328058243,0.31022265553474426,0.24095217883586884,0.13279879093170166,11.176620483398438,y,1.8_2.0_2.2
33,3.239090909090909,3.34,13,0.1563,0.2056,85,0.037410538643598557,0.24357843399047852,0.20108461380004883,0.1822502613067627,6.612851142883301,y,1.8_2.0_2.2
33,3.239090909090909,3.34,14,0.2056,0.2549,147,0.07985977083444595,0.1699969470500946,0.28150296211242676,0.22961682081222534,5.326732635498047,y,1.8_2.0_2.2
33,3.239090909090909,3.34,15,0.2549,0.3042,181,0.03198055550456047,0.15533512830734253,0.29074251651763916,0.2826588749885559,5.11719274520874,y,1.8_2.0_2.2
33,3.239090909090909,3.34,16,0.3042,0.35350000000000004,276,0.04300987347960472,0.1425105482339859,0.33036673069000244,0.3262743651866913,4.402342796325684,y,1.8_2.0_2.2
33,3.239090909090909,3.34,17,0.35350000000000004,0.40279999999999994,90,-0.016101283952593803,0.1760352998971939,0.266353964805603,0.3741609454154968,4.3298845291137695,y,1.8_2.0_2.2
33,3.239090909090909,3.34,18,0.40279999999999994,0.45209999999999995,32,-0.2587290108203888,0.31462472677230835,-0.07439027726650238,0.418775737285614,3.914623975753784,y,1.8_2.0_2.2
34,3.34,3.4409090909090905,1,-0.52,-0.4673,21,0.04333418607711792,0.010121439583599567,-0.5931400656700134,-0.49514707922935486,4.670961856842041,y,1.8_2.0_2.2
34,3.34,3.4409090909090905,3,-0.4146,-0.3619,179,0.04931649938225746,0.006521378178149462,-0.49446266889572144,-0.38333913683891296,5.89867639541626,y,1.8_2.0_2.2
34,3.34,3.4409090909090905,4,-0.3619,-0.30920000000000003,110,0.0742984488606453,0.07401280105113983,-0.4684939980506897,-0.3346145749092102,5.735389232635498,y,1.8_2.0_2.2
34,3.34,3.4409090909090905,5,-0.30920000000000003,-0.2565,138,0.09307218343019485,0.07931714504957199,-0.4308663010597229,-0.293241024017334,5.433577537536621,y,1.8_2.0_2.2
34,3.34,3.4409090909090905,6,-0.2565,-0.20379999999999998,24,0.20211105048656464,0.10708943009376526,-0.5158915519714355,-0.227255716919899,8.649942398071289,y,1.8_2.0_2.2
34,3.34,3.4409090909090905,7,-0.20379999999999998,-0.1511,35,0.31718534231185913,0.15712743997573853,-0.4858849048614502,-0.1717798262834549,6.894154071807861,y,1.8_2.0_2.2
34,3.34,3.4409090909090905,8,-0.1511,-0.09839999999999999,57,0.44991761445999146,0.24391481280326843,-0.4538937211036682,-0.12516853213310242,6.347387313842773,y,1.8_2.0_2.2
34,3.34,3.4409090909090905,9,-0.09839999999999999,-0.04569999999999996,60,0.5202121138572693,0.3980635106563568,-0.36371058225631714,-0.07518696039915085,6.407348155975342,y,1.8_2.0_2.2
34,3.34,3.4409090909090905,10,-0.04569999999999996,0.006999999999999999,25,3.323404312133789,11.442697525024414,-0.46677932143211365,-0.020619522780179977,8.916984558105469,y,1.8_2.0_2.2
34,3.34,3.4409090909090905,12,0.10700000000000001,0.1563,51,0.09848306328058243,0.31022265553474426,0.24095217883586884,0.13279879093170166,11.176620483398438,y,1.8_2.0_2.2
34,3.34,3.4409090909090905,13,0.1563,0.2056,72,0.04913563281297684,0.25742071866989136,0.20415633916854858,0.1803082674741745,7.214970111846924,y,1.8_2.0_2.2
34,3.34,3.4409090909090905,14,0.2056,0.2549,124,0.09088748693466187,0.18245874345302582,0.2883072793483734,0.23114974796772003,5.703775405883789,y,1.8_2.0_2.2
34,3.34,3.4409090909090905,15,0.2549,0.3042,178,0.03182436525821686,0.1535215526819229,0.2902882397174835,0.28268128633499146,5.14800500869751,y,1.8_2.0_2.2
34,3.34,3.4409090909090905,16,0.3042,0.35350000000000004,255,0.041725944727659225,0.14497597515583038,0.3264780640602112,0.32635053992271423,4.493894577026367,y,1.8_2.0_2.2
34,3.34,3.4409090909090905,17,0.35350000000000004,0.40279999999999994,84,-0.017883718013763428,0.17768777906894684,0.2579360604286194,0.3741784393787384,4.404354572296143,y,1.8_2.0_2.2
34,3.34,3.4409090909090905,18,0.40279999999999994,0.45209999999999995,26,-0.3211379647254944,0.30325770378112793,-0.16452601552009583,0.41806766390800476,4.056920051574707,y,1.8_2.0_2.2
35,3.4409090909090905,3.5418181818181815,1,-0.52,-0.4673,20,0.042579881846904755,0.009242559783160686,-0.59388267993927,-0.49621257185935974,4.733038902282715,y,1.8_2.0_2.2
35,3.4409090909090905,3.5418181818181815,3,-0.4146,-0.3619,179,0.04931649938225746,0.006521378178149462,-0.49446266889572144,-0.38333913683891296,5.89867639541626,y,1.8_2.0_2.2
35,3.4409090909090905,3.5418181818181815,4,-0.3619,-0.30920000000000003,97,0.06439819931983948,0.0677923932671547,-0.46470460295677185,-0.3346935510635376,6.049262523651123,y,1.8_2.0_2.2
35,3.4409090909090905,3.5418181818181815,5,-0.30920000000000003,-0.2565,130,0.08537060767412186,0.0744100958108902,-0.42619559168815613,-0.2937205731868744,5.558245658874512,y,1.8_2.0_2.2
35,3.4409090909090905,3.5418181818181815,6,-0.2565,-0.20379999999999998,24,0.20211105048656464,0.10708943009376526,-0.5158915519714355,-0.227255716919899,8.649942398071289,y,1.8_2.0_2.2
35,3.4409090909090905,3.5418181818181815,7,-0.20379999999999998,-0.1511,33,0.31866705417633057,0.15666812658309937,-0.4934956431388855,-0.17142239212989807,7.108238697052002,y,1.8_2.0_2.2
35,3.4409090909090905,3.5418181818181815,8,-0.1511,-0.09839999999999999,56,0.45603618025779724,0.24320773780345917,-0.4588629901409149,-0.12545554339885712,6.400478839874268,y,1.8_2.0_2.2
35,3.4409090909090905,3.5418181818181815,9,-0.09839999999999999,-0.04569999999999996,51,0.602262556552887,0.3923942446708679,-0.40681177377700806,-0.07472331076860428,6.937206268310547,y,1.8_2.0_2.2
35,3.4409090909090905,3.5418181818181815,10,-0.04569999999999996,0.006999999999999999,23,3.0848681926727295,7.537182331085205,-0.549763560295105,-0.0223531536757946,9.39886474609375,y,1.8_2.0_2.2
35,3.4409090909090905,3.5418181818181815,12,0.10700000000000001,0.1563,51,0.09848306328058243,0.31022265553474426,0.24095217883586884,0.13279879093170166,11.176620483398438,y,1.8_2.0_2.2
35,3.4409090909090905,3.5418181818181815,13,0.1563,0.2056,68,0.049259454011917114,0.25730714201927185,0.20361734926700592,0.18013694882392883,7.4409332275390625,y,1.8_2.0_2.2
35,3.4409090909090905,3.5418181818181815,14,0.2056,0.2549,107,0.09810157865285873,0.19288471341133118,0.29370802640914917,0.23254728317260742,6.074227333068848,y,1.8_2.0_2.2
35,3.4409090909090905,3.5418181818181815,15,0.2549,0.3042,173,0.03560831397771835,0.15449431538581848,0.2926037609577179,0.282650351524353,5.198962211608887,y,1.8_2.0_2.2
35,3.4409090909090905,3.5418181818181815,16,0.3042,0.35350000000000004,242,0.04275752976536751,0.14630210399627686,0.32525283098220825,0.32624343037605286,4.553202152252197,y,1.8_2.0_2.2
35,3.4409090909090905,3.5418181818181815,17,0.35350000000000004,0.40279999999999994,78,-0.020878639072179794,0.1801510751247406,0.2511807084083557,0.37440964579582214,4.482396125793457,y,1.8_2.0_2.2
35,3.4409090909090905,3.5418181818181815,18,0.40279999999999994,0.45209999999999995,23,-0.30943599343299866,0.29339295625686646,-0.15681223571300507,0.41711774468421936,4.141385555267334,y,1.8_2.0_2.2
36,3.5418181818181815,3.6427272727272726,1,-0.52,-0.4673,19,0.04182543233036995,0.008476571179926395,-0.5949336886405945,-0.4974413812160492,4.797084808349609,y,1.8_2.0_2.2
36,3.5418181818181815,3.6427272727272726,3,-0.4146,-0.3619,179,0.04931649938225746,0.006521378178149462,-0.49446266889572144,-0.38333913683891296,5.89867639541626,y,1.8_2.0_2.2
36,3.5418181818181815,3.6427272727272726,4,-0.3619,-0.30920000000000003,92,0.06459981203079224,0.06747059524059296,-0.4681093096733093,-0.33483320474624634,6.188793659210205,y,1.8_2.0_2.2
36,3.5418181818181815,3.6427272727272726,5,-0.30920000000000003,-0.2565,124,0.0808110460639,0.07226245105266571,-0.42426127195358276,-0.293865829706192,5.65807580947876,y,1.8_2.0_2.2
36,3.5418181818181815,3.6427272727272726,6,-0.2565,-0.20379999999999998,20,0.1757679432630539,0.09509646892547607,-0.5236184000968933,-0.22895224392414093,9.680588722229004,y,1.8_2.0_2.2
36,3.5418181818181815,3.6427272727272726,7,-0.20379999999999998,-0.1511,30,0.3146539032459259,0.13860288262367249,-0.5003124475479126,-0.17163829505443573,7.470114231109619,y,1.8_2.0_2.2
36,3.5418181818181815,3.6427272727272726,8,-0.1511,-0.09839999999999999,55,0.46286246180534363,0.24195879697799683,-0.4638133943080902,-0.1255710870027542,6.4534502029418945,y,1.8_2.0_2.2
36,3.5418181818181815,3.6427272727272726,9,-0.09839999999999999,-0.04569999999999996,47,0.6505277752876282,0.3818356394767761,-0.43150898814201355,-0.07445040345191956,7.229732513427734,y,1.8_2.0_2.2
36,3.5418181818181815,3.6427272727272726,10,-0.04569999999999996,0.006999999999999999,23,3.0848681926727295,7.537182331085205,-0.549763560295105,-0.0223531536757946,9.39886474609375,y,1.8_2.0_2.2
36,3.5418181818181815,3.6427272727272726,12,0.10700000000000001,0.1563,51,0.09848306328058243,0.31022265553474426,0.24095217883586884,0.13279879093170166,11.176620483398438,y,1.8_2.0_2.2
36,3.5418181818181815,3.6427272727272726,13,0.1563,0.2056,63,0.027516020461916924,0.24798578023910522,0.18779344856739044,0.17922459542751312,7.752404689788818,y,1.8_2.0_2.2
36,3.5418181818181815,3.6427272727272726,14,0.2056,0.2549,104,0.09870901703834534,0.19411614537239075,0.293277770280838,0.23225125670433044,6.148221015930176,y,1.8_2.0_2.2
36,3.5418181818181815,3.6427272727272726,15,0.2549,0.3042,166,0.03528774529695511,0.1525324285030365,0.2912273108959198,0.28234753012657166,5.271208763122559,y,1.8_2.0_2.2
36,3.5418181818181815,3.6427272727272726,16,0.3042,0.35350000000000004,228,0.039313726127147675,0.14908155798912048,0.3202139735221863,0.3260168135166168,4.618467807769775,y,1.8_2.0_2.2
36,3.5418181818181815,3.6427272727272726,17,0.35350000000000004,0.40279999999999994,75,-0.019621148705482483,0.17988766729831696,0.24814875423908234,0.37436842918395996,4.521728992462158,y,1.8_2.0_2.2
36,3.5418181818181815,3.6427272727272726,18,0.40279999999999994,0.45209999999999995,17,-0.47081834077835083,0.2371707409620285,-0.38481375575065613,0.41959571838378906,4.376348495483398,y,1.8_2.0_2.2
37,3.6427272727272726,3.743636363636363,1,-0.52,-0.4673,18,0.04102148488163948,0.008198350667953491,-0.596757173538208,-0.49886390566825867,4.8663763999938965,y,1.8_2.0_2.2
37,3.6427272727272726,3.743636363636363,3,-0.4146,-0.3619,178,0.049247413873672485,0.0065030064433813095,-0.49476927518844604,-0.3834553062915802,5.911587715148926,y,1.8_2.0_2.2
37,3.6427272727272726,3.743636363636363,4,-0.3619,-0.30920000000000003,80,0.05863463133573532,0.06281175464391708,-0.46706485748291016,-0.33470356464385986,6.578855037689209,y,1.8_2.0_2.2
37,3.6427272727272726,3.743636363636363,5,-0.30920000000000003,-0.2565,119,0.07938006520271301,0.07006131857633591,-0.42528411746025085,-0.29418426752090454,5.7452712059021,y,1.8_2.0_2.2
37,3.6427272727272726,3.743636363636363,6,-0.2565,-0.20379999999999998,19,0.16975945234298706,0.09519614279270172,-0.5259326696395874,-0.2280162274837494,10.003242492675781,y,1.8_2.0_2.2
37,3.6427272727272726,3.743636363636363,7,-0.20379999999999998,-0.1511,30,0.3146539032459259,0.13860288262367249,-0.5003124475479126,-0.17163829505443573,7.470114231109619,y,1.8_2.0_2.2
37,3.6427272727272726,3.743636363636363,8,-0.1511,-0.09839999999999999,53,0.4628067910671234,0.23876507580280304,-0.46694865822792053,-0.1251043826341629,6.560548782348633,y,1.8_2.0_2.2
37,3.6427272727272726,3.743636363636363,9,-0.09839999999999999,-0.04569999999999996,42,0.7270652055740356,0.35784196853637695,-0.4688727855682373,-0.07423672825098038,7.660672187805176,y,1.8_2.0_2.2
37,3.6427272727272726,3.743636363636363,10,-0.04569999999999996,0.006999999999999999,23,3.0848681926727295,7.537182331085205,-0.549763560295105,-0.0223531536757946,9.39886474609375,y,1.8_2.0_2.2
37,3.6427272727272726,3.743636363636363,12,0.10700000000000001,0.1563,51,0.09848306328058243,0.31022265553474426,0.24095217883586884,0.13279879093170166,11.176620483398438,y,1.8_2.0_2.2
37,3.6427272727272726,3.743636363636363,13,0.1563,0.2056,61,0.02056857943534851,0.24666763842105865,0.18380515277385712,0.1791212558746338,7.8881354331970215,y,1.8_2.0_2.2
37,3.6427272727272726,3.743636363636363,14,0.2056,0.2549,100,0.0996413454413414,0.19422274827957153,0.29482391476631165,0.2324625551700592,6.250137805938721,y,1.8_2.0_2.2
37,3.6427272727272726,3.743636363636363,15,0.2549,0.3042,158,0.037549663335084915,0.15521949529647827,0.29229551553726196,0.2824368178844452,5.357076168060303,y,1.8_2.0_2.2
37,3.6427272727272726,3.743636363636363,16,0.3042,0.35350000000000004,212,0.03616069629788399,0.15075719356536865,0.3135876953601837,0.3261486887931824,4.696352005004883,y,1.8_2.0_2.2
37,3.6427272727272726,3.743636363636363,17,0.35350000000000004,0.40279999999999994,67,-0.017834177240729332,0.1823788732290268,0.2419617474079132,0.3741381764411926,4.632964134216309,y,1.8_2.0_2.2
37,3.6427272727272726,3.743636363636363,18,0.40279999999999994,0.45209999999999995,15,-0.5243502259254456,0.16315092146396637,-0.5046497583389282,0.42088791728019714,4.484730243682861,y,1.8_2.0_2.2
38,3.743636363636363,3.8445454545454543,1,-0.52,-0.4673,18,0.04102148488163948,0.008198350667953491,-0.596757173538208,-0.49886390566825867,4.8663763999938965,y,1.8_2.0_2.2
38,3.743636363636363,3.8445454545454543,3,-0.4146,-0.3619,177,0.04917120561003685,0.006468210835009813,-0.49501433968544006,-0.38354209065437317,5.923990726470947,y,1.8_2.0_2.2
38,3.743636363636363,3.8445454545454543,4,-0.3619,-0.30920000000000003,67,0.04342928156256676,0.050390247255563736,-0.4600803852081299,-0.3341812491416931,7.141006946563721,y,1.8_2.0_2.2
38,3.743636363636363,3.8445454545454543,5,-0.30920000000000003,-0.2565,112,0.07526005059480667,0.06695075333118439,-0.4239019751548767,-0.29443639516830444,5.8734259605407715,y,1.8_2.0_2.2
38,3.743636363636363,3.8445454545454543,6,-0.2565,-0.20379999999999998,19,0.16975945234298706,0.09519614279270172,-0.5259326696395874,-0.2280162274837494,10.003242492675781,y,1.8_2.0_2.2
38,3.743636363636363,3.8445454545454543,7,-0.20379999999999998,-0.1511,30,0.3146539032459259,0.13860288262367249,-0.5003124475479126,-0.17163829505443573,7.470114231109619,y,1.8_2.0_2.2
38,3.743636363636363,3.8445454545454543,8,-0.1511,-0.09839999999999999,51,0.4785367548465729,0.23387190699577332,-0.47683045268058777,-0.12438631802797318,6.673319339752197,y,1.8_2.0_2.2
38,3.743636363636363,3.8445454545454543,9,-0.09839999999999999,-0.04569999999999996,37,0.8060042262077332,0.3119368851184845,-0.5146467089653015,-0.0734601765871048,8.197604179382324,y,1.8_2.0_2.2
38,3.743636363636363,3.8445454545454543,10,-0.04569999999999996,0.006999999999999999,23,3.0848681926727295,7.537182331085205,-0.549763560295105,-0.0223531536757946,9.39886474609375,y,1.8_2.0_2.2
38,3.743636363636363,3.8445454545454543,12,0.10700000000000001,0.1563,51,0.09848306328058243,0.31022265553474426,0.24095217883586884,0.13279879093170166,11.176620483398438,y,1.8_2.0_2.2
38,3.743636363636363,3.8445454545454543,13,0.1563,0.2056,60,0.014300609938800335,0.243528813123703,0.17929045855998993,0.17905500531196594,7.958828926086426,y,1.8_2.0_2.2
38,3.743636363636363,3.8445454545454543,14,0.2056,0.2549,97,0.10140423476696014,0.19465582072734833,0.29521605372428894,0.23264755308628082,6.328709125518799,y,1.8_2.0_2.2
38,3.743636363636363,3.8445454545454543,15,0.2549,0.3042,154,0.04152471944689751,0.15604452788829803,0.2947810888290405,0.2823288142681122,5.3997907638549805,y,1.8_2.0_2.2
38,3.743636363636363,3.8445454545454543,16,0.3042,0.35350000000000004,201,0.030222564935684204,0.15252859890460968,0.3058755695819855,0.3259262144565582,4.752060413360596,y,1.8_2.0_2.2
38,3.743636363636363,3.8445454545454543,17,0.35350000000000004,0.40279999999999994,59,-0.031832486391067505,0.18621449172496796,0.21649429202079773,0.3737327456474304,4.761542320251465,y,1.8_2.0_2.2
38,3.743636363636363,3.8445454545454543,18,0.40279999999999994,0.45209999999999995,14,-0.5164158344268799,0.164158895611763,-0.49883463978767395,0.4191112816333771,4.544192790985107,y,1.8_2.0_2.2
39,3.8445454545454543,3.9454545454545453,1,-0.52,-0.4673,18,0.04102148488163948,0.008198350667953491,-0.596757173538208,-0.49886390566825867,4.8663763999938965,y,1.8_2.0_2.2
39,3.8445454545454543,3.9454545454545453,3,-0.4146,-0.3619,176,0.049143511801958084,0.006481947842985392,-0.49535810947418213,-0.38366231322288513,5.9363322257995605,y,1.8_2.0_2.2
39,3.8445454545454543,3.9454545454545453,4,-0.3619,-0.30920000000000003,58,0.03935278207063675,0.04741508513689041,-0.4619605541229248,-0.3325074017047882,7.659637451171875,y,1.8_2.0_2.2
39,3.8445454545454543,3.9454545454545453,5,-0.30920000000000003,-0.2565,104,0.07399062067270279,0.06492654234170914,-0.4251570403575897,-0.29431718587875366,6.0328288078308105,y,1.8_2.0_2.2
39,3.8445454545454543,3.9454545454545453,6,-0.2565,-0.20379999999999998,19,0.16975945234298706,0.09519614279270172,-0.5259326696395874,-0.2280162274837494,10.003242492675781,y,1.8_2.0_2.2
39,3.8445454545454543,3.9454545454545453,7,-0.20379999999999998,-0.1511,30,0.3146539032459259,0.13860288262367249,-0.5003124475479126,-0.17163829505443573,7.470114231109619,y,1.8_2.0_2.2
39,3.8445454545454543,3.9454545454545453,8,-0.1511,-0.09839999999999999,49,0.46680113673210144,0.23331111669540405,-0.47506093978881836,-0.12369928508996964,6.791055679321289,y,1.8_2.0_2.2
39,3.8445454545454543,3.9454545454545453,9,-0.09839999999999999,-0.04569999999999996,35,0.8321201205253601,0.27635326981544495,-0.5372011065483093,-0.07316043227910995,8.45069694519043,y,1.8_2.0_2.2
39,3.8445454545454543,3.9454545454545453,10,-0.04569999999999996,0.006999999999999999,23,3.0848681926727295,7.537182331085205,-0.549763560295105,-0.0223531536757946,9.39886474609375,y,1.8_2.0_2.2
39,3.8445454545454543,3.9454545454545453,12,0.10700000000000001,0.1563,51,0.09848306328058243,0.31022265553474426,0.24095217883586884,0.13279879093170166,11.176620483398438,y,1.8_2.0_2.2
39,3.8445454545454543,3.9454545454545453,13,0.1563,0.2056,57,0.012125400826334953,0.23682713508605957,0.17531685531139374,0.17916302382946014,8.178256034851074,y,1.8_2.0_2.2
39,3.8445454545454543,3.9454545454545453,14,0.2056,0.2549,96,0.10271405428647995,0.19552527368068695,0.2957305908203125,0.23252828419208527,6.355024814605713,y,1.8_2.0_2.2
39,3.8445454545454543,3.9454545454545453,15,0.2549,0.3042,144,0.0392267219722271,0.15467548370361328,0.29041072726249695,0.2818076014518738,5.512472152709961,y,1.8_2.0_2.2
39,3.8445454545454543,3.9454545454545453,16,0.3042,0.35350000000000004,187,0.028064843267202377,0.15436631441116333,0.30041131377220154,0.32565996050834656,4.82398796081543,y,1.8_2.0_2.2
39,3.8445454545454543,3.9454545454545453,17,0.35350000000000004,0.40279999999999994,54,-0.037067633122205734,0.18926165997982025,0.19991523027420044,0.3735913634300232,4.851485252380371,y,1.8_2.0_2.2
39,3.8445454545454543,3.9454545454545453,18,0.40279999999999994,0.45209999999999995,12,-0.5188169479370117,0.05485650897026062,-0.5768416523933411,0.4191179573535919,4.670541286468506,y,1.8_2.0_2.2
40,3.9454545454545453,4.046363636363636,1,-0.52,-0.4673,18,0.04102148488163948,0.008198350667953491,-0.596757173538208,-0.49886390566825867,4.8663763999938965,y,1.8_2.0_2.2
40,3.9454545454545453,4.046363636363636,3,-0.4146,-0.3619,173,0.049028828740119934,0.006480363663285971,-0.49621713161468506,-0.3839513659477234,5.971363067626953,y,1.8_2.0_2.2
40,3.9454545454545453,4.046363636363636,4,-0.3619,-0.30920000000000003,49,0.037141576409339905,0.04422654211521149,-0.4656031131744385,-0.33002397418022156,8.349784851074219,y,1.8_2.0_2.2
40,3.9454545454545453,4.046363636363636,5,-0.30920000000000003,-0.2565,98,0.06944562494754791,0.0616954043507576,-0.42242634296417236,-0.2944789528846741,6.164361476898193,y,1.8_2.0_2.2
40,3.9454545454545453,4.046363636363636,6,-0.2565,-0.20379999999999998,15,0.13573093712329865,0.08759409189224243,-0.5366764664649963,-0.22604408860206604,11.624311447143555,y,1.8_2.0_2.2
40,3.9454545454545453,4.046363636363636,7,-0.20379999999999998,-0.1511,29,0.3071460425853729,0.1346132904291153,-0.5010774731636047,-0.17229391634464264,7.592912673950195,y,1.8_2.0_2.2
40,3.9454545454545453,4.046363636363636,8,-0.1511,-0.09839999999999999,48,0.45920833945274353,0.23033525049686432,-0.47326910495758057,-0.12349564582109451,6.850866317749023,y,1.8_2.0_2.2
40,3.9454545454545453,4.046363636363636,9,-0.09839999999999999,-0.04569999999999996,35,0.8321201205253601,0.27635326981544495,-0.5372011065483093,-0.07316043227910995,8.45069694519043,y,1.8_2.0_2.2
40,3.9454545454545453,4.046363636363636,10,-0.04569999999999996,0.006999999999999999,23,3.0848681926727295,7.537182331085205,-0.549763560295105,-0.0223531536757946,9.39886474609375,y,1.8_2.0_2.2
40,3.9454545454545453,4.046363636363636,12,0.10700000000000001,0.1563,51,0.09848306328058243,0.31022265553474426,0.24095217883586884,0.13279879093170166,11.176620483398438,y,1.8_2.0_2.2
40,3.9454545454545453,4.046363636363636,13,0.1563,0.2056,55,0.009646555408835411,0.23540093004703522,0.17116248607635498,0.17843233048915863,8.334563255310059,y,1.8_2.0_2.2
40,3.9454545454545453,4.046363636363636,14,0.2056,0.2549,89,0.09239944070577621,0.1939220428466797,0.2879267632961273,0.23342899978160858,6.5499420166015625,y,1.8_2.0_2.2
40,3.9454545454545453,4.046363636363636,15,0.2549,0.3042,134,0.0428500771522522,0.15654197335243225,0.29106903076171875,0.2811165452003479,5.632604598999023,y,1.8_2.0_2.2
40,3.9454545454545453,4.046363636363636,16,0.3042,0.35350000000000004,175,0.02302192710340023,0.15689605474472046,0.2917785942554474,0.3256931006908417,4.886931419372559,y,1.8_2.0_2.2
40,3.9454545454545453,4.046363636363636,17,0.35350000000000004,0.40279999999999994,45,-0.05924254283308983,0.19627001881599426,0.1565394103527069,0.3727806508541107,5.046514987945557,y,1.8_2.0_2.2
40,3.9454545454545453,4.046363636363636,18,0.40279999999999994,0.45209999999999995,11,-0.5100996494293213,0.0501251146197319,-0.5773298740386963,0.41856223344802856,4.742171287536621,y,1.8_2.0_2.2
41,4.046363636363636,4.1472727272727266,1,-0.52,-0.4673,18,0.04102148488163948,0.008198350667953491,-0.596757173538208,-0.49886390566825867,4.8663763999938965,y,1.8_2.0_2.2
41,4.046363636363636,4.1472727272727266,3,-0.4146,-0.3619,168,0.04888415336608887,0.0064513408578932285,-0.49772506952285767,-0.3845072388648987,6.0294928550720215,y,1.8_2.0_2.2
41,4.046363636363636,4.1472727272727266,4,-0.3619,-0.30920000000000003,44,0.03597250580787659,0.028904441744089127,-0.4627704918384552,-0.32934579253196716,8.84373664855957,y,1.8_2.0_2.2
41,4.046363636363636,4.1472727272727266,5,-0.30920000000000003,-0.2565,96,0.06722187995910645,0.06031109765172005,-0.421236127614975,-0.29476305842399597,6.209434509277344,y,1.8_2.0_2.2
41,4.046363636363636,4.1472727272727266,6,-0.2565,-0.20379999999999998,15,0.13573093712329865,0.08759409189224243,-0.5366764664649963,-0.22604408860206604,11.624311447143555,y,1.8_2.0_2.2
41,4.046363636363636,4.1472727272727266,7,-0.20379999999999998,-0.1511,25,0.2875979542732239,0.12616130709648132,-0.5005068778991699,-0.17078104615211487,8.168648719787598,y,1.8_2.0_2.2
41,4.046363636363636,4.1472727272727266,8,-0.1511,-0.09839999999999999,48,0.45920833945274353,0.23033525049686432,-0.47326910495758057,-0.12349564582109451,6.850866317749023,y,1.8_2.0_2.2
41,4.046363636363636,4.1472727272727266,9,-0.09839999999999999,-0.04569999999999996,34,0.8438488841056824,0.2585870325565338,-0.5477550625801086,-0.07248572260141373,8.582839012145996,y,1.8_2.0_2.2
41,4.046363636363636,4.1472727272727266,10,-0.04569999999999996,0.006999999999999999,23,3.0848681926727295,7.537182331085205,-0.549763560295105,-0.0223531536757946,9.39886474609375,y,1.8_2.0_2.2
41,4.046363636363636,4.1472727272727266,12,0.10700000000000001,0.1563,51,0.09848306328058243,0.31022265553474426,0.24095217883586884,0.13279879093170166,11.176620483398438,y,1.8_2.0_2.2
41,4.046363636363636,4.1472727272727266,13,0.1563,0.2056,55,0.009646555408835411,0.23540093004703522,0.17116248607635498,0.17843233048915863,8.334563255310059,y,1.8_2.0_2.2
41,4.046363636363636,4.1472727272727266,14,0.2056,0.2549,88,0.09468790143728256,0.19450139999389648,0.2892439067363739,0.23339563608169556,6.578739643096924,y,1.8_2.0_2.2
41,4.046363636363636,4.1472727272727266,15,0.2549,0.3042,128,0.04748576134443283,0.15846499800682068,0.29506534337997437,0.28144019842147827,5.708878040313721,y,1.8_2.0_2.2
41,4.046363636363636,4.1472727272727266,16,0.3042,0.35350000000000004,159,0.026385223492980003,0.15673261880874634,0.29181215167045593,0.3255009651184082,4.976086616516113,y,1.8_2.0_2.2
41,4.046363636363636,4.1472727272727266,17,0.35350000000000004,0.40279999999999994,40,-0.08158117532730103,0.20081156492233276,0.11966516077518463,0.3717901110649109,5.178813457489014,y,1.8_2.0_2.2
41,4.046363636363636,4.1472727272727266,18,0.40279999999999994,0.45209999999999995,11,-0.5100996494293213,0.0501251146197319,-0.5773298740386963,0.41856223344802856,4.742171287536621,y,1.8_2.0_2.2
42,4.1472727272727266,4.248181818181818,1,-0.52,-0.4673,18,0.04102148488163948,0.008198350667953491,-0.596757173538208,-0.49886390566825867,4.8663763999938965,y,1.8_2.0_2.2
42,4.1472727272727266,4.248181818181818,3,-0.4146,-0.3619,164,0.04879239201545715,0.006503344979137182,-0.4989863932132721,-0.3849046230316162,6.0771870613098145,y,1.8_2.0_2.2
42,4.1472727272727266,4.248181818181818,4,-0.3619,-0.30920000000000003,40,0.035732001066207886,0.020741883665323257,-0.4663487374782562,-0.32888150215148926,9.316938400268555,y,1.8_2.0_2.2
42,4.1472727272727266,4.248181818181818,5,-0.30920000000000003,-0.2565,93,0.06351824104785919,0.05861040577292442,-0.4188920259475708,-0.29486945271492004,6.277298450469971,y,1.8_2.0_2.2
42,4.1472727272727266,4.248181818181818,6,-0.2565,-0.20379999999999998,14,0.14009980857372284,0.07907768338918686,-0.5583122968673706,-0.22420594096183777,12.160700798034668,y,1.8_2.0_2.2
42,4.1472727272727266,4.248181818181818,7,-0.20379999999999998,-0.1511,23,0.2737128734588623,0.12548910081386566,-0.5022184252738953,-0.1702014058828354,8.52586555480957,y,1.8_2.0_2.2
42,4.1472727272727266,4.248181818181818,8,-0.1511,-0.09839999999999999,45,0.4376683235168457,0.20783932507038116,-0.4673304557800293,-0.12366719543933868,7.035916328430176,y,1.8_2.0_2.2
42,4.1472727272727266,4.248181818181818,9,-0.09839999999999999,-0.04569999999999996,34,0.8438488841056824,0.2585870325565338,-0.5477550625801086,-0.07248572260141373,8.582839012145996,y,1.8_2.0_2.2
42,4.1472727272727266,4.248181818181818,10,-0.04569999999999996,0.006999999999999999,23,3.0848681926727295,7.537182331085205,-0.549763560295105,-0.0223531536757946,9.39886474609375,y,1.8_2.0_2.2
42,4.1472727272727266,4.248181818181818,12,0.10700000000000001,0.1563,51,0.09848306328058243,0.31022265553474426,0.24095217883586884,0.13279879093170166,11.176620483398438,y,1.8_2.0_2.2
42,4.1472727272727266,4.248181818181818,13,0.1563,0.2056,52,0.009553974494338036,0.23665088415145874,0.16779181361198425,0.17706122994422913,8.578124046325684,y,1.8_2.0_2.2
42,4.1472727272727266,4.248181818181818,14,0.2056,0.2549,82,0.08808805048465729,0.1960398256778717,0.2813933193683624,0.233550027012825,6.761239528656006,y,1.8_2.0_2.2
42,4.1472727272727266,4.248181818181818,15,0.2549,0.3042,121,0.05388021841645241,0.15989547967910767,0.300813764333725,0.2817780673503876,5.801929950714111,y,1.8_2.0_2.2
42,4.1472727272727266,4.248181818181818,16,0.3042,0.35350000000000004,143,0.02595067210495472,0.15828455984592438,0.2852434515953064,0.3252584636211395,5.073382377624512,y,1.8_2.0_2.2
42,4.1472727272727266,4.248181818181818,17,0.35350000000000004,0.40279999999999994,35,-0.110358327627182,0.20210689306259155,0.06672946363687515,0.3713507652282715,5.331058979034424,y,1.8_2.0_2.2
42,4.1472727272727266,4.248181818181818,18,0.40279999999999994,0.45209999999999995,9,-0.4931289851665497,0.04389325901865959,-0.5776665210723877,0.41681987047195435,4.88338041305542,y,1.8_2.0_2.2
43,4.248181818181818,4.349090909090909,1,-0.52,-0.4673,18,0.04102148488163948,0.008198350667953491,-0.596757173538208,-0.49886390566825867,4.8663763999938965,y,1.8_2.0_2.2
43,4.248181818181818,4.349090909090909,3,-0.4146,-0.3619,157,0.04866770654916763,0.006504770368337631,-0.5011024475097656,-0.3855409026145935,6.16155481338501,y,1.8_2.0_2.2
43,4.248181818181818,4.349090909090909,4,-0.3619,-0.30920000000000003,38,0.037130288779735565,0.020571382716298103,-0.4729408025741577,-0.3292187750339508,9.584833145141602,y,1.8_2.0_2.2
43,4.248181818181818,4.349090909090909,5,-0.30920000000000003,-0.2565,88,0.0578208863735199,0.055382199585437775,-0.4146043658256531,-0.2950732111930847,6.395094394683838,y,1.8_2.0_2.2
43,4.248181818181818,4.349090909090909,6,-0.2565,-0.20379999999999998,14,0.14009980857372284,0.07907768338918686,-0.5583122968673706,-0.22420594096183777,12.160700798034668,y,1.8_2.0_2.2
43,4.248181818181818,4.349090909090909,7,-0.20379999999999998,-0.1511,22,0.26544827222824097,0.10421855002641678,-0.4989933967590332,-0.17071962356567383,8.724162101745605,y,1.8_2.0_2.2
43,4.248181818181818,4.349090909090909,8,-0.1511,-0.09839999999999999,44,0.4451405107975006,0.206593319773674,-0.4736950099468231,-0.12406463176012039,7.101271152496338,y,1.8_2.0_2.2
43,4.248181818181818,4.349090909090909,9,-0.09839999999999999,-0.04569999999999996,34,0.8438488841056824,0.2585870325565338,-0.5477550625801086,-0.07248572260141373,8.582839012145996,y,1.8_2.0_2.2
43,4.248181818181818,4.349090909090909,10,-0.04569999999999996,0.006999999999999999,23,3.0848681926727295,7.537182331085205,-0.549763560295105,-0.0223531536757946,9.39886474609375,y,1.8_2.0_2.2
43,4.248181818181818,4.349090909090909,12,0.10700000000000001,0.1563,51,0.09848306328058243,0.31022265553474426,0.24095217883586884,0.13279879093170166,11.176620483398438,y,1.8_2.0_2.2
43,4.248181818181818,4.349090909090909,13,0.1563,0.2056,51,1.0113890311913565e-05,0.23142938315868378,0.16107426583766937,0.1769006997346878,8.664477348327637,y,1.8_2.0_2.2
43,4.248181818181818,4.349090909090909,14,0.2056,0.2549,78,0.08262018114328384,0.1968262940645218,0.2787792384624481,0.2343492954969406,6.892172813415527,y,1.8_2.0_2.2
43,4.248181818181818,4.349090909090909,15,0.2549,0.3042,114,0.05839293822646141,0.16243954002857208,0.3024347424507141,0.2818959355354309,5.899811267852783,y,1.8_2.0_2.2
43,4.248181818181818,4.349090909090909,16,0.3042,0.35350000000000004,130,0.016453243792057037,0.1608654409646988,0.269501268863678,0.3246743977069855,5.161447525024414,y,1.8_2.0_2.2
43,4.248181818181818,4.349090909090909,17,0.35350000000000004,0.40279999999999994,32,-0.13377679884433746,0.20069605112075806,0.02735038474202156,0.371815025806427,5.438568115234375,y,1.8_2.0_2.2
43,4.248181818181818,4.349090909090909,18,0.40279999999999994,0.45209999999999995,8,-0.4848809242248535,0.03943568468093872,-0.5773671865463257,0.41524314880371094,4.96824836730957,y,1.8_2.0_2.2
44,4.349090909090909,4.449999999999999,1,-0.52,-0.4673,18,0.04102148488163948,0.008198350667953491,-0.596757173538208,-0.49886390566825867,4.8663763999938965,y,1.8_2.0_2.2
44,4.349090909090909,4.449999999999999,3,-0.4146,-0.3619,152,0.04866504669189453,0.0065963538363575935,-0.5027537941932678,-0.3859582841396332,6.222955226898193,y,1.8_2.0_2.2
44,4.349090909090909,4.449999999999999,4,-0.3619,-0.30920000000000003,37,0.03800273686647415,0.020292799919843674,-0.47667360305786133,-0.329405277967453,9.727269172668457,y,1.8_2.0_2.2
44,4.349090909090909,4.449999999999999,5,-0.30920000000000003,-0.2565,86,0.055261142551898956,0.05379572883248329,-0.4127334654331207,-0.29516148567199707,6.44392728805542,y,1.8_2.0_2.2
44,4.349090909090909,4.449999999999999,6,-0.2565,-0.20379999999999998,14,0.14009980857372284,0.07907768338918686,-0.5583122968673706,-0.22420594096183777,12.160700798034668,y,1.8_2.0_2.2
44,4.349090909090909,4.449999999999999,7,-0.20379999999999998,-0.1511,22,0.26544827222824097,0.10421855002641678,-0.4989933967590332,-0.17071962356567383,8.724162101745605,y,1.8_2.0_2.2
44,4.349090909090909,4.449999999999999,8,-0.1511,-0.09839999999999999,43,0.4536731541156769,0.20447921752929688,-0.4801115393638611,-0.12424389272928238,7.16691255569458,y,1.8_2.0_2.2
44,4.349090909090909,4.449999999999999,9,-0.09839999999999999,-0.04569999999999996,34,0.8438488841056824,0.2585870325565338,-0.5477550625801086,-0.07248572260141373,8.582839012145996,y,1.8_2.0_2.2
44,4.349090909090909,4.449999999999999,10,-0.04569999999999996,0.006999999999999999,23,3.0848681926727295,7.537182331085205,-0.549763560295105,-0.0223531536757946,9.39886474609375,y,1.8_2.0_2.2
44,4.349090909090909,4.449999999999999,12,0.10700000000000001,0.1563,49,0.10219491273164749,0.2951982319355011,0.2417871654033661,0.13279950618743896,11.456603050231934,y,1.8_2.0_2.2
44,4.349090909090909,4.449999999999999,13,0.1563,0.2056,51,1.0113890311913565e-05,0.23142938315868378,0.16107426583766937,0.1769006997346878,8.664477348327637,y,1.8_2.0_2.2
44,4.349090909090909,4.449999999999999,14,0.2056,0.2549,75,0.08881828933954239,0.19491474330425262,0.28160953521728516,0.23463773727416992,6.9965667724609375,y,1.8_2.0_2.2
44,4.349090909090909,4.449999999999999,15,0.2549,0.3042,107,0.06386424601078033,0.16250617802143097,0.3063788414001465,0.2817308306694031,6.004830837249756,y,1.8_2.0_2.2
44,4.349090909090909,4.449999999999999,16,0.3042,0.35350000000000004,117,0.006986778229475021,0.16536760330200195,0.251617968082428,0.32502126693725586,5.256973743438721,y,1.8_2.0_2.2
44,4.349090909090909,4.449999999999999,17,0.35350000000000004,0.40279999999999994,28,-0.17590507864952087,0.193033829331398,-0.040603023022413254,0.37210172414779663,5.602875709533691,y,1.8_2.0_2.2
44,4.349090909090909,4.449999999999999,18,0.40279999999999994,0.45209999999999995,8,-0.4848809242248535,0.03943568468093872,-0.5773671865463257,0.41524314880371094,4.96824836730957,y,1.8_2.0_2.2
45,4.449999999999999,4.550909090909091,1,-0.52,-0.4673,15,0.03856545314192772,0.006579877808690071,-0.5962059497833252,-0.5016016364097595,4.958426475524902,y,1.8_2.0_2.2
45,4.449999999999999,4.550909090909091,3,-0.4146,-0.3619,144,0.04867836460471153,0.006714574992656708,-0.5052902698516846,-0.3865092992782593,6.324368000030518,y,1.8_2.0_2.2
45,4.449999999999999,4.550909090909091,4,-0.3619,-0.30920000000000003,35,0.039647337049245834,0.020041396841406822,-0.4844485819339752,-0.3299826681613922,10.031004905700684,y,1.8_2.0_2.2
45,4.449999999999999,4.550909090909091,5,-0.30920000000000003,-0.2565,83,0.05305958911776543,0.052426617592573166,-0.41183075308799744,-0.2952133119106293,6.517125129699707,y,1.8_2.0_2.2
45,4.449999999999999,4.550909090909091,6,-0.2565,-0.20379999999999998,12,0.10928069055080414,0.06994487345218658,-0.5693357586860657,-0.2235937863588333,13.456910133361816,y,1.8_2.0_2.2
45,4.449999999999999,4.550909090909091,7,-0.20379999999999998,-0.1511,21,0.2737128734588623,0.10203444957733154,-0.5110962986946106,-0.17141176760196686,8.92931842803955,y,1.8_2.0_2.2
45,4.449999999999999,4.550909090909091,8,-0.1511,-0.09839999999999999,41,0.45525693893432617,0.2018100768327713,-0.4844736158847809,-0.12356536835432053,7.302628040313721,y,1.8_2.0_2.2
45,4.449999999999999,4.550909090909091,9,-0.09839999999999999,-0.04569999999999996,34,0.8438488841056824,0.2585870325565338,-0.5477550625801086,-0.07248572260141373,8.582839012145996,y,1.8_2.0_2.2
45,4.449999999999999,4.550909090909091,10,-0.04569999999999996,0.006999999999999999,23,3.0848681926727295,7.537182331085205,-0.549763560295105,-0.0223531536757946,9.39886474609375,y,1.8_2.0_2.2
45,4.449999999999999,4.550909090909091,12,0.10700000000000001,0.1563,49,0.10219491273164749,0.2951982319355011,0.2417871654033661,0.13279950618743896,11.456603050231934,y,1.8_2.0_2.2
45,4.449999999999999,4.550909090909091,13,0.1563,0.2056,51,1.0113890311913565e-05,0.23142938315868378,0.16107426583766937,0.1769006997346878,8.664477348327637,y,1.8_2.0_2.2
45,4.449999999999999,4.550909090909091,14,0.2056,0.2549,70,0.08262942731380463,0.1962645947933197,0.2772628366947174,0.23498287796974182,7.182546138763428,y,1.8_2.0_2.2
45,4.449999999999999,4.550909090909091,15,0.2549,0.3042,101,0.06101207807660103,0.16509953141212463,0.3031668961048126,0.2818787395954132,6.100307464599609,y,1.8_2.0_2.2
45,4.449999999999999,4.550909090909091,16,0.3042,0.35350000000000004,105,-0.0029221302829682827,0.16901260614395142,0.23350046575069427,0.3250575065612793,5.355039119720459,y,1.8_2.0_2.2
45,4.449999999999999,4.550909090909091,17,0.35350000000000004,0.40279999999999994,27,-0.18165838718414307,0.1950305998325348,-0.05261354520916939,0.37201377749443054,5.647370338439941,y,1.8_2.0_2.2
45,4.449999999999999,4.550909090909091,18,0.40279999999999994,0.45209999999999995,7,-0.4772467613220215,0.036209121346473694,-0.5780645608901978,0.41476982831954956,5.049651145935059,y,1.8_2.0_2.2
46,4.550909090909091,4.651818181818181,1,-0.52,-0.4673,11,0.03578547388315201,0.004876615013927221,-0.5982742309570312,-0.5063920021057129,5.135531902313232,y,1.8_2.0_2.2
46,4.550909090909091,4.651818181818181,3,-0.4146,-0.3619,135,0.04870292916893959,0.006815141532570124,-0.5083568096160889,-0.3871939480304718,6.445933818817139,y,1.8_2.0_2.2
46,4.550909090909091,4.651818181818181,4,-0.3619,-0.30920000000000003,33,0.04176948592066765,0.019330620765686035,-0.4937475919723511,-0.33088600635528564,10.366256713867188,y,1.8_2.0_2.2
46,4.550909090909091,4.651818181818181,5,-0.30920000000000003,-0.2565,78,0.048692911863327026,0.048640526831150055,-0.40844833850860596,-0.29539754986763,6.645596981048584,y,1.8_2.0_2.2
46,4.550909090909091,4.651818181818181,6,-0.2565,-0.20379999999999998,11,0.10736529529094696,0.049613725394010544,-0.576495349407196,-0.22510819137096405,14.27341079711914,y,1.8_2.0_2.2
46,4.550909090909091,4.651818181818181,7,-0.20379999999999998,-0.1511,20,0.2696871757507324,0.10353092849254608,-0.5121752023696899,-0.17032837867736816,9.148750305175781,y,1.8_2.0_2.2
46,4.550909090909091,4.651818181818181,8,-0.1511,-0.09839999999999999,39,0.47433698177337646,0.1930890828371048,-0.49776560068130493,-0.12267028540372849,7.444859981536865,y,1.8_2.0_2.2
46,4.550909090909091,4.651818181818181,9,-0.09839999999999999,-0.04569999999999996,34,0.8438488841056824,0.2585870325565338,-0.5477550625801086,-0.07248572260141373,8.582839012145996,y,1.8_2.0_2.2
46,4.550909090909091,4.651818181818181,10,-0.04569999999999996,0.006999999999999999,23,3.0848681926727295,7.537182331085205,-0.549763560295105,-0.0223531536757946,9.39886474609375,y,1.8_2.0_2.2
46,4.550909090909091,4.651818181818181,12,0.10700000000000001,0.1563,49,0.10219491273164749,0.2951982319355011,0.2417871654033661,0.13279950618743896,11.456603050231934,y,1.8_2.0_2.2
46,4.550909090909091,4.651818181818181,13,0.1563,0.2056,50,0.004212222993373871,0.23262089490890503,0.16331620514392853,0.17654669284820557,8.7487211227417,y,1.8_2.0_2.2
46,4.550909090909091,4.651818181818181,14,0.2056,0.2549,64,0.0822724848985672,0.20102842152118683,0.2710530459880829,0.23393326997756958,7.435342788696289,y,1.8_2.0_2.2
46,4.550909090909091,4.651818181818181,15,0.2549,0.3042,96,0.06248786672949791,0.16610269248485565,0.3010150194168091,0.2817606031894684,6.18330717086792,y,1.8_2.0_2.2
46,4.550909090909091,4.651818181818181,16,0.3042,0.35350000000000004,91,-0.020877040922641754,0.17386846244335175,0.2055288404226303,0.3248363435268402,5.487356185913086,y,1.8_2.0_2.2
46,4.550909090909091,4.651818181818181,17,0.35350000000000004,0.40279999999999994,25,-0.20053213834762573,0.19468152523040771,-0.08743736147880554,0.3708212375640869,5.737688064575195,y,1.8_2.0_2.2
46,4.550909090909091,4.651818181818181,18,0.40279999999999994,0.45209999999999995,6,-0.4700385332107544,0.03414536267518997,-0.5763701796531677,0.4117012917995453,5.136232376098633,y,1.8_2.0_2.2
47,4.651818181818181,4.752727272727272,1,-0.52,-0.4673,11,0.03578547388315201,0.004876615013927221,-0.5982742309570312,-0.5063920021057129,5.135531902313232,y,1.8_2.0_2.2
47,4.651818181818181,4.752727272727272,3,-0.4146,-0.3619,130,0.04888475686311722,0.006897572427988052,-0.5102086067199707,-0.3874679505825043,6.517246723175049,y,1.8_2.0_2.2
47,4.651818181818181,4.752727272727272,4,-0.3619,-0.30920000000000003,31,0.043533410876989365,0.01880830153822899,-0.5036699175834656,-0.3318430781364441,10.73803424835205,y,1.8_2.0_2.2
47,4.651818181818181,4.752727272727272,5,-0.30920000000000003,-0.2565,73,0.047278616577386856,0.04727496579289436,-0.40968963503837585,-0.29506608843803406,6.786124229431152,y,1.8_2.0_2.2
47,4.651818181818181,4.752727272727272,6,-0.2565,-0.20379999999999998,11,0.10736529529094696,0.049613725394010544,-0.576495349407196,-0.22510819137096405,14.27341079711914,y,1.8_2.0_2.2
47,4.651818181818181,4.752727272727272,7,-0.20379999999999998,-0.1511,19,0.2629536986351013,0.10360999405384064,-0.5134238600730896,-0.16981732845306396,9.387039184570312,y,1.8_2.0_2.2
47,4.651818181818181,4.752727272727272,8,-0.1511,-0.09839999999999999,38,0.46830177307128906,0.19319520890712738,-0.49583664536476135,-0.1221700981259346,7.519084930419922,y,1.8_2.0_2.2
47,4.651818181818181,4.752727272727272,9,-0.09839999999999999,-0.04569999999999996,34,0.8438488841056824,0.2585870325565338,-0.5477550625801086,-0.07248572260141373,8.582839012145996,y,1.8_2.0_2.2
47,4.651818181818181,4.752727272727272,10,-0.04569999999999996,0.006999999999999999,23,3.0848681926727295,7.537182331085205,-0.549763560295105,-0.0223531536757946,9.39886474609375,y,1.8_2.0_2.2
47,4.651818181818181,4.752727272727272,12,0.10700000000000001,0.1563,49,0.10219491273164749,0.2951982319355011,0.2417871654033661,0.13279950618743896,11.456603050231934,y,1.8_2.0_2.2
47,4.651818181818181,4.752727272727272,13,0.1563,0.2056,50,0.004212222993373871,0.23262089490890503,0.16331620514392853,0.17654669284820557,8.7487211227417,y,1.8_2.0_2.2
47,4.651818181818181,4.752727272727272,14,0.2056,0.2549,58,0.06477657705545425,0.20420624315738678,0.25592997670173645,0.2339140772819519,7.728454113006592,y,1.8_2.0_2.2
47,4.651818181818181,4.752727272727272,15,0.2549,0.3042,93,0.06221760809421539,0.16793058812618256,0.2984481751918793,0.28169897198677063,6.233789443969727,y,1.8_2.0_2.2
47,4.651818181818181,4.752727272727272,16,0.3042,0.35350000000000004,79,-0.04193092882633209,0.17665474116802216,0.1711413562297821,0.32519999146461487,5.621198654174805,y,1.8_2.0_2.2
47,4.651818181818181,4.752727272727272,17,0.35350000000000004,0.40279999999999994,24,-0.21604971587657928,0.18907244503498077,-0.11264368891716003,0.3711542785167694,5.786418914794922,y,1.8_2.0_2.2
47,4.651818181818181,4.752727272727272,18,0.40279999999999994,0.45209999999999995,6,-0.4700385332107544,0.03414536267518997,-0.5763701796531677,0.4117012917995453,5.136232376098633,y,1.8_2.0_2.2
48,4.752727272727272,4.8536363636363635,1,-0.52,-0.4673,11,0.03578547388315201,0.004876615013927221,-0.5982742309570312,-0.5063920021057129,5.135531902313232,y,1.8_2.0_2.2
48,4.752727272727272,4.8536363636363635,3,-0.4146,-0.3619,121,0.04903030022978783,0.007087934762239456,-0.51307612657547,-0.38764581084251404,6.652015209197998,y,1.8_2.0_2.2
48,4.752727272727272,4.8536363636363635,4,-0.3619,-0.30920000000000003,29,0.04575011134147644,0.018024906516075134,-0.5150697827339172,-0.3330892324447632,11.154329299926758,y,1.8_2.0_2.2
48,4.752727272727272,4.8536363636363635,5,-0.30920000000000003,-0.2565,69,0.04626045376062393,0.04535382241010666,-0.40965890884399414,-0.2949271500110626,6.906996726989746,y,1.8_2.0_2.2
48,4.752727272727272,4.8536363636363635,6,-0.2565,-0.20379999999999998,11,0.10736529529094696,0.049613725394010544,-0.576495349407196,-0.22510819137096405,14.27341079711914,y,1.8_2.0_2.2
48,4.752727272727272,4.8536363636363635,7,-0.20379999999999998,-0.1511,18,0.25273993611335754,0.10091224312782288,-0.5148409605026245,-0.1699247658252716,9.647661209106445,y,1.8_2.0_2.2
48,4.752727272727272,4.8536363636363635,8,-0.1511,-0.09839999999999999,36,0.46020761132240295,0.1962314397096634,-0.4964866638183594,-0.12173875421285629,7.67566442489624,y,1.8_2.0_2.2
48,4.752727272727272,4.8536363636363635,9,-0.09839999999999999,-0.04569999999999996,34,0.8438488841056824,0.2585870325565338,-0.5477550625801086,-0.07248572260141373,8.582839012145996,y,1.8_2.0_2.2
48,4.752727272727272,4.8536363636363635,10,-0.04569999999999996,0.006999999999999999,23,3.0848681926727295,7.537182331085205,-0.549763560295105,-0.0223531536757946,9.39886474609375,y,1.8_2.0_2.2
48,4.752727272727272,4.8536363636363635,12,0.10700000000000001,0.1563,49,0.10219491273164749,0.2951982319355011,0.2417871654033661,0.13279950618743896,11.456603050231934,y,1.8_2.0_2.2
48,4.752727272727272,4.8536363636363635,13,0.1563,0.2056,49,0.006642770953476429,0.23466159403324127,0.16472160816192627,0.17679481208324432,8.831413269042969,y,1.8_2.0_2.2
48,4.752727272727272,4.8536363636363635,14,0.2056,0.2549,56,0.05851048231124878,0.2046484351158142,0.24763746559619904,0.23381881415843964,7.8366851806640625,y,1.8_2.0_2.2
48,4.752727272727272,4.8536363636363635,15,0.2549,0.3042,86,0.06503444910049438,0.17136162519454956,0.30082690715789795,0.2820245623588562,6.3592848777771,y,1.8_2.0_2.2
48,4.752727272727272,4.8536363636363635,16,0.3042,0.35350000000000004,71,-0.052196063101291656,0.1798827201128006,0.15299539268016815,0.32524383068084717,5.723845481872559,y,1.8_2.0_2.2
48,4.752727272727272,4.8536363636363635,17,0.35350000000000004,0.40279999999999994,23,-0.23212279379367828,0.18284699320793152,-0.1400882750749588,0.37086138129234314,5.835508346557617,y,1.8_2.0_2.2
49,4.8536363636363635,4.954545454545454,1,-0.52,-0.4673,7,0.03288402035832405,0.003952904138714075,-0.5987249612808228,-0.510044276714325,5.318528175354004,y,1.8_2.0_2.2
49,4.8536363636363635,4.954545454545454,3,-0.4146,-0.3619,110,0.049285534769296646,0.007264814339578152,-0.5168099403381348,-0.3876616656780243,6.836493015289307,y,1.8_2.0_2.2
49,4.8536363636363635,4.954545454545454,4,-0.3619,-0.30920000000000003,27,0.04867447167634964,0.016426386311650276,-0.5283920168876648,-0.33443549275398254,11.624385833740234,y,1.8_2.0_2.2
49,4.8536363636363635,4.954545454545454,5,-0.30920000000000003,-0.2565,65,0.04369474574923515,0.04427828639745712,-0.4097544550895691,-0.294821172952652,7.036540985107422,y,1.8_2.0_2.2
49,4.8536363636363635,4.954545454545454,6,-0.2565,-0.20379999999999998,11,0.10736529529094696,0.049613725394010544,-0.576495349407196,-0.22510819137096405,14.27341079711914,y,1.8_2.0_2.2
49,4.8536363636363635,4.954545454545454,7,-0.20379999999999998,-0.1511,17,0.2438722401857376,0.0934293121099472,-0.5164888501167297,-0.17068490386009216,9.934200286865234,y,1.8_2.0_2.2
49,4.8536363636363635,4.954545454545454,8,-0.1511,-0.09839999999999999,33,0.4615625739097595,0.1960539072751999,-0.5030878782272339,-0.12090099602937698,7.936463356018066,y,1.8_2.0_2.2
49,4.8536363636363635,4.954545454545454,9,-0.09839999999999999,-0.04569999999999996,34,0.8438488841056824,0.2585870325565338,-0.5477550625801086,-0.07248572260141373,8.582839012145996,y,1.8_2.0_2.2
49,4.8536363636363635,4.954545454545454,10,-0.04569999999999996,0.006999999999999999,23,3.0848681926727295,7.537182331085205,-0.549763560295105,-0.0223531536757946,9.39886474609375,y,1.8_2.0_2.2
49,4.8536363636363635,4.954545454545454,12,0.10700000000000001,0.1563,49,0.10219491273164749,0.2951982319355011,0.2417871654033661,0.13279950618743896,11.456603050231934,y,1.8_2.0_2.2
49,4.8536363636363635,4.954545454545454,13,0.1563,0.2056,47,0.012187018990516663,0.23881343007087708,0.16798800230026245,0.1773456633090973,9.001931190490723,y,1.8_2.0_2.2
49,4.8536363636363635,4.954545454545454,14,0.2056,0.2549,54,0.05197541415691376,0.20555627346038818,0.23891212046146393,0.233485147356987,7.94864559173584,y,1.8_2.0_2.2
49,4.8536363636363635,4.954545454545454,15,0.2549,0.3042,77,0.057602230459451675,0.17762134969234467,0.2892760634422302,0.28178536891937256,6.5430684089660645,y,1.8_2.0_2.2
49,4.8536363636363635,4.954545454545454,16,0.3042,0.35350000000000004,65,-0.06724375486373901,0.1812201738357544,0.12621665000915527,0.3252943754196167,5.8087239265441895,y,1.8_2.0_2.2
49,4.8536363636363635,4.954545454545454,17,0.35350000000000004,0.40279999999999994,23,-0.23212279379367828,0.18284699320793152,-0.1400882750749588,0.37086138129234314,5.835508346557617,y,1.8_2.0_2.2
50,4.954545454545454,5.055454545454545,1,-0.52,-0.4673,6,0.0315064899623394,0.0022240818943828344,-0.5987297892570496,-0.5119343400001526,5.392850875854492,y,1.8_2.0_2.2
50,4.954545454545454,5.055454545454545,3,-0.4146,-0.3619,104,0.049311358481645584,0.007453602273017168,-0.5186142325401306,-0.38743099570274353,6.948274612426758,y,1.8_2.0_2.2
50,4.954545454545454,5.055454545454545,4,-0.3619,-0.30920000000000003,26,0.05029907077550888,0.015472081489861012,-0.5357738733291626,-0.33526676893234253,11.881606101989746,y,1.8_2.0_2.2
50,4.954545454545454,5.055454545454545,5,-0.30920000000000003,-0.2565,60,0.04027581587433815,0.03977533057332039,-0.4073019027709961,-0.2946588397026062,7.215915203094482,y,1.8_2.0_2.2
50,4.954545454545454,5.055454545454545,6,-0.2565,-0.20379999999999998,10,0.10615460574626923,0.009616740979254246,-0.5843275785446167,-0.22634072601795197,15.212506294250488,y,1.8_2.0_2.2
50,4.954545454545454,5.055454545454545,7,-0.20379999999999998,-0.1511,17,0.2438722401857376,0.0934293121099472,-0.5164888501167297,-0.17068490386009216,9.934200286865234,y,1.8_2.0_2.2
50,4.954545454545454,5.055454545454545,8,-0.1511,-0.09839999999999999,32,0.47228631377220154,0.19219081103801727,-0.5118170380592346,-0.12083831429481506,8.032426834106445,y,1.8_2.0_2.2
50,4.954545454545454,5.055454545454545,9,-0.09839999999999999,-0.04569999999999996,34,0.8438488841056824,0.2585870325565338,-0.5477550625801086,-0.07248572260141373,8.582839012145996,y,1.8_2.0_2.2
50,4.954545454545454,5.055454545454545,10,-0.04569999999999996,0.006999999999999999,23,3.0848681926727295,7.537182331085205,-0.549763560295105,-0.0223531536757946,9.39886474609375,y,1.8_2.0_2.2
50,4.954545454545454,5.055454545454545,12,0.10700000000000001,0.1563,49,0.10219491273164749,0.2951982319355011,0.2417871654033661,0.13279950618743896,11.456603050231934,y,1.8_2.0_2.2
50,4.954545454545454,5.055454545454545,13,0.1563,0.2056,46,0.005451309960335493,0.2352043241262436,0.1606278270483017,0.17723718285560608,9.09161376953125,y,1.8_2.0_2.2
50,4.954545454545454,5.055454545454545,14,0.2056,0.2549,53,0.04852106049656868,0.20616376399993896,0.23449595272541046,0.23332150280475616,8.005731582641602,y,1.8_2.0_2.2
50,4.954545454545454,5.055454545454545,15,0.2549,0.3042,68,0.04820623621344566,0.18269778788089752,0.2746587097644806,0.2816420793533325,6.759444236755371,y,1.8_2.0_2.2
50,4.954545454545454,5.055454545454545,16,0.3042,0.35350000000000004,58,-0.08109528571367264,0.18653392791748047,0.10138806700706482,0.32493898272514343,5.917454242706299,y,1.8_2.0_2.2
50,4.954545454545454,5.055454545454545,17,0.35350000000000004,0.40279999999999994,21,-0.23212279379367828,0.16735629737377167,-0.1514832228422165,0.3713867962360382,5.924529075622559,y,1.8_2.0_2.2
51,5.055454545454545,5.156363636363636,1,-0.52,-0.4673,6,0.0315064899623394,0.0022240818943828344,-0.5987297892570496,-0.5119343400001526,5.392850875854492,y,1.8_2.0_2.2
51,5.055454545454545,5.156363636363636,3,-0.4146,-0.3619,95,0.04947638884186745,0.007714055944234133,-0.521027147769928,-0.38653066754341125,7.132863998413086,y,1.8_2.0_2.2
51,5.055454545454545,5.156363636363636,4,-0.3619,-0.30920000000000003,25,0.050844401121139526,0.014082110486924648,-0.5438962578773499,-0.3362133502960205,12.157759666442871,y,1.8_2.0_2.2
51,5.055454545454545,5.156363636363636,5,-0.30920000000000003,-0.2565,55,0.037978168576955795,0.03714664652943611,-0.40787485241889954,-0.2945516109466553,7.413756370544434,y,1.8_2.0_2.2
51,5.055454545454545,5.156363636363636,6,-0.2565,-0.20379999999999998,10,0.10615460574626923,0.009616740979254246,-0.5843275785446167,-0.22634072601795197,15.212506294250488,y,1.8_2.0_2.2
51,5.055454545454545,5.156363636363636,7,-0.20379999999999998,-0.1511,15,0.24797415733337402,0.09349056333303452,-0.5355086922645569,-0.1700407713651657,10.59260368347168,y,1.8_2.0_2.2
51,5.055454545454545,5.156363636363636,8,-0.1511,-0.09839999999999999,30,0.47296714782714844,0.18524177372455597,-0.5192088484764099,-0.12025938928127289,8.232931137084961,y,1.8_2.0_2.2
51,5.055454545454545,5.156363636363636,9,-0.09839999999999999,-0.04569999999999996,34,0.8438488841056824,0.2585870325565338,-0.5477550625801086,-0.07248572260141373,8.582839012145996,y,1.8_2.0_2.2
51,5.055454545454545,5.156363636363636,10,-0.04569999999999996,0.006999999999999999,23,3.0848681926727295,7.537182331085205,-0.549763560295105,-0.0223531536757946,9.39886474609375,y,1.8_2.0_2.2
51,5.055454545454545,5.156363636363636,12,0.10700000000000001,0.1563,49,0.10219491273164749,0.2951982319355011,0.2417871654033661,0.13279950618743896,11.456603050231934,y,1.8_2.0_2.2
51,5.055454545454545,5.156363636363636,13,0.1563,0.2056,46,0.005451309960335493,0.2352043241262436,0.1606278270483017,0.17723718285560608,9.09161376953125,y,1.8_2.0_2.2
51,5.055454545454545,5.156363636363636,14,0.2056,0.2549,49,0.03386542946100235,0.20872199535369873,0.22022463381290436,0.2327677607536316,8.250905990600586,y,1.8_2.0_2.2
51,5.055454545454545,5.156363636363636,15,0.2549,0.3042,56,0.02718978561460972,0.19360382854938507,0.24134084582328796,0.2810038626194,7.135319709777832,y,1.8_2.0_2.2
51,5.055454545454545,5.156363636363636,16,0.3042,0.35350000000000004,50,-0.09672603011131287,0.19130279123783112,0.07189308851957321,0.3259889483451843,6.062877178192139,y,1.8_2.0_2.2
51,5.055454545454545,5.156363636363636,17,0.35350000000000004,0.40279999999999994,20,-0.24366267025470734,0.16651593148708344,-0.17301927506923676,0.3716316819190979,5.970070838928223,y,1.8_2.0_2.2
52,5.156363636363636,5.257272727272727,1,-0.52,-0.4673,6,0.0315064899623394,0.0022240818943828344,-0.5987297892570496,-0.5119343400001526,5.392850875854492,y,1.8_2.0_2.2
52,5.156363636363636,5.257272727272727,3,-0.4146,-0.3619,88,0.04935040697455406,0.007884773425757885,-0.5230321288108826,-0.3860417306423187,7.293359756469727,y,1.8_2.0_2.2
52,5.156363636363636,5.257272727272727,4,-0.3619,-0.30920000000000003,23,0.052095647901296616,0.010174497961997986,-0.5621259808540344,-0.3385085463523865,12.772006034851074,y,1.8_2.0_2.2
52,5.156363636363636,5.257272727272727,5,-0.30920000000000003,-0.2565,50,0.03733744099736214,0.03336786478757858,-0.40838414430618286,-0.2942780554294586,7.64102029800415,y,1.8_2.0_2.2
52,5.156363636363636,5.257272727272727,6,-0.2565,-0.20379999999999998,10,0.10615460574626923,0.009616740979254246,-0.5843275785446167,-0.22634072601795197,15.212506294250488,y,1.8_2.0_2.2
52,5.156363636363636,5.257272727272727,7,-0.20379999999999998,-0.1511,14,0.2395365685224533,0.09417957067489624,-0.5383275747299194,-0.16908563673496246,10.982880592346191,y,1.8_2.0_2.2
52,5.156363636363636,5.257272727272727,8,-0.1511,-0.09839999999999999,29,0.48416033387184143,0.17744792997837067,-0.5288248658180237,-0.11949197947978973,8.341315269470215,y,1.8_2.0_2.2
52,5.156363636363636,5.257272727272727,9,-0.09839999999999999,-0.04569999999999996,34,0.8438488841056824,0.2585870325565338,-0.5477550625801086,-0.07248572260141373,8.582839012145996,y,1.8_2.0_2.2
52,5.156363636363636,5.257272727272727,10,-0.04569999999999996,0.006999999999999999,23,3.0848681926727295,7.537182331085205,-0.549763560295105,-0.0223531536757946,9.39886474609375,y,1.8_2.0_2.2
52,5.156363636363636,5.257272727272727,12,0.10700000000000001,0.1563,48,0.10704680532217026,0.29729893803596497,0.24494826793670654,0.13232816755771637,11.588654518127441,y,1.8_2.0_2.2
52,5.156363636363636,5.257272727272727,13,0.1563,0.2056,45,0.008973276242613792,0.23722411692142487,0.16268213093280792,0.1773589551448822,9.179911613464355,y,1.8_2.0_2.2
52,5.156363636363636,5.257272727272727,14,0.2056,0.2549,47,0.025890076532959938,0.21004241704940796,0.2093980312347412,0.23218604922294617,8.385083198547363,y,1.8_2.0_2.2
52,5.156363636363636,5.257272727272727,15,0.2549,0.3042,54,0.02188803255558014,0.19476135075092316,0.23225030303001404,0.2812553346157074,7.210470199584961,y,1.8_2.0_2.2
52,5.156363636363636,5.257272727272727,16,0.3042,0.35350000000000004,45,-0.11404996365308762,0.19235704839229584,0.03956911340355873,0.3265638053417206,6.16913366317749,y,1.8_2.0_2.2
52,5.156363636363636,5.257272727272727,17,0.35350000000000004,0.40279999999999994,17,-0.24945369362831116,0.15267261862754822,-0.2021367847919464,0.3708202838897705,6.117579460144043,y,1.8_2.0_2.2
53,5.257272727272727,5.3581818181818175,1,-0.52,-0.4673,5,0.031111547723412514,0.0022360619623214006,-0.598483145236969,-0.5122799873352051,5.420544624328613,y,1.8_2.0_2.2
53,5.257272727272727,5.3581818181818175,3,-0.4146,-0.3619,81,0.04919818416237831,0.00804257020354271,-0.5247861742973328,-0.3851170241832733,7.475234031677246,y,1.8_2.0_2.2
53,5.257272727272727,5.3581818181818175,4,-0.3619,-0.30920000000000003,23,0.052095647901296616,0.010174497961997986,-0.5621259808540344,-0.3385085463523865,12.772006034851074,y,1.8_2.0_2.2
53,5.257272727272727,5.3581818181818175,5,-0.30920000000000003,-0.2565,45,0.039481502026319504,0.03429834544658661,-0.4164346158504486,-0.2934393882751465,7.9115824699401855,y,1.8_2.0_2.2
53,5.257272727272727,5.3581818181818175,6,-0.2565,-0.20379999999999998,10,0.10615460574626923,0.009616740979254246,-0.5843275785446167,-0.22634072601795197,15.212506294250488,y,1.8_2.0_2.2
53,5.257272727272727,5.3581818181818175,7,-0.20379999999999998,-0.1511,13,0.22688701748847961,0.09122680872678757,-0.5416621565818787,-0.16911020874977112,11.423701286315918,y,1.8_2.0_2.2
53,5.257272727272727,5.3581818181818175,8,-0.1511,-0.09839999999999999,28,0.4738301932811737,0.17442074418067932,-0.527404248714447,-0.11950673907995224,8.453262329101562,y,1.8_2.0_2.2
53,5.257272727272727,5.3581818181818175,9,-0.09839999999999999,-0.04569999999999996,34,0.8438488841056824,0.2585870325565338,-0.5477550625801086,-0.07248572260141373,8.582839012145996,y,1.8_2.0_2.2
53,5.257272727272727,5.3581818181818175,10,-0.04569999999999996,0.006999999999999999,23,3.0848681926727295,7.537182331085205,-0.549763560295105,-0.0223531536757946,9.39886474609375,y,1.8_2.0_2.2
53,5.257272727272727,5.3581818181818175,12,0.10700000000000001,0.1563,48,0.10704680532217026,0.29729893803596497,0.24494826793670654,0.13232816755771637,11.588654518127441,y,1.8_2.0_2.2
53,5.257272727272727,5.3581818181818175,13,0.1563,0.2056,45,0.008973276242613792,0.23722411692142487,0.16268213093280792,0.1773589551448822,9.179911613464355,y,1.8_2.0_2.2
53,5.257272727272727,5.3581818181818175,14,0.2056,0.2549,45,0.021883735433220863,0.21066144108772278,0.20203204452991486,0.23273715376853943,8.527581214904785,y,1.8_2.0_2.2
53,5.257272727272727,5.3581818181818175,15,0.2549,0.3042,50,0.011731551960110664,0.19816724956035614,0.22247417271137238,0.28123512864112854,7.368999004364014,y,1.8_2.0_2.2
53,5.257272727272727,5.3581818181818175,16,0.3042,0.35350000000000004,42,-0.12224815040826797,0.19495265185832977,0.022771483287215233,0.32753902673721313,6.239412784576416,y,1.8_2.0_2.2
53,5.257272727272727,5.3581818181818175,17,0.35350000000000004,0.40279999999999994,16,-0.26594915986061096,0.1494254767894745,-0.23185482621192932,0.3707152009010315,6.176957130432129,y,1.8_2.0_2.2
54,5.3581818181818175,5.459090909090909,3,-0.4146,-0.3619,77,0.04911612719297409,0.00817176140844822,-0.5261613130569458,-0.38470274209976196,7.588192462921143,y,1.8_2.0_2.2
54,5.3581818181818175,5.459090909090909,4,-0.3619,-0.30920000000000003,23,0.052095647901296616,0.010174497961997986,-0.5621259808540344,-0.3385085463523865,12.772006034851074,y,1.8_2.0_2.2
54,5.3581818181818175,5.459090909090909,5,-0.30920000000000003,-0.2565,38,0.04208943620324135,0.03310736268758774,-0.42708808183670044,-0.29256999492645264,8.391399383544922,y,1.8_2.0_2.2
54,5.3581818181818175,5.459090909090909,6,-0.2565,-0.20379999999999998,10,0.10615460574626923,0.009616740979254246,-0.5843275785446167,-0.22634072601795197,15.212506294250488,y,1.8_2.0_2.2
54,5.3581818181818175,5.459090909090909,7,-0.20379999999999998,-0.1511,13,0.22688701748847961,0.09122680872678757,-0.5416621565818787,-0.16911020874977112,11.423701286315918,y,1.8_2.0_2.2
54,5.3581818181818175,5.459090909090909,8,-0.1511,-0.09839999999999999,28,0.4738301932811737,0.17442074418067932,-0.527404248714447,-0.11950673907995224,8.453262329101562,y,1.8_2.0_2.2
54,5.3581818181818175,5.459090909090909,9,-0.09839999999999999,-0.04569999999999996,34,0.8438488841056824,0.2585870325565338,-0.5477550625801086,-0.07248572260141373,8.582839012145996,y,1.8_2.0_2.2
54,5.3581818181818175,5.459090909090909,10,-0.04569999999999996,0.006999999999999999,23,3.0848681926727295,7.537182331085205,-0.549763560295105,-0.0223531536757946,9.39886474609375,y,1.8_2.0_2.2
54,5.3581818181818175,5.459090909090909,12,0.10700000000000001,0.1563,48,0.10704680532217026,0.29729893803596497,0.24494826793670654,0.13232816755771637,11.588654518127441,y,1.8_2.0_2.2
54,5.3581818181818175,5.459090909090909,13,0.1563,0.2056,43,0.014852973632514477,0.2419804185628891,0.1660827100276947,0.17769040167331696,9.358427047729492,y,1.8_2.0_2.2
54,5.3581818181818175,5.459090909090909,14,0.2056,0.2549,43,0.012491017580032349,0.20964425802230835,0.18810980021953583,0.23279963433742523,8.676431655883789,y,1.8_2.0_2.2
54,5.3581818181818175,5.459090909090909,15,0.2549,0.3042,42,-0.017268728464841843,0.20375433564186096,0.17306077480316162,0.2814801037311554,7.757794380187988,y,1.8_2.0_2.2
54,5.3581818181818175,5.459090909090909,16,0.3042,0.35350000000000004,39,-0.12849731743335724,0.19831211864948273,0.010192515328526497,0.3270204961299896,6.311824798583984,y,1.8_2.0_2.2
54,5.3581818181818175,5.459090909090909,17,0.35350000000000004,0.40279999999999994,14,-0.28246209025382996,0.15709368884563446,-0.26600006222724915,0.37096160650253296,6.295482158660889,y,1.8_2.0_2.2
55,5.459090909090909,5.56,3,-0.4146,-0.3619,69,0.04855820909142494,0.008142133243381977,-0.5279003977775574,-0.38341963291168213,7.840039253234863,y,1.8_2.0_2.2
55,5.459090909090909,5.56,4,-0.3619,-0.30920000000000003,23,0.052095647901296616,0.010174497961997986,-0.5621259808540344,-0.3385085463523865,12.772006034851074,y,1.8_2.0_2.2
55,5.459090909090909,5.56,5,-0.30920000000000003,-0.2565,30,0.046487998217344284,0.031225087121129036,-0.4456794559955597,-0.29118481278419495,9.188587188720703,y,1.8_2.0_2.2
55,5.459090909090909,5.56,6,-0.2565,-0.20379999999999998,10,0.10615460574626923,0.009616740979254246,-0.5843275785446167,-0.22634072601795197,15.212506294250488,y,1.8_2.0_2.2
55,5.459090909090909,5.56,7,-0.20379999999999998,-0.1511,12,0.21596571803092957,0.07992470264434814,-0.5456414222717285,-0.17028747498989105,11.928378105163574,y,1.8_2.0_2.2
55,5.459090909090909,5.56,8,-0.1511,-0.09839999999999999,27,0.46429914236068726,0.16878516972064972,-0.5258998274803162,-0.11978182941675186,8.56687068939209,y,1.8_2.0_2.2
55,5.459090909090909,5.56,9,-0.09839999999999999,-0.04569999999999996,34,0.8438488841056824,0.2585870325565338,-0.5477550625801086,-0.07248572260141373,8.582839012145996,y,1.8_2.0_2.2
55,5.459090909090909,5.56,10,-0.04569999999999996,0.006999999999999999,23,3.0848681926727295,7.537182331085205,-0.549763560295105,-0.0223531536757946,9.39886474609375,y,1.8_2.0_2.2
55,5.459090909090909,5.56,12,0.10700000000000001,0.1563,46,0.10535483062267303,0.2978545129299164,0.24250288307666779,0.1314394772052765,11.85853099822998,y,1.8_2.0_2.2
55,5.459090909090909,5.56,13,0.1563,0.2056,43,0.014852973632514477,0.2419804185628891,0.1660827100276947,0.17769040167331696,9.358427047729492,y,1.8_2.0_2.2
55,5.459090909090909,5.56,14,0.2056,0.2549,41,-0.0037474813871085644,0.20991481840610504,0.17284008860588074,0.23195843398571014,8.836960792541504,y,1.8_2.0_2.2
55,5.459090909090909,5.56,15,0.2549,0.3042,40,-0.027028333395719528,0.2075328528881073,0.16430452466011047,0.28082767128944397,7.8753156661987305,y,1.8_2.0_2.2
55,5.459090909090909,5.56,16,0.3042,0.35350000000000004,31,-0.2042125165462494,0.17519862949848175,-0.11737149208784103,0.3279302418231964,6.550027370452881,y,1.8_2.0_2.2
55,5.459090909090909,5.56,17,0.35350000000000004,0.40279999999999994,13,-0.26921147108078003,0.1516340672969818,-0.24342107772827148,0.371524453163147,6.367170333862305,y,1.8_2.0_2.2
56,5.56,5.66090909090909,3,-0.4146,-0.3619,65,0.04849783703684807,0.008143209852278233,-0.5297572016716003,-0.3829261362552643,7.982726097106934,y,1.8_2.0_2.2
56,5.56,5.66090909090909,4,-0.3619,-0.30920000000000003,23,0.052095647901296616,0.010174497961997986,-0.5621259808540344,-0.3385085463523865,12.772006034851074,y,1.8_2.0_2.2
56,5.56,5.66090909090909,5,-0.30920000000000003,-0.2565,24,0.0538502037525177,0.03171141445636749,-0.4727795422077179,-0.2895139753818512,10.108452796936035,y,1.8_2.0_2.2
56,5.56,5.66090909090909,6,-0.2565,-0.20379999999999998,10,0.10615460574626923,0.009616740979254246,-0.5843275785446167,-0.22634072601795197,15.212506294250488,y,1.8_2.0_2.2
56,5.56,5.66090909090909,7,-0.20379999999999998,-0.1511,12,0.21596571803092957,0.07992470264434814,-0.5456414222717285,-0.17028747498989105,11.928378105163574,y,1.8_2.0_2.2
56,5.56,5.66090909090909,8,-0.1511,-0.09839999999999999,25,0.4555372893810272,0.16189412772655487,-0.525560200214386,-0.11948305368423462,8.811766624450684,y,1.8_2.0_2.2
56,5.56,5.66090909090909,9,-0.09839999999999999,-0.04569999999999996,33,0.8475135564804077,0.2618149518966675,-0.5495334267616272,-0.07181163132190704,8.675232887268066,y,1.8_2.0_2.2
56,5.56,5.66090909090909,10,-0.04569999999999996,0.006999999999999999,23,3.0848681926727295,7.537182331085205,-0.549763560295105,-0.0223531536757946,9.39886474609375,y,1.8_2.0_2.2
56,5.56,5.66090909090909,12,0.10700000000000001,0.1563,45,0.09850474447011948,0.2875394821166992,0.23654240369796753,0.131966233253479,11.998805046081543,y,1.8_2.0_2.2
56,5.56,5.66090909090909,13,0.1563,0.2056,43,0.014852973632514477,0.2419804185628891,0.1660827100276947,0.17769040167331696,9.358427047729492,y,1.8_2.0_2.2
56,5.56,5.66090909090909,14,0.2056,0.2549,39,-0.009261585772037506,0.21300891041755676,0.16313816606998444,0.23141159117221832,9.005988121032715,y,1.8_2.0_2.2
56,5.56,5.66090909090909,15,0.2549,0.3042,39,-0.03139089047908783,0.20868147909641266,0.15683722496032715,0.28072577714920044,7.93519926071167,y,1.8_2.0_2.2
56,5.56,5.66090909090909,16,0.3042,0.35350000000000004,29,-0.22453753650188446,0.16860821843147278,-0.15167337656021118,0.3288344740867615,6.624294757843018,y,1.8_2.0_2.2
56,5.56,5.66090909090909,17,0.35350000000000004,0.40279999999999994,12,-0.2859938144683838,0.14485210180282593,-0.28660327196121216,0.3729884624481201,6.440399169921875,y,1.8_2.0_2.2
57,5.66090909090909,5.761818181818182,3,-0.4146,-0.3619,64,0.0484146885573864,0.008196812123060226,-0.5300173759460449,-0.38270822167396545,8.020547866821289,y,1.8_2.0_2.2
57,5.66090909090909,5.761818181818182,4,-0.3619,-0.30920000000000003,23,0.052095647901296616,0.010174497961997986,-0.5621259808540344,-0.3385085463523865,12.772006034851074,y,1.8_2.0_2.2
57,5.66090909090909,5.761818181818182,5,-0.30920000000000003,-0.2565,21,0.05503609776496887,0.027879057452082634,-0.48386088013648987,-0.28879013657569885,10.753084182739258,y,1.8_2.0_2.2
57,5.66090909090909,5.761818181818182,6,-0.2565,-0.20379999999999998,10,0.10615460574626923,0.009616740979254246,-0.5843275785446167,-0.22634072601795197,15.212506294250488,y,1.8_2.0_2.2
57,5.66090909090909,5.761818181818182,7,-0.20379999999999998,-0.1511,12,0.21596571803092957,0.07992470264434814,-0.5456414222717285,-0.17028747498989105,11.928378105163574,y,1.8_2.0_2.2
57,5.66090909090909,5.761818181818182,8,-0.1511,-0.09839999999999999,21,0.42655280232429504,0.16630880534648895,-0.5278756022453308,-0.11874176561832428,9.41901683807373,y,1.8_2.0_2.2
57,5.66090909090909,5.761818181818182,9,-0.09839999999999999,-0.04569999999999996,32,0.8411879539489746,0.2647082209587097,-0.5488928556442261,-0.07135988771915436,8.770973205566406,y,1.8_2.0_2.2
57,5.66090909090909,5.761818181818182,10,-0.04569999999999996,0.006999999999999999,23,3.0848681926727295,7.537182331085205,-0.549763560295105,-0.0223531536757946,9.39886474609375,y,1.8_2.0_2.2
57,5.66090909090909,5.761818181818182,12,0.10700000000000001,0.1563,45,0.09850474447011948,0.2875394821166992,0.23654240369796753,0.131966233253479,11.998805046081543,y,1.8_2.0_2.2
57,5.66090909090909,5.761818181818182,13,0.1563,0.2056,42,0.01940443366765976,0.24401021003723145,0.1688658446073532,0.17757919430732727,9.448311805725098,y,1.8_2.0_2.2
57,5.66090909090909,5.761818181818182,14,0.2056,0.2549,39,-0.009261585772037506,0.21300891041755676,0.16313816606998444,0.23141159117221832,9.005988121032715,y,1.8_2.0_2.2
57,5.66090909090909,5.761818181818182,15,0.2549,0.3042,37,-0.03754393383860588,0.21181274950504303,0.14502744376659393,0.2805870473384857,8.062952995300293,y,1.8_2.0_2.2
57,5.66090909090909,5.761818181818182,16,0.3042,0.35350000000000004,27,-0.22398069500923157,0.15602923929691315,-0.16142511367797852,0.32871222496032715,6.698269367218018,y,1.8_2.0_2.2
57,5.66090909090909,5.761818181818182,17,0.35350000000000004,0.40279999999999994,12,-0.2859938144683838,0.14485210180282593,-0.28660327196121216,0.3729884624481201,6.440399169921875,y,1.8_2.0_2.2
58,5.761818181818182,5.862727272727272,3,-0.4146,-0.3619,61,0.0480382926762104,0.00808714609593153,-0.5306721329689026,-0.38239356875419617,8.135506629943848,y,1.8_2.0_2.2
58,5.761818181818182,5.862727272727272,4,-0.3619,-0.30920000000000003,23,0.052095647901296616,0.010174497961997986,-0.5621259808540344,-0.3385085463523865,12.772006034851074,y,1.8_2.0_2.2
58,5.761818181818182,5.862727272727272,5,-0.30920000000000003,-0.2565,17,0.06523001194000244,0.025218212977051735,-0.5187553763389587,-0.2865256071090698,11.945470809936523,y,1.8_2.0_2.2
58,5.761818181818182,5.862727272727272,6,-0.2565,-0.20379999999999998,10,0.10615460574626923,0.009616740979254246,-0.5843275785446167,-0.22634072601795197,15.212506294250488,y,1.8_2.0_2.2
58,5.761818181818182,5.862727272727272,7,-0.20379999999999998,-0.1511,12,0.21596571803092957,0.07992470264434814,-0.5456414222717285,-0.17028747498989105,11.928378105163574,y,1.8_2.0_2.2
58,5.761818181818182,5.862727272727272,8,-0.1511,-0.09839999999999999,21,0.42655280232429504,0.16630880534648895,-0.5278756022453308,-0.11874176561832428,9.41901683807373,y,1.8_2.0_2.2
58,5.761818181818182,5.862727272727272,9,-0.09839999999999999,-0.04569999999999996,30,0.8410366177558899,0.2732125222682953,-0.5476410388946533,-0.0697767436504364,8.97544002532959,y,1.8_2.0_2.2
58,5.761818181818182,5.862727272727272,10,-0.04569999999999996,0.006999999999999999,23,3.0848681926727295,7.537182331085205,-0.549763560295105,-0.0223531536757946,9.39886474609375,y,1.8_2.0_2.2
58,5.761818181818182,5.862727272727272,12,0.10700000000000001,0.1563,45,0.09850474447011948,0.2875394821166992,0.23654240369796753,0.131966233253479,11.998805046081543,y,1.8_2.0_2.2
58,5.761818181818182,5.862727272727272,13,0.1563,0.2056,40,0.010754697024822235,0.24402396380901337,0.16274547576904297,0.177336186170578,9.63457202911377,y,1.8_2.0_2.2
58,5.761818181818182,5.862727272727272,14,0.2056,0.2549,38,-0.014690912328660488,0.21237501502037048,0.153877392411232,0.23125216364860535,9.093208312988281,y,1.8_2.0_2.2
58,5.761818181818182,5.862727272727272,15,0.2549,0.3042,34,-0.056679241359233856,0.212386354804039,0.1137063279747963,0.28081852197647095,8.269492149353027,y,1.8_2.0_2.2
58,5.761818181818182,5.862727272727272,16,0.3042,0.35350000000000004,25,-0.23225469887256622,0.14819404482841492,-0.19526168704032898,0.3280605375766754,6.7786946296691895,y,1.8_2.0_2.2
58,5.761818181818182,5.862727272727272,17,0.35350000000000004,0.40279999999999994,10,-0.2825421392917633,0.14590848982334137,-0.28976520895957947,0.3723401427268982,6.58731746673584,y,1.8_2.0_2.2
59,5.862727272727272,5.963636363636363,3,-0.4146,-0.3619,58,0.04795152321457863,0.008291578851640224,-0.5322827696800232,-0.3820723295211792,8.257253646850586,y,1.8_2.0_2.2
59,5.862727272727272,5.963636363636363,4,-0.3619,-0.30920000000000003,23,0.052095647901296616,0.010174497961997986,-0.5621259808540344,-0.3385085463523865,12.772006034851074,y,1.8_2.0_2.2
59,5.862727272727272,5.963636363636363,5,-0.30920000000000003,-0.2565,13,0.07635114341974258,0.011539362370967865,-0.5751520395278931,-0.28287333250045776,13.838850975036621,y,1.8_2.0_2.2
59,5.862727272727272,5.963636363636363,6,-0.2565,-0.20379999999999998,10,0.10615460574626923,0.009616740979254246,-0.5843275785446167,-0.22634072601795197,15.212506294250488,y,1.8_2.0_2.2
59,5.862727272727272,5.963636363636363,7,-0.20379999999999998,-0.1511,11,0.2136581540107727,0.08261720091104507,-0.5494107604026794,-0.1674734205007553,12.487593650817871,y,1.8_2.0_2.2
59,5.862727272727272,5.963636363636363,8,-0.1511,-0.09839999999999999,19,0.42864859104156494,0.15655197203159332,-0.5399036407470703,-0.11730676144361496,9.798718452453613,y,1.8_2.0_2.2
59,5.862727272727272,5.963636363636363,9,-0.09839999999999999,-0.04569999999999996,30,0.8410366177558899,0.2732125222682953,-0.5476410388946533,-0.0697767436504364,8.97544002532959,y,1.8_2.0_2.2
59,5.862727272727272,5.963636363636363,10,-0.04569999999999996,0.006999999999999999,23,3.0848681926727295,7.537182331085205,-0.549763560295105,-0.0223531536757946,9.39886474609375,y,1.8_2.0_2.2
59,5.862727272727272,5.963636363636363,12,0.10700000000000001,0.1563,45,0.09850474447011948,0.2875394821166992,0.23654240369796753,0.131966233253479,11.998805046081543,y,1.8_2.0_2.2
59,5.862727272727272,5.963636363636363,13,0.1563,0.2056,39,0.00298650236800313,0.2417040318250656,0.15382429957389832,0.1772412359714508,9.732878684997559,y,1.8_2.0_2.2
59,5.862727272727272,5.963636363636363,14,0.2056,0.2549,38,-0.014690912328660488,0.21237501502037048,0.153877392411232,0.23125216364860535,9.093208312988281,y,1.8_2.0_2.2
59,5.862727272727272,5.963636363636363,15,0.2549,0.3042,32,-0.05303008854389191,0.21807898581027985,0.11290253698825836,0.2798951268196106,8.422649383544922,y,1.8_2.0_2.2
59,5.862727272727272,5.963636363636363,16,0.3042,0.35350000000000004,21,-0.24438482522964478,0.12800085544586182,-0.24621430039405823,0.3266755938529968,6.958520889282227,y,1.8_2.0_2.2
59,5.862727272727272,5.963636363636363,17,0.35350000000000004,0.40279999999999994,8,-0.31186527013778687,0.10132840275764465,-0.4224144518375397,0.373894602060318,6.777897357940674,y,1.8_2.0_2.2
60,5.963636363636363,6.0645454545454545,3,-0.4146,-0.3619,54,0.04756632074713707,0.008299771696329117,-0.5335272550582886,-0.38129308819770813,8.432211875915527,y,1.8_2.0_2.2
60,5.963636363636363,6.0645454545454545,4,-0.3619,-0.30920000000000003,23,0.052095647901296616,0.010174497961997986,-0.5621259808540344,-0.3385085463523865,12.772006034851074,y,1.8_2.0_2.2
60,5.963636363636363,6.0645454545454545,5,-0.30920000000000003,-0.2565,13,0.07635114341974258,0.011539362370967865,-0.5751520395278931,-0.28287333250045776,13.838850975036621,y,1.8_2.0_2.2
60,5.963636363636363,6.0645454545454545,6,-0.2565,-0.20379999999999998,10,0.10615460574626923,0.009616740979254246,-0.5843275785446167,-0.22634072601795197,15.212506294250488,y,1.8_2.0_2.2
60,5.963636363636363,6.0645454545454545,7,-0.20379999999999998,-0.1511,10,0.20474772155284882,0.08385603129863739,-0.5539876222610474,-0.16549012064933777,13.143644332885742,y,1.8_2.0_2.2
60,5.963636363636363,6.0645454545454545,8,-0.1511,-0.09839999999999999,19,0.42864859104156494,0.15655197203159332,-0.5399036407470703,-0.11730676144361496,9.798718452453613,y,1.8_2.0_2.2
60,5.963636363636363,6.0645454545454545,9,-0.09839999999999999,-0.04569999999999996,30,0.8410366177558899,0.2732125222682953,-0.5476410388946533,-0.0697767436504364,8.97544002532959,y,1.8_2.0_2.2
60,5.963636363636363,6.0645454545454545,10,-0.04569999999999996,0.006999999999999999,23,3.0848681926727295,7.537182331085205,-0.549763560295105,-0.0223531536757946,9.39886474609375,y,1.8_2.0_2.2
60,5.963636363636363,6.0645454545454545,12,0.10700000000000001,0.1563,45,0.09850474447011948,0.2875394821166992,0.23654240369796753,0.131966233253479,11.998805046081543,y,1.8_2.0_2.2
60,5.963636363636363,6.0645454545454545,13,0.1563,0.2056,38,0.006780642084777355,0.24432335793972015,0.15626108646392822,0.17719852924346924,9.832855224609375,y,1.8_2.0_2.2
60,5.963636363636363,6.0645454545454545,14,0.2056,0.2549,38,-0.014690912328660488,0.21237501502037048,0.153877392411232,0.23125216364860535,9.093208312988281,y,1.8_2.0_2.2
60,5.963636363636363,6.0645454545454545,15,0.2549,0.3042,30,-0.06805898994207382,0.22155483067035675,0.09612023085355759,0.2801057696342468,8.591965675354004,y,1.8_2.0_2.2
60,5.963636363636363,6.0645454545454545,16,0.3042,0.35350000000000004,20,-0.2509014308452606,0.12868598103523254,-0.2613809406757355,0.3266166150569916,7.011775970458984,y,1.8_2.0_2.2
60,5.963636363636363,6.0645454545454545,17,0.35350000000000004,0.40279999999999994,8,-0.31186527013778687,0.10132840275764465,-0.4224144518375397,0.373894602060318,6.777897357940674,y,1.8_2.0_2.2
61,6.0645454545454545,6.165454545454545,3,-0.4146,-0.3619,53,0.04726016893982887,0.00822676345705986,-0.533474862575531,-0.3810619115829468,8.47746467590332,y,1.8_2.0_2.2
61,6.0645454545454545,6.165454545454545,4,-0.3619,-0.30920000000000003,23,0.052095647901296616,0.010174497961997986,-0.5621259808540344,-0.3385085463523865,12.772006034851074,y,1.8_2.0_2.2
61,6.0645454545454545,6.165454545454545,5,-0.30920000000000003,-0.2565,13,0.07635114341974258,0.011539362370967865,-0.5751520395278931,-0.28287333250045776,13.838850975036621,y,1.8_2.0_2.2
61,6.0645454545454545,6.165454545454545,6,-0.2565,-0.20379999999999998,10,0.10615460574626923,0.009616740979254246,-0.5843275785446167,-0.22634072601795197,15.212506294250488,y,1.8_2.0_2.2
61,6.0645454545454545,6.165454545454545,7,-0.20379999999999998,-0.1511,10,0.20474772155284882,0.08385603129863739,-0.5539876222610474,-0.16549012064933777,13.143644332885742,y,1.8_2.0_2.2
61,6.0645454545454545,6.165454545454545,8,-0.1511,-0.09839999999999999,19,0.42864859104156494,0.15655197203159332,-0.5399036407470703,-0.11730676144361496,9.798718452453613,y,1.8_2.0_2.2
61,6.0645454545454545,6.165454545454545,9,-0.09839999999999999,-0.04569999999999996,30,0.8410366177558899,0.2732125222682953,-0.5476410388946533,-0.0697767436504364,8.97544002532959,y,1.8_2.0_2.2
61,6.0645454545454545,6.165454545454545,10,-0.04569999999999996,0.006999999999999999,23,3.0848681926727295,7.537182331085205,-0.549763560295105,-0.0223531536757946,9.39886474609375,y,1.8_2.0_2.2
61,6.0645454545454545,6.165454545454545,12,0.10700000000000001,0.1563,44,0.09228189289569855,0.2859870195388794,0.23040571808815002,0.13166795670986176,12.134278297424316,y,1.8_2.0_2.2
61,6.0645454545454545,6.165454545454545,13,0.1563,0.2056,38,0.006780642084777355,0.24432335793972015,0.15626108646392822,0.17719852924346924,9.832855224609375,y,1.8_2.0_2.2
61,6.0645454545454545,6.165454545454545,14,0.2056,0.2549,38,-0.014690912328660488,0.21237501502037048,0.153877392411232,0.23125216364860535,9.093208312988281,y,1.8_2.0_2.2
61,6.0645454545454545,6.165454545454545,15,0.2549,0.3042,28,-0.08497125655412674,0.2222021073102951,0.06765128672122955,0.27983102202415466,8.778813362121582,y,1.8_2.0_2.2
61,6.0645454545454545,6.165454545454545,16,0.3042,0.35350000000000004,17,-0.25471436977386475,0.1258561909198761,-0.28034549951553345,0.32554513216018677,7.190493583679199,y,1.8_2.0_2.2
61,6.0645454545454545,6.165454545454545,17,0.35350000000000004,0.40279999999999994,8,-0.31186527013778687,0.10132840275764465,-0.4224144518375397,0.373894602060318,6.777897357940674,y,1.8_2.0_2.2
62,6.165454545454545,6.266363636363636,3,-0.4146,-0.3619,51,0.04722980037331581,0.008357164449989796,-0.5346286296844482,-0.3809533715248108,8.568955421447754,y,1.8_2.0_2.2
62,6.165454545454545,6.266363636363636,4,-0.3619,-0.30920000000000003,23,0.052095647901296616,0.010174497961997986,-0.5621259808540344,-0.3385085463523865,12.772006034851074,y,1.8_2.0_2.2
62,6.165454545454545,6.266363636363636,5,-0.30920000000000003,-0.2565,13,0.07635114341974258,0.011539362370967865,-0.5751520395278931,-0.28287333250045776,13.838850975036621,y,1.8_2.0_2.2
62,6.165454545454545,6.266363636363636,6,-0.2565,-0.20379999999999998,10,0.10615460574626923,0.009616740979254246,-0.5843275785446167,-0.22634072601795197,15.212506294250488,y,1.8_2.0_2.2
62,6.165454545454545,6.266363636363636,7,-0.20379999999999998,-0.1511,9,0.2012563943862915,0.08084694296121597,-0.5597003102302551,-0.16469794511795044,13.928226470947266,y,1.8_2.0_2.2
62,6.165454545454545,6.266363636363636,8,-0.1511,-0.09839999999999999,18,0.4133463203907013,0.15263384580612183,-0.5378057956695557,-0.1173003762960434,10.004375457763672,y,1.8_2.0_2.2
62,6.165454545454545,6.266363636363636,9,-0.09839999999999999,-0.04569999999999996,30,0.8410366177558899,0.2732125222682953,-0.5476410388946533,-0.0697767436504364,8.97544002532959,y,1.8_2.0_2.2
62,6.165454545454545,6.266363636363636,10,-0.04569999999999996,0.006999999999999999,23,3.0848681926727295,7.537182331085205,-0.549763560295105,-0.0223531536757946,9.39886474609375,y,1.8_2.0_2.2
62,6.165454545454545,6.266363636363636,12,0.10700000000000001,0.1563,44,0.09228189289569855,0.2859870195388794,0.23040571808815002,0.13166795670986176,12.134278297424316,y,1.8_2.0_2.2
62,6.165454545454545,6.266363636363636,13,0.1563,0.2056,38,0.006780642084777355,0.24432335793972015,0.15626108646392822,0.17719852924346924,9.832855224609375,y,1.8_2.0_2.2
62,6.165454545454545,6.266363636363636,14,0.2056,0.2549,38,-0.014690912328660488,0.21237501502037048,0.153877392411232,0.23125216364860535,9.093208312988281,y,1.8_2.0_2.2
62,6.165454545454545,6.266363636363636,15,0.2549,0.3042,26,-0.10501062870025635,0.22208772599697113,0.034815724939107895,0.27939698100090027,8.986003875732422,y,1.8_2.0_2.2
62,6.165454545454545,6.266363636363636,16,0.3042,0.35350000000000004,17,-0.25471436977386475,0.1258561909198761,-0.28034549951553345,0.32554513216018677,7.190493583679199,y,1.8_2.0_2.2
62,6.165454545454545,6.266363636363636,17,0.35350000000000004,0.40279999999999994,7,-0.2990292012691498,0.10205933451652527,-0.40059584379196167,0.3704874515533447,6.876326560974121,y,1.8_2.0_2.2
63,6.266363636363636,6.367272727272727,3,-0.4146,-0.3619,49,0.04700160771608353,0.008454163558781147,-0.5352178812026978,-0.3804427981376648,8.664366722106934,y,1.8_2.0_2.2
63,6.266363636363636,6.367272727272727,4,-0.3619,-0.30920000000000003,23,0.052095647901296616,0.010174497961997986,-0.5621259808540344,-0.3385085463523865,12.772006034851074,y,1.8_2.0_2.2
63,6.266363636363636,6.367272727272727,5,-0.30920000000000003,-0.2565,13,0.07635114341974258,0.011539362370967865,-0.5751520395278931,-0.28287333250045776,13.838850975036621,y,1.8_2.0_2.2
63,6.266363636363636,6.367272727272727,6,-0.2565,-0.20379999999999998,10,0.10615460574626923,0.009616740979254246,-0.5843275785446167,-0.22634072601795197,15.212506294250488,y,1.8_2.0_2.2
63,6.266363636363636,6.367272727272727,7,-0.20379999999999998,-0.1511,8,0.1822405904531479,0.0640222579240799,-0.5669747591018677,-0.16566471755504608,14.892816543579102,y,1.8_2.0_2.2
63,6.266363636363636,6.367272727272727,8,-0.1511,-0.09839999999999999,18,0.4133463203907013,0.15263384580612183,-0.5378057956695557,-0.1173003762960434,10.004375457763672,y,1.8_2.0_2.2
63,6.266363636363636,6.367272727272727,9,-0.09839999999999999,-0.04569999999999996,30,0.8410366177558899,0.2732125222682953,-0.5476410388946533,-0.0697767436504364,8.97544002532959,y,1.8_2.0_2.2
63,6.266363636363636,6.367272727272727,10,-0.04569999999999996,0.006999999999999999,23,3.0848681926727295,7.537182331085205,-0.549763560295105,-0.0223531536757946,9.39886474609375,y,1.8_2.0_2.2
63,6.266363636363636,6.367272727272727,12,0.10700000000000001,0.1563,44,0.09228189289569855,0.2859870195388794,0.23040571808815002,0.13166795670986176,12.134278297424316,y,1.8_2.0_2.2
63,6.266363636363636,6.367272727272727,13,0.1563,0.2056,38,0.006780642084777355,0.24432335793972015,0.15626108646392822,0.17719852924346924,9.832855224609375,y,1.8_2.0_2.2
63,6.266363636363636,6.367272727272727,14,0.2056,0.2549,37,-0.015037085860967636,0.2151719629764557,0.1517419070005417,0.2310216724872589,9.171988487243652,y,1.8_2.0_2.2
63,6.266363636363636,6.367272727272727,15,0.2549,0.3042,24,-0.12916669249534607,0.22050592303276062,-0.003140663029626012,0.2792504131793976,9.215935707092285,y,1.8_2.0_2.2
63,6.266363636363636,6.367272727272727,16,0.3042,0.35350000000000004,16,-0.2649708688259125,0.12555111944675446,-0.3015492856502533,0.32593029737472534,7.252689838409424,y,1.8_2.0_2.2
63,6.266363636363636,6.367272727272727,17,0.35350000000000004,0.40279999999999994,7,-0.2990292012691498,0.10205933451652527,-0.40059584379196167,0.3704874515533447,6.876326560974121,y,1.8_2.0_2.2
64,6.367272727272727,6.468181818181818,3,-0.4146,-0.3619,45,0.046517085283994675,0.008014364168047905,-0.5370990633964539,-0.38024869561195374,8.870890617370605,y,1.8_2.0_2.2
64,6.367272727272727,6.468181818181818,4,-0.3619,-0.30920000000000003,23,0.052095647901296616,0.010174497961997986,-0.5621259808540344,-0.3385085463523865,12.772006034851074,y,1.8_2.0_2.2
64,6.367272727272727,6.468181818181818,5,-0.30920000000000003,-0.2565,13,0.07635114341974258,0.011539362370967865,-0.5751520395278931,-0.28287333250045776,13.838850975036621,y,1.8_2.0_2.2
64,6.367272727272727,6.468181818181818,6,-0.2565,-0.20379999999999998,10,0.10615460574626923,0.009616740979254246,-0.5843275785446167,-0.22634072601795197,15.212506294250488,y,1.8_2.0_2.2
64,6.367272727272727,6.468181818181818,7,-0.20379999999999998,-0.1511,8,0.1822405904531479,0.0640222579240799,-0.5669747591018677,-0.16566471755504608,14.892816543579102,y,1.8_2.0_2.2
64,6.367272727272727,6.468181818181818,8,-0.1511,-0.09839999999999999,17,0.41450434923171997,0.15694953501224518,-0.5400039553642273,-0.11586552858352661,10.218940734863281,y,1.8_2.0_2.2
64,6.367272727272727,6.468181818181818,9,-0.09839999999999999,-0.04569999999999996,30,0.8410366177558899,0.2732125222682953,-0.5476410388946533,-0.0697767436504364,8.97544002532959,y,1.8_2.0_2.2
64,6.367272727272727,6.468181818181818,10,-0.04569999999999996,0.006999999999999999,23,3.0848681926727295,7.537182331085205,-0.549763560295105,-0.0223531536757946,9.39886474609375,y,1.8_2.0_2.2
64,6.367272727272727,6.468181818181818,12,0.10700000000000001,0.1563,44,0.09228189289569855,0.2859870195388794,0.23040571808815002,0.13166795670986176,12.134278297424316,y,1.8_2.0_2.2
64,6.367272727272727,6.468181818181818,13,0.1563,0.2056,38,0.006780642084777355,0.24432335793972015,0.15626108646392822,0.17719852924346924,9.832855224609375,y,1.8_2.0_2.2
64,6.367272727272727,6.468181818181818,14,0.2056,0.2549,36,-0.015535053797066212,0.2180677056312561,0.1494174599647522,0.2308536320924759,9.250158309936523,y,1.8_2.0_2.2
64,6.367272727272727,6.468181818181818,15,0.2549,0.3042,21,-0.1694403439760208,0.21174123883247375,-0.07527314126491547,0.2789992392063141,9.630244255065918,y,1.8_2.0_2.2
64,6.367272727272727,6.468181818181818,16,0.3042,0.35350000000000004,16,-0.2649708688259125,0.12555111944675446,-0.3015492856502533,0.32593029737472534,7.252689838409424,y,1.8_2.0_2.2
64,6.367272727272727,6.468181818181818,17,0.35350000000000004,0.40279999999999994,5,-0.30981963872909546,0.08830003440380096,-0.45277056097984314,0.3706904351711273,7.102476596832275,y,1.8_2.0_2.2
65,6.468181818181818,6.569090909090908,3,-0.4146,-0.3619,44,0.04612073302268982,0.007575472351163626,-0.5368269085884094,-0.38015300035476685,8.926421165466309,y,1.8_2.0_2.2
65,6.468181818181818,6.569090909090908,4,-0.3619,-0.30920000000000003,23,0.052095647901296616,0.010174497961997986,-0.5621259808540344,-0.3385085463523865,12.772006034851074,y,1.8_2.0_2.2
65,6.468181818181818,6.569090909090908,5,-0.30920000000000003,-0.2565,13,0.07635114341974258,0.011539362370967865,-0.5751520395278931,-0.28287333250045776,13.838850975036621,y,1.8_2.0_2.2
65,6.468181818181818,6.569090909090908,6,-0.2565,-0.20379999999999998,10,0.10615460574626923,0.009616740979254246,-0.5843275785446167,-0.22634072601795197,15.212506294250488,y,1.8_2.0_2.2
65,6.468181818181818,6.569090909090908,7,-0.20379999999999998,-0.1511,8,0.1822405904531479,0.0640222579240799,-0.5669747591018677,-0.16566471755504608,14.892816543579102,y,1.8_2.0_2.2
65,6.468181818181818,6.569090909090908,8,-0.1511,-0.09839999999999999,16,0.39592793583869934,0.14830686151981354,-0.5377458333969116,-0.11632964760065079,10.457674026489258,y,1.8_2.0_2.2
65,6.468181818181818,6.569090909090908,9,-0.09839999999999999,-0.04569999999999996,30,0.8410366177558899,0.2732125222682953,-0.5476410388946533,-0.0697767436504364,8.97544002532959,y,1.8_2.0_2.2
65,6.468181818181818,6.569090909090908,10,-0.04569999999999996,0.006999999999999999,23,3.0848681926727295,7.537182331085205,-0.549763560295105,-0.0223531536757946,9.39886474609375,y,1.8_2.0_2.2
65,6.468181818181818,6.569090909090908,12,0.10700000000000001,0.1563,44,0.09228189289569855,0.2859870195388794,0.23040571808815002,0.13166795670986176,12.134278297424316,y,1.8_2.0_2.2
65,6.468181818181818,6.569090909090908,13,0.1563,0.2056,38,0.006780642084777355,0.24432335793972015,0.15626108646392822,0.17719852924346924,9.832855224609375,y,1.8_2.0_2.2
65,6.468181818181818,6.569090909090908,14,0.2056,0.2549,35,-0.016196176409721375,0.22106720507144928,0.1469091773033142,0.23077096045017242,9.331806182861328,y,1.8_2.0_2.2
65,6.468181818181818,6.569090909090908,15,0.2549,0.3042,21,-0.1694403439760208,0.21174123883247375,-0.07527314126491547,0.2789992392063141,9.630244255065918,y,1.8_2.0_2.2
65,6.468181818181818,6.569090909090908,16,0.3042,0.35350000000000004,13,-0.24615904688835144,0.12056925147771835,-0.2867256999015808,0.326813668012619,7.443256855010986,y,1.8_2.0_2.2
65,6.468181818181818,6.569090909090908,17,0.35350000000000004,0.40279999999999994,5,-0.30981963872909546,0.08830003440380096,-0.45277056097984314,0.3706904351711273,7.102476596832275,y,1.8_2.0_2.2
66,6.569090909090908,6.67,3,-0.4146,-0.3619,43,0.045959144830703735,0.007636058609932661,-0.5370374917984009,-0.3797886073589325,8.983344078063965,y,1.8_2.0_2.2
66,6.569090909090908,6.67,4,-0.3619,-0.30920000000000003,23,0.052095647901296616,0.010174497961997986,-0.5621259808540344,-0.3385085463523865,12.772006034851074,y,1.8_2.0_2.2
66,6.569090909090908,6.67,5,-0.30920000000000003,-0.2565,13,0.07635114341974258,0.011539362370967865,-0.5751520395278931,-0.28287333250045776,13.838850975036621,y,1.8_2.0_2.2
66,6.569090909090908,6.67,6,-0.2565,-0.20379999999999998,10,0.10615460574626923,0.009616740979254246,-0.5843275785446167,-0.22634072601795197,15.212506294250488,y,1.8_2.0_2.2
66,6.569090909090908,6.67,7,-0.20379999999999998,-0.1511,8,0.1822405904531479,0.0640222579240799,-0.5669747591018677,-0.16566471755504608,14.892816543579102,y,1.8_2.0_2.2
66,6.569090909090908,6.67,8,-0.1511,-0.09839999999999999,15,0.3909221887588501,0.15273058414459229,-0.5403041243553162,-0.11560659110546112,10.722230911254883,y,1.8_2.0_2.2
66,6.569090909090908,6.67,9,-0.09839999999999999,-0.04569999999999996,30,0.8410366177558899,0.2732125222682953,-0.5476410388946533,-0.0697767436504364,8.97544002532959,y,1.8_2.0_2.2
66,6.569090909090908,6.67,10,-0.04569999999999996,0.006999999999999999,23,3.0848681926727295,7.537182331085205,-0.549763560295105,-0.0223531536757946,9.39886474609375,y,1.8_2.0_2.2
66,6.569090909090908,6.67,12,0.10700000000000001,0.1563,44,0.09228189289569855,0.2859870195388794,0.23040571808815002,0.13166795670986176,12.134278297424316,y,1.8_2.0_2.2
66,6.569090909090908,6.67,13,0.1563,0.2056,37,0.010489244014024734,0.24713370203971863,0.15886449813842773,0.17729191482067108,9.922921180725098,y,1.8_2.0_2.2
66,6.569090909090908,6.67,14,0.2056,0.2549,35,-0.016196176409721375,0.22106720507144928,0.1469091773033142,0.23077096045017242,9.331806182861328,y,1.8_2.0_2.2
66,6.569090909090908,6.67,15,0.2549,0.3042,21,-0.1694403439760208,0.21174123883247375,-0.07527314126491547,0.2789992392063141,9.630244255065918,y,1.8_2.0_2.2
66,6.569090909090908,6.67,16,0.3042,0.35350000000000004,13,-0.24615904688835144,0.12056925147771835,-0.2867256999015808,0.326813668012619,7.443256855010986,y,1.8_2.0_2.2
66,6.569090909090908,6.67,17,0.35350000000000004,0.40279999999999994,5,-0.30981963872909546,0.08830003440380096,-0.45277056097984314,0.3706904351711273,7.102476596832275,y,1.8_2.0_2.2
67,6.67,6.7709090909090905,3,-0.4146,-0.3619,41,0.045652616769075394,0.007521347142755985,-0.5371819734573364,-0.37919461727142334,9.09832763671875,y,1.8_2.0_2.2
67,6.67,6.7709090909090905,4,-0.3619,-0.30920000000000003,23,0.052095647901296616,0.010174497961997986,-0.5621259808540344,-0.3385085463523865,12.772006034851074,y,1.8_2.0_2.2
67,6.67,6.7709090909090905,5,-0.30920000000000003,-0.2565,13,0.07635114341974258,0.011539362370967865,-0.5751520395278931,-0.28287333250045776,13.838850975036621,y,1.8_2.0_2.2
67,6.67,6.7709090909090905,6,-0.2565,-0.20379999999999998,10,0.10615460574626923,0.009616740979254246,-0.5843275785446167,-0.22634072601795197,15.212506294250488,y,1.8_2.0_2.2
67,6.67,6.7709090909090905,7,-0.20379999999999998,-0.1511,8,0.1822405904531479,0.0640222579240799,-0.5669747591018677,-0.16566471755504608,14.892816543579102,y,1.8_2.0_2.2
67,6.67,6.7709090909090905,8,-0.1511,-0.09839999999999999,14,0.3789009153842926,0.15531869232654572,-0.5432663559913635,-0.11575215309858322,11.014042854309082,y,1.8_2.0_2.2
67,6.67,6.7709090909090905,9,-0.09839999999999999,-0.04569999999999996,30,0.8410366177558899,0.2732125222682953,-0.5476410388946533,-0.0697767436504364,8.97544002532959,y,1.8_2.0_2.2
67,6.67,6.7709090909090905,10,-0.04569999999999996,0.006999999999999999,23,3.0848681926727295,7.537182331085205,-0.549763560295105,-0.0223531536757946,9.39886474609375,y,1.8_2.0_2.2
67,6.67,6.7709090909090905,12,0.10700000000000001,0.1563,44,0.09228189289569855,0.2859870195388794,0.23040571808815002,0.13166795670986176,12.134278297424316,y,1.8_2.0_2.2
67,6.67,6.7709090909090905,13,0.1563,0.2056,37,0.010489244014024734,0.24713370203971863,0.15886449813842773,0.17729191482067108,9.922921180725098,y,1.8_2.0_2.2
67,6.67,6.7709090909090905,14,0.2056,0.2549,32,-0.02971664071083069,0.2243649661540985,0.12131044268608093,0.23004865646362305,9.587926864624023,y,1.8_2.0_2.2
67,6.67,6.7709090909090905,15,0.2549,0.3042,21,-0.1694403439760208,0.21174123883247375,-0.07527314126491547,0.2789992392063141,9.630244255065918,y,1.8_2.0_2.2
67,6.67,6.7709090909090905,16,0.3042,0.35350000000000004,12,-0.2603790760040283,0.12022557109594345,-0.31430473923683167,0.32542383670806885,7.515151500701904,y,1.8_2.0_2.2
67,6.67,6.7709090909090905,17,0.35350000000000004,0.40279999999999994,5,-0.30981963872909546,0.08830003440380096,-0.45277056097984314,0.3706904351711273,7.102476596832275,y,1.8_2.0_2.2
68,6.7709090909090905,6.871818181818181,3,-0.4146,-0.3619,41,0.045652616769075394,0.007521347142755985,-0.5371819734573364,-0.37919461727142334,9.09832763671875,y,1.8_2.0_2.2
68,6.7709090909090905,6.871818181818181,4,-0.3619,-0.30920000000000003,23,0.052095647901296616,0.010174497961997986,-0.5621259808540344,-0.3385085463523865,12.772006034851074,y,1.8_2.0_2.2
68,6.7709090909090905,6.871818181818181,5,-0.30920000000000003,-0.2565,13,0.07635114341974258,0.011539362370967865,-0.5751520395278931,-0.28287333250045776,13.838850975036621,y,1.8_2.0_2.2
68,6.7709090909090905,6.871818181818181,6,-0.2565,-0.20379999999999998,10,0.10615460574626923,0.009616740979254246,-0.5843275785446167,-0.22634072601795197,15.212506294250488,y,1.8_2.0_2.2
68,6.7709090909090905,6.871818181818181,7,-0.20379999999999998,-0.1511,8,0.1822405904531479,0.0640222579240799,-0.5669747591018677,-0.16566471755504608,14.892816543579102,y,1.8_2.0_2.2
68,6.7709090909090905,6.871818181818181,8,-0.1511,-0.09839999999999999,12,0.34295347332954407,0.12360589951276779,-0.544375479221344,-0.118316650390625,11.729464530944824,y,1.8_2.0_2.2
68,6.7709090909090905,6.871818181818181,9,-0.09839999999999999,-0.04569999999999996,29,0.8328306078910828,0.2759242057800293,-0.5494719743728638,-0.07002858817577362,9.05334758758545,y,1.8_2.0_2.2
68,6.7709090909090905,6.871818181818181,10,-0.04569999999999996,0.006999999999999999,23,3.0848681926727295,7.537182331085205,-0.549763560295105,-0.0223531536757946,9.39886474609375,y,1.8_2.0_2.2
68,6.7709090909090905,6.871818181818181,12,0.10700000000000001,0.1563,44,0.09228189289569855,0.2859870195388794,0.23040571808815002,0.13166795670986176,12.134278297424316,y,1.8_2.0_2.2
68,6.7709090909090905,6.871818181818181,13,0.1563,0.2056,35,0.005972524639219046,0.2507878541946411,0.1511131078004837,0.1769438534975052,10.104928016662598,y,1.8_2.0_2.2
68,6.7709090909090905,6.871818181818181,14,0.2056,0.2549,30,-0.045561790466308594,0.22751480340957642,0.10435687750577927,0.22972245514392853,9.779895782470703,y,1.8_2.0_2.2
68,6.7709090909090905,6.871818181818181,15,0.2549,0.3042,20,-0.17001035809516907,0.21696458756923676,-0.07794573903083801,0.27839919924736023,9.776494026184082,y,1.8_2.0_2.2
68,6.7709090909090905,6.871818181818181,16,0.3042,0.35350000000000004,11,-0.2448040395975113,0.11587585508823395,-0.29324498772621155,0.32711490988731384,7.590587139129639,y,1.8_2.0_2.2
68,6.7709090909090905,6.871818181818181,17,0.35350000000000004,0.40279999999999994,5,-0.30981963872909546,0.08830003440380096,-0.45277056097984314,0.3706904351711273,7.102476596832275,y,1.8_2.0_2.2
69,6.871818181818181,6.972727272727273,3,-0.4146,-0.3619,40,0.04562312737107277,0.007614698726683855,-0.537630021572113,-0.378823459148407,9.155285835266113,y,1.8_2.0_2.2
69,6.871818181818181,6.972727272727273,4,-0.3619,-0.30920000000000003,23,0.052095647901296616,0.010174497961997986,-0.5621259808540344,-0.3385085463523865,12.772006034851074,y,1.8_2.0_2.2
69,6.871818181818181,6.972727272727273,5,-0.30920000000000003,-0.2565,13,0.07635114341974258,0.011539362370967865,-0.5751520395278931,-0.28287333250045776,13.838850975036621,y,1.8_2.0_2.2
69,6.871818181818181,6.972727272727273,6,-0.2565,-0.20379999999999998,10,0.10615460574626923,0.009616740979254246,-0.5843275785446167,-0.22634072601795197,15.212506294250488,y,1.8_2.0_2.2
69,6.871818181818181,6.972727272727273,7,-0.20379999999999998,-0.1511,8,0.1822405904531479,0.0640222579240799,-0.5669747591018677,-0.16566471755504608,14.892816543579102,y,1.8_2.0_2.2
69,6.871818181818181,6.972727272727273,8,-0.1511,-0.09839999999999999,12,0.34295347332954407,0.12360589951276779,-0.544375479221344,-0.118316650390625,11.729464530944824,y,1.8_2.0_2.2
69,6.871818181818181,6.972727272727273,9,-0.09839999999999999,-0.04569999999999996,26,0.8445223569869995,0.2887383997440338,-0.5526204705238342,-0.06829056143760681,9.309626579284668,y,1.8_2.0_2.2
69,6.871818181818181,6.972727272727273,10,-0.04569999999999996,0.006999999999999999,23,3.0848681926727295,7.537182331085205,-0.549763560295105,-0.0223531536757946,9.39886474609375,y,1.8_2.0_2.2
69,6.871818181818181,6.972727272727273,12,0.10700000000000001,0.1563,43,0.08646439760923386,0.2846316397190094,0.22385166585445404,0.13151760399341583,12.256978034973145,y,1.8_2.0_2.2
69,6.871818181818181,6.972727272727273,13,0.1563,0.2056,34,-0.0015450509963557124,0.2500811219215393,0.14049769937992096,0.17668230831623077,10.20240306854248,y,1.8_2.0_2.2
69,6.871818181818181,6.972727272727273,14,0.2056,0.2549,29,-0.04746255651116371,0.23114284873008728,0.09976079314947128,0.22934451699256897,9.88098430633545,y,1.8_2.0_2.2
69,6.871818181818181,6.972727272727273,15,0.2549,0.3042,20,-0.17001035809516907,0.21696458756923676,-0.07794573903083801,0.27839919924736023,9.776494026184082,y,1.8_2.0_2.2
69,6.871818181818181,6.972727272727273,16,0.3042,0.35350000000000004,10,-0.2596759796142578,0.11456147581338882,-0.32734256982803345,0.32732781767845154,7.671637535095215,y,1.8_2.0_2.2
70,6.972727272727273,7.073636363636363,3,-0.4146,-0.3619,35,0.045065686106681824,0.008010908029973507,-0.5406234264373779,-0.37772345542907715,9.474359512329102,y,1.8_2.0_2.2
70,6.972727272727273,7.073636363636363,4,-0.3619,-0.30920000000000003,23,0.052095647901296616,0.010174497961997986,-0.5621259808540344,-0.3385085463523865,12.772006034851074,y,1.8_2.0_2.2
70,6.972727272727273,7.073636363636363,5,-0.30920000000000003,-0.2565,13,0.07635114341974258,0.011539362370967865,-0.5751520395278931,-0.28287333250045776,13.838850975036621,y,1.8_2.0_2.2
70,6.972727272727273,7.073636363636363,6,-0.2565,-0.20379999999999998,10,0.10615460574626923,0.009616740979254246,-0.5843275785446167,-0.22634072601795197,15.212506294250488,y,1.8_2.0_2.2
70,6.972727272727273,7.073636363636363,7,-0.20379999999999998,-0.1511,8,0.1822405904531479,0.0640222579240799,-0.5669747591018677,-0.16566471755504608,14.892816543579102,y,1.8_2.0_2.2
70,6.972727272727273,7.073636363636363,8,-0.1511,-0.09839999999999999,12,0.34295347332954407,0.12360589951276779,-0.544375479221344,-0.118316650390625,11.729464530944824,y,1.8_2.0_2.2
70,6.972727272727273,7.073636363636363,9,-0.09839999999999999,-0.04569999999999996,25,0.8250910639762878,0.26338621973991394,-0.5516803860664368,-0.06899730861186981,9.406245231628418,y,1.8_2.0_2.2
70,6.972727272727273,7.073636363636363,10,-0.04569999999999996,0.006999999999999999,23,3.0848681926727295,7.537182331085205,-0.549763560295105,-0.0223531536757946,9.39886474609375,y,1.8_2.0_2.2
70,6.972727272727273,7.073636363636363,12,0.10700000000000001,0.1563,43,0.08646439760923386,0.2846316397190094,0.22385166585445404,0.13151760399341583,12.256978034973145,y,1.8_2.0_2.2
70,6.972727272727273,7.073636363636363,13,0.1563,0.2056,34,-0.0015450509963557124,0.2500811219215393,0.14049769937992096,0.17668230831623077,10.20240306854248,y,1.8_2.0_2.2
70,6.972727272727273,7.073636363636363,14,0.2056,0.2549,29,-0.04746255651116371,0.23114284873008728,0.09976079314947128,0.22934451699256897,9.88098430633545,y,1.8_2.0_2.2
70,6.972727272727273,7.073636363636363,15,0.2549,0.3042,20,-0.17001035809516907,0.21696458756923676,-0.07794573903083801,0.27839919924736023,9.776494026184082,y,1.8_2.0_2.2
70,6.972727272727273,7.073636363636363,16,0.3042,0.35350000000000004,9,-0.24401375651359558,0.10911926627159119,-0.3020373284816742,0.32961615920066833,7.758098125457764,y,1.8_2.0_2.2
71,7.073636363636363,7.174545454545454,3,-0.4146,-0.3619,35,0.045065686106681824,0.008010908029973507,-0.5406234264373779,-0.37772345542907715,9.474359512329102,y,1.8_2.0_2.2
71,7.073636363636363,7.174545454545454,4,-0.3619,-0.30920000000000003,23,0.052095647901296616,0.010174497961997986,-0.5621259808540344,-0.3385085463523865,12.772006034851074,y,1.8_2.0_2.2
71,7.073636363636363,7.174545454545454,5,-0.30920000000000003,-0.2565,13,0.07635114341974258,0.011539362370967865,-0.5751520395278931,-0.28287333250045776,13.838850975036621,y,1.8_2.0_2.2
71,7.073636363636363,7.174545454545454,6,-0.2565,-0.20379999999999998,10,0.10615460574626923,0.009616740979254246,-0.5843275785446167,-0.22634072601795197,15.212506294250488,y,1.8_2.0_2.2
71,7.073636363636363,7.174545454545454,7,-0.20379999999999998,-0.1511,7,0.16861774027347565,0.0565662756562233,-0.575164258480072,-0.1647128313779831,16.013036727905273,y,1.8_2.0_2.2
71,7.073636363636363,7.174545454545454,8,-0.1511,-0.09839999999999999,12,0.34295347332954407,0.12360589951276779,-0.544375479221344,-0.118316650390625,11.729464530944824,y,1.8_2.0_2.2
71,7.073636363636363,7.174545454545454,9,-0.09839999999999999,-0.04569999999999996,24,0.8247373104095459,0.2688167095184326,-0.5507635474205017,-0.0683625265955925,9.506978034973145,y,1.8_2.0_2.2
71,7.073636363636363,7.174545454545454,10,-0.04569999999999996,0.006999999999999999,23,3.0848681926727295,7.537182331085205,-0.549763560295105,-0.0223531536757946,9.39886474609375,y,1.8_2.0_2.2
71,7.073636363636363,7.174545454545454,12,0.10700000000000001,0.1563,43,0.08646439760923386,0.2846316397190094,0.22385166585445404,0.13151760399341583,12.256978034973145,y,1.8_2.0_2.2
71,7.073636363636363,7.174545454545454,13,0.1563,0.2056,34,-0.0015450509963557124,0.2500811219215393,0.14049769937992096,0.17668230831623077,10.20240306854248,y,1.8_2.0_2.2
71,7.073636363636363,7.174545454545454,14,0.2056,0.2549,29,-0.04746255651116371,0.23114284873008728,0.09976079314947128,0.22934451699256897,9.88098430633545,y,1.8_2.0_2.2
71,7.073636363636363,7.174545454545454,15,0.2549,0.3042,19,-0.15551553666591644,0.21552185714244843,-0.05325829237699509,0.27751079201698303,9.919509887695312,y,1.8_2.0_2.2
71,7.073636363636363,7.174545454545454,16,0.3042,0.35350000000000004,9,-0.24401375651359558,0.10911926627159119,-0.3020373284816742,0.32961615920066833,7.758098125457764,y,1.8_2.0_2.2
72,7.174545454545454,7.275454545454545,3,-0.4146,-0.3619,35,0.045065686106681824,0.008010908029973507,-0.5406234264373779,-0.37772345542907715,9.474359512329102,y,1.8_2.0_2.2
72,7.174545454545454,7.275454545454545,4,-0.3619,-0.30920000000000003,23,0.052095647901296616,0.010174497961997986,-0.5621259808540344,-0.3385085463523865,12.772006034851074,y,1.8_2.0_2.2
72,7.174545454545454,7.275454545454545,5,-0.30920000000000003,-0.2565,13,0.07635114341974258,0.011539362370967865,-0.5751520395278931,-0.28287333250045776,13.838850975036621,y,1.8_2.0_2.2
72,7.174545454545454,7.275454545454545,6,-0.2565,-0.20379999999999998,10,0.10615460574626923,0.009616740979254246,-0.5843275785446167,-0.22634072601795197,15.212506294250488,y,1.8_2.0_2.2
72,7.174545454545454,7.275454545454545,7,-0.20379999999999998,-0.1511,7,0.16861774027347565,0.0565662756562233,-0.575164258480072,-0.1647128313779831,16.013036727905273,y,1.8_2.0_2.2
72,7.174545454545454,7.275454545454545,8,-0.1511,-0.09839999999999999,12,0.34295347332954407,0.12360589951276779,-0.544375479221344,-0.118316650390625,11.729464530944824,y,1.8_2.0_2.2
72,7.174545454545454,7.275454545454545,9,-0.09839999999999999,-0.04569999999999996,21,0.7900538444519043,0.2637142539024353,-0.5475531220436096,-0.0684928297996521,9.847091674804688,y,1.8_2.0_2.2
72,7.174545454545454,7.275454545454545,10,-0.04569999999999996,0.006999999999999999,23,3.0848681926727295,7.537182331085205,-0.549763560295105,-0.0223531536757946,9.39886474609375,y,1.8_2.0_2.2
72,7.174545454545454,7.275454545454545,12,0.10700000000000001,0.1563,43,0.08646439760923386,0.2846316397190094,0.22385166585445404,0.13151760399341583,12.256978034973145,y,1.8_2.0_2.2
72,7.174545454545454,7.275454545454545,13,0.1563,0.2056,32,0.005314855370670557,0.25723597407341003,0.14508695900440216,0.1773253083229065,10.395255088806152,y,1.8_2.0_2.2
72,7.174545454545454,7.275454545454545,14,0.2056,0.2549,29,-0.04746255651116371,0.23114284873008728,0.09976079314947128,0.22934451699256897,9.88098430633545,y,1.8_2.0_2.2
72,7.174545454545454,7.275454545454545,15,0.2549,0.3042,19,-0.15551553666591644,0.21552185714244843,-0.05325829237699509,0.27751079201698303,9.919509887695312,y,1.8_2.0_2.2
72,7.174545454545454,7.275454545454545,16,0.3042,0.35350000000000004,8,-0.22693908214569092,0.10378577560186386,-0.269466370344162,0.329321026802063,7.84286642074585,y,1.8_2.0_2.2
73,7.275454545454545,7.376363636363636,3,-0.4146,-0.3619,34,0.0448497012257576,0.008096286095678806,-0.5407373309135437,-0.3772757053375244,9.540637016296387,y,1.8_2.0_2.2
73,7.275454545454545,7.376363636363636,4,-0.3619,-0.30920000000000003,23,0.052095647901296616,0.010174497961997986,-0.5621259808540344,-0.3385085463523865,12.772006034851074,y,1.8_2.0_2.2
73,7.275454545454545,7.376363636363636,5,-0.30920000000000003,-0.2565,13,0.07635114341974258,0.011539362370967865,-0.5751520395278931,-0.28287333250045776,13.838850975036621,y,1.8_2.0_2.2
73,7.275454545454545,7.376363636363636,6,-0.2565,-0.20379999999999998,10,0.10615460574626923,0.009616740979254246,-0.5843275785446167,-0.22634072601795197,15.212506294250488,y,1.8_2.0_2.2
73,7.275454545454545,7.376363636363636,7,-0.20379999999999998,-0.1511,6,0.14565348625183105,0.0064448146149516106,-0.5861732363700867,-0.16586798429489136,17.47068977355957,y,1.8_2.0_2.2
73,7.275454545454545,7.376363636363636,8,-0.1511,-0.09839999999999999,12,0.34295347332954407,0.12360589951276779,-0.544375479221344,-0.118316650390625,11.729464530944824,y,1.8_2.0_2.2
73,7.275454545454545,7.376363636363636,9,-0.09839999999999999,-0.04569999999999996,20,0.7685887813568115,0.25923416018486023,-0.5463006496429443,-0.06879973411560059,9.978484153747559,y,1.8_2.0_2.2
73,7.275454545454545,7.376363636363636,10,-0.04569999999999996,0.006999999999999999,23,3.0848681926727295,7.537182331085205,-0.549763560295105,-0.0223531536757946,9.39886474609375,y,1.8_2.0_2.2
73,7.275454545454545,7.376363636363636,12,0.10700000000000001,0.1563,43,0.08646439760923386,0.2846316397190094,0.22385166585445404,0.13151760399341583,12.256978034973145,y,1.8_2.0_2.2
73,7.275454545454545,7.376363636363636,13,0.1563,0.2056,31,0.0012436031829565763,0.26102155447006226,0.14775995910167694,0.1776743084192276,10.49892520904541,y,1.8_2.0_2.2
73,7.275454545454545,7.376363636363636,14,0.2056,0.2549,29,-0.04746255651116371,0.23114284873008728,0.09976079314947128,0.22934451699256897,9.88098430633545,y,1.8_2.0_2.2
73,7.275454545454545,7.376363636363636,15,0.2549,0.3042,19,-0.15551553666591644,0.21552185714244843,-0.05325829237699509,0.27751079201698303,9.919509887695312,y,1.8_2.0_2.2
73,7.275454545454545,7.376363636363636,16,0.3042,0.35350000000000004,6,-0.2617727220058441,0.09748762845993042,-0.37218332290649414,0.32598739862442017,8.046365737915039,y,1.8_2.0_2.2
74,7.376363636363636,7.477272727272727,3,-0.4146,-0.3619,34,0.0448497012257576,0.008096286095678806,-0.5407373309135437,-0.3772757053375244,9.540637016296387,y,1.8_2.0_2.2
74,7.376363636363636,7.477272727272727,4,-0.3619,-0.30920000000000003,23,0.052095647901296616,0.010174497961997986,-0.5621259808540344,-0.3385085463523865,12.772006034851074,y,1.8_2.0_2.2
74,7.376363636363636,7.477272727272727,5,-0.30920000000000003,-0.2565,13,0.07635114341974258,0.011539362370967865,-0.5751520395278931,-0.28287333250045776,13.838850975036621,y,1.8_2.0_2.2
74,7.376363636363636,7.477272727272727,6,-0.2565,-0.20379999999999998,10,0.10615460574626923,0.009616740979254246,-0.5843275785446167,-0.22634072601795197,15.212506294250488,y,1.8_2.0_2.2
74,7.376363636363636,7.477272727272727,7,-0.20379999999999998,-0.1511,6,0.14565348625183105,0.0064448146149516106,-0.5861732363700867,-0.16586798429489136,17.47068977355957,y,1.8_2.0_2.2
74,7.376363636363636,7.477272727272727,8,-0.1511,-0.09839999999999999,11,0.32879456877708435,0.09365609288215637,-0.5403450131416321,-0.11967745423316956,12.1259765625,y,1.8_2.0_2.2
74,7.376363636363636,7.477272727272727,9,-0.09839999999999999,-0.04569999999999996,20,0.7685887813568115,0.25923416018486023,-0.5463006496429443,-0.06879973411560059,9.978484153747559,y,1.8_2.0_2.2
74,7.376363636363636,7.477272727272727,10,-0.04569999999999996,0.006999999999999999,23,3.0848681926727295,7.537182331085205,-0.549763560295105,-0.0223531536757946,9.39886474609375,y,1.8_2.0_2.2
74,7.376363636363636,7.477272727272727,12,0.10700000000000001,0.1563,42,0.09141520410776138,0.2873513698577881,0.22743718326091766,0.13096226751804352,12.374488830566406,y,1.8_2.0_2.2
74,7.376363636363636,7.477272727272727,13,0.1563,0.2056,31,0.0012436031829565763,0.26102155447006226,0.14775995910167694,0.1776743084192276,10.49892520904541,y,1.8_2.0_2.2
74,7.376363636363636,7.477272727272727,14,0.2056,0.2549,29,-0.04746255651116371,0.23114284873008728,0.09976079314947128,0.22934451699256897,9.88098430633545,y,1.8_2.0_2.2
74,7.376363636363636,7.477272727272727,15,0.2549,0.3042,19,-0.15551553666591644,0.21552185714244843,-0.05325829237699509,0.27751079201698303,9.919509887695312,y,1.8_2.0_2.2
74,7.376363636363636,7.477272727272727,16,0.3042,0.35350000000000004,6,-0.2617727220058441,0.09748762845993042,-0.37218332290649414,0.32598739862442017,8.046365737915039,y,1.8_2.0_2.2
75,7.477272727272727,7.578181818181818,3,-0.4146,-0.3619,34,0.0448497012257576,0.008096286095678806,-0.5407373309135437,-0.3772757053375244,9.540637016296387,y,1.8_2.0_2.2
75,7.477272727272727,7.578181818181818,4,-0.3619,-0.30920000000000003,23,0.052095647901296616,0.010174497961997986,-0.5621259808540344,-0.3385085463523865,12.772006034851074,y,1.8_2.0_2.2
75,7.477272727272727,7.578181818181818,5,-0.30920000000000003,-0.2565,13,0.07635114341974258,0.011539362370967865,-0.5751520395278931,-0.28287333250045776,13.838850975036621,y,1.8_2.0_2.2
75,7.477272727272727,7.578181818181818,6,-0.2565,-0.20379999999999998,10,0.10615460574626923,0.009616740979254246,-0.5843275785446167,-0.22634072601795197,15.212506294250488,y,1.8_2.0_2.2
75,7.477272727272727,7.578181818181818,7,-0.20379999999999998,-0.1511,6,0.14565348625183105,0.0064448146149516106,-0.5861732363700867,-0.16586798429489136,17.47068977355957,y,1.8_2.0_2.2
75,7.477272727272727,7.578181818181818,8,-0.1511,-0.09839999999999999,10,0.3266805410385132,0.09808206558227539,-0.5435758829116821,-0.1174001693725586,12.596207618713379,y,1.8_2.0_2.2
75,7.477272727272727,7.578181818181818,9,-0.09839999999999999,-0.04569999999999996,20,0.7685887813568115,0.25923416018486023,-0.5463006496429443,-0.06879973411560059,9.978484153747559,y,1.8_2.0_2.2
75,7.477272727272727,7.578181818181818,10,-0.04569999999999996,0.006999999999999999,23,3.0848681926727295,7.537182331085205,-0.549763560295105,-0.0223531536757946,9.39886474609375,y,1.8_2.0_2.2
75,7.477272727272727,7.578181818181818,12,0.10700000000000001,0.1563,42,0.09141520410776138,0.2873513698577881,0.22743718326091766,0.13096226751804352,12.374488830566406,y,1.8_2.0_2.2
75,7.477272727272727,7.578181818181818,13,0.1563,0.2056,30,0.004769064486026764,0.26501357555389404,0.15060628950595856,0.17819543182849884,10.602952003479004,y,1.8_2.0_2.2
75,7.477272727272727,7.578181818181818,14,0.2056,0.2549,29,-0.04746255651116371,0.23114284873008728,0.09976079314947128,0.22934451699256897,9.88098430633545,y,1.8_2.0_2.2
75,7.477272727272727,7.578181818181818,15,0.2549,0.3042,17,-0.12020611763000488,0.2112552970647812,0.0054268063977360725,0.2761256992816925,10.209906578063965,y,1.8_2.0_2.2
75,7.477272727272727,7.578181818181818,16,0.3042,0.35350000000000004,5,-0.29008644819259644,0.08120709657669067,-0.4534934461116791,0.3243456482887268,8.162900924682617,y,1.8_2.0_2.2
76,7.578181818181818,7.679090909090909,3,-0.4146,-0.3619,31,0.04443129897117615,0.00741643738001585,-0.5411011576652527,-0.37681838870048523,9.737072944641113,y,1.8_2.0_2.2
76,7.578181818181818,7.679090909090909,4,-0.3619,-0.30920000000000003,23,0.052095647901296616,0.010174497961997986,-0.5621259808540344,-0.3385085463523865,12.772006034851074,y,1.8_2.0_2.2
76,7.578181818181818,7.679090909090909,5,-0.30920000000000003,-0.2565,13,0.07635114341974258,0.011539362370967865,-0.5751520395278931,-0.28287333250045776,13.838850975036621,y,1.8_2.0_2.2
76,7.578181818181818,7.679090909090909,6,-0.2565,-0.20379999999999998,10,0.10615460574626923,0.009616740979254246,-0.5843275785446167,-0.22634072601795197,15.212506294250488,y,1.8_2.0_2.2
76,7.578181818181818,7.679090909090909,7,-0.20379999999999998,-0.1511,6,0.14565348625183105,0.0064448146149516106,-0.5861732363700867,-0.16586798429489136,17.47068977355957,y,1.8_2.0_2.2
76,7.578181818181818,7.679090909090909,8,-0.1511,-0.09839999999999999,10,0.3266805410385132,0.09808206558227539,-0.5435758829116821,-0.1174001693725586,12.596207618713379,y,1.8_2.0_2.2
76,7.578181818181818,7.679090909090909,9,-0.09839999999999999,-0.04569999999999996,20,0.7685887813568115,0.25923416018486023,-0.5463006496429443,-0.06879973411560059,9.978484153747559,y,1.8_2.0_2.2
76,7.578181818181818,7.679090909090909,10,-0.04569999999999996,0.006999999999999999,23,3.0848681926727295,7.537182331085205,-0.549763560295105,-0.0223531536757946,9.39886474609375,y,1.8_2.0_2.2
76,7.578181818181818,7.679090909090909,12,0.10700000000000001,0.1563,42,0.09141520410776138,0.2873513698577881,0.22743718326091766,0.13096226751804352,12.374488830566406,y,1.8_2.0_2.2
76,7.578181818181818,7.679090909090909,13,0.1563,0.2056,30,0.004769064486026764,0.26501357555389404,0.15060628950595856,0.17819543182849884,10.602952003479004,y,1.8_2.0_2.2
76,7.578181818181818,7.679090909090909,14,0.2056,0.2549,29,-0.04746255651116371,0.23114284873008728,0.09976079314947128,0.22934451699256897,9.88098430633545,y,1.8_2.0_2.2
76,7.578181818181818,7.679090909090909,15,0.2549,0.3042,17,-0.12020611763000488,0.2112552970647812,0.0054268063977360725,0.2761256992816925,10.209906578063965,y,1.8_2.0_2.2
76,7.578181818181818,7.679090909090909,16,0.3042,0.35350000000000004,5,-0.29008644819259644,0.08120709657669067,-0.4534934461116791,0.3243456482887268,8.162900924682617,y,1.8_2.0_2.2
77,7.679090909090909,7.779999999999999,3,-0.4146,-0.3619,26,0.04364433139562607,0.007281320635229349,-0.543497622013092,-0.37531667947769165,10.142243385314941,y,1.8_2.0_2.2
77,7.679090909090909,7.779999999999999,4,-0.3619,-0.30920000000000003,23,0.052095647901296616,0.010174497961997986,-0.5621259808540344,-0.3385085463523865,12.772006034851074,y,1.8_2.0_2.2
77,7.679090909090909,7.779999999999999,5,-0.30920000000000003,-0.2565,13,0.07635114341974258,0.011539362370967865,-0.5751520395278931,-0.28287333250045776,13.838850975036621,y,1.8_2.0_2.2
77,7.679090909090909,7.779999999999999,6,-0.2565,-0.20379999999999998,10,0.10615460574626923,0.009616740979254246,-0.5843275785446167,-0.22634072601795197,15.212506294250488,y,1.8_2.0_2.2
77,7.679090909090909,7.779999999999999,7,-0.20379999999999998,-0.1511,6,0.14565348625183105,0.0064448146149516106,-0.5861732363700867,-0.16586798429489136,17.47068977355957,y,1.8_2.0_2.2
77,7.679090909090909,7.779999999999999,8,-0.1511,-0.09839999999999999,9,0.3202628195285797,0.10045455396175385,-0.5476436018943787,-0.11641081422567368,13.153524398803711,y,1.8_2.0_2.2
77,7.679090909090909,7.779999999999999,9,-0.09839999999999999,-0.04569999999999996,19,0.7722291946411133,0.2654590904712677,-0.5441569089889526,-0.06763273477554321,10.101710319519043,y,1.8_2.0_2.2
77,7.679090909090909,7.779999999999999,10,-0.04569999999999996,0.006999999999999999,23,3.0848681926727295,7.537182331085205,-0.549763560295105,-0.0223531536757946,9.39886474609375,y,1.8_2.0_2.2
77,7.679090909090909,7.779999999999999,12,0.10700000000000001,0.1563,41,0.08596440404653549,0.29020264744758606,0.23115871846675873,0.1304723173379898,12.491253852844238,y,1.8_2.0_2.2
77,7.679090909090909,7.779999999999999,13,0.1563,0.2056,29,-0.003781388746574521,0.26466649770736694,0.1381169557571411,0.178425133228302,10.704442977905273,y,1.8_2.0_2.2
77,7.679090909090909,7.779999999999999,14,0.2056,0.2549,29,-0.04746255651116371,0.23114284873008728,0.09976079314947128,0.22934451699256897,9.88098430633545,y,1.8_2.0_2.2
77,7.679090909090909,7.779999999999999,15,0.2549,0.3042,17,-0.12020611763000488,0.2112552970647812,0.0054268063977360725,0.2761256992816925,10.209906578063965,y,1.8_2.0_2.2
78,7.779999999999999,7.880909090909091,3,-0.4146,-0.3619,26,0.04364433139562607,0.007281320635229349,-0.543497622013092,-0.37531667947769165,10.142243385314941,y,1.8_2.0_2.2
78,7.779999999999999,7.880909090909091,4,-0.3619,-0.30920000000000003,23,0.052095647901296616,0.010174497961997986,-0.5621259808540344,-0.3385085463523865,12.772006034851074,y,1.8_2.0_2.2
78,7.779999999999999,7.880909090909091,5,-0.30920000000000003,-0.2565,13,0.07635114341974258,0.011539362370967865,-0.5751520395278931,-0.28287333250045776,13.838850975036621,y,1.8_2.0_2.2
78,7.779999999999999,7.880909090909091,6,-0.2565,-0.20379999999999998,10,0.10615460574626923,0.009616740979254246,-0.5843275785446167,-0.22634072601795197,15.212506294250488,y,1.8_2.0_2.2
78,7.779999999999999,7.880909090909091,7,-0.20379999999999998,-0.1511,6,0.14565348625183105,0.0064448146149516106,-0.5861732363700867,-0.16586798429489136,17.47068977355957,y,1.8_2.0_2.2
78,7.779999999999999,7.880909090909091,8,-0.1511,-0.09839999999999999,8,0.3025065064430237,0.09227628260850906,-0.5528619289398193,-0.11716926097869873,13.828469276428223,y,1.8_2.0_2.2
78,7.779999999999999,7.880909090909091,9,-0.09839999999999999,-0.04569999999999996,19,0.7722291946411133,0.2654590904712677,-0.5441569089889526,-0.06763273477554321,10.101710319519043,y,1.8_2.0_2.2
78,7.779999999999999,7.880909090909091,10,-0.04569999999999996,0.006999999999999999,23,3.0848681926727295,7.537182331085205,-0.549763560295105,-0.0223531536757946,9.39886474609375,y,1.8_2.0_2.2
78,7.779999999999999,7.880909090909091,12,0.10700000000000001,0.1563,41,0.08596440404653549,0.29020264744758606,0.23115871846675873,0.1304723173379898,12.491253852844238,y,1.8_2.0_2.2
78,7.779999999999999,7.880909090909091,13,0.1563,0.2056,29,-0.003781388746574521,0.26466649770736694,0.1381169557571411,0.178425133228302,10.704442977905273,y,1.8_2.0_2.2
78,7.779999999999999,7.880909090909091,14,0.2056,0.2549,28,-0.05582314729690552,0.23136214911937714,0.08502227813005447,0.22933994233608246,9.956779479980469,y,1.8_2.0_2.2
78,7.779999999999999,7.880909090909091,15,0.2549,0.3042,17,-0.12020611763000488,0.2112552970647812,0.0054268063977360725,0.2761256992816925,10.209906578063965,y,1.8_2.0_2.2
79,7.880909090909091,7.9818181818181815,3,-0.4146,-0.3619,26,0.04364433139562607,0.007281320635229349,-0.543497622013092,-0.37531667947769165,10.142243385314941,y,1.8_2.0_2.2
79,7.880909090909091,7.9818181818181815,4,-0.3619,-0.30920000000000003,23,0.052095647901296616,0.010174497961997986,-0.5621259808540344,-0.3385085463523865,12.772006034851074,y,1.8_2.0_2.2
79,7.880909090909091,7.9818181818181815,5,-0.30920000000000003,-0.2565,13,0.07635114341974258,0.011539362370967865,-0.5751520395278931,-0.28287333250045776,13.838850975036621,y,1.8_2.0_2.2
79,7.880909090909091,7.9818181818181815,6,-0.2565,-0.20379999999999998,10,0.10615460574626923,0.009616740979254246,-0.5843275785446167,-0.22634072601795197,15.212506294250488,y,1.8_2.0_2.2
79,7.880909090909091,7.9818181818181815,7,-0.20379999999999998,-0.1511,6,0.14565348625183105,0.0064448146149516106,-0.5861732363700867,-0.16586798429489136,17.47068977355957,y,1.8_2.0_2.2
79,7.880909090909091,7.9818181818181815,8,-0.1511,-0.09839999999999999,8,0.3025065064430237,0.09227628260850906,-0.5528619289398193,-0.11716926097869873,13.828469276428223,y,1.8_2.0_2.2
79,7.880909090909091,7.9818181818181815,9,-0.09839999999999999,-0.04569999999999996,19,0.7722291946411133,0.2654590904712677,-0.5441569089889526,-0.06763273477554321,10.101710319519043,y,1.8_2.0_2.2
79,7.880909090909091,7.9818181818181815,10,-0.04569999999999996,0.006999999999999999,23,3.0848681926727295,7.537182331085205,-0.549763560295105,-0.0223531536757946,9.39886474609375,y,1.8_2.0_2.2
79,7.880909090909091,7.9818181818181815,12,0.10700000000000001,0.1563,39,0.08443903923034668,0.29411858320236206,0.22800926864147186,0.12942923605442047,12.72877025604248,y,1.8_2.0_2.2
79,7.880909090909091,7.9818181818181815,13,0.1563,0.2056,29,-0.003781388746574521,0.26466649770736694,0.1381169557571411,0.178425133228302,10.704442977905273,y,1.8_2.0_2.2
79,7.880909090909091,7.9818181818181815,14,0.2056,0.2549,28,-0.05582314729690552,0.23136214911937714,0.08502227813005447,0.22933994233608246,9.956779479980469,y,1.8_2.0_2.2
79,7.880909090909091,7.9818181818181815,15,0.2549,0.3042,16,-0.09906629472970963,0.2074250727891922,0.040052630007267,0.276418536901474,10.35700798034668,y,1.8_2.0_2.2
80,7.9818181818181815,8.082727272727272,3,-0.4146,-0.3619,26,0.04364433139562607,0.007281320635229349,-0.543497622013092,-0.37531667947769165,10.142243385314941,y,1.8_2.0_2.2
80,7.9818181818181815,8.082727272727272,4,-0.3619,-0.30920000000000003,23,0.052095647901296616,0.010174497961997986,-0.5621259808540344,-0.3385085463523865,12.772006034851074,y,1.8_2.0_2.2
80,7.9818181818181815,8.082727272727272,5,-0.30920000000000003,-0.2565,13,0.07635114341974258,0.011539362370967865,-0.5751520395278931,-0.28287333250045776,13.838850975036621,y,1.8_2.0_2.2
80,7.9818181818181815,8.082727272727272,6,-0.2565,-0.20379999999999998,10,0.10615460574626923,0.009616740979254246,-0.5843275785446167,-0.22634072601795197,15.212506294250488,y,1.8_2.0_2.2
80,7.9818181818181815,8.082727272727272,7,-0.20379999999999998,-0.1511,6,0.14565348625183105,0.0064448146149516106,-0.5861732363700867,-0.16586798429489136,17.47068977355957,y,1.8_2.0_2.2
80,7.9818181818181815,8.082727272727272,8,-0.1511,-0.09839999999999999,8,0.3025065064430237,0.09227628260850906,-0.5528619289398193,-0.11716926097869873,13.828469276428223,y,1.8_2.0_2.2
80,7.9818181818181815,8.082727272727272,9,-0.09839999999999999,-0.04569999999999996,17,0.7876124978065491,0.2739381492137909,-0.5440293550491333,-0.0652867928147316,10.359636306762695,y,1.8_2.0_2.2
80,7.9818181818181815,8.082727272727272,10,-0.04569999999999996,0.006999999999999999,23,3.0848681926727295,7.537182331085205,-0.549763560295105,-0.0223531536757946,9.39886474609375,y,1.8_2.0_2.2
80,7.9818181818181815,8.082727272727272,12,0.10700000000000001,0.1563,39,0.08443903923034668,0.29411858320236206,0.22800926864147186,0.12942923605442047,12.72877025604248,y,1.8_2.0_2.2
80,7.9818181818181815,8.082727272727272,13,0.1563,0.2056,29,-0.003781388746574521,0.26466649770736694,0.1381169557571411,0.178425133228302,10.704442977905273,y,1.8_2.0_2.2
80,7.9818181818181815,8.082727272727272,14,0.2056,0.2549,28,-0.05582314729690552,0.23136214911937714,0.08502227813005447,0.22933994233608246,9.956779479980469,y,1.8_2.0_2.2
80,7.9818181818181815,8.082727272727272,15,0.2549,0.3042,16,-0.09906629472970963,0.2074250727891922,0.040052630007267,0.276418536901474,10.35700798034668,y,1.8_2.0_2.2
81,8.082727272727272,8.183636363636364,3,-0.4146,-0.3619,25,0.04312436655163765,0.005526995752006769,-0.5426294207572937,-0.37579384446144104,10.227522850036621,y,1.8_2.0_2.2
81,8.082727272727272,8.183636363636364,4,-0.3619,-0.30920000000000003,23,0.052095647901296616,0.010174497961997986,-0.5621259808540344,-0.3385085463523865,12.772006034851074,y,1.8_2.0_2.2
81,8.082727272727272,8.183636363636364,5,-0.30920000000000003,-0.2565,13,0.07635114341974258,0.011539362370967865,-0.5751520395278931,-0.28287333250045776,13.838850975036621,y,1.8_2.0_2.2
81,8.082727272727272,8.183636363636364,6,-0.2565,-0.20379999999999998,10,0.10615460574626923,0.009616740979254246,-0.5843275785446167,-0.22634072601795197,15.212506294250488,y,1.8_2.0_2.2
81,8.082727272727272,8.183636363636364,7,-0.20379999999999998,-0.1511,6,0.14565348625183105,0.0064448146149516106,-0.5861732363700867,-0.16586798429489136,17.47068977355957,y,1.8_2.0_2.2
81,8.082727272727272,8.183636363636364,8,-0.1511,-0.09839999999999999,8,0.3025065064430237,0.09227628260850906,-0.5528619289398193,-0.11716926097869873,13.828469276428223,y,1.8_2.0_2.2
81,8.082727272727272,8.183636363636364,9,-0.09839999999999999,-0.04569999999999996,16,0.7992355823516846,0.27960264682769775,-0.5465125441551208,-0.06431043148040771,10.5024995803833,y,1.8_2.0_2.2
81,8.082727272727272,8.183636363636364,10,-0.04569999999999996,0.006999999999999999,23,3.0848681926727295,7.537182331085205,-0.549763560295105,-0.0223531536757946,9.39886474609375,y,1.8_2.0_2.2
81,8.082727272727272,8.183636363636364,12,0.10700000000000001,0.1563,39,0.08443903923034668,0.29411858320236206,0.22800926864147186,0.12942923605442047,12.72877025604248,y,1.8_2.0_2.2
81,8.082727272727272,8.183636363636364,13,0.1563,0.2056,28,-0.012715316377580166,0.2662290036678314,0.1247357726097107,0.17763113975524902,10.798540115356445,y,1.8_2.0_2.2
81,8.082727272727272,8.183636363636364,14,0.2056,0.2549,28,-0.05582314729690552,0.23136214911937714,0.08502227813005447,0.22933994233608246,9.956779479980469,y,1.8_2.0_2.2
81,8.082727272727272,8.183636363636364,15,0.2549,0.3042,15,-0.07499176263809204,0.20135703682899475,0.07875445485115051,0.2775387167930603,10.514542579650879,y,1.8_2.0_2.2
82,8.183636363636364,8.284545454545453,3,-0.4146,-0.3619,25,0.04312436655163765,0.005526995752006769,-0.5426294207572937,-0.37579384446144104,10.227522850036621,y,1.8_2.0_2.2
82,8.183636363636364,8.284545454545453,4,-0.3619,-0.30920000000000003,23,0.052095647901296616,0.010174497961997986,-0.5621259808540344,-0.3385085463523865,12.772006034851074,y,1.8_2.0_2.2
82,8.183636363636364,8.284545454545453,5,-0.30920000000000003,-0.2565,13,0.07635114341974258,0.011539362370967865,-0.5751520395278931,-0.28287333250045776,13.838850975036621,y,1.8_2.0_2.2
82,8.183636363636364,8.284545454545453,6,-0.2565,-0.20379999999999998,10,0.10615460574626923,0.009616740979254246,-0.5843275785446167,-0.22634072601795197,15.212506294250488,y,1.8_2.0_2.2
82,8.183636363636364,8.284545454545453,7,-0.20379999999999998,-0.1511,6,0.14565348625183105,0.0064448146149516106,-0.5861732363700867,-0.16586798429489136,17.47068977355957,y,1.8_2.0_2.2
82,8.183636363636364,8.284545454545453,8,-0.1511,-0.09839999999999999,8,0.3025065064430237,0.09227628260850906,-0.5528619289398193,-0.11716926097869873,13.828469276428223,y,1.8_2.0_2.2
82,8.183636363636364,8.284545454545453,9,-0.09839999999999999,-0.04569999999999996,15,0.789466917514801,0.2876357138156891,-0.544026255607605,-0.06394411623477936,10.6612548828125,y,1.8_2.0_2.2
82,8.183636363636364,8.284545454545453,10,-0.04569999999999996,0.006999999999999999,22,3.0283708572387695,7.704016208648682,-0.5482534170150757,-0.022576896473765373,9.456353187561035,y,1.8_2.0_2.2
82,8.183636363636364,8.284545454545453,12,0.10700000000000001,0.1563,39,0.08443903923034668,0.29411858320236206,0.22800926864147186,0.12942923605442047,12.72877025604248,y,1.8_2.0_2.2
82,8.183636363636364,8.284545454545453,13,0.1563,0.2056,28,-0.012715316377580166,0.2662290036678314,0.1247357726097107,0.17763113975524902,10.798540115356445,y,1.8_2.0_2.2
82,8.183636363636364,8.284545454545453,14,0.2056,0.2549,27,-0.06491464376449585,0.231996551156044,0.07036848366260529,0.22950908541679382,10.023737907409668,y,1.8_2.0_2.2
82,8.183636363636364,8.284545454545453,15,0.2549,0.3042,14,-0.04791088402271271,0.1944837123155594,0.12417643517255783,0.277133047580719,10.683134078979492,y,1.8_2.0_2.2
83,8.284545454545453,8.385454545454545,3,-0.4146,-0.3619,24,0.04272289574146271,0.005145901348441839,-0.542240560054779,-0.37562039494514465,10.311579704284668,y,1.8_2.0_2.2
83,8.284545454545453,8.385454545454545,4,-0.3619,-0.30920000000000003,23,0.052095647901296616,0.010174497961997986,-0.5621259808540344,-0.3385085463523865,12.772006034851074,y,1.8_2.0_2.2
83,8.284545454545453,8.385454545454545,5,-0.30920000000000003,-0.2565,13,0.07635114341974258,0.011539362370967865,-0.5751520395278931,-0.28287333250045776,13.838850975036621,y,1.8_2.0_2.2
83,8.284545454545453,8.385454545454545,6,-0.2565,-0.20379999999999998,10,0.10615460574626923,0.009616740979254246,-0.5843275785446167,-0.22634072601795197,15.212506294250488,y,1.8_2.0_2.2
83,8.284545454545453,8.385454545454545,7,-0.20379999999999998,-0.1511,6,0.14565348625183105,0.0064448146149516106,-0.5861732363700867,-0.16586798429489136,17.47068977355957,y,1.8_2.0_2.2
83,8.284545454545453,8.385454545454545,8,-0.1511,-0.09839999999999999,8,0.3025065064430237,0.09227628260850906,-0.5528619289398193,-0.11716926097869873,13.828469276428223,y,1.8_2.0_2.2
83,8.284545454545453,8.385454545454545,9,-0.09839999999999999,-0.04569999999999996,13,0.7624262571334839,0.30133524537086487,-0.544162392616272,-0.06392508000135422,11.029056549072266,y,1.8_2.0_2.2
83,8.284545454545453,8.385454545454545,10,-0.04569999999999996,0.006999999999999999,20,3.4327316284179688,8.070884704589844,-0.5489784479141235,-0.02162954956293106,9.574986457824707,y,1.8_2.0_2.2
83,8.284545454545453,8.385454545454545,12,0.10700000000000001,0.1563,39,0.08443903923034668,0.29411858320236206,0.22800926864147186,0.12942923605442047,12.72877025604248,y,1.8_2.0_2.2
83,8.284545454545453,8.385454545454545,13,0.1563,0.2056,27,-0.022255362942814827,0.2673778831958771,0.11037549376487732,0.17704591155052185,10.895227432250977,y,1.8_2.0_2.2
83,8.284545454545453,8.385454545454545,14,0.2056,0.2549,27,-0.06491464376449585,0.231996551156044,0.07036848366260529,0.22950908541679382,10.023737907409668,y,1.8_2.0_2.2
83,8.284545454545453,8.385454545454545,15,0.2549,0.3042,14,-0.04791088402271271,0.1944837123155594,0.12417643517255783,0.277133047580719,10.683134078979492,y,1.8_2.0_2.2
84,8.385454545454545,8.486363636363636,3,-0.4146,-0.3619,24,0.04272289574146271,0.005145901348441839,-0.542240560054779,-0.37562039494514465,10.311579704284668,y,1.8_2.0_2.2
84,8.385454545454545,8.486363636363636,4,-0.3619,-0.30920000000000003,23,0.052095647901296616,0.010174497961997986,-0.5621259808540344,-0.3385085463523865,12.772006034851074,y,1.8_2.0_2.2
84,8.385454545454545,8.486363636363636,5,-0.30920000000000003,-0.2565,13,0.07635114341974258,0.011539362370967865,-0.5751520395278931,-0.28287333250045776,13.838850975036621,y,1.8_2.0_2.2
84,8.385454545454545,8.486363636363636,6,-0.2565,-0.20379999999999998,10,0.10615460574626923,0.009616740979254246,-0.5843275785446167,-0.22634072601795197,15.212506294250488,y,1.8_2.0_2.2
84,8.385454545454545,8.486363636363636,7,-0.20379999999999998,-0.1511,6,0.14565348625183105,0.0064448146149516106,-0.5861732363700867,-0.16586798429489136,17.47068977355957,y,1.8_2.0_2.2
84,8.385454545454545,8.486363636363636,8,-0.1511,-0.09839999999999999,7,0.2991326153278351,0.09818485379219055,-0.5582541823387146,-0.11413050442934036,14.612109184265137,y,1.8_2.0_2.2
84,8.385454545454545,8.486363636363636,9,-0.09839999999999999,-0.04569999999999996,11,0.6959971189498901,0.28909051418304443,-0.5445494055747986,-0.06586307287216187,11.521921157836914,y,1.8_2.0_2.2
84,8.385454545454545,8.486363636363636,10,-0.04569999999999996,0.006999999999999999,17,3.8112564086914062,8.731985092163086,-0.54331374168396,-0.018842972815036774,9.795148849487305,y,1.8_2.0_2.2
84,8.385454545454545,8.486363636363636,12,0.10700000000000001,0.1563,39,0.08443903923034668,0.29411858320236206,0.22800926864147186,0.12942923605442047,12.72877025604248,y,1.8_2.0_2.2
84,8.385454545454545,8.486363636363636,13,0.1563,0.2056,27,-0.022255362942814827,0.2673778831958771,0.11037549376487732,0.17704591155052185,10.895227432250977,y,1.8_2.0_2.2
84,8.385454545454545,8.486363636363636,14,0.2056,0.2549,26,-0.07483873516321182,0.23241554200649261,0.054504744708538055,0.22975710034370422,10.086957931518555,y,1.8_2.0_2.2
84,8.385454545454545,8.486363636363636,15,0.2549,0.3042,13,-0.016458086669445038,0.18238669633865356,0.17600701749324799,0.278515487909317,10.862844467163086,y,1.8_2.0_2.2
85,8.486363636363636,8.587272727272726,3,-0.4146,-0.3619,23,0.0424690805375576,0.005055140238255262,-0.5420284271240234,-0.37527722120285034,10.391541481018066,y,1.8_2.0_2.2
85,8.486363636363636,8.587272727272726,4,-0.3619,-0.30920000000000003,23,0.052095647901296616,0.010174497961997986,-0.5621259808540344,-0.3385085463523865,12.772006034851074,y,1.8_2.0_2.2
85,8.486363636363636,8.587272727272726,5,-0.30920000000000003,-0.2565,13,0.07635114341974258,0.011539362370967865,-0.5751520395278931,-0.28287333250045776,13.838850975036621,y,1.8_2.0_2.2
85,8.486363636363636,8.587272727272726,6,-0.2565,-0.20379999999999998,10,0.10615460574626923,0.009616740979254246,-0.5843275785446167,-0.22634072601795197,15.212506294250488,y,1.8_2.0_2.2
85,8.486363636363636,8.587272727272726,7,-0.20379999999999998,-0.1511,6,0.14565348625183105,0.0064448146149516106,-0.5861732363700867,-0.16586798429489136,17.47068977355957,y,1.8_2.0_2.2
85,8.486363636363636,8.587272727272726,8,-0.1511,-0.09839999999999999,6,0.2865646183490753,0.10070396959781647,-0.5655338168144226,-0.11261285096406937,15.634387016296387,y,1.8_2.0_2.2
85,8.486363636363636,8.587272727272726,9,-0.09839999999999999,-0.04569999999999996,9,0.6197091341018677,0.17045682668685913,-0.5337820649147034,-0.0687040314078331,12.210612297058105,y,1.8_2.0_2.2
85,8.486363636363636,8.587272727272726,10,-0.04569999999999996,0.006999999999999999,17,3.8112564086914062,8.731985092163086,-0.54331374168396,-0.018842972815036774,9.795148849487305,y,1.8_2.0_2.2
85,8.486363636363636,8.587272727272726,12,0.10700000000000001,0.1563,39,0.08443903923034668,0.29411858320236206,0.22800926864147186,0.12942923605442047,12.72877025604248,y,1.8_2.0_2.2
85,8.486363636363636,8.587272727272726,13,0.1563,0.2056,26,-0.03239213675260544,0.26634445786476135,0.09491496533155441,0.1775600165128708,10.988593101501465,y,1.8_2.0_2.2
85,8.486363636363636,8.587272727272726,14,0.2056,0.2549,25,-0.05880981311202049,0.22934149205684662,0.07834615558385849,0.22905544936656952,10.154158592224121,y,1.8_2.0_2.2
85,8.486363636363636,8.587272727272726,15,0.2549,0.3042,13,-0.016458086669445038,0.18238669633865356,0.17600701749324799,0.278515487909317,10.862844467163086,y,1.8_2.0_2.2
86,8.587272727272726,8.688181818181818,3,-0.4146,-0.3619,23,0.0424690805375576,0.005055140238255262,-0.5420284271240234,-0.37527722120285034,10.391541481018066,y,1.8_2.0_2.2
86,8.587272727272726,8.688181818181818,4,-0.3619,-0.30920000000000003,23,0.052095647901296616,0.010174497961997986,-0.5621259808540344,-0.3385085463523865,12.772006034851074,y,1.8_2.0_2.2
86,8.587272727272726,8.688181818181818,5,-0.30920000000000003,-0.2565,13,0.07635114341974258,0.011539362370967865,-0.5751520395278931,-0.28287333250045776,13.838850975036621,y,1.8_2.0_2.2
86,8.587272727272726,8.688181818181818,6,-0.2565,-0.20379999999999998,10,0.10615460574626923,0.009616740979254246,-0.5843275785446167,-0.22634072601795197,15.212506294250488,y,1.8_2.0_2.2
86,8.587272727272726,8.688181818181818,7,-0.20379999999999998,-0.1511,6,0.14565348625183105,0.0064448146149516106,-0.5861732363700867,-0.16586798429489136,17.47068977355957,y,1.8_2.0_2.2
86,8.587272727272726,8.688181818181818,8,-0.1511,-0.09839999999999999,6,0.2865646183490753,0.10070396959781647,-0.5655338168144226,-0.11261285096406937,15.634387016296387,y,1.8_2.0_2.2
86,8.587272727272726,8.688181818181818,9,-0.09839999999999999,-0.04569999999999996,9,0.6197091341018677,0.17045682668685913,-0.5337820649147034,-0.0687040314078331,12.210612297058105,y,1.8_2.0_2.2
86,8.587272727272726,8.688181818181818,10,-0.04569999999999996,0.006999999999999999,16,3.97265887260437,8.992541313171387,-0.5403602719306946,-0.017839720472693443,9.87637710571289,y,1.8_2.0_2.2
86,8.587272727272726,8.688181818181818,12,0.10700000000000001,0.1563,38,0.07840073108673096,0.29391101002693176,0.22055502235889435,0.12948110699653625,12.838850021362305,y,1.8_2.0_2.2
86,8.587272727272726,8.688181818181818,13,0.1563,0.2056,26,-0.03239213675260544,0.26634445786476135,0.09491496533155441,0.1775600165128708,10.988593101501465,y,1.8_2.0_2.2
86,8.587272727272726,8.688181818181818,14,0.2056,0.2549,25,-0.05880981311202049,0.22934149205684662,0.07834615558385849,0.22905544936656952,10.154158592224121,y,1.8_2.0_2.2
86,8.587272727272726,8.688181818181818,15,0.2549,0.3042,13,-0.016458086669445038,0.18238669633865356,0.17600701749324799,0.278515487909317,10.862844467163086,y,1.8_2.0_2.2
87,8.688181818181818,8.789090909090909,3,-0.4146,-0.3619,22,0.04225398600101471,0.005137093830853701,-0.542933464050293,-0.37533989548683167,10.471405982971191,y,1.8_2.0_2.2
87,8.688181818181818,8.789090909090909,4,-0.3619,-0.30920000000000003,23,0.052095647901296616,0.010174497961997986,-0.5621259808540344,-0.3385085463523865,12.772006034851074,y,1.8_2.0_2.2
87,8.688181818181818,8.789090909090909,5,-0.30920000000000003,-0.2565,13,0.07635114341974258,0.011539362370967865,-0.5751520395278931,-0.28287333250045776,13.838850975036621,y,1.8_2.0_2.2
87,8.688181818181818,8.789090909090909,6,-0.2565,-0.20379999999999998,10,0.10615460574626923,0.009616740979254246,-0.5843275785446167,-0.22634072601795197,15.212506294250488,y,1.8_2.0_2.2
87,8.688181818181818,8.789090909090909,7,-0.20379999999999998,-0.1511,6,0.14565348625183105,0.0064448146149516106,-0.5861732363700867,-0.16586798429489136,17.47068977355957,y,1.8_2.0_2.2
87,8.688181818181818,8.789090909090909,8,-0.1511,-0.09839999999999999,5,0.25639504194259644,0.08190436661243439,-0.5759406685829163,-0.11370106041431427,17.027721405029297,y,1.8_2.0_2.2
87,8.688181818181818,8.789090909090909,9,-0.09839999999999999,-0.04569999999999996,9,0.6197091341018677,0.17045682668685913,-0.5337820649147034,-0.0687040314078331,12.210612297058105,y,1.8_2.0_2.2
87,8.688181818181818,8.789090909090909,10,-0.04569999999999996,0.006999999999999999,13,3.4609436988830566,9.813773155212402,-0.5293923020362854,-0.018336689099669456,10.158798217773438,y,1.8_2.0_2.2
87,8.688181818181818,8.789090909090909,12,0.10700000000000001,0.1563,38,0.07840073108673096,0.29391101002693176,0.22055502235889435,0.12948110699653625,12.838850021362305,y,1.8_2.0_2.2
87,8.688181818181818,8.789090909090909,13,0.1563,0.2056,26,-0.03239213675260544,0.26634445786476135,0.09491496533155441,0.1775600165128708,10.988593101501465,y,1.8_2.0_2.2
87,8.688181818181818,8.789090909090909,14,0.2056,0.2549,25,-0.05880981311202049,0.22934149205684662,0.07834615558385849,0.22905544936656952,10.154158592224121,y,1.8_2.0_2.2
87,8.688181818181818,8.789090909090909,15,0.2549,0.3042,13,-0.016458086669445038,0.18238669633865356,0.17600701749324799,0.278515487909317,10.862844467163086,y,1.8_2.0_2.2
88,8.789090909090909,8.889999999999999,3,-0.4146,-0.3619,20,0.04187094792723656,0.005308438558131456,-0.5437502264976501,-0.37464243173599243,10.645532608032227,y,1.8_2.0_2.2
88,8.789090909090909,8.889999999999999,4,-0.3619,-0.30920000000000003,23,0.052095647901296616,0.010174497961997986,-0.5621259808540344,-0.3385085463523865,12.772006034851074,y,1.8_2.0_2.2
88,8.789090909090909,8.889999999999999,5,-0.30920000000000003,-0.2565,13,0.07635114341974258,0.011539362370967865,-0.5751520395278931,-0.28287333250045776,13.838850975036621,y,1.8_2.0_2.2
88,8.789090909090909,8.889999999999999,6,-0.2565,-0.20379999999999998,10,0.10615460574626923,0.009616740979254246,-0.5843275785446167,-0.22634072601795197,15.212506294250488,y,1.8_2.0_2.2
88,8.789090909090909,8.889999999999999,7,-0.20379999999999998,-0.1511,6,0.14565348625183105,0.0064448146149516106,-0.5861732363700867,-0.16586798429489136,17.47068977355957,y,1.8_2.0_2.2
88,8.789090909090909,8.889999999999999,8,-0.1511,-0.09839999999999999,5,0.25639504194259644,0.08190436661243439,-0.5759406685829163,-0.11370106041431427,17.027721405029297,y,1.8_2.0_2.2
88,8.789090909090909,8.889999999999999,9,-0.09839999999999999,-0.04569999999999996,9,0.6197091341018677,0.17045682668685913,-0.5337820649147034,-0.0687040314078331,12.210612297058105,y,1.8_2.0_2.2
88,8.789090909090909,8.889999999999999,10,-0.04569999999999996,0.006999999999999999,13,3.4609436988830566,9.813773155212402,-0.5293923020362854,-0.018336689099669456,10.158798217773438,y,1.8_2.0_2.2
88,8.789090909090909,8.889999999999999,12,0.10700000000000001,0.1563,38,0.07840073108673096,0.29391101002693176,0.22055502235889435,0.12948110699653625,12.838850021362305,y,1.8_2.0_2.2
88,8.789090909090909,8.889999999999999,13,0.1563,0.2056,26,-0.03239213675260544,0.26634445786476135,0.09491496533155441,0.1775600165128708,10.988593101501465,y,1.8_2.0_2.2
88,8.789090909090909,8.889999999999999,14,0.2056,0.2549,23,-0.051805347204208374,0.2262217253446579,0.08765570819377899,0.229149729013443,10.276597023010254,y,1.8_2.0_2.2
88,8.789090909090909,8.889999999999999,15,0.2549,0.3042,13,-0.016458086669445038,0.18238669633865356,0.17600701749324799,0.278515487909317,10.862844467163086,y,1.8_2.0_2.2
89,8.889999999999999,8.99090909090909,3,-0.4146,-0.3619,16,0.04140403866767883,0.0059135244227945805,-0.5463498830795288,-0.3718385398387909,11.098550796508789,y,1.8_2.0_2.2
89,8.889999999999999,8.99090909090909,4,-0.3619,-0.30920000000000003,23,0.052095647901296616,0.010174497961997986,-0.5621259808540344,-0.3385085463523865,12.772006034851074,y,1.8_2.0_2.2
89,8.889999999999999,8.99090909090909,5,-0.30920000000000003,-0.2565,13,0.07635114341974258,0.011539362370967865,-0.5751520395278931,-0.28287333250045776,13.838850975036621,y,1.8_2.0_2.2
89,8.889999999999999,8.99090909090909,6,-0.2565,-0.20379999999999998,10,0.10615460574626923,0.009616740979254246,-0.5843275785446167,-0.22634072601795197,15.212506294250488,y,1.8_2.0_2.2
89,8.889999999999999,8.99090909090909,7,-0.20379999999999998,-0.1511,6,0.14565348625183105,0.0064448146149516106,-0.5861732363700867,-0.16586798429489136,17.47068977355957,y,1.8_2.0_2.2
89,8.889999999999999,8.99090909090909,8,-0.1511,-0.09839999999999999,5,0.25639504194259644,0.08190436661243439,-0.5759406685829163,-0.11370106041431427,17.027721405029297,y,1.8_2.0_2.2
89,8.889999999999999,8.99090909090909,9,-0.09839999999999999,-0.04569999999999996,8,0.6312764286994934,0.17743521928787231,-0.536451518535614,-0.06597492098808289,12.632017135620117,y,1.8_2.0_2.2
89,8.889999999999999,8.99090909090909,10,-0.04569999999999996,0.006999999999999999,12,3.1753621101379395,10.180719375610352,-0.5235794186592102,-0.018900733441114426,10.268672943115234,y,1.8_2.0_2.2
89,8.889999999999999,8.99090909090909,12,0.10700000000000001,0.1563,37,0.07245955616235733,0.2919456660747528,0.21284544467926025,0.12997280061244965,12.946861267089844,y,1.8_2.0_2.2
89,8.889999999999999,8.99090909090909,13,0.1563,0.2056,26,-0.03239213675260544,0.26634445786476135,0.09491496533155441,0.1775600165128708,10.988593101501465,y,1.8_2.0_2.2
89,8.889999999999999,8.99090909090909,14,0.2056,0.2549,23,-0.051805347204208374,0.2262217253446579,0.08765570819377899,0.229149729013443,10.276597023010254,y,1.8_2.0_2.2
89,8.889999999999999,8.99090909090909,15,0.2549,0.3042,12,0.020757444202899933,0.1678273230791092,0.2371952086687088,0.2791275978088379,11.03098201751709,y,1.8_2.0_2.2
90,8.99090909090909,9.091818181818182,3,-0.4146,-0.3619,16,0.04140403866767883,0.0059135244227945805,-0.5463498830795288,-0.3718385398387909,11.098550796508789,y,1.8_2.0_2.2
90,8.99090909090909,9.091818181818182,4,-0.3619,-0.30920000000000003,23,0.052095647901296616,0.010174497961997986,-0.5621259808540344,-0.3385085463523865,12.772006034851074,y,1.8_2.0_2.2
90,8.99090909090909,9.091818181818182,5,-0.30920000000000003,-0.2565,13,0.07635114341974258,0.011539362370967865,-0.5751520395278931,-0.28287333250045776,13.838850975036621,y,1.8_2.0_2.2
90,8.99090909090909,9.091818181818182,6,-0.2565,-0.20379999999999998,10,0.10615460574626923,0.009616740979254246,-0.5843275785446167,-0.22634072601795197,15.212506294250488,y,1.8_2.0_2.2
90,8.99090909090909,9.091818181818182,7,-0.20379999999999998,-0.1511,6,0.14565348625183105,0.0064448146149516106,-0.5861732363700867,-0.16586798429489136,17.47068977355957,y,1.8_2.0_2.2
90,8.99090909090909,9.091818181818182,8,-0.1511,-0.09839999999999999,5,0.25639504194259644,0.08190436661243439,-0.5759406685829163,-0.11370106041431427,17.027721405029297,y,1.8_2.0_2.2
90,8.99090909090909,9.091818181818182,9,-0.09839999999999999,-0.04569999999999996,8,0.6312764286994934,0.17743521928787231,-0.536451518535614,-0.06597492098808289,12.632017135620117,y,1.8_2.0_2.2
90,8.99090909090909,9.091818181818182,10,-0.04569999999999996,0.006999999999999999,11,3.9472999572753906,5.923253536224365,-0.5168420076370239,-0.020860688760876656,10.390480041503906,y,1.8_2.0_2.2
90,8.99090909090909,9.091818181818182,12,0.10700000000000001,0.1563,37,0.07245955616235733,0.2919456660747528,0.21284544467926025,0.12997280061244965,12.946861267089844,y,1.8_2.0_2.2
90,8.99090909090909,9.091818181818182,13,0.1563,0.2056,25,-0.04336024075746536,0.2645591199398041,0.07823321223258972,0.17839042842388153,11.072378158569336,y,1.8_2.0_2.2
90,8.99090909090909,9.091818181818182,14,0.2056,0.2549,21,-0.022679319605231285,0.2157362550497055,0.14808733761310577,0.22859565913677216,10.402148246765137,y,1.8_2.0_2.2
90,8.99090909090909,9.091818181818182,15,0.2549,0.3042,12,0.020757444202899933,0.1678273230791092,0.2371952086687088,0.2791275978088379,11.03098201751709,y,1.8_2.0_2.2
91,9.091818181818182,9.192727272727272,3,-0.4146,-0.3619,15,0.04089188203215599,0.004045249428600073,-0.5452089309692383,-0.37230050563812256,11.233805656433105,y,1.8_2.0_2.2
91,9.091818181818182,9.192727272727272,4,-0.3619,-0.30920000000000003,23,0.052095647901296616,0.010174497961997986,-0.5621259808540344,-0.3385085463523865,12.772006034851074,y,1.8_2.0_2.2
91,9.091818181818182,9.192727272727272,5,-0.30920000000000003,-0.2565,13,0.07635114341974258,0.011539362370967865,-0.5751520395278931,-0.28287333250045776,13.838850975036621,y,1.8_2.0_2.2
91,9.091818181818182,9.192727272727272,6,-0.2565,-0.20379999999999998,10,0.10615460574626923,0.009616740979254246,-0.5843275785446167,-0.22634072601795197,15.212506294250488,y,1.8_2.0_2.2
91,9.091818181818182,9.192727272727272,7,-0.20379999999999998,-0.1511,6,0.14565348625183105,0.0064448146149516106,-0.5861732363700867,-0.16586798429489136,17.47068977355957,y,1.8_2.0_2.2
91,9.091818181818182,9.192727272727272,8,-0.1511,-0.09839999999999999,5,0.25639504194259644,0.08190436661243439,-0.5759406685829163,-0.11370106041431427,17.027721405029297,y,1.8_2.0_2.2
91,9.091818181818182,9.192727272727272,9,-0.09839999999999999,-0.04569999999999996,7,0.6283623576164246,0.18950708210468292,-0.540036141872406,-0.06481488794088364,13.142915725708008,y,1.8_2.0_2.2
91,9.091818181818182,9.192727272727272,10,-0.04569999999999996,0.006999999999999999,11,3.9472999572753906,5.923253536224365,-0.5168420076370239,-0.020860688760876656,10.390480041503906,y,1.8_2.0_2.2
91,9.091818181818182,9.192727272727272,12,0.10700000000000001,0.1563,37,0.07245955616235733,0.2919456660747528,0.21284544467926025,0.12997280061244965,12.946861267089844,y,1.8_2.0_2.2
91,9.091818181818182,9.192727272727272,13,0.1563,0.2056,24,-0.05495474860072136,0.265936940908432,0.06152983382344246,0.17784571647644043,11.155121803283691,y,1.8_2.0_2.2
91,9.091818181818182,9.192727272727272,14,0.2056,0.2549,21,-0.022679319605231285,0.2157362550497055,0.14808733761310577,0.22859565913677216,10.402148246765137,y,1.8_2.0_2.2
91,9.091818181818182,9.192727272727272,15,0.2549,0.3042,12,0.020757444202899933,0.1678273230791092,0.2371952086687088,0.2791275978088379,11.03098201751709,y,1.8_2.0_2.2
92,9.192727272727272,9.293636363636363,3,-0.4146,-0.3619,15,0.04089188203215599,0.004045249428600073,-0.5452089309692383,-0.37230050563812256,11.233805656433105,y,1.8_2.0_2.2
92,9.192727272727272,9.293636363636363,4,-0.3619,-0.30920000000000003,23,0.052095647901296616,0.010174497961997986,-0.5621259808540344,-0.3385085463523865,12.772006034851074,y,1.8_2.0_2.2
92,9.192727272727272,9.293636363636363,5,-0.30920000000000003,-0.2565,13,0.07635114341974258,0.011539362370967865,-0.5751520395278931,-0.28287333250045776,13.838850975036621,y,1.8_2.0_2.2
92,9.192727272727272,9.293636363636363,6,-0.2565,-0.20379999999999998,10,0.10615460574626923,0.009616740979254246,-0.5843275785446167,-0.22634072601795197,15.212506294250488,y,1.8_2.0_2.2
92,9.192727272727272,9.293636363636363,7,-0.20379999999999998,-0.1511,6,0.14565348625183105,0.0064448146149516106,-0.5861732363700867,-0.16586798429489136,17.47068977355957,y,1.8_2.0_2.2
92,9.192727272727272,9.293636363636363,8,-0.1511,-0.09839999999999999,5,0.25639504194259644,0.08190436661243439,-0.5759406685829163,-0.11370106041431427,17.027721405029297,y,1.8_2.0_2.2
92,9.192727272727272,9.293636363636363,9,-0.09839999999999999,-0.04569999999999996,7,0.6283623576164246,0.18950708210468292,-0.540036141872406,-0.06481488794088364,13.142915725708008,y,1.8_2.0_2.2
92,9.192727272727272,9.293636363636363,10,-0.04569999999999996,0.006999999999999999,11,3.9472999572753906,5.923253536224365,-0.5168420076370239,-0.020860688760876656,10.390480041503906,y,1.8_2.0_2.2
92,9.192727272727272,9.293636363636363,12,0.10700000000000001,0.1563,37,0.07245955616235733,0.2919456660747528,0.21284544467926025,0.12997280061244965,12.946861267089844,y,1.8_2.0_2.2
92,9.192727272727272,9.293636363636363,13,0.1563,0.2056,24,-0.05495474860072136,0.265936940908432,0.06152983382344246,0.17784571647644043,11.155121803283691,y,1.8_2.0_2.2
92,9.192727272727272,9.293636363636363,14,0.2056,0.2549,21,-0.022679319605231285,0.2157362550497055,0.14808733761310577,0.22859565913677216,10.402148246765137,y,1.8_2.0_2.2
92,9.192727272727272,9.293636363636363,15,0.2549,0.3042,12,0.020757444202899933,0.1678273230791092,0.2371952086687088,0.2791275978088379,11.03098201751709,y,1.8_2.0_2.2
93,9.293636363636363,9.394545454545455,3,-0.4146,-0.3619,15,0.04089188203215599,0.004045249428600073,-0.5452089309692383,-0.37230050563812256,11.233805656433105,y,1.8_2.0_2.2
93,9.293636363636363,9.394545454545455,4,-0.3619,-0.30920000000000003,22,0.05142051726579666,0.010172109119594097,-0.5619031190872192,-0.3375718593597412,12.934154510498047,y,1.8_2.0_2.2
93,9.293636363636363,9.394545454545455,5,-0.30920000000000003,-0.2565,13,0.07635114341974258,0.011539362370967865,-0.5751520395278931,-0.28287333250045776,13.838850975036621,y,1.8_2.0_2.2
93,9.293636363636363,9.394545454545455,6,-0.2565,-0.20379999999999998,10,0.10615460574626923,0.009616740979254246,-0.5843275785446167,-0.22634072601795197,15.212506294250488,y,1.8_2.0_2.2
93,9.293636363636363,9.394545454545455,7,-0.20379999999999998,-0.1511,6,0.14565348625183105,0.0064448146149516106,-0.5861732363700867,-0.16586798429489136,17.47068977355957,y,1.8_2.0_2.2
93,9.293636363636363,9.394545454545455,8,-0.1511,-0.09839999999999999,5,0.25639504194259644,0.08190436661243439,-0.5759406685829163,-0.11370106041431427,17.027721405029297,y,1.8_2.0_2.2
93,9.293636363636363,9.394545454545455,9,-0.09839999999999999,-0.04569999999999996,6,0.5950225591659546,0.18470948934555054,-0.5449927449226379,-0.06583163887262344,13.7860107421875,y,1.8_2.0_2.2
93,9.293636363636363,9.394545454545455,10,-0.04569999999999996,0.006999999999999999,11,3.9472999572753906,5.923253536224365,-0.5168420076370239,-0.020860688760876656,10.390480041503906,y,1.8_2.0_2.2
93,9.293636363636363,9.394545454545455,12,0.10700000000000001,0.1563,37,0.07245955616235733,0.2919456660747528,0.21284544467926025,0.12997280061244965,12.946861267089844,y,1.8_2.0_2.2
93,9.293636363636363,9.394545454545455,13,0.1563,0.2056,24,-0.05495474860072136,0.265936940908432,0.06152983382344246,0.17784571647644043,11.155121803283691,y,1.8_2.0_2.2
93,9.293636363636363,9.394545454545455,14,0.2056,0.2549,20,-0.03243668004870415,0.21732939779758453,0.13108424842357635,0.2291773557662964,10.459653854370117,y,1.8_2.0_2.2
93,9.293636363636363,9.394545454545455,15,0.2549,0.3042,11,0.02747795730829239,0.14995262026786804,0.31015369296073914,0.27748310565948486,11.194060325622559,y,1.8_2.0_2.2
94,9.394545454545455,9.495454545454544,3,-0.4146,-0.3619,15,0.04089188203215599,0.004045249428600073,-0.5452089309692383,-0.37230050563812256,11.233805656433105,y,1.8_2.0_2.2
94,9.394545454545455,9.495454545454544,4,-0.3619,-0.30920000000000003,22,0.05142051726579666,0.010172109119594097,-0.5619031190872192,-0.3375718593597412,12.934154510498047,y,1.8_2.0_2.2
94,9.394545454545455,9.495454545454544,5,-0.30920000000000003,-0.2565,13,0.07635114341974258,0.011539362370967865,-0.5751520395278931,-0.28287333250045776,13.838850975036621,y,1.8_2.0_2.2
94,9.394545454545455,9.495454545454544,6,-0.2565,-0.20379999999999998,10,0.10615460574626923,0.009616740979254246,-0.5843275785446167,-0.22634072601795197,15.212506294250488,y,1.8_2.0_2.2
94,9.394545454545455,9.495454545454544,7,-0.20379999999999998,-0.1511,6,0.14565348625183105,0.0064448146149516106,-0.5861732363700867,-0.16586798429489136,17.47068977355957,y,1.8_2.0_2.2
94,9.394545454545455,9.495454545454544,8,-0.1511,-0.09839999999999999,5,0.25639504194259644,0.08190436661243439,-0.5759406685829163,-0.11370106041431427,17.027721405029297,y,1.8_2.0_2.2
94,9.394545454545455,9.495454545454544,9,-0.09839999999999999,-0.04569999999999996,6,0.5950225591659546,0.18470948934555054,-0.5449927449226379,-0.06583163887262344,13.7860107421875,y,1.8_2.0_2.2
94,9.394545454545455,9.495454545454544,10,-0.04569999999999996,0.006999999999999999,11,3.9472999572753906,5.923253536224365,-0.5168420076370239,-0.020860688760876656,10.390480041503906,y,1.8_2.0_2.2
94,9.394545454545455,9.495454545454544,12,0.10700000000000001,0.1563,37,0.07245955616235733,0.2919456660747528,0.21284544467926025,0.12997280061244965,12.946861267089844,y,1.8_2.0_2.2
94,9.394545454545455,9.495454545454544,13,0.1563,0.2056,24,-0.05495474860072136,0.265936940908432,0.06152983382344246,0.17784571647644043,11.155121803283691,y,1.8_2.0_2.2
94,9.394545454545455,9.495454545454544,14,0.2056,0.2549,19,-0.011118871159851551,0.20865678787231445,0.16662292182445526,0.23015257716178894,10.519450187683105,y,1.8_2.0_2.2
94,9.394545454545455,9.495454545454544,15,0.2549,0.3042,11,0.02747795730829239,0.14995262026786804,0.31015369296073914,0.27748310565948486,11.194060325622559,y,1.8_2.0_2.2
95,9.495454545454544,9.596363636363636,3,-0.4146,-0.3619,15,0.04089188203215599,0.004045249428600073,-0.5452089309692383,-0.37230050563812256,11.233805656433105,y,1.8_2.0_2.2
95,9.495454545454544,9.596363636363636,4,-0.3619,-0.30920000000000003,22,0.05142051726579666,0.010172109119594097,-0.5619031190872192,-0.3375718593597412,12.934154510498047,y,1.8_2.0_2.2
95,9.495454545454544,9.596363636363636,5,-0.30920000000000003,-0.2565,13,0.07635114341974258,0.011539362370967865,-0.5751520395278931,-0.28287333250045776,13.838850975036621,y,1.8_2.0_2.2
95,9.495454545454544,9.596363636363636,6,-0.2565,-0.20379999999999998,10,0.10615460574626923,0.009616740979254246,-0.5843275785446167,-0.22634072601795197,15.212506294250488,y,1.8_2.0_2.2
95,9.495454545454544,9.596363636363636,7,-0.20379999999999998,-0.1511,6,0.14565348625183105,0.0064448146149516106,-0.5861732363700867,-0.16586798429489136,17.47068977355957,y,1.8_2.0_2.2
95,9.495454545454544,9.596363636363636,8,-0.1511,-0.09839999999999999,5,0.25639504194259644,0.08190436661243439,-0.5759406685829163,-0.11370106041431427,17.027721405029297,y,1.8_2.0_2.2
95,9.495454545454544,9.596363636363636,9,-0.09839999999999999,-0.04569999999999996,6,0.5950225591659546,0.18470948934555054,-0.5449927449226379,-0.06583163887262344,13.7860107421875,y,1.8_2.0_2.2
95,9.495454545454544,9.596363636363636,10,-0.04569999999999996,0.006999999999999999,10,4.301413059234619,6.055105209350586,-0.5175496935844421,-0.018542679026722908,10.480597496032715,y,1.8_2.0_2.2
95,9.495454545454544,9.596363636363636,12,0.10700000000000001,0.1563,37,0.07245955616235733,0.2919456660747528,0.21284544467926025,0.12997280061244965,12.946861267089844,y,1.8_2.0_2.2
95,9.495454545454544,9.596363636363636,13,0.1563,0.2056,24,-0.05495474860072136,0.265936940908432,0.06152983382344246,0.17784571647644043,11.155121803283691,y,1.8_2.0_2.2
95,9.495454545454544,9.596363636363636,14,0.2056,0.2549,19,-0.011118871159851551,0.20865678787231445,0.16662292182445526,0.23015257716178894,10.519450187683105,y,1.8_2.0_2.2
95,9.495454545454544,9.596363636363636,15,0.2549,0.3042,11,0.02747795730829239,0.14995262026786804,0.31015369296073914,0.27748310565948486,11.194060325622559,y,1.8_2.0_2.2
96,9.596363636363636,9.697272727272727,3,-0.4146,-0.3619,14,0.040613483637571335,0.002610794734209776,-0.5442509651184082,-0.37247586250305176,11.355055809020996,y,1.8_2.0_2.2
96,9.596363636363636,9.697272727272727,4,-0.3619,-0.30920000000000003,22,0.05142051726579666,0.010172109119594097,-0.5619031190872192,-0.3375718593597412,12.934154510498047,y,1.8_2.0_2.2
96,9.596363636363636,9.697272727272727,5,-0.30920000000000003,-0.2565,13,0.07635114341974258,0.011539362370967865,-0.5751520395278931,-0.28287333250045776,13.838850975036621,y,1.8_2.0_2.2
96,9.596363636363636,9.697272727272727,6,-0.2565,-0.20379999999999998,10,0.10615460574626923,0.009616740979254246,-0.5843275785446167,-0.22634072601795197,15.212506294250488,y,1.8_2.0_2.2
96,9.596363636363636,9.697272727272727,7,-0.20379999999999998,-0.1511,6,0.14565348625183105,0.0064448146149516106,-0.5861732363700867,-0.16586798429489136,17.47068977355957,y,1.8_2.0_2.2
96,9.596363636363636,9.697272727272727,8,-0.1511,-0.09839999999999999,5,0.25639504194259644,0.08190436661243439,-0.5759406685829163,-0.11370106041431427,17.027721405029297,y,1.8_2.0_2.2
96,9.596363636363636,9.697272727272727,9,-0.09839999999999999,-0.04569999999999996,6,0.5950225591659546,0.18470948934555054,-0.5449927449226379,-0.06583163887262344,13.7860107421875,y,1.8_2.0_2.2
96,9.596363636363636,9.697272727272727,10,-0.04569999999999996,0.006999999999999999,10,4.301413059234619,6.055105209350586,-0.5175496935844421,-0.018542679026722908,10.480597496032715,y,1.8_2.0_2.2
96,9.596363636363636,9.697272727272727,12,0.10700000000000001,0.1563,37,0.07245955616235733,0.2919456660747528,0.21284544467926025,0.12997280061244965,12.946861267089844,y,1.8_2.0_2.2
96,9.596363636363636,9.697272727272727,13,0.1563,0.2056,24,-0.05495474860072136,0.265936940908432,0.06152983382344246,0.17784571647644043,11.155121803283691,y,1.8_2.0_2.2
96,9.596363636363636,9.697272727272727,14,0.2056,0.2549,17,0.039693739265203476,0.18565426766872406,0.25014907121658325,0.23098823428153992,10.63637638092041,y,1.8_2.0_2.2
96,9.596363636363636,9.697272727272727,15,0.2549,0.3042,10,0.06879547983407974,0.11252985149621964,0.3970491588115692,0.2793619632720947,11.358718872070312,y,1.8_2.0_2.2
97,9.697272727272727,9.798181818181817,3,-0.4146,-0.3619,14,0.040613483637571335,0.002610794734209776,-0.5442509651184082,-0.37247586250305176,11.355055809020996,y,1.8_2.0_2.2
97,9.697272727272727,9.798181818181817,4,-0.3619,-0.30920000000000003,21,0.05089302733540535,0.010064048692584038,-0.5613867044448853,-0.33684760332107544,13.088892936706543,y,1.8_2.0_2.2
97,9.697272727272727,9.798181818181817,5,-0.30920000000000003,-0.2565,13,0.07635114341974258,0.011539362370967865,-0.5751520395278931,-0.28287333250045776,13.838850975036621,y,1.8_2.0_2.2
97,9.697272727272727,9.798181818181817,6,-0.2565,-0.20379999999999998,10,0.10615460574626923,0.009616740979254246,-0.5843275785446167,-0.22634072601795197,15.212506294250488,y,1.8_2.0_2.2
97,9.697272727272727,9.798181818181817,7,-0.20379999999999998,-0.1511,6,0.14565348625183105,0.0064448146149516106,-0.5861732363700867,-0.16586798429489136,17.47068977355957,y,1.8_2.0_2.2
97,9.697272727272727,9.798181818181817,8,-0.1511,-0.09839999999999999,5,0.25639504194259644,0.08190436661243439,-0.5759406685829163,-0.11370106041431427,17.027721405029297,y,1.8_2.0_2.2
97,9.697272727272727,9.798181818181817,9,-0.09839999999999999,-0.04569999999999996,6,0.5950225591659546,0.18470948934555054,-0.5449927449226379,-0.06583163887262344,13.7860107421875,y,1.8_2.0_2.2
97,9.697272727272727,9.798181818181817,10,-0.04569999999999996,0.006999999999999999,10,4.301413059234619,6.055105209350586,-0.5175496935844421,-0.018542679026722908,10.480597496032715,y,1.8_2.0_2.2
97,9.697272727272727,9.798181818181817,12,0.10700000000000001,0.1563,36,0.06653529405593872,0.2913565933704376,0.20461155474185944,0.13032716512680054,13.03728199005127,y,1.8_2.0_2.2
97,9.697272727272727,9.798181818181817,13,0.1563,0.2056,23,-0.06758707761764526,0.26727309823036194,0.043280646204948425,0.17733334004878998,11.221683502197266,y,1.8_2.0_2.2
97,9.697272727272727,9.798181818181817,14,0.2056,0.2549,16,0.035013895481824875,0.1899588257074356,0.23535962402820587,0.22962036728858948,10.698014259338379,y,1.8_2.0_2.2
97,9.697272727272727,9.798181818181817,15,0.2549,0.3042,10,0.06879547983407974,0.11252985149621964,0.3970491588115692,0.2793619632720947,11.358718872070312,y,1.8_2.0_2.2
98,9.798181818181817,9.899090909090908,3,-0.4146,-0.3619,14,0.040613483637571335,0.002610794734209776,-0.5442509651184082,-0.37247586250305176,11.355055809020996,y,1.8_2.0_2.2
98,9.798181818181817,9.899090909090908,4,-0.3619,-0.30920000000000003,21,0.05089302733540535,0.010064048692584038,-0.5613867044448853,-0.33684760332107544,13.088892936706543,y,1.8_2.0_2.2
98,9.798181818181817,9.899090909090908,5,-0.30920000000000003,-0.2565,13,0.07635114341974258,0.011539362370967865,-0.5751520395278931,-0.28287333250045776,13.838850975036621,y,1.8_2.0_2.2
98,9.798181818181817,9.899090909090908,6,-0.2565,-0.20379999999999998,10,0.10615460574626923,0.009616740979254246,-0.5843275785446167,-0.22634072601795197,15.212506294250488,y,1.8_2.0_2.2
98,9.798181818181817,9.899090909090908,7,-0.20379999999999998,-0.1511,6,0.14565348625183105,0.0064448146149516106,-0.5861732363700867,-0.16586798429489136,17.47068977355957,y,1.8_2.0_2.2
98,9.798181818181817,9.899090909090908,9,-0.09839999999999999,-0.04569999999999996,6,0.5950225591659546,0.18470948934555054,-0.5449927449226379,-0.06583163887262344,13.7860107421875,y,1.8_2.0_2.2
98,9.798181818181817,9.899090909090908,10,-0.04569999999999996,0.006999999999999999,9,6.174786567687988,6.219200611114502,-0.5185329914093018,-0.01726251281797886,10.5641508102417,y,1.8_2.0_2.2
98,9.798181818181817,9.899090909090908,12,0.10700000000000001,0.1563,36,0.06653529405593872,0.2913565933704376,0.20461155474185944,0.13032716512680054,13.03728199005127,y,1.8_2.0_2.2
98,9.798181818181817,9.899090909090908,13,0.1563,0.2056,22,-0.04812411218881607,0.2653033137321472,0.06961414963006973,0.17633382976055145,11.289274215698242,y,1.8_2.0_2.2
98,9.798181818181817,9.899090909090908,14,0.2056,0.2549,14,0.022988775745034218,0.19942162930965424,0.19946201145648956,0.22635520994663239,10.833341598510742,y,1.8_2.0_2.2
98,9.798181818181817,9.899090909090908,15,0.2549,0.3042,10,0.06879547983407974,0.11252985149621964,0.3970491588115692,0.2793619632720947,11.358718872070312,y,1.8_2.0_2.2
99,9.899090909090908,10.0,3,-0.4146,-0.3619,14,0.040613483637571335,0.002610794734209776,-0.5442509651184082,-0.37247586250305176,11.355055809020996,y,1.8_2.0_2.2
99,9.899090909090908,10.0,4,-0.3619,-0.30920000000000003,21,0.05089302733540535,0.010064048692584038,-0.5613867044448853,-0.33684760332107544,13.088892936706543,y,1.8_2.0_2.2
99,9.899090909090908,10.0,5,-0.30920000000000003,-0.2565,13,0.07635114341974258,0.011539362370967865,-0.5751520395278931,-0.28287333250045776,13.838850975036621,y,1.8_2.0_2.2
99,9.899090909090908,10.0,6,-0.2565,-0.20379999999999998,10,0.10615460574626923,0.009616740979254246,-0.5843275785446167,-0.22634072601795197,15.212506294250488,y,1.8_2.0_2.2
99,9.899090909090908,10.0,7,-0.20379999999999998,-0.1511,6,0.14565348625183105,0.0064448146149516106,-0.5861732363700867,-0.16586798429489136,17.47068977355957,y,1.8_2.0_2.2
99,9.899090909090908,10.0,9,-0.09839999999999999,-0.04569999999999996,6,0.5950225591659546,0.18470948934555054,-0.5449927449226379,-0.06583163887262344,13.7860107421875,y,1.8_2.0_2.2
99,9.899090909090908,10.0,10,-0.04569999999999996,0.006999999999999999,7,4.399977207183838,3.292907476425171,-0.5218002200126648,-0.019538644701242447,10.779716491699219,y,1.8_2.0_2.2
99,9.899090909090908,10.0,12,0.10700000000000001,0.1563,36,0.06653529405593872,0.2913565933704376,0.20461155474185944,0.13032716512680054,13.03728199005127,y,1.8_2.0_2.2
99,9.899090909090908,10.0,13,0.1563,0.2056,21,-0.03520841896533966,0.26214805245399475,0.09888986498117447,0.17530858516693115,11.358419418334961,y,1.8_2.0_2.2
99,9.899090909090908,10.0,14,0.2056,0.2549,13,0.012043525464832783,0.20259545743465424,0.17699836194515228,0.22745415568351746,10.907124519348145,y,1.8_2.0_2.2
99,9.899090909090908,10.0,15,0.2549,0.3042,9,0.07079718261957169,0.009637253358960152,0.5041043758392334,0.278751939535141,11.525105476379395,y,1.8_2.0_2.2
100,10.0,inf,3,-0.4146,-0.3619,13,0.0403021015226841,0.0026063364930450916,-0.5453488230705261,-0.3726973831653595,11.459677696228027,y,1.8_2.0_2.2
100,10.0,inf,4,-0.3619,-0.30920000000000003,21,0.05089302733540535,0.010064048692584038,-0.5613867044448853,-0.33684760332107544,13.088892936706543,y,1.8_2.0_2.2
100,10.0,inf,5,-0.30920000000000003,-0.2565,13,0.07635114341974258,0.011539362370967865,-0.5751520395278931,-0.28287333250045776,13.838850975036621,y,1.8_2.0_2.2
100,10.0,inf,6,-0.2565,-0.20379999999999998,10,0.10615460574626923,0.009616740979254246,-0.5843275785446167,-0.22634072601795197,15.212506294250488,y,1.8_2.0_2.2
100,10.0,inf,7,-0.20379999999999998,-0.1511,6,0.14565348625183105,0.0064448146149516106,-0.5861732363700867,-0.16586798429489136,17.47068977355957,y,1.8_2.0_2.2
100,10.0,inf,9,-0.09839999999999999,-0.04569999999999996,5,0.6122499108314514,0.19788993895053864,-0.549983024597168,-0.06180264428257942,14.55902099609375,y,1.8_2.0_2.2
100,10.0,inf,10,-0.04569999999999996,0.006999999999999999,7,4.399977207183838,3.292907476425171,-0.5218002200126648,-0.019538644701242447,10.779716491699219,y,1.8_2.0_2.2
100,10.0,inf,12,0.10700000000000001,0.1563,36,0.06653529405593872,0.2913565933704376,0.20461155474185944,0.13032716512680054,13.03728199005127,y,1.8_2.0_2.2
100,10.0,inf,13,0.1563,0.2056,21,-0.03520841896533966,0.26214805245399475,0.09888986498117447,0.17530858516693115,11.358419418334961,y,1.8_2.0_2.2
100,10.0,inf,14,0.2056,0.2549,12,0.0009909048676490784,0.20749475061893463,0.15074241161346436,0.2258518487215042,10.990921020507812,y,1.8_2.0_2.2
100,10.0,inf,15,0.2549,0.3042,9,0.07079718261957169,0.009637253358960152,0.5041043758392334,0.278751939535141,11.525105476379395,y,1.8_2.0_2.2
0,0.0,0.01,0,-inf,0.0,28444,-547.5181274414062,498.5959167480469,0.0012152483686804771,-0.0014233831316232681,0.008921022526919842,z,1.8_2.0_2.2
0,0.0,0.01,1,0.0,0.011,27881,103.26775360107422,543.4329223632812,0.016897005960345268,0.0044305226765573025,0.19931353628635406,z,1.8_2.0_2.2
0,0.0,0.01,2,0.011,0.022,10215,14.11268138885498,40.61838150024414,0.03414830192923546,0.01611885242164135,0.4516710937023163,z,1.8_2.0_2.2
0,0.0,0.01,3,0.022,0.033,9177,9.396684646606445,23.311397552490234,0.04173247888684273,0.027546698227524757,0.3026573359966278,z,1.8_2.0_2.2
0,0.0,0.01,4,0.033,0.044,8595,7.79207706451416,16.612539291381836,0.05315695330500603,0.038335978984832764,0.2443079650402069,z,1.8_2.0_2.2
0,0.0,0.01,5,0.044,0.05499999999999999,8397,6.121588706970215,12.575326919555664,0.06241646781563759,0.04952763393521309,0.2346000373363495,z,1.8_2.0_2.2
0,0.0,0.01,6,0.05499999999999999,0.066,8811,4.136316776275635,10.289825439453125,0.06929773837327957,0.06054443120956421,0.22615641355514526,z,1.8_2.0_2.2
0,0.0,0.01,7,0.066,0.077,9324,2.582355499267578,9.10759449005127,0.07570508122444153,0.07158736139535904,0.22085168957710266,z,1.8_2.0_2.2
0,0.0,0.01,8,0.077,0.088,10593,0.513020932674408,8.053864479064941,0.0743216946721077,0.08255472779273987,0.2233152836561203,z,1.8_2.0_2.2
0,0.0,0.01,9,0.088,0.09899999999999999,11260,-0.3180292546749115,6.984331130981445,0.07817023992538452,0.09355705231428146,0.23152360320091248,z,1.8_2.0_2.2
0,0.0,0.01,10,0.09899999999999999,0.11,13108,-0.2863130271434784,6.193782329559326,0.09125174582004547,0.10464762151241302,0.23737294971942902,z,1.8_2.0_2.2
0,0.0,0.01,12,0.21000000000000002,0.22200000000000003,13205,1.3895835876464844,3.0786478519439697,0.23271544277668,0.2155212014913559,0.3324941396713257,z,1.8_2.0_2.2
0,0.0,0.01,13,0.22200000000000003,0.234,12796,1.3194273710250854,2.1113879680633545,0.2551400065422058,0.22843800485134125,0.3611909747123718,z,1.8_2.0_2.2
0,0.0,0.01,14,0.234,0.24600000000000002,17350,0.7369391322135925,2.1851158142089844,0.25311747193336487,0.2400093972682953,0.28386765718460083,z,1.8_2.0_2.2
0,0.0,0.01,15,0.24600000000000002,0.258,17906,0.47713667154312134,1.631441593170166,0.25904491543769836,0.2519914507865906,0.3563119173049927,z,1.8_2.0_2.2
0,0.0,0.01,16,0.258,0.27,18040,0.554206132888794,2.097090721130371,0.26962077617645264,0.26381123065948486,0.27045682072639465,z,1.8_2.0_2.2
0,0.0,0.01,17,0.27,0.28200000000000003,13846,0.4784339666366577,2.8244740962982178,0.28084999322891235,0.27562442421913147,0.17852617800235748,z,1.8_2.0_2.2
0,0.0,0.01,18,0.28200000000000003,0.29400000000000004,11330,0.39469218254089355,2.2608730792999268,0.2904108464717865,0.28801849484443665,0.16873270273208618,z,1.8_2.0_2.2
0,0.0,0.01,19,0.29400000000000004,0.30600000000000005,11873,0.40365612506866455,1.7623295783996582,0.3019285798072815,0.3001624345779419,0.12640774250030518,z,1.8_2.0_2.2
0,0.0,0.01,20,0.30600000000000005,0.318,9412,0.34225013852119446,1.577046513557434,0.3130525052547455,0.3118899464607239,0.10337882488965988,z,1.8_2.0_2.2
0,0.0,0.01,21,0.318,0.33,47607,1.5562101602554321,2.2845232486724854,0.3267466127872467,0.3255443871021271,0.033901046961545944,z,1.8_2.0_2.2
0,0.0,0.01,22,0.33,inf,717,-0.22021177411079407,0.29811620712280273,0.3262244462966919,0.3303838074207306,0.214262917637825,z,1.8_2.0_2.2
1,0.01,0.1109090909090909,0,-inf,0.0,5857,-85.28945922851562,226.460205078125,0.005959967151284218,-0.0019175760680809617,0.035666171461343765,z,1.8_2.0_2.2
1,0.01,0.1109090909090909,1,0.0,0.011,16843,25.62266731262207,354.82598876953125,0.024450501427054405,0.0054749781265854836,0.3275317847728729,z,1.8_2.0_2.2
1,0.01,0.1109090909090909,2,0.011,0.022,9344,10.348137855529785,29.584148406982422,0.03478720411658287,0.01608344167470932,0.49302834272384644,z,1.8_2.0_2.2
1,0.01,0.1109090909090909,3,0.022,0.033,8212,6.537747383117676,18.4516544342041,0.04222430661320686,0.027535192668437958,0.33726269006729126,z,1.8_2.0_2.2
1,0.01,0.1109090909090909,4,0.033,0.044,7572,5.342040538787842,13.885940551757812,0.05385085567831993,0.03830666095018387,0.2761971950531006,z,1.8_2.0_2.2
1,0.01,0.1109090909090909,5,0.044,0.05499999999999999,7246,3.9148385524749756,10.64407730102539,0.06306706368923187,0.049527570605278015,0.27055609226226807,z,1.8_2.0_2.2
1,0.01,0.1109090909090909,6,0.05499999999999999,0.066,7692,2.362285852432251,8.86026668548584,0.06934210658073425,0.06057126447558403,0.2578620910644531,z,1.8_2.0_2.2
1,0.01,0.1109090909090909,7,0.066,0.077,8327,1.1719951629638672,8.136805534362793,0.07516548037528992,0.07160718739032745,0.2463078647851944,z,1.8_2.0_2.2
1,0.01,0.1109090909090909,8,0.077,0.088,9708,-0.532105565071106,7.387237071990967,0.0728241428732872,0.08256679773330688,0.24291878938674927,z,1.8_2.0_2.2
1,0.01,0.1109090909090909,9,0.088,0.09899999999999999,10420,-1.1073368787765503,6.517512798309326,0.07632847875356674,0.09356369078159332,0.24951745569705963,z,1.8_2.0_2.2
1,0.01,0.1109090909090909,10,0.09899999999999999,0.11,12312,-0.8298207521438599,5.945339679718018,0.08994800597429276,0.10466071963310242,0.25218287110328674,z,1.8_2.0_2.2
1,0.01,0.1109090909090909,12,0.21000000000000002,0.22200000000000003,12188,1.2766480445861816,3.068018913269043,0.23374614119529724,0.21547919511795044,0.35960495471954346,z,1.8_2.0_2.2
1,0.01,0.1109090909090909,13,0.22200000000000003,0.234,11539,1.2519588470458984,2.0684306621551514,0.2575998306274414,0.22840340435504913,0.39969533681869507,z,1.8_2.0_2.2
1,0.01,0.1109090909090909,14,0.234,0.24600000000000002,15796,0.6503726243972778,1.801099181175232,0.2540925443172455,0.24007242918014526,0.31101301312446594,z,1.8_2.0_2.2
1,0.01,0.1109090909090909,15,0.24600000000000002,0.258,16000,0.38480862975120544,1.5235642194747925,0.2594980001449585,0.25192996859550476,0.39789727330207825,z,1.8_2.0_2.2
1,0.01,0.1109090909090909,16,0.258,0.27,14928,0.3714067041873932,1.8618998527526855,0.27012428641319275,0.26376983523368835,0.3253341615200043,z,1.8_2.0_2.2
1,0.01,0.1109090909090909,17,0.27,0.28200000000000003,11930,0.38134893774986267,2.185866355895996,0.2814787030220032,0.27563172578811646,0.20601783692836761,z,1.8_2.0_2.2
1,0.01,0.1109090909090909,18,0.28200000000000003,0.29400000000000004,9974,0.33494073152542114,2.2199268341064453,0.2904532849788666,0.28803783655166626,0.1906164437532425,z,1.8_2.0_2.2
1,0.01,0.1109090909090909,19,0.29400000000000004,0.30600000000000005,9675,0.33730649948120117,1.5224512815475464,0.3018655776977539,0.29997214674949646,0.15334400534629822,z,1.8_2.0_2.2
1,0.01,0.1109090909090909,20,0.30600000000000005,0.318,7814,0.3104248344898224,1.3518959283828735,0.3130016028881073,0.3119962215423584,0.122831329703331,z,1.8_2.0_2.2
1,0.01,0.1109090909090909,21,0.318,0.33,15889,0.19604678452014923,1.6813385486602783,0.32390403747558594,0.3249777853488922,0.09351887553930283,z,1.8_2.0_2.2
1,0.01,0.1109090909090909,22,0.33,inf,275,-0.04178428277373314,0.0956113338470459,0.3205382227897644,0.3305252492427826,0.5513041019439697,z,1.8_2.0_2.2
2,0.1109090909090909,0.21181818181818182,0,-inf,0.0,215,-15.296883583068848,94.18220520019531,0.013625029474496841,-0.0016418390441685915,0.1475023776292801,z,1.8_2.0_2.2
2,0.1109090909090909,0.21181818181818182,1,0.0,0.011,8863,5.145716190338135,54.70888137817383,0.02777450904250145,0.005858962889760733,0.5900056958198547,z,1.8_2.0_2.2
2,0.1109090909090909,0.21181818181818182,2,0.011,0.022,5503,2.0426952838897705,15.685619354248047,0.04014253616333008,0.015867702662944794,0.8138211965560913,z,1.8_2.0_2.2
2,0.1109090909090909,0.21181818181818182,3,0.022,0.033,4274,0.5893404483795166,10.007209777832031,0.045863375067710876,0.02752906270325184,0.6130669116973877,z,1.8_2.0_2.2
2,0.1109090909090909,0.21181818181818182,4,0.033,0.044,3660,0.6747071146965027,6.9561872482299805,0.056727465242147446,0.03826053813099861,0.5274088382720947,z,1.8_2.0_2.2
2,0.1109090909090909,0.21181818181818182,5,0.044,0.05499999999999999,3301,0.5962970852851868,5.0962371826171875,0.06574146449565887,0.049531713128089905,0.540506899356842,z,1.8_2.0_2.2
2,0.1109090909090909,0.21181818181818182,6,0.05499999999999999,0.066,3560,0.12264279276132584,4.561192035675049,0.07130390405654907,0.060561712831258774,0.5025241374969482,z,1.8_2.0_2.2
2,0.1109090909090909,0.21181818181818182,7,0.066,0.077,4113,-0.9634708166122437,4.778815269470215,0.07264213263988495,0.07167716324329376,0.4493749141693115,z,1.8_2.0_2.2
2,0.1109090909090909,0.21181818181818182,8,0.077,0.088,5677,-2.9900307655334473,4.816551208496094,0.0606745183467865,0.08276423066854477,0.3836539089679718,z,1.8_2.0_2.2
2,0.1109090909090909,0.21181818181818182,9,0.088,0.09899999999999999,6673,-3.3260719776153564,4.809669494628906,0.06259025633335114,0.09364473819732666,0.36615756154060364,z,1.8_2.0_2.2
2,0.1109090909090909,0.21181818181818182,10,0.09899999999999999,0.11,8658,-2.5508244037628174,5.190720081329346,0.08079610019922256,0.10473418235778809,0.3412020802497864,z,1.8_2.0_2.2
2,0.1109090909090909,0.21181818181818182,12,0.21000000000000002,0.22200000000000003,9853,1.1899893283843994,3.0534212589263916,0.2377145141363144,0.2153085470199585,0.43536806106567383,z,1.8_2.0_2.2
2,0.1109090909090909,0.21181818181818182,13,0.22200000000000003,0.234,7704,1.3586231470108032,1.7716820240020752,0.27122750878334045,0.22815752029418945,0.5772114396095276,z,1.8_2.0_2.2
2,0.1109090909090909,0.21181818181818182,14,0.234,0.24600000000000002,7226,0.5647792816162109,1.2227469682693481,0.26404860615730286,0.2397477775812149,0.6369507312774658,z,1.8_2.0_2.2
2,0.1109090909090909,0.21181818181818182,15,0.24600000000000002,0.258,8336,0.14868323504924774,0.8185184001922607,0.26287850737571716,0.25210100412368774,0.7270672917366028,z,1.8_2.0_2.2
2,0.1109090909090909,0.21181818181818182,16,0.258,0.27,7887,0.154291570186615,0.7288655638694763,0.27301305532455444,0.2635805904865265,0.5825268030166626,z,1.8_2.0_2.2
2,0.1109090909090909,0.21181818181818182,17,0.27,0.28200000000000003,5723,0.2614120543003082,0.6721920967102051,0.2866361737251282,0.2755310535430908,0.3878712058067322,z,1.8_2.0_2.2
2,0.1109090909090909,0.21181818181818182,18,0.28200000000000003,0.29400000000000004,4042,0.155836820602417,0.49714362621307373,0.2931141257286072,0.28787219524383545,0.4167916774749756,z,1.8_2.0_2.2
2,0.1109090909090909,0.21181818181818182,19,0.29400000000000004,0.30600000000000005,3013,0.05745001882314682,0.34697046875953674,0.3010043501853943,0.2997604310512543,0.4241493344306946,z,1.8_2.0_2.2
2,0.1109090909090909,0.21181818181818182,20,0.30600000000000005,0.318,2044,0.05186862871050835,0.40141475200653076,0.3121640682220459,0.31170886754989624,0.3709549605846405,z,1.8_2.0_2.2
2,0.1109090909090909,0.21181818181818182,21,0.318,0.33,2866,0.032036539167165756,0.19506821036338806,0.3241851329803467,0.32547977566719055,0.3537892699241638,z,1.8_2.0_2.2
2,0.1109090909090909,0.21181818181818182,22,0.33,inf,165,-0.02934243530035019,0.05859765782952309,0.31417545676231384,0.33059778809547424,0.9087648987770081,z,1.8_2.0_2.2
3,0.21181818181818182,0.31272727272727274,0,-inf,0.0,10,-160.1059112548828,318.6081237792969,0.20554621517658234,-0.005864673759788275,0.38287416100502014,z,1.8_2.0_2.2
3,0.21181818181818182,0.31272727272727274,1,0.0,0.011,6675,2.028029203414917,27.502742767333984,0.024067912250757217,0.006048941053450108,0.7317662835121155,z,1.8_2.0_2.2
3,0.21181818181818182,0.31272727272727274,2,0.011,0.022,4281,0.9175547361373901,8.25260066986084,0.03586800768971443,0.015631090849637985,1.0004044771194458,z,1.8_2.0_2.2
3,0.21181818181818182,0.31272727272727274,3,0.022,0.033,2687,0.1654031127691269,5.203712463378906,0.04633738100528717,0.0273637343198061,0.8831616640090942,z,1.8_2.0_2.2
3,0.21181818181818182,0.31272727272727274,4,0.033,0.044,2213,0.2657650411128998,3.9907195568084717,0.058396633714437485,0.038326065987348557,0.770844578742981,z,1.8_2.0_2.2
3,0.21181818181818182,0.31272727272727274,5,0.044,0.05499999999999999,1914,0.2423800528049469,3.386498212814331,0.06929119676351547,0.04942777007818222,0.8187155723571777,z,1.8_2.0_2.2
3,0.21181818181818182,0.31272727272727274,6,0.05499999999999999,0.066,1835,0.34454619884490967,2.973151445388794,0.08169793337583542,0.06038949266076088,0.8300065398216248,z,1.8_2.0_2.2
3,0.21181818181818182,0.31272727272727274,7,0.066,0.077,1897,0.49651581048965454,2.234951972961426,0.09445815533399582,0.07160535454750061,0.8058751225471497,z,1.8_2.0_2.2
3,0.21181818181818182,0.31272727272727274,8,0.077,0.088,2057,0.3567655384540558,1.9308284521102905,0.10061115771532059,0.08261807262897491,0.822442352771759,z,1.8_2.0_2.2
3,0.21181818181818182,0.31272727272727274,9,0.088,0.09899999999999999,1918,0.32647043466567993,1.7029328346252441,0.11323636770248413,0.09341970086097717,0.9302120804786682,z,1.8_2.0_2.2
3,0.21181818181818182,0.31272727272727274,10,0.09899999999999999,0.11,1832,0.3460051417350769,1.4372327327728271,0.12854093313217163,0.10449521243572235,1.0806870460510254,z,1.8_2.0_2.2
3,0.21181818181818182,0.31272727272727274,12,0.21000000000000002,0.22200000000000003,2390,0.1320646107196808,0.4792652130126953,0.22761103510856628,0.21603605151176453,1.339935064315796,z,1.8_2.0_2.2
3,0.21181818181818182,0.31272727272727274,13,0.22200000000000003,0.234,2529,0.09577896445989609,0.43733111023902893,0.23743727803230286,0.22816359996795654,1.4645415544509888,z,1.8_2.0_2.2
3,0.21181818181818182,0.31272727272727274,14,0.234,0.24600000000000002,3637,0.0704144611954689,0.3400977551937103,0.24746008217334747,0.24017973244190216,1.120428442955017,z,1.8_2.0_2.2
3,0.21181818181818182,0.31272727272727274,15,0.24600000000000002,0.258,5701,0.01892354153096676,0.24347008764743805,0.2546977996826172,0.25217756628990173,0.9950307607650757,z,1.8_2.0_2.2
3,0.21181818181818182,0.31272727272727274,16,0.258,0.27,5228,0.027269164100289345,0.2337876856327057,0.26534879207611084,0.2632196545600891,0.8015284538269043,z,1.8_2.0_2.2
3,0.21181818181818182,0.31272727272727274,17,0.27,0.28200000000000003,2938,0.03214789181947708,0.28572243452072144,0.2747706472873688,0.27563410997390747,0.6058215498924255,z,1.8_2.0_2.2
3,0.21181818181818182,0.31272727272727274,18,0.28200000000000003,0.29400000000000004,2578,0.01846347190439701,0.2922177314758301,0.28560611605644226,0.28800538182258606,0.5651537775993347,z,1.8_2.0_2.2
3,0.21181818181818182,0.31272727272727274,19,0.29400000000000004,0.30600000000000005,2106,0.037120405584573746,0.2672434449195862,0.2986307144165039,0.2998889684677124,0.5361519455909729,z,1.8_2.0_2.2
3,0.21181818181818182,0.31272727272727274,20,0.30600000000000005,0.318,1352,0.08962255716323853,0.25235888361930847,0.3163391649723053,0.31140950322151184,0.4817347824573517,z,1.8_2.0_2.2
3,0.21181818181818182,0.31272727272727274,21,0.318,0.33,1842,0.02275124378502369,0.08350156992673874,0.32318878173828125,0.3249257206916809,0.46590903401374817,z,1.8_2.0_2.2
3,0.21181818181818182,0.31272727272727274,22,0.33,inf,165,-0.02934243530035019,0.05859765782952309,0.31417545676231384,0.33059778809547424,0.9087648987770081,z,1.8_2.0_2.2
4,0.31272727272727274,0.41363636363636364,0,-inf,0.0,7,-151.38844299316406,239.060546875,0.18281634151935577,-0.005283812526613474,0.44669532775878906,z,1.8_2.0_2.2
4,0.31272727272727274,0.41363636363636364,1,0.0,0.011,5483,0.7834007740020752,19.145286560058594,0.02252046950161457,0.006245372351258993,0.8348059058189392,z,1.8_2.0_2.2
4,0.31272727272727274,0.41363636363636364,2,0.011,0.022,3566,0.2377413511276245,5.633972644805908,0.033821482211351395,0.015557832084596157,1.1489222049713135,z,1.8_2.0_2.2
4,0.31272727272727274,0.41363636363636364,3,0.022,0.033,1987,0.1414162814617157,4.560000896453857,0.05070830509066582,0.027200831100344658,1.102884292602539,z,1.8_2.0_2.2
4,0.31272727272727274,0.41363636363636364,4,0.033,0.044,1482,0.2583673298358917,3.690228223800659,0.06566061824560165,0.038482144474983215,1.0263335704803467,z,1.8_2.0_2.2
4,0.31272727272727274,0.41363636363636364,5,0.044,0.05499999999999999,1399,0.16234524548053741,2.5579257011413574,0.07156842947006226,0.04949813708662987,1.0276248455047607,z,1.8_2.0_2.2
4,0.31272727272727274,0.41363636363636364,6,0.05499999999999999,0.066,1337,0.205464169383049,1.881692886352539,0.08136999607086182,0.06035134196281433,1.0465234518051147,z,1.8_2.0_2.2
4,0.31272727272727274,0.41363636363636364,7,0.066,0.077,1282,0.2890879809856415,1.6149629354476929,0.09555714577436447,0.07148009538650513,1.0703917741775513,z,1.8_2.0_2.2
4,0.31272727272727274,0.41363636363636364,8,0.077,0.088,1305,0.4990547001361847,1.3482791185379028,0.1111622229218483,0.08257658779621124,1.1449600458145142,z,1.8_2.0_2.2
4,0.31272727272727274,0.41363636363636364,9,0.088,0.09899999999999999,1249,0.42545560002326965,1.1022909879684448,0.12282989174127579,0.09348630905151367,1.290230393409729,z,1.8_2.0_2.2
4,0.31272727272727274,0.41363636363636364,10,0.09899999999999999,0.11,1274,0.37547019124031067,0.9500278234481812,0.13541804254055023,0.10457413643598557,1.4416351318359375,z,1.8_2.0_2.2
4,0.31272727272727274,0.41363636363636364,12,0.21000000000000002,0.22200000000000003,1835,0.073447585105896,0.2950040400028229,0.22570468485355377,0.21606990694999695,1.6662793159484863,z,1.8_2.0_2.2
4,0.31272727272727274,0.41363636363636364,13,0.22200000000000003,0.234,1895,0.0526144802570343,0.242452472448349,0.23621341586112976,0.22813990712165833,1.8679802417755127,z,1.8_2.0_2.2
4,0.31272727272727274,0.41363636363636364,14,0.234,0.24600000000000002,2744,0.04784516617655754,0.20309177041053772,0.2472054660320282,0.24025505781173706,1.4017691612243652,z,1.8_2.0_2.2
4,0.31272727272727274,0.41363636363636364,15,0.24600000000000002,0.258,4932,0.013242552988231182,0.16537773609161377,0.2545693814754486,0.2522466778755188,1.1103683710098267,z,1.8_2.0_2.2
4,0.31272727272727274,0.41363636363636364,16,0.258,0.27,4315,0.019148750230669975,0.1875336617231369,0.26419082283973694,0.2630040645599365,0.9170763492584229,z,1.8_2.0_2.2
4,0.31272727272727274,0.41363636363636364,17,0.27,0.28200000000000003,1963,-0.01096021942794323,0.2208700031042099,0.26924484968185425,0.2754502296447754,0.7811509966850281,z,1.8_2.0_2.2
4,0.31272727272727274,0.41363636363636364,18,0.28200000000000003,0.29400000000000004,1852,-0.03459126874804497,0.22149766981601715,0.2795395851135254,0.28822562098503113,0.6852735280990601,z,1.8_2.0_2.2
4,0.31272727272727274,0.41363636363636364,19,0.29400000000000004,0.30600000000000005,1488,-0.00830429419875145,0.2335941642522812,0.29408010840415955,0.29968246817588806,0.6535681486129761,z,1.8_2.0_2.2
4,0.31272727272727274,0.41363636363636364,20,0.30600000000000005,0.318,732,0.061476144939661026,0.13295654952526093,0.31771236658096313,0.3114308714866638,0.6672631502151489,z,1.8_2.0_2.2
4,0.31272727272727274,0.41363636363636364,21,0.318,0.33,1287,0.009603897109627724,0.07664531469345093,0.3209104835987091,0.32478082180023193,0.5541554689407349,z,1.8_2.0_2.2
4,0.31272727272727274,0.41363636363636364,22,0.33,inf,165,-0.02934243530035019,0.05859765782952309,0.31417545676231384,0.33059778809547424,0.9087648987770081,z,1.8_2.0_2.2
5,0.41363636363636364,0.5145454545454545,1,0.0,0.011,4523,0.18721306324005127,15.301432609558105,0.02173551544547081,0.006381144281476736,0.9347604513168335,z,1.8_2.0_2.2
5,0.41363636363636364,0.5145454545454545,2,0.011,0.022,3043,0.0039257169701159,5.0866379737854,0.03412002697587013,0.015531403012573719,1.2845951318740845,z,1.8_2.0_2.2
5,0.41363636363636364,0.5145454545454545,3,0.022,0.033,1561,0.1815829575061798,4.497676372528076,0.05486971512436867,0.027173295617103577,1.306108832359314,z,1.8_2.0_2.2
5,0.41363636363636364,0.5145454545454545,4,0.033,0.044,1157,0.21755775809288025,2.8922417163848877,0.06600763648748398,0.038505811244249344,1.212295651435852,z,1.8_2.0_2.2
5,0.41363636363636364,0.5145454545454545,5,0.044,0.05499999999999999,1088,0.2316780388355255,1.8398559093475342,0.07439941167831421,0.04954151436686516,1.2173800468444824,z,1.8_2.0_2.2
5,0.41363636363636364,0.5145454545454545,6,0.05499999999999999,0.066,1047,0.25310856103897095,1.5229213237762451,0.0845949724316597,0.06029972434043884,1.234877109527588,z,1.8_2.0_2.2
5,0.41363636363636364,0.5145454545454545,7,0.066,0.077,958,0.22918438911437988,1.247862458229065,0.0963946282863617,0.07139696180820465,1.3125238418579102,z,1.8_2.0_2.2
5,0.41363636363636364,0.5145454545454545,8,0.077,0.088,955,0.2538608908653259,1.005069375038147,0.1083206906914711,0.08258656412363052,1.4337522983551025,z,1.8_2.0_2.2
5,0.41363636363636364,0.5145454545454545,9,0.088,0.09899999999999999,1018,0.30889835953712463,0.8835920691490173,0.12281922250986099,0.09364429116249084,1.4997541904449463,z,1.8_2.0_2.2
5,0.41363636363636364,0.5145454545454545,10,0.09899999999999999,0.11,1073,0.26727375388145447,0.7472207546234131,0.13413111865520477,0.10457443445920944,1.6446285247802734,z,1.8_2.0_2.2
5,0.41363636363636364,0.5145454545454545,12,0.21000000000000002,0.22200000000000003,1441,0.05033690482378006,0.20557859539985657,0.225527822971344,0.2160937637090683,2.0236058235168457,z,1.8_2.0_2.2
5,0.41363636363636364,0.5145454545454545,13,0.22200000000000003,0.234,1549,0.03809065744280815,0.17733125388622284,0.23568721115589142,0.22818157076835632,2.2050623893737793,z,1.8_2.0_2.2
5,0.41363636363636364,0.5145454545454545,14,0.234,0.24600000000000002,2244,0.03102199360728264,0.16435770690441132,0.24514509737491608,0.24042591452598572,1.634393572807312,z,1.8_2.0_2.2
5,0.41363636363636364,0.5145454545454545,15,0.24600000000000002,0.258,4350,0.00911004189401865,0.1458176076412201,0.2538761794567108,0.2522139549255371,1.2102227210998535,z,1.8_2.0_2.2
5,0.41363636363636364,0.5145454545454545,16,0.258,0.27,3704,0.01736942119896412,0.16467203199863434,0.26408904790878296,0.2628669738769531,1.0088125467300415,z,1.8_2.0_2.2
5,0.41363636363636364,0.5145454545454545,17,0.27,0.28200000000000003,1561,-0.030144555494189262,0.2149984985589981,0.26607194542884827,0.2753453850746155,0.8897466063499451,z,1.8_2.0_2.2
5,0.41363636363636364,0.5145454545454545,18,0.28200000000000003,0.29400000000000004,1404,-0.07595928758382797,0.18765072524547577,0.2731875479221344,0.2880938947200775,0.7894200086593628,z,1.8_2.0_2.2
5,0.41363636363636364,0.5145454545454545,19,0.29400000000000004,0.30600000000000005,1122,-0.014617132022976875,0.19169765710830688,0.29286056756973267,0.29967042803764343,0.747959315776825,z,1.8_2.0_2.2
5,0.41363636363636364,0.5145454545454545,20,0.30600000000000005,0.318,527,0.06009315326809883,0.0753663182258606,0.31966468691825867,0.3115096688270569,0.7884415984153748,z,1.8_2.0_2.2
5,0.41363636363636364,0.5145454545454545,21,0.318,0.33,644,-0.027560338377952576,0.08526121824979782,0.31313326954841614,0.3246777355670929,0.7471368312835693,z,1.8_2.0_2.2
5,0.41363636363636364,0.5145454545454545,22,0.33,inf,164,-0.02953312173485756,0.05870777741074562,0.31408238410949707,0.3306010663509369,0.9118083119392395,z,1.8_2.0_2.2
6,0.5145454545454545,0.6154545454545455,1,0.0,0.011,3699,0.16193841397762299,13.901286125183105,0.02264629676938057,0.006515041925013065,1.0398049354553223,z,1.8_2.0_2.2
6,0.5145454545454545,0.6154545454545455,2,0.011,0.022,2634,0.011682987213134766,4.889222145080566,0.03551756590604782,0.015397670678794384,1.4124834537506104,z,1.8_2.0_2.2
6,0.5145454545454545,0.6154545454545455,3,0.022,0.033,1235,0.1951795518398285,4.208507061004639,0.05681951716542244,0.027018899098038673,1.5291872024536133,z,1.8_2.0_2.2
6,0.5145454545454545,0.6154545454545455,4,0.033,0.044,854,0.19798345863819122,2.25217604637146,0.06734446436166763,0.03848371282219887,1.4803051948547363,z,1.8_2.0_2.2
6,0.5145454545454545,0.6154545454545455,5,0.044,0.05499999999999999,886,0.22805994749069214,1.564367651939392,0.07681234180927277,0.049618881195783615,1.390130639076233,z,1.8_2.0_2.2
6,0.5145454545454545,0.6154545454545455,6,0.05499999999999999,0.066,874,0.20246100425720215,1.1438844203948975,0.08304285258054733,0.060306645929813385,1.388827919960022,z,1.8_2.0_2.2
6,0.5145454545454545,0.6154545454545455,7,0.066,0.077,810,0.20661257207393646,1.1318236589431763,0.09905866533517838,0.0714096948504448,1.4682954549789429,z,1.8_2.0_2.2
6,0.5145454545454545,0.6154545454545455,8,0.077,0.088,779,0.20052587985992432,0.8129009008407593,0.10858963429927826,0.08252983540296555,1.6541727781295776,z,1.8_2.0_2.2
6,0.5145454545454545,0.6154545454545455,9,0.088,0.09899999999999999,769,0.18113234639167786,0.6992589235305786,0.12084641307592392,0.0935676172375679,1.83747398853302,z,1.8_2.0_2.2
6,0.5145454545454545,0.6154545454545455,10,0.09899999999999999,0.11,854,0.1823326051235199,0.6295421719551086,0.13307702541351318,0.10471466183662415,1.9459363222122192,z,1.8_2.0_2.2
6,0.5145454545454545,0.6154545454545455,12,0.21000000000000002,0.22200000000000003,1157,0.04054417088627815,0.17227593064308167,0.22590994834899902,0.21623843908309937,2.4071264266967773,z,1.8_2.0_2.2
6,0.5145454545454545,0.6154545454545455,13,0.22200000000000003,0.234,1321,0.03029184602200985,0.13732333481311798,0.2358655035495758,0.22810663282871246,2.506239652633667,z,1.8_2.0_2.2
6,0.5145454545454545,0.6154545454545455,14,0.234,0.24600000000000002,1846,0.020271554589271545,0.13849802315235138,0.24417820572853088,0.24057377874851227,1.8869739770889282,z,1.8_2.0_2.2
6,0.5145454545454545,0.6154545454545455,15,0.24600000000000002,0.258,3752,0.007485728710889816,0.12924852967262268,0.2535141408443451,0.25218817591667175,1.328965425491333,z,1.8_2.0_2.2
6,0.5145454545454545,0.6154545454545455,16,0.258,0.27,3111,0.01833283342421055,0.14605696499347687,0.2643958628177643,0.26278600096702576,1.1123327016830444,z,1.8_2.0_2.2
6,0.5145454545454545,0.6154545454545455,17,0.27,0.28200000000000003,1242,-0.02535693347454071,0.2064679116010666,0.26549845933914185,0.27536797523498535,0.9991744160652161,z,1.8_2.0_2.2
6,0.5145454545454545,0.6154545454545455,18,0.28200000000000003,0.29400000000000004,1127,-0.06251739710569382,0.16778767108917236,0.2737935185432434,0.28815919160842896,0.8701977133750916,z,1.8_2.0_2.2
6,0.5145454545454545,0.6154545454545455,19,0.29400000000000004,0.30600000000000005,863,-0.0069785816594958305,0.1567383110523224,0.29370251297950745,0.2994825839996338,0.8346633315086365,z,1.8_2.0_2.2
6,0.5145454545454545,0.6154545454545455,20,0.30600000000000005,0.318,412,0.056191980838775635,0.07172826677560806,0.3192808926105499,0.3114982545375824,0.8792157769203186,z,1.8_2.0_2.2
6,0.5145454545454545,0.6154545454545455,21,0.318,0.33,466,-0.04308933764696121,0.08855564147233963,0.3083854913711548,0.3243151903152466,0.860259473323822,z,1.8_2.0_2.2
6,0.5145454545454545,0.6154545454545455,22,0.33,inf,137,-0.03755321353673935,0.06166777014732361,0.3110095262527466,0.33066561818122864,1.0003677606582642,z,1.8_2.0_2.2
7,0.6154545454545455,0.7163636363636363,1,0.0,0.011,3006,0.18781675398349762,10.726033210754395,0.023565687239170074,0.006565080489963293,1.1497474908828735,z,1.8_2.0_2.2
7,0.6154545454545455,0.7163636363636363,2,0.011,0.022,2304,-0.0022632379550486803,4.431755065917969,0.03572612255811691,0.015327215194702148,1.5341006517410278,z,1.8_2.0_2.2
7,0.6154545454545455,0.7163636363636363,3,0.022,0.033,961,0.1412190943956375,3.2776293754577637,0.05528521537780762,0.02688487246632576,1.803510069847107,z,1.8_2.0_2.2
7,0.6154545454545455,0.7163636363636363,4,0.033,0.044,674,0.259724497795105,1.8011374473571777,0.07111339271068573,0.03857812285423279,1.7267396450042725,z,1.8_2.0_2.2
7,0.6154545454545455,0.7163636363636363,5,0.044,0.05499999999999999,776,0.20436818897724152,1.2416576147079468,0.07564442604780197,0.04968326538801193,1.5077273845672607,z,1.8_2.0_2.2
7,0.6154545454545455,0.7163636363636363,6,0.05499999999999999,0.066,783,0.17938484251499176,0.9439674019813538,0.08239619433879852,0.060270171612501144,1.4847955703735352,z,1.8_2.0_2.2
7,0.6154545454545455,0.7163636363636363,7,0.066,0.077,690,0.17149928212165833,0.8641873002052307,0.09770326316356659,0.07139506936073303,1.6261855363845825,z,1.8_2.0_2.2
7,0.6154545454545455,0.7163636363636363,8,0.077,0.088,674,0.16964000463485718,0.6868608593940735,0.10858869552612305,0.08250858634710312,1.8242995738983154,z,1.8_2.0_2.2
7,0.6154545454545455,0.7163636363636363,9,0.088,0.09899999999999999,656,0.16249985992908478,0.5998120307922363,0.12295150756835938,0.09353166073560715,2.0573320388793945,z,1.8_2.0_2.2
7,0.6154545454545455,0.7163636363636363,10,0.09899999999999999,0.11,688,0.14953261613845825,0.4982162117958069,0.133676216006279,0.10479016602039337,2.2799935340881348,z,1.8_2.0_2.2
7,0.6154545454545455,0.7163636363636363,12,0.21000000000000002,0.22200000000000003,1014,0.03968574106693268,0.1348334103822708,0.22707465291023254,0.21619847416877747,2.667400598526001,z,1.8_2.0_2.2
7,0.6154545454545455,0.7163636363636363,13,0.22200000000000003,0.234,1140,0.02930118702352047,0.12003590166568756,0.2363167703151703,0.2281077802181244,2.8145272731781006,z,1.8_2.0_2.2
7,0.6154545454545455,0.7163636363636363,14,0.234,0.24600000000000002,1514,0.017002856358885765,0.1201384961605072,0.24407823383808136,0.24054217338562012,2.177569627761841,z,1.8_2.0_2.2
7,0.6154545454545455,0.7163636363636363,15,0.24600000000000002,0.258,3093,0.007310783956199884,0.10746649652719498,0.2537764310836792,0.2521376311779022,1.4917069673538208,z,1.8_2.0_2.2
7,0.6154545454545455,0.7163636363636363,16,0.258,0.27,2477,0.017302529886364937,0.13245272636413574,0.26441916823387146,0.2627063989639282,1.2519676685333252,z,1.8_2.0_2.2
7,0.6154545454545455,0.7163636363636363,17,0.27,0.28200000000000003,946,-0.026863334700465202,0.18898463249206543,0.26444369554519653,0.27538952231407166,1.1350343227386475,z,1.8_2.0_2.2
7,0.6154545454545455,0.7163636363636363,18,0.28200000000000003,0.29400000000000004,872,-0.03547000512480736,0.14956814050674438,0.27705708146095276,0.2881911098957062,0.959134578704834,z,1.8_2.0_2.2
7,0.6154545454545455,0.7163636363636363,19,0.29400000000000004,0.30600000000000005,716,0.000562125991564244,0.13714779913425446,0.2955676317214966,0.29943057894706726,0.8906852006912231,z,1.8_2.0_2.2
7,0.6154545454545455,0.7163636363636363,20,0.30600000000000005,0.318,313,0.04481212794780731,0.07350266724824905,0.31723493337631226,0.3117058277130127,0.9790481925010681,z,1.8_2.0_2.2
7,0.6154545454545455,0.7163636363636363,21,0.318,0.33,368,-0.04889507219195366,0.08936906605958939,0.30532950162887573,0.32391396164894104,0.9395610690116882,z,1.8_2.0_2.2
7,0.6154545454545455,0.7163636363636363,22,0.33,inf,117,-0.0454905740916729,0.0634901151061058,0.30786365270614624,0.33070188760757446,1.0750179290771484,z,1.8_2.0_2.2
8,0.7163636363636363,0.8172727272727273,1,0.0,0.011,2434,0.29523247480392456,8.881545066833496,0.025553742423653603,0.006629311479628086,1.2638424634933472,z,1.8_2.0_2.2
8,0.7163636363636363,0.8172727272727273,2,0.011,0.022,1980,-0.018923941999673843,3.897045850753784,0.03532284125685692,0.015300027094781399,1.6765791177749634,z,1.8_2.0_2.2
8,0.7163636363636363,0.8172727272727273,3,0.022,0.033,757,0.12701524794101715,2.3585407733917236,0.054062556475400925,0.02684520184993744,2.1108527183532715,z,1.8_2.0_2.2
8,0.7163636363636363,0.8172727272727273,4,0.033,0.044,571,0.2550808787345886,1.5148040056228638,0.07225567102432251,0.03863702714443207,1.9187092781066895,z,1.8_2.0_2.2
8,0.7163636363636363,0.8172727272727273,5,0.044,0.05499999999999999,694,0.19680461287498474,1.0591596364974976,0.0757753774523735,0.04977531358599663,1.6073607206344604,z,1.8_2.0_2.2
8,0.7163636363636363,0.8172727272727273,6,0.05499999999999999,0.066,708,0.1620267927646637,0.8278161287307739,0.08201079815626144,0.06024686247110367,1.5720516443252563,z,1.8_2.0_2.2
8,0.7163636363636363,0.8172727272727273,7,0.066,0.077,610,0.15020357072353363,0.7404577136039734,0.09753164649009705,0.07142755389213562,1.7524222135543823,z,1.8_2.0_2.2
8,0.7163636363636363,0.8172727272727273,8,0.077,0.088,588,0.14587807655334473,0.5983811020851135,0.10874790698289871,0.08249756693840027,1.9942280054092407,z,1.8_2.0_2.2
8,0.7163636363636363,0.8172727272727273,9,0.088,0.09899999999999999,571,0.1456831842660904,0.5648922920227051,0.12488081306219101,0.09356112033128738,2.264225959777832,z,1.8_2.0_2.2
8,0.7163636363636363,0.8172727272727273,10,0.09899999999999999,0.11,534,0.12854565680027008,0.46477648615837097,0.13820374011993408,0.10463393479585648,2.74883770942688,z,1.8_2.0_2.2
8,0.7163636363636363,0.8172727272727273,12,0.21000000000000002,0.22200000000000003,913,0.03728015720844269,0.12450926005840302,0.2273128777742386,0.21623502671718597,2.8893187046051025,z,1.8_2.0_2.2
8,0.7163636363636363,0.8172727272727273,13,0.22200000000000003,0.234,1020,0.028464877977967262,0.1061716303229332,0.23697029054164886,0.22806480526924133,3.067223310470581,z,1.8_2.0_2.2
8,0.7163636363636363,0.8172727272727273,14,0.234,0.24600000000000002,1323,0.017654359340667725,0.11139580607414246,0.24419745802879333,0.24055327475070953,2.3966448307037354,z,1.8_2.0_2.2
8,0.7163636363636363,0.8172727272727273,15,0.24600000000000002,0.258,2595,0.008853134699165821,0.09220902621746063,0.25471749901771545,0.2521775960922241,1.6508076190948486,z,1.8_2.0_2.2
8,0.7163636363636363,0.8172727272727273,16,0.258,0.27,1975,0.01240777038037777,0.1128479465842247,0.2640380561351776,0.26251739263534546,1.401640772819519,z,1.8_2.0_2.2
8,0.7163636363636363,0.8172727272727273,17,0.27,0.28200000000000003,712,-0.011833642609417439,0.16505324840545654,0.2667672336101532,0.27543309330940247,1.289819598197937,z,1.8_2.0_2.2
8,0.7163636363636363,0.8172727272727273,18,0.28200000000000003,0.29400000000000004,594,-0.014960476197302341,0.14270982146263123,0.27943775057792664,0.28791168332099915,1.0945483446121216,z,1.8_2.0_2.2
8,0.7163636363636363,0.8172727272727273,19,0.29400000000000004,0.30600000000000005,526,0.009304202161729336,0.1194617748260498,0.2979046404361725,0.2995296120643616,0.9707254767417908,z,1.8_2.0_2.2
8,0.7163636363636363,0.8172727272727273,20,0.30600000000000005,0.318,234,0.028314754366874695,0.07695698738098145,0.3137948513031006,0.31193751096725464,1.0849180221557617,z,1.8_2.0_2.2
8,0.7163636363636363,0.8172727272727273,21,0.318,0.33,285,-0.05330537632107735,0.08775556087493896,0.30227425694465637,0.323577880859375,1.0190359354019165,z,1.8_2.0_2.2
8,0.7163636363636363,0.8172727272727273,22,0.33,inf,95,-0.05211227014660835,0.06585187464952469,0.30398085713386536,0.33075693249702454,1.170927882194519,z,1.8_2.0_2.2
9,0.8172727272727273,0.9181818181818182,1,0.0,0.011,1985,0.4018297791481018,7.55938196182251,0.027945782989263535,0.006693688686937094,1.3764519691467285,z,1.8_2.0_2.2
9,0.8172727272727273,0.9181818181818182,2,0.011,0.022,1767,-0.0156459491699934,3.354722738265991,0.033948205411434174,0.01528200414031744,1.786407232284546,z,1.8_2.0_2.2
9,0.8172727272727273,0.9181818181818182,3,0.022,0.033,652,0.1447959691286087,1.9688764810562134,0.05514318123459816,0.02682318724691868,2.3283495903015137,z,1.8_2.0_2.2
9,0.8172727272727273,0.9181818181818182,4,0.033,0.044,510,0.2522977292537689,1.3337801694869995,0.07319129258394241,0.03861856833100319,2.0569424629211426,z,1.8_2.0_2.2
9,0.8172727272727273,0.9181818181818182,5,0.044,0.05499999999999999,624,0.178503155708313,0.8862431645393372,0.07513859868049622,0.049901146441698074,1.7015928030014038,z,1.8_2.0_2.2
9,0.8172727272727273,0.9181818181818182,6,0.05499999999999999,0.066,648,0.1333545446395874,0.7317806482315063,0.08056572079658508,0.060223862528800964,1.646936058998108,z,1.8_2.0_2.2
9,0.8172727272727273,0.9181818181818182,7,0.066,0.077,545,0.12689529359340668,0.6536065340042114,0.09694969654083252,0.07137942314147949,1.8702375888824463,z,1.8_2.0_2.2
9,0.8172727272727273,0.9181818181818182,8,0.077,0.088,517,0.13336382806301117,0.5209622383117676,0.10947690159082413,0.08252821862697601,2.1628806591033936,z,1.8_2.0_2.2
9,0.8172727272727273,0.9181818181818182,9,0.088,0.09899999999999999,498,0.13403098285198212,0.5144515633583069,0.12598063051700592,0.09353839606046677,2.484684705734253,z,1.8_2.0_2.2
9,0.8172727272727273,0.9181818181818182,10,0.09899999999999999,0.11,450,0.12768599390983582,0.42458292841911316,0.1435089409351349,0.10461781919002533,3.118974447250366,z,1.8_2.0_2.2
9,0.8172727272727273,0.9181818181818182,12,0.21000000000000002,0.22200000000000003,810,0.03376741334795952,0.11732617765665054,0.2273145169019699,0.21620728075504303,3.1599223613739014,z,1.8_2.0_2.2
9,0.8172727272727273,0.9181818181818182,13,0.22200000000000003,0.234,914,0.027544626966118813,0.10100704431533813,0.23739245533943176,0.2280316799879074,3.333831310272217,z,1.8_2.0_2.2
9,0.8172727272727273,0.9181818181818182,14,0.234,0.24600000000000002,1189,0.01734493300318718,0.10542727261781693,0.24436068534851074,0.24055084586143494,2.5804619789123535,z,1.8_2.0_2.2
9,0.8172727272727273,0.9181818181818182,15,0.24600000000000002,0.258,2172,0.009822055697441101,0.07909601926803589,0.2553591728210449,0.25227850675582886,1.8232461214065552,z,1.8_2.0_2.2
9,0.8172727272727273,0.9181818181818182,16,0.258,0.27,1596,0.009422077797353268,0.10282223671674728,0.2636774182319641,0.2624703049659729,1.5535374879837036,z,1.8_2.0_2.2
9,0.8172727272727273,0.9181818181818182,17,0.27,0.28200000000000003,578,-0.007566376123577356,0.14358875155448914,0.2674882113933563,0.2753783166408539,1.4115264415740967,z,1.8_2.0_2.2
9,0.8172727272727273,0.9181818181818182,18,0.28200000000000003,0.29400000000000004,419,0.0028537139296531677,0.12137908488512039,0.2832742929458618,0.28771886229515076,1.2338130474090576,z,1.8_2.0_2.2
9,0.8172727272727273,0.9181818181818182,19,0.29400000000000004,0.30600000000000005,335,0.024795131757855415,0.10506006330251694,0.3016195297241211,0.29984748363494873,1.0891335010528564,z,1.8_2.0_2.2
9,0.8172727272727273,0.9181818181818182,20,0.30600000000000005,0.318,196,0.018337039276957512,0.08000100404024124,0.31143444776535034,0.3119753897190094,1.146435260772705,z,1.8_2.0_2.2
9,0.8172727272727273,0.9181818181818182,21,0.318,0.33,203,-0.06257755309343338,0.08457275480031967,0.2975562810897827,0.3232254385948181,1.1188095808029175,z,1.8_2.0_2.2
9,0.8172727272727273,0.9181818181818182,22,0.33,inf,75,-0.06053928658366203,0.06907137483358383,0.29897573590278625,0.3307975232601166,1.2805678844451904,z,1.8_2.0_2.2
10,0.9181818181818182,1.019090909090909,1,0.0,0.011,1577,0.6391462683677673,6.7429280281066895,0.031446024775505066,0.0067020864225924015,1.5079408884048462,z,1.8_2.0_2.2
10,0.9181818181818182,1.019090909090909,2,0.011,0.022,1555,-0.015258433297276497,2.9843761920928955,0.033574625849723816,0.015328104607760906,1.9119200706481934,z,1.8_2.0_2.2
10,0.9181818181818182,1.019090909090909,3,0.022,0.033,577,0.16158641874790192,1.681362271308899,0.05643322318792343,0.02683863416314125,2.5186047554016113,z,1.8_2.0_2.2
10,0.9181818181818182,1.019090909090909,4,0.033,0.044,447,0.25838935375213623,1.2290699481964111,0.0753878802061081,0.03863915428519249,2.225590705871582,z,1.8_2.0_2.2
10,0.9181818181818182,1.019090909090909,5,0.044,0.05499999999999999,558,0.16307920217514038,0.8419551849365234,0.07587113976478577,0.049955740571022034,1.8001623153686523,z,1.8_2.0_2.2
10,0.9181818181818182,1.019090909090909,6,0.05499999999999999,0.066,588,0.12596067786216736,0.6591487526893616,0.08049007505178452,0.06020290404558182,1.726589560508728,z,1.8_2.0_2.2
10,0.9181818181818182,1.019090909090909,7,0.066,0.077,488,0.116961769759655,0.6536355018615723,0.09871318936347961,0.07140424847602844,1.9871819019317627,z,1.8_2.0_2.2
10,0.9181818181818182,1.019090909090909,8,0.077,0.088,456,0.12551110982894897,0.5085614919662476,0.11161603778600693,0.08248881250619888,2.3362131118774414,z,1.8_2.0_2.2
10,0.9181818181818182,1.019090909090909,9,0.088,0.09899999999999999,421,0.12962669134140015,0.4864884614944458,0.12997886538505554,0.09346675872802734,2.780365467071533,z,1.8_2.0_2.2
10,0.9181818181818182,1.019090909090909,10,0.09899999999999999,0.11,404,0.12138276547193527,0.3570539355278015,0.14596368372440338,0.1046689972281456,3.3756191730499268,z,1.8_2.0_2.2
10,0.9181818181818182,1.019090909090909,12,0.21000000000000002,0.22200000000000003,740,0.031119510531425476,0.10977921634912491,0.22700107097625732,0.21620795130729675,3.3772497177124023,z,1.8_2.0_2.2
10,0.9181818181818182,1.019090909090909,13,0.22200000000000003,0.234,825,0.028152773156762123,0.09530039876699448,0.23818223178386688,0.2279563993215561,3.6006345748901367,z,1.8_2.0_2.2
10,0.9181818181818182,1.019090909090909,14,0.234,0.24600000000000002,1053,0.01831023022532463,0.09945975989103317,0.244682177901268,0.24057835340499878,2.801253080368042,z,1.8_2.0_2.2
10,0.9181818181818182,1.019090909090909,15,0.24600000000000002,0.258,1849,0.009842714294791222,0.0735417827963829,0.2553367018699646,0.2522355914115906,1.9907194375991821,z,1.8_2.0_2.2
10,0.9181818181818182,1.019090909090909,16,0.258,0.27,1333,0.0076200393959879875,0.09367270022630692,0.2632688581943512,0.2623566687107086,1.6891080141067505,z,1.8_2.0_2.2
10,0.9181818181818182,1.019090909090909,17,0.27,0.28200000000000003,468,-0.005507965572178364,0.12189572304487228,0.2683059275150299,0.27522388100624084,1.540632963180542,z,1.8_2.0_2.2
10,0.9181818181818182,1.019090909090909,18,0.28200000000000003,0.29400000000000004,326,0.003486027242615819,0.10147598385810852,0.28451088070869446,0.28742653131484985,1.337938904762268,z,1.8_2.0_2.2
10,0.9181818181818182,1.019090909090909,19,0.29400000000000004,0.30600000000000005,217,0.017748037353157997,0.08922913670539856,0.3008483350276947,0.30024880170822144,1.2129411697387695,z,1.8_2.0_2.2
10,0.9181818181818182,1.019090909090909,20,0.30600000000000005,0.318,157,0.0029147949535399675,0.0838981494307518,0.30731984972953796,0.31182968616485596,1.2151726484298706,z,1.8_2.0_2.2
10,0.9181818181818182,1.019090909090909,21,0.318,0.33,125,-0.09802743792533875,0.0711396262049675,0.28481724858283997,0.3233596086502075,1.278883934020996,z,1.8_2.0_2.2
10,0.9181818181818182,1.019090909090909,22,0.33,inf,59,-0.06720251590013504,0.05986957252025604,0.29544636607170105,0.33083009719848633,1.3935294151306152,z,1.8_2.0_2.2
11,1.019090909090909,1.1199999999999999,1,0.0,0.011,1259,0.783501923084259,6.32811164855957,0.03459163382649422,0.006816016975790262,1.64487624168396,z,1.8_2.0_2.2
11,1.019090909090909,1.1199999999999999,2,0.011,0.022,1371,-0.006503707729279995,2.5450527667999268,0.033432651311159134,0.01535919588059187,2.038606882095337,z,1.8_2.0_2.2
11,1.019090909090909,1.1199999999999999,3,0.022,0.033,513,0.19507500529289246,1.584825038909912,0.05897257849574089,0.026891842484474182,2.711780548095703,z,1.8_2.0_2.2
11,1.019090909090909,1.1199999999999999,4,0.033,0.044,394,0.2568601369857788,1.167135238647461,0.07756882160902023,0.03860257565975189,2.3941218852996826,z,1.8_2.0_2.2
11,1.019090909090909,1.1199999999999999,5,0.044,0.05499999999999999,467,0.16365985572338104,0.8119094371795654,0.0783541351556778,0.04993656277656555,1.9611691236495972,z,1.8_2.0_2.2
11,1.019090909090909,1.1199999999999999,6,0.05499999999999999,0.066,517,0.11054646968841553,0.5885361433029175,0.0802105963230133,0.06024247407913208,1.8299052715301514,z,1.8_2.0_2.2
11,1.019090909090909,1.1199999999999999,7,0.066,0.077,428,0.103486567735672,0.5573384761810303,0.09823284298181534,0.07131323963403702,2.12965726852417,z,1.8_2.0_2.2
11,1.019090909090909,1.1199999999999999,8,0.077,0.088,396,0.12051325291395187,0.4738839268684387,0.11362981051206589,0.08250024914741516,2.54372501373291,z,1.8_2.0_2.2
11,1.019090909090909,1.1199999999999999,9,0.088,0.09899999999999999,364,0.13150890171527863,0.4303070604801178,0.13388536870479584,0.09362145513296127,3.0645391941070557,z,1.8_2.0_2.2
11,1.019090909090909,1.1199999999999999,10,0.09899999999999999,0.11,380,0.11748766899108887,0.28967776894569397,0.14652825891971588,0.10469262301921844,3.527937412261963,z,1.8_2.0_2.2
11,1.019090909090909,1.1199999999999999,12,0.21000000000000002,0.22200000000000003,676,0.029684875160455704,0.09797491133213043,0.2268655151128769,0.21624711155891418,3.6059534549713135,z,1.8_2.0_2.2
11,1.019090909090909,1.1199999999999999,13,0.22200000000000003,0.234,749,0.027797747403383255,0.09070807695388794,0.2386474758386612,0.2279217690229416,3.86820650100708,z,1.8_2.0_2.2
11,1.019090909090909,1.1199999999999999,14,0.234,0.24600000000000002,940,0.019529767334461212,0.09676483273506165,0.24502676725387573,0.24058164656162262,3.021584987640381,z,1.8_2.0_2.2
11,1.019090909090909,1.1199999999999999,15,0.24600000000000002,0.258,1578,0.009274900890886784,0.06889180094003677,0.25536081194877625,0.25224611163139343,2.166489362716675,z,1.8_2.0_2.2
11,1.019090909090909,1.1199999999999999,16,0.258,0.27,1101,0.0055095902644097805,0.08501041680574417,0.2626509368419647,0.26232412457466125,1.8417413234710693,z,1.8_2.0_2.2
11,1.019090909090909,1.1199999999999999,17,0.27,0.28200000000000003,372,-0.0008256459841504693,0.1043912023305893,0.2704751491546631,0.2751384973526001,1.6881308555603027,z,1.8_2.0_2.2
11,1.019090909090909,1.1199999999999999,18,0.28200000000000003,0.29400000000000004,242,0.0004859635082539171,0.07942934334278107,0.28499534726142883,0.28732630610466003,1.467786431312561,z,1.8_2.0_2.2
11,1.019090909090909,1.1199999999999999,19,0.29400000000000004,0.30600000000000005,164,0.011082787066698074,0.07241757214069366,0.29980558156967163,0.3001907169818878,1.2947931289672852,z,1.8_2.0_2.2
11,1.019090909090909,1.1199999999999999,20,0.30600000000000005,0.318,122,-0.014567158184945583,0.08618469536304474,0.3021596372127533,0.31167691946029663,1.2856438159942627,z,1.8_2.0_2.2
11,1.019090909090909,1.1199999999999999,21,0.318,0.33,91,-0.08391999453306198,0.059199657291173935,0.2856934368610382,0.32328104972839355,1.3963801860809326,z,1.8_2.0_2.2
11,1.019090909090909,1.1199999999999999,22,0.33,inf,49,-0.07696589082479477,0.05635857209563255,0.29070770740509033,0.33083125948905945,1.480746865272522,z,1.8_2.0_2.2
12,1.1199999999999999,1.220909090909091,1,0.0,0.011,995,0.9820838570594788,5.661505222320557,0.03801437467336655,0.007014251314103603,1.797190546989441,z,1.8_2.0_2.2
12,1.1199999999999999,1.220909090909091,2,0.011,0.022,1223,0.012936048209667206,2.4170215129852295,0.03442631661891937,0.015391428954899311,2.1560606956481934,z,1.8_2.0_2.2
12,1.1199999999999999,1.220909090909091,3,0.022,0.033,460,0.21866406500339508,1.5572148561477661,0.061646733433008194,0.026875734329223633,2.901420831680298,z,1.8_2.0_2.2
12,1.1199999999999999,1.220909090909091,4,0.033,0.044,352,0.2505911886692047,1.1428314447402954,0.07942219078540802,0.03852950409054756,2.5518720149993896,z,1.8_2.0_2.2
12,1.1199999999999999,1.220909090909091,5,0.044,0.05499999999999999,387,0.1546138972043991,0.8067419528961182,0.08074963837862015,0.04982113838195801,2.145259380340576,z,1.8_2.0_2.2
12,1.1199999999999999,1.220909090909091,6,0.05499999999999999,0.066,444,0.10633272677659988,0.5997920036315918,0.08252556622028351,0.06036148592829704,1.956154465675354,z,1.8_2.0_2.2
12,1.1199999999999999,1.220909090909091,7,0.066,0.077,382,0.09860268235206604,0.5332147479057312,0.09956248849630356,0.07135523110628128,2.257521152496338,z,1.8_2.0_2.2
12,1.1199999999999999,1.220909090909091,8,0.077,0.088,319,0.1253243386745453,0.43327760696411133,0.11929143220186234,0.08255501091480255,2.900275707244873,z,1.8_2.0_2.2
12,1.1199999999999999,1.220909090909091,9,0.088,0.09899999999999999,322,0.12282665818929672,0.389778196811676,0.13596877455711365,0.0937538892030716,3.3257219791412354,z,1.8_2.0_2.2
12,1.1199999999999999,1.220909090909091,10,0.09899999999999999,0.11,362,0.11433863639831543,0.2858089804649353,0.14819107949733734,0.10468397289514542,3.6502676010131836,z,1.8_2.0_2.2
12,1.1199999999999999,1.220909090909091,12,0.21000000000000002,0.22200000000000003,633,0.028472570702433586,0.09203663468360901,0.22691719233989716,0.21630597114562988,3.7782516479492188,z,1.8_2.0_2.2
12,1.1199999999999999,1.220909090909091,13,0.22200000000000003,0.234,697,0.027344172820448875,0.08966400474309921,0.23867173492908478,0.22791539132595062,4.077398300170898,z,1.8_2.0_2.2
12,1.1199999999999999,1.220909090909091,14,0.234,0.24600000000000002,845,0.018950767815113068,0.0940055176615715,0.24474817514419556,0.24055279791355133,3.2415590286254883,z,1.8_2.0_2.2
12,1.1199999999999999,1.220909090909091,15,0.24600000000000002,0.258,1393,0.010597643442451954,0.06551896780729294,0.255871057510376,0.25231805443763733,2.312769889831543,z,1.8_2.0_2.2
12,1.1199999999999999,1.220909090909091,16,0.258,0.27,913,0.0055846055038273335,0.07940132170915604,0.26259157061576843,0.26227593421936035,2.0004019737243652,z,1.8_2.0_2.2
12,1.1199999999999999,1.220909090909091,17,0.27,0.28200000000000003,301,-0.0004288408381398767,0.08570822328329086,0.27232831716537476,0.2750946879386902,1.832924723625183,z,1.8_2.0_2.2
12,1.1199999999999999,1.220909090909091,18,0.28200000000000003,0.29400000000000004,162,-0.004001069813966751,0.055500444024801254,0.28419017791748047,0.28717485070228577,1.6645352840423584,z,1.8_2.0_2.2
12,1.1199999999999999,1.220909090909091,19,0.29400000000000004,0.30600000000000005,118,0.004445443395525217,0.07138624787330627,0.29806429147720337,0.3002697229385376,1.381262183189392,z,1.8_2.0_2.2
12,1.1199999999999999,1.220909090909091,20,0.30600000000000005,0.318,83,0.0014073700876906514,0.06132764369249344,0.3070782721042633,0.3114665150642395,1.3871424198150635,z,1.8_2.0_2.2
12,1.1199999999999999,1.220909090909091,21,0.318,0.33,70,-0.07051008194684982,0.050946224480867386,0.28791719675064087,0.3234615921974182,1.4975541830062866,z,1.8_2.0_2.2
12,1.1199999999999999,1.220909090909091,22,0.33,inf,42,-0.08357151597738266,0.050315167754888535,0.28769272565841675,0.33082661032676697,1.5479952096939087,z,1.8_2.0_2.2
13,1.220909090909091,1.3218181818181818,1,0.0,0.011,794,1.1760755777359009,5.443000793457031,0.042131707072257996,0.007275922689586878,1.9567646980285645,z,1.8_2.0_2.2
13,1.220909090909091,1.3218181818181818,2,0.011,0.022,1071,-0.0029213191010057926,2.3391644954681396,0.03549358248710632,0.015482563525438309,2.2956814765930176,z,1.8_2.0_2.2
13,1.220909090909091,1.3218181818181818,3,0.022,0.033,421,0.22368879616260529,1.4537615776062012,0.06253817677497864,0.026920873671770096,3.061831474304199,z,1.8_2.0_2.2
13,1.220909090909091,1.3218181818181818,4,0.033,0.044,313,0.24130499362945557,1.0820763111114502,0.08072743564844131,0.03850360959768295,2.7238593101501465,z,1.8_2.0_2.2
13,1.220909090909091,1.3218181818181818,5,0.044,0.05499999999999999,319,0.15809302031993866,0.8396756052970886,0.08528302609920502,0.04986785724759102,2.353745937347412,z,1.8_2.0_2.2
13,1.220909090909091,1.3218181818181818,6,0.05499999999999999,0.066,391,0.09434343874454498,0.5336998105049133,0.0820600688457489,0.060352567583322525,2.0628912448883057,z,1.8_2.0_2.2
13,1.220909090909091,1.3218181818181818,7,0.066,0.077,329,0.09048856049776077,0.4646860957145691,0.10023285448551178,0.07122116535902023,2.4315831661224365,z,1.8_2.0_2.2
13,1.220909090909091,1.3218181818181818,8,0.077,0.088,293,0.1268180012702942,0.42414483428001404,0.12175304442644119,0.08267734944820404,3.054217576980591,z,1.8_2.0_2.2
13,1.220909090909091,1.3218181818181818,9,0.088,0.09899999999999999,305,0.12061569839715958,0.35404089093208313,0.13679367303848267,0.09376214444637299,3.4462482929229736,z,1.8_2.0_2.2
13,1.220909090909091,1.3218181818181818,10,0.09899999999999999,0.11,339,0.11595924943685532,0.2645237147808075,0.1515394002199173,0.10471989959478378,3.8184897899627686,z,1.8_2.0_2.2
13,1.220909090909091,1.3218181818181818,12,0.21000000000000002,0.22200000000000003,589,0.029454778879880905,0.08693996071815491,0.22774359583854675,0.21633271872997284,3.9731271266937256,z,1.8_2.0_2.2
13,1.220909090909091,1.3218181818181818,13,0.22200000000000003,0.234,646,0.02614980936050415,0.08720819652080536,0.23863007128238678,0.22792482376098633,4.307272911071777,z,1.8_2.0_2.2
13,1.220909090909091,1.3218181818181818,14,0.234,0.24600000000000002,745,0.01921871490776539,0.08339788764715195,0.24583248794078827,0.24047031998634338,3.5200886726379395,z,1.8_2.0_2.2
13,1.220909090909091,1.3218181818181818,15,0.24600000000000002,0.258,1211,0.010706487111747265,0.06183270737528801,0.25589483976364136,0.25232863426208496,2.484820604324341,z,1.8_2.0_2.2
13,1.220909090909091,1.3218181818181818,16,0.258,0.27,724,-0.00214620609767735,0.06783918291330338,0.25935491919517517,0.2621985077857971,2.216641426086426,z,1.8_2.0_2.2
13,1.220909090909091,1.3218181818181818,17,0.27,0.28200000000000003,262,-0.0021832226775586605,0.07028259336948395,0.2727707624435425,0.27522799372673035,1.9323073625564575,z,1.8_2.0_2.2
13,1.220909090909091,1.3218181818181818,18,0.28200000000000003,0.29400000000000004,126,-0.007917877286672592,0.04679038003087044,0.2821497917175293,0.28695225715637207,1.8094844818115234,z,1.8_2.0_2.2
13,1.220909090909091,1.3218181818181818,19,0.29400000000000004,0.30600000000000005,64,0.007070107851177454,0.04977736249566078,0.30111679434776306,0.30049362778663635,1.5627822875976562,z,1.8_2.0_2.2
13,1.220909090909091,1.3218181818181818,20,0.30600000000000005,0.318,57,-0.0020053440239280462,0.04008232429623604,0.3087104856967926,0.3121962547302246,1.4850986003875732,z,1.8_2.0_2.2
13,1.220909090909091,1.3218181818181818,21,0.318,0.33,57,-0.06582397222518921,0.047498952597379684,0.28797754645347595,0.3236563205718994,1.5709002017974854,z,1.8_2.0_2.2
13,1.220909090909091,1.3218181818181818,22,0.33,inf,36,-0.09405229985713959,0.043875038623809814,0.28272321820259094,0.3307856023311615,1.609168291091919,z,1.8_2.0_2.2
14,1.3218181818181818,1.4227272727272726,1,0.0,0.011,614,1.3597280979156494,5.040019989013672,0.04628698527812958,0.007522448431700468,2.158930778503418,z,1.8_2.0_2.2
14,1.3218181818181818,1.4227272727272726,2,0.011,0.022,952,-0.0018085379851981997,2.1748242378234863,0.036085810512304306,0.015545317903161049,2.4233055114746094,z,1.8_2.0_2.2
14,1.3218181818181818,1.4227272727272726,3,0.022,0.033,384,0.24058103561401367,1.3768852949142456,0.0642644539475441,0.02691795863211155,3.2343204021453857,z,1.8_2.0_2.2
14,1.3218181818181818,1.4227272727272726,4,0.033,0.044,276,0.25733765959739685,1.0505967140197754,0.08420057594776154,0.03851336985826492,2.9182770252227783,z,1.8_2.0_2.2
14,1.3218181818181818,1.4227272727272726,5,0.044,0.05499999999999999,266,0.16845038533210754,0.8269462585449219,0.08982465416193008,0.049947548657655716,2.571568727493286,z,1.8_2.0_2.2
14,1.3218181818181818,1.4227272727272726,6,0.05499999999999999,0.066,334,0.09520076215267181,0.5491912364959717,0.08535873144865036,0.06040996313095093,2.198014497756958,z,1.8_2.0_2.2
14,1.3218181818181818,1.4227272727272726,7,0.066,0.077,284,0.09445910900831223,0.4366764724254608,0.10330377519130707,0.07129505276679993,2.616055965423584,z,1.8_2.0_2.2
14,1.3218181818181818,1.4227272727272726,8,0.077,0.088,275,0.12818452715873718,0.37229833006858826,0.1233949139714241,0.0826931893825531,3.1718783378601074,z,1.8_2.0_2.2
14,1.3218181818181818,1.4227272727272726,9,0.088,0.09899999999999999,280,0.11943910270929337,0.28661537170410156,0.1395825296640396,0.09375821799039841,3.6403861045837402,z,1.8_2.0_2.2
14,1.3218181818181818,1.4227272727272726,10,0.09899999999999999,0.11,322,0.11935307830572128,0.23540130257606506,0.15568606555461884,0.10469233989715576,3.9526352882385254,z,1.8_2.0_2.2
14,1.3218181818181818,1.4227272727272726,12,0.21000000000000002,0.22200000000000003,549,0.028903253376483917,0.08236085623502731,0.2280164510011673,0.2163030058145523,4.170088291168213,z,1.8_2.0_2.2
14,1.3218181818181818,1.4227272727272726,13,0.22200000000000003,0.234,615,0.025445569306612015,0.08596833050251007,0.23855479061603546,0.2279166579246521,4.460267066955566,z,1.8_2.0_2.2
14,1.3218181818181818,1.4227272727272726,14,0.234,0.24600000000000002,670,0.019484421238303185,0.07744859158992767,0.24634630978107452,0.24035438895225525,3.772568702697754,z,1.8_2.0_2.2
14,1.3218181818181818,1.4227272727272726,15,0.24600000000000002,0.258,1041,0.008986511267721653,0.055535633116960526,0.25522375106811523,0.2522284686565399,2.6822900772094727,z,1.8_2.0_2.2
14,1.3218181818181818,1.4227272727272726,16,0.258,0.27,594,-0.004847957752645016,0.060235343873500824,0.2579544484615326,0.2622412443161011,2.4238760471343994,z,1.8_2.0_2.2
14,1.3218181818181818,1.4227272727272726,17,0.27,0.28200000000000003,235,-0.0071507110260427,0.05919699743390083,0.27165842056274414,0.2753557860851288,2.0084946155548096,z,1.8_2.0_2.2
14,1.3218181818181818,1.4227272727272726,18,0.28200000000000003,0.29400000000000004,108,-0.008726105093955994,0.04496295377612114,0.2811456322669983,0.2869030237197876,1.8992986679077148,z,1.8_2.0_2.2
14,1.3218181818181818,1.4227272727272726,19,0.29400000000000004,0.30600000000000005,37,0.008230416104197502,0.030882958322763443,0.3045521676540375,0.3005216121673584,1.7881457805633545,z,1.8_2.0_2.2
14,1.3218181818181818,1.4227272727272726,20,0.30600000000000005,0.318,42,-0.010138487443327904,0.031763944774866104,0.30643001198768616,0.3124698996543884,1.5643155574798584,z,1.8_2.0_2.2
14,1.3218181818181818,1.4227272727272726,21,0.318,0.33,45,-0.06321687251329422,0.04332033917307854,0.28767919540405273,0.323754221200943,1.6493284702301025,z,1.8_2.0_2.2
14,1.3218181818181818,1.4227272727272726,22,0.33,inf,32,-0.09793438762426376,0.03966095298528671,0.2807310223579407,0.3307470381259918,1.6480393409729004,z,1.8_2.0_2.2
15,1.4227272727272726,1.5236363636363637,1,0.0,0.011,491,1.5827395915985107,5.077962398529053,0.051138244569301605,0.0076449234038591385,2.3566129207611084,z,1.8_2.0_2.2
15,1.4227272727272726,1.5236363636363637,2,0.011,0.022,827,0.033363308757543564,2.167168378829956,0.03812543302774429,0.015553346835076809,2.582240343093872,z,1.8_2.0_2.2
15,1.4227272727272726,1.5236363636363637,3,0.022,0.033,340,0.24743618071079254,1.4063503742218018,0.0673784613609314,0.026964064687490463,3.4763424396514893,z,1.8_2.0_2.2
15,1.4227272727272726,1.5236363636363637,4,0.033,0.044,238,0.2956957519054413,1.0234266519546509,0.08915214240550995,0.03836497291922569,3.164578914642334,z,1.8_2.0_2.2
15,1.4227272727272726,1.5236363636363637,5,0.044,0.05499999999999999,223,0.21121035516262054,0.8223425149917603,0.09664126485586166,0.04986919090151787,2.802466630935669,z,1.8_2.0_2.2
15,1.4227272727272726,1.5236363636363637,6,0.05499999999999999,0.066,274,0.11280953884124756,0.49569404125213623,0.08900804072618484,0.06035208702087402,2.380406618118286,z,1.8_2.0_2.2
15,1.4227272727272726,1.5236363636363637,7,0.066,0.077,250,0.09774060547351837,0.40947020053863525,0.1066511869430542,0.0715404823422432,2.786651134490967,z,1.8_2.0_2.2
15,1.4227272727272726,1.5236363636363637,8,0.077,0.088,252,0.13872842490673065,0.3544269800186157,0.12883411347866058,0.08270479738712311,3.3364901542663574,z,1.8_2.0_2.2
15,1.4227272727272726,1.5236363636363637,9,0.088,0.09899999999999999,261,0.12018390744924545,0.24621206521987915,0.14273889362812042,0.09372717142105103,3.806220054626465,z,1.8_2.0_2.2
15,1.4227272727272726,1.5236363636363637,10,0.09899999999999999,0.11,313,0.11848258227109909,0.21858589351177216,0.15677610039710999,0.10470165312290192,4.027285099029541,z,1.8_2.0_2.2
15,1.4227272727272726,1.5236363636363637,12,0.21000000000000002,0.22200000000000003,516,0.02912445366382599,0.0781479924917221,0.22865961492061615,0.21628089249134064,4.34946346282959,z,1.8_2.0_2.2
15,1.4227272727272726,1.5236363636363637,13,0.22200000000000003,0.234,581,0.02508735843002796,0.08013055473566055,0.23940162360668182,0.22792160511016846,4.641268730163574,z,1.8_2.0_2.2
15,1.4227272727272726,1.5236363636363637,14,0.234,0.24600000000000002,616,0.01906871795654297,0.07583381980657578,0.24648883938789368,0.24028721451759338,3.982407569885254,z,1.8_2.0_2.2
15,1.4227272727272726,1.5236363636363637,15,0.24600000000000002,0.258,895,0.0077050235122442245,0.05206891894340515,0.2545042335987091,0.2522010803222656,2.8959672451019287,z,1.8_2.0_2.2
15,1.4227272727272726,1.5236363636363637,16,0.258,0.27,505,-0.003104095347225666,0.05300857499241829,0.2579317092895508,0.2621896266937256,2.610105276107788,z,1.8_2.0_2.2
15,1.4227272727272726,1.5236363636363637,17,0.27,0.28200000000000003,217,-0.009860405698418617,0.055530253797769547,0.2707768976688385,0.2754175066947937,2.061589002609253,z,1.8_2.0_2.2
15,1.4227272727272726,1.5236363636363637,18,0.28200000000000003,0.29400000000000004,94,-0.009482480585575104,0.04498106613755226,0.28050854802131653,0.2866818308830261,1.977437973022461,z,1.8_2.0_2.2
15,1.4227272727272726,1.5236363636363637,19,0.29400000000000004,0.30600000000000005,27,0.012047241441905499,0.03168599307537079,0.30672380328178406,0.30074360966682434,1.9407472610473633,z,1.8_2.0_2.2
15,1.4227272727272726,1.5236363636363637,20,0.30600000000000005,0.318,34,-0.014118175022304058,0.025628097355365753,0.3048439025878906,0.3127247095108032,1.610124111175537,z,1.8_2.0_2.2
15,1.4227272727272726,1.5236363636363637,21,0.318,0.33,39,-0.06594268232584,0.04100839048624039,0.28599339723587036,0.3240005671977997,1.6922239065170288,z,1.8_2.0_2.2
15,1.4227272727272726,1.5236363636363637,22,0.33,inf,28,-0.09584920108318329,0.036163460463285446,0.2804091274738312,0.3307318687438965,1.6862066984176636,z,1.8_2.0_2.2
16,1.5236363636363637,1.6245454545454545,1,0.0,0.011,383,1.740370512008667,4.895540237426758,0.05550004914402962,0.007719910703599453,2.6061739921569824,z,1.8_2.0_2.2
16,1.5236363636363637,1.6245454545454545,2,0.011,0.022,716,0.08339377492666245,2.036801338195801,0.04049583524465561,0.015587391331791878,2.7534801959991455,z,1.8_2.0_2.2
16,1.5236363636363637,1.6245454545454545,3,0.022,0.033,309,0.2582475543022156,1.389324426651001,0.06966377049684525,0.0269743911921978,3.677504539489746,z,1.8_2.0_2.2
16,1.5236363636363637,1.6245454545454545,4,0.033,0.044,216,0.3195370137691498,1.0046499967575073,0.09301538020372391,0.03842679038643837,3.3373517990112305,z,1.8_2.0_2.2
16,1.5236363636363637,1.6245454545454545,5,0.044,0.05499999999999999,191,0.214588463306427,0.7544636726379395,0.0988055020570755,0.0497380867600441,3.025758981704712,z,1.8_2.0_2.2
16,1.5236363636363637,1.6245454545454545,6,0.05499999999999999,0.066,206,0.10283146798610687,0.44430482387542725,0.09188687801361084,0.06027526780962944,2.680216073989868,z,1.8_2.0_2.2
16,1.5236363636363637,1.6245454545454545,7,0.066,0.077,231,0.10780604928731918,0.4120630621910095,0.10998006910085678,0.0715833231806755,2.894183874130249,z,1.8_2.0_2.2
16,1.5236363636363637,1.6245454545454545,8,0.077,0.088,245,0.1435740739107132,0.343113511800766,0.13123033940792084,0.08272003382444382,3.389591693878174,z,1.8_2.0_2.2
16,1.5236363636363637,1.6245454545454545,9,0.088,0.09899999999999999,253,0.12055794894695282,0.2340136617422104,0.1433698683977127,0.0937504991889,3.879434823989868,z,1.8_2.0_2.2
16,1.5236363636363637,1.6245454545454545,10,0.09899999999999999,0.11,304,0.11824141442775726,0.2125479131937027,0.1578274369239807,0.10469970107078552,4.102990627288818,z,1.8_2.0_2.2
16,1.5236363636363637,1.6245454545454545,12,0.21000000000000002,0.22200000000000003,480,0.028447994962334633,0.07341871410608292,0.22872409224510193,0.21625493466854095,4.565108776092529,z,1.8_2.0_2.2
16,1.5236363636363637,1.6245454545454545,13,0.22200000000000003,0.234,552,0.023794688284397125,0.07666148245334625,0.23921817541122437,0.22790411114692688,4.8074517250061035,z,1.8_2.0_2.2
16,1.5236363636363637,1.6245454545454545,14,0.234,0.24600000000000002,565,0.01800491102039814,0.06858512759208679,0.2469090074300766,0.24022416770458221,4.208525657653809,z,1.8_2.0_2.2
16,1.5236363636363637,1.6245454545454545,15,0.24600000000000002,0.258,777,0.007428956218063831,0.04765629768371582,0.25442764163017273,0.2521932125091553,3.1127374172210693,z,1.8_2.0_2.2
16,1.5236363636363637,1.6245454545454545,16,0.258,0.27,432,-0.0036418361123651266,0.04793107509613037,0.2567805051803589,0.26215115189552307,2.8037400245666504,z,1.8_2.0_2.2
16,1.5236363636363637,1.6245454545454545,17,0.27,0.28200000000000003,189,-0.01118684746325016,0.04711655527353287,0.270187109708786,0.27538564801216125,2.1495065689086914,z,1.8_2.0_2.2
16,1.5236363636363637,1.6245454545454545,18,0.28200000000000003,0.29400000000000004,86,-0.011749127879738808,0.04498661682009697,0.27951887249946594,0.2867501676082611,2.022885799407959,z,1.8_2.0_2.2
16,1.5236363636363637,1.6245454545454545,19,0.29400000000000004,0.30600000000000005,22,0.0181027352809906,0.032106757164001465,0.3081575930118561,0.30006152391433716,2.051271677017212,z,1.8_2.0_2.2
16,1.5236363636363637,1.6245454545454545,20,0.30600000000000005,0.318,25,-0.014754469506442547,0.020748645067214966,0.30480414628982544,0.3130514323711395,1.6560242176055908,z,1.8_2.0_2.2
16,1.5236363636363637,1.6245454545454545,21,0.318,0.33,29,-0.07104383409023285,0.04082697257399559,0.28263527154922485,0.32475221157073975,1.7694675922393799,z,1.8_2.0_2.2
16,1.5236363636363637,1.6245454545454545,22,0.33,inf,25,-0.1004696860909462,0.029407469555735588,0.2764827013015747,0.3306613266468048,1.715887188911438,z,1.8_2.0_2.2
17,1.6245454545454545,1.7254545454545454,1,0.0,0.011,334,1.6303688287734985,4.8337860107421875,0.05541704222559929,0.007668298669159412,2.758737802505493,z,1.8_2.0_2.2
17,1.6245454545454545,1.7254545454545454,2,0.011,0.022,634,0.12047518789768219,2.0304062366485596,0.04265213385224342,0.015599338337779045,2.905916929244995,z,1.8_2.0_2.2
17,1.6245454545454545,1.7254545454545454,3,0.022,0.033,281,0.2812640070915222,1.332993507385254,0.07178837060928345,0.02700749598443508,3.8879828453063965,z,1.8_2.0_2.2
17,1.6245454545454545,1.7254545454545454,4,0.033,0.044,196,0.3368254005908966,0.9549905061721802,0.09586015343666077,0.03841127082705498,3.517728805541992,z,1.8_2.0_2.2
17,1.6245454545454545,1.7254545454545454,5,0.044,0.05499999999999999,165,0.27988195419311523,0.7326573729515076,0.10724076628684998,0.049735862761735916,3.254016399383545,z,1.8_2.0_2.2
17,1.6245454545454545,1.7254545454545454,6,0.05499999999999999,0.066,167,0.1330575942993164,0.4635199010372162,0.10011636465787888,0.060348089784383774,2.9395601749420166,z,1.8_2.0_2.2
17,1.6245454545454545,1.7254545454545454,7,0.066,0.077,216,0.11451122164726257,0.40186136960983276,0.11220035701990128,0.07161311060190201,2.985391139984131,z,1.8_2.0_2.2
17,1.6245454545454545,1.7254545454545454,8,0.077,0.088,236,0.14679870009422302,0.31958040595054626,0.13334164023399353,0.08274319022893906,3.459585428237915,z,1.8_2.0_2.2
17,1.6245454545454545,1.7254545454545454,9,0.088,0.09899999999999999,245,0.12485089153051376,0.21738652884960175,0.14628441631793976,0.0937420204281807,3.9545392990112305,z,1.8_2.0_2.2
17,1.6245454545454545,1.7254545454545454,10,0.09899999999999999,0.11,294,0.11724113672971725,0.2011050432920456,0.15875078737735748,0.10472866147756577,4.1887736320495605,z,1.8_2.0_2.2
17,1.6245454545454545,1.7254545454545454,12,0.21000000000000002,0.22200000000000003,458,0.027447817847132683,0.07197112590074539,0.22835037112236023,0.21614210307598114,4.70857572555542,z,1.8_2.0_2.2
17,1.6245454545454545,1.7254545454545454,13,0.22200000000000003,0.234,527,0.0226566381752491,0.07101421803236008,0.23896107077598572,0.22792969644069672,4.960817813873291,z,1.8_2.0_2.2
17,1.6245454545454545,1.7254545454545454,14,0.234,0.24600000000000002,509,0.017544453963637352,0.06015954166650772,0.24777555465698242,0.24011121690273285,4.498047351837158,z,1.8_2.0_2.2
17,1.6245454545454545,1.7254545454545454,15,0.24600000000000002,0.258,675,0.00664662616327405,0.041976939886808395,0.25413769483566284,0.2522442042827606,3.3455779552459717,z,1.8_2.0_2.2
17,1.6245454545454545,1.7254545454545454,16,0.258,0.27,374,-0.0028354935348033905,0.043593283742666245,0.25646987557411194,0.26211488246917725,2.996164321899414,z,1.8_2.0_2.2
17,1.6245454545454545,1.7254545454545454,17,0.27,0.28200000000000003,156,-0.009454339742660522,0.041173066943883896,0.27073994278907776,0.2754518985748291,2.270927906036377,z,1.8_2.0_2.2
17,1.6245454545454545,1.7254545454545454,18,0.28200000000000003,0.29400000000000004,72,-0.015975188463926315,0.0438859760761261,0.27695202827453613,0.28635549545288086,2.1109588146209717,z,1.8_2.0_2.2
17,1.6245454545454545,1.7254545454545454,19,0.29400000000000004,0.30600000000000005,19,0.01859736070036888,0.030004171654582024,0.3095526099205017,0.29982656240463257,2.13211989402771,z,1.8_2.0_2.2
17,1.6245454545454545,1.7254545454545454,20,0.30600000000000005,0.318,15,-0.015148199163377285,0.01762641780078411,0.30602043867111206,0.31478151679039,1.7128119468688965,z,1.8_2.0_2.2
17,1.6245454545454545,1.7254545454545454,21,0.318,0.33,25,-0.07276731729507446,0.03997834026813507,0.28159070014953613,0.3250962793827057,1.8015292882919312,z,1.8_2.0_2.2
17,1.6245454545454545,1.7254545454545454,22,0.33,inf,19,-0.10036946833133698,0.009719310328364372,0.2717260420322418,0.33056747913360596,1.7655091285705566,z,1.8_2.0_2.2
18,1.7254545454545454,1.8263636363636364,1,0.0,0.011,308,1.6005581617355347,4.8230156898498535,0.05569078400731087,0.007713875267654657,2.850527286529541,z,1.8_2.0_2.2
18,1.7254545454545454,1.8263636363636364,2,0.011,0.022,550,0.15264049172401428,1.9929841756820679,0.04543526470661163,0.015714477747678757,3.094600200653076,z,1.8_2.0_2.2
18,1.7254545454545454,1.8263636363636364,3,0.022,0.033,251,0.3156875669956207,1.2477543354034424,0.0747012123465538,0.027089323848485947,4.1520795822143555,z,1.8_2.0_2.2
18,1.7254545454545454,1.8263636363636364,4,0.033,0.044,178,0.34878718852996826,0.9130470752716064,0.09838809072971344,0.038439925760030746,3.7041947841644287,z,1.8_2.0_2.2
18,1.7254545454545454,1.8263636363636364,5,0.044,0.05499999999999999,146,0.29456713795661926,0.6562926173210144,0.10993830859661102,0.049645259976387024,3.459690809249878,z,1.8_2.0_2.2
18,1.7254545454545454,1.8263636363636364,6,0.05499999999999999,0.066,137,0.1509871482849121,0.47068703174591064,0.10620319098234177,0.060469403862953186,3.21802020072937,z,1.8_2.0_2.2
18,1.7254545454545454,1.8263636363636364,7,0.066,0.077,193,0.14705578982830048,0.3834383487701416,0.12082581222057343,0.0716010108590126,3.1424591541290283,z,1.8_2.0_2.2
18,1.7254545454545454,1.8263636363636364,8,0.077,0.088,226,0.14869047701358795,0.30633553862571716,0.13522912561893463,0.08266983181238174,3.5376975536346436,z,1.8_2.0_2.2
18,1.7254545454545454,1.8263636363636364,9,0.088,0.09899999999999999,233,0.12728692591190338,0.21649646759033203,0.14863914251327515,0.09375641494989395,4.0714850425720215,z,1.8_2.0_2.2
18,1.7254545454545454,1.8263636363636364,10,0.09899999999999999,0.11,283,0.11610027402639389,0.18099209666252136,0.1596948206424713,0.10472551733255386,4.2859721183776855,z,1.8_2.0_2.2
18,1.7254545454545454,1.8263636363636364,12,0.21000000000000002,0.22200000000000003,432,0.025715259835124016,0.06914804130792618,0.22787943482398987,0.21619044244289398,4.891122817993164,z,1.8_2.0_2.2
18,1.7254545454545454,1.8263636363636364,13,0.22200000000000003,0.234,504,0.022249164059758186,0.06475678831338882,0.23929165303707123,0.22793129086494446,5.110487937927246,z,1.8_2.0_2.2
18,1.7254545454545454,1.8263636363636364,14,0.234,0.24600000000000002,459,0.016474425792694092,0.055148154497146606,0.24818871915340424,0.24003159999847412,4.8062310218811035,z,1.8_2.0_2.2
18,1.7254545454545454,1.8263636363636364,15,0.24600000000000002,0.258,598,0.005762292537838221,0.03680644556879997,0.253122478723526,0.25216975808143616,3.561094284057617,z,1.8_2.0_2.2
18,1.7254545454545454,1.8263636363636364,16,0.258,0.27,326,-0.0023676110431551933,0.03338627517223358,0.25633955001831055,0.2621316611766815,3.190009593963623,z,1.8_2.0_2.2
18,1.7254545454545454,1.8263636363636364,17,0.27,0.28200000000000003,143,-0.00954244751483202,0.03919338062405586,0.27011263370513916,0.27546781301498413,2.3263561725616455,z,1.8_2.0_2.2
18,1.7254545454545454,1.8263636363636364,18,0.28200000000000003,0.29400000000000004,63,-0.016354050487279892,0.042931728065013885,0.2761642336845398,0.2863003611564636,2.171943187713623,z,1.8_2.0_2.2
18,1.7254545454545454,1.8263636363636364,19,0.29400000000000004,0.30600000000000005,16,0.02531229704618454,0.020799484103918076,0.3143124580383301,0.300045371055603,2.2154526710510254,z,1.8_2.0_2.2
18,1.7254545454545454,1.8263636363636364,20,0.30600000000000005,0.318,5,-0.011374134570360184,0.008877345360815525,0.3096153140068054,0.31611672043800354,1.790148138999939,z,1.8_2.0_2.2
18,1.7254545454545454,1.8263636363636364,21,0.318,0.33,17,-0.0855422168970108,0.03505055606365204,0.27496960759162903,0.3263986110687256,1.8657371997833252,z,1.8_2.0_2.2
18,1.7254545454545454,1.8263636363636364,22,0.33,inf,14,-0.09877873957157135,0.009282059967517853,0.2712612450122833,0.330459862947464,1.800532579421997,z,1.8_2.0_2.2
19,1.8263636363636364,1.9272727272727272,1,0.0,0.011,272,1.537574291229248,4.793198108673096,0.056800395250320435,0.007761646527796984,2.9930644035339355,z,1.8_2.0_2.2
19,1.8263636363636364,1.9272727272727272,2,0.011,0.022,482,0.18481214344501495,1.8917274475097656,0.0475730299949646,0.015806257724761963,3.2813892364501953,z,1.8_2.0_2.2
19,1.8263636363636364,1.9272727272727272,3,0.022,0.033,236,0.3394915759563446,1.2243191003799438,0.07691100239753723,0.02712557092308998,4.30320930480957,z,1.8_2.0_2.2
19,1.8263636363636364,1.9272727272727272,4,0.033,0.044,161,0.37158718705177307,0.8562304973602295,0.10146865993738174,0.03841756656765938,3.908418893814087,z,1.8_2.0_2.2
19,1.8263636363636364,1.9272727272727272,5,0.044,0.05499999999999999,126,0.30136555433273315,0.5695992708206177,0.11297738552093506,0.04974805936217308,3.7277185916900635,z,1.8_2.0_2.2
19,1.8263636363636364,1.9272727272727272,6,0.05499999999999999,0.066,116,0.172393336892128,0.46411043405532837,0.11265646666288376,0.06050523370504379,3.479261875152588,z,1.8_2.0_2.2
19,1.8263636363636364,1.9272727272727272,7,0.066,0.077,178,0.15398338437080383,0.36398765444755554,0.1229596957564354,0.07164319604635239,3.2567286491394043,z,1.8_2.0_2.2
19,1.8263636363636364,1.9272727272727272,8,0.077,0.088,211,0.1528831124305725,0.29767513275146484,0.1375950127840042,0.0828096941113472,3.66275954246521,z,1.8_2.0_2.2
19,1.8263636363636364,1.9272727272727272,9,0.088,0.09899999999999999,230,0.125510111451149,0.19936063885688782,0.14822539687156677,0.09377214312553406,4.101274490356445,z,1.8_2.0_2.2
19,1.8263636363636364,1.9272727272727272,10,0.09899999999999999,0.11,275,0.11375923454761505,0.1680229902267456,0.16017486155033112,0.10473251342773438,4.358582973480225,z,1.8_2.0_2.2
19,1.8263636363636364,1.9272727272727272,12,0.21000000000000002,0.22200000000000003,415,0.024877510964870453,0.0679631233215332,0.2271675169467926,0.21615123748779297,5.018342971801758,z,1.8_2.0_2.2
19,1.8263636363636364,1.9272727272727272,13,0.22200000000000003,0.234,482,0.02213965356349945,0.05890456959605217,0.24027013778686523,0.2278958261013031,5.262930393218994,z,1.8_2.0_2.2
19,1.8263636363636364,1.9272727272727272,14,0.234,0.24600000000000002,430,0.015740765258669853,0.051766492426395416,0.24865509569644928,0.24007870256900787,5.010880947113037,z,1.8_2.0_2.2
19,1.8263636363636364,1.9272727272727272,15,0.24600000000000002,0.258,538,0.006476074922829866,0.030931543558835983,0.2539709210395813,0.25220516324043274,3.760863780975342,z,1.8_2.0_2.2
19,1.8263636363636364,1.9272727272727272,16,0.258,0.27,291,-0.001678474247455597,0.030437065288424492,0.2564898431301117,0.2621929347515106,3.3590943813323975,z,1.8_2.0_2.2
19,1.8263636363636364,1.9272727272727272,17,0.27,0.28200000000000003,126,-0.005628404673188925,0.0366571843624115,0.27150678634643555,0.275452584028244,2.4027504920959473,z,1.8_2.0_2.2
19,1.8263636363636364,1.9272727272727272,18,0.28200000000000003,0.29400000000000004,55,-0.019306104630231857,0.04281916469335556,0.27479463815689087,0.28612127900123596,2.2336106300354004,z,1.8_2.0_2.2
19,1.8263636363636364,1.9272727272727272,19,0.29400000000000004,0.30600000000000005,15,0.02432948164641857,0.021056074649095535,0.31400638818740845,0.3000657856464386,2.2472264766693115,z,1.8_2.0_2.2
19,1.8263636363636364,1.9272727272727272,21,0.318,0.33,10,-0.10042162239551544,0.026287896558642387,0.26753678917884827,0.3281935155391693,1.9348831176757812,z,1.8_2.0_2.2
19,1.8263636363636364,1.9272727272727272,22,0.33,inf,5,-0.10113825649023056,0.006962503772228956,0.26877209544181824,0.3303164839744568,1.842922568321228,z,1.8_2.0_2.2
20,1.9272727272727272,2.028181818181818,1,0.0,0.011,246,1.4276998043060303,4.8079047203063965,0.05602185055613518,0.007754773832857609,3.1120214462280273,z,1.8_2.0_2.2
20,1.9272727272727272,2.028181818181818,2,0.011,0.022,430,0.2292623668909073,1.8170713186264038,0.05007101595401764,0.01584896445274353,3.4513847827911377,z,1.8_2.0_2.2
20,1.9272727272727272,2.028181818181818,3,0.022,0.033,220,0.3297523558139801,1.1466197967529297,0.07658594101667404,0.027149885892868042,4.479843616485596,z,1.8_2.0_2.2
20,1.9272727272727272,2.028181818181818,4,0.033,0.044,149,0.354055792093277,0.7616075277328491,0.10062593966722488,0.03844757750630379,4.0706329345703125,z,1.8_2.0_2.2
20,1.9272727272727272,2.028181818181818,5,0.044,0.05499999999999999,116,0.3192872107028961,0.5804886221885681,0.11743593961000443,0.04975617676973343,3.886223793029785,z,1.8_2.0_2.2
20,1.9272727272727272,2.028181818181818,6,0.05499999999999999,0.066,100,0.20114365220069885,0.45539650321006775,0.11939976364374161,0.06055855751037598,3.7373697757720947,z,1.8_2.0_2.2
20,1.9272727272727272,2.028181818181818,7,0.066,0.077,165,0.17340914905071259,0.357440710067749,0.1286795437335968,0.07169751077890396,3.3664698600769043,z,1.8_2.0_2.2
20,1.9272727272727272,2.028181818181818,8,0.077,0.088,196,0.15175488591194153,0.2879942059516907,0.13922442495822906,0.08294480293989182,3.799309492111206,z,1.8_2.0_2.2
20,1.9272727272727272,2.028181818181818,9,0.088,0.09899999999999999,226,0.1255725473165512,0.19508421421051025,0.14874087274074554,0.09372381865978241,4.140703201293945,z,1.8_2.0_2.2
20,1.9272727272727272,2.028181818181818,10,0.09899999999999999,0.11,267,0.11146373301744461,0.1498122364282608,0.1595054566860199,0.10467695444822311,4.432958602905273,z,1.8_2.0_2.2
20,1.9272727272727272,2.028181818181818,12,0.21000000000000002,0.22200000000000003,394,0.02396954409778118,0.06547164171934128,0.22751367092132568,0.2160862237215042,5.185866832733154,z,1.8_2.0_2.2
20,1.9272727272727272,2.028181818181818,13,0.22200000000000003,0.234,462,0.02184896543622017,0.053161367774009705,0.24111175537109375,0.22789041697978973,5.409371852874756,z,1.8_2.0_2.2
20,1.9272727272727272,2.028181818181818,14,0.234,0.24600000000000002,405,0.01480914931744337,0.0477508082985878,0.24886712431907654,0.24002765119075775,5.203896522521973,z,1.8_2.0_2.2
20,1.9272727272727272,2.028181818181818,15,0.24600000000000002,0.258,499,0.007479448337107897,0.02746402844786644,0.25461581349372864,0.25221318006515503,3.9086973667144775,z,1.8_2.0_2.2
20,1.9272727272727272,2.028181818181818,16,0.258,0.27,258,-0.0006973862182348967,0.02893129736185074,0.25654640793800354,0.26229533553123474,3.5485997200012207,z,1.8_2.0_2.2
20,1.9272727272727272,2.028181818181818,17,0.27,0.28200000000000003,105,-0.002870701253414154,0.03466435894370079,0.2722483277320862,0.2753174602985382,2.506566047668457,z,1.8_2.0_2.2
20,1.9272727272727272,2.028181818181818,18,0.28200000000000003,0.29400000000000004,45,-0.02316301316022873,0.04306997358798981,0.27319827675819397,0.2861016094684601,2.3115322589874268,z,1.8_2.0_2.2
20,1.9272727272727272,2.028181818181818,19,0.29400000000000004,0.30600000000000005,14,0.025922533124685287,0.010910771787166595,0.3170492351055145,0.3001713156700134,2.2735321521759033,z,1.8_2.0_2.2
21,2.028181818181818,2.129090909090909,1,0.0,0.011,226,1.2606241703033447,4.566464900970459,0.053386181592941284,0.007773080375045538,3.2120373249053955,z,1.8_2.0_2.2
21,2.028181818181818,2.129090909090909,2,0.011,0.022,391,0.26961550116539,1.8485842943191528,0.05299174413084984,0.015843195840716362,3.599107265472412,z,1.8_2.0_2.2
21,2.028181818181818,2.129090909090909,3,0.022,0.033,207,0.32600170373916626,1.1005789041519165,0.07684357464313507,0.0271553136408329,4.63599157333374,z,1.8_2.0_2.2
21,2.028181818181818,2.129090909090909,4,0.033,0.044,138,0.36842912435531616,0.7370768785476685,0.1037115827202797,0.03844856098294258,4.237216949462891,z,1.8_2.0_2.2
21,2.028181818181818,2.129090909090909,5,0.044,0.05499999999999999,101,0.3456909656524658,0.579073429107666,0.12426760047674179,0.049635887145996094,4.171731948852539,z,1.8_2.0_2.2
21,2.028181818181818,2.129090909090909,6,0.05499999999999999,0.066,87,0.24276623129844666,0.4627079367637634,0.12933862209320068,0.060593608766794205,3.9999301433563232,z,1.8_2.0_2.2
21,2.028181818181818,2.129090909090909,7,0.066,0.077,156,0.1871756613254547,0.35994192957878113,0.13235442340373993,0.07175616174936295,3.4466803073883057,z,1.8_2.0_2.2
21,2.028181818181818,2.129090909090909,8,0.077,0.088,184,0.15021958947181702,0.2589578330516815,0.13928693532943726,0.08293723315000534,3.9176900386810303,z,1.8_2.0_2.2
21,2.028181818181818,2.129090909090909,9,0.088,0.09899999999999999,218,0.12814706563949585,0.19737130403518677,0.15020954608917236,0.09373564273118973,4.220790386199951,z,1.8_2.0_2.2
21,2.028181818181818,2.129090909090909,10,0.09899999999999999,0.11,257,0.11062712967395782,0.14836683869361877,0.16039641201496124,0.10467994213104248,4.528608798980713,z,1.8_2.0_2.2
21,2.028181818181818,2.129090909090909,12,0.21000000000000002,0.22200000000000003,375,0.02292405627667904,0.0628674253821373,0.22709651291370392,0.21608951687812805,5.348509311676025,z,1.8_2.0_2.2
21,2.028181818181818,2.129090909090909,13,0.22200000000000003,0.234,438,0.0202967319637537,0.05118635669350624,0.24085377156734467,0.22781509160995483,5.5970845222473145,z,1.8_2.0_2.2
21,2.028181818181818,2.129090909090909,14,0.234,0.24600000000000002,379,0.0145615478977561,0.04027275741100311,0.2500332295894623,0.23998482525348663,5.425292491912842,z,1.8_2.0_2.2
21,2.028181818181818,2.129090909090909,15,0.24600000000000002,0.258,466,0.007507474161684513,0.0243302583694458,0.25489431619644165,0.2522273361682892,4.045844554901123,z,1.8_2.0_2.2
21,2.028181818181818,2.129090909090909,16,0.258,0.27,228,-0.0008103143190965056,0.0289369635283947,0.2558639645576477,0.26249024271965027,3.7543601989746094,z,1.8_2.0_2.2
21,2.028181818181818,2.129090909090909,17,0.27,0.28200000000000003,91,0.001697466243058443,0.03096216544508934,0.2748751938343048,0.27515676617622375,2.5894367694854736,z,1.8_2.0_2.2
21,2.028181818181818,2.129090909090909,18,0.28200000000000003,0.29400000000000004,37,-0.02085156738758087,0.04383961856365204,0.2740781605243683,0.2859440743923187,2.3835127353668213,z,1.8_2.0_2.2
21,2.028181818181818,2.129090909090909,19,0.29400000000000004,0.30600000000000005,12,0.023935969918966293,0.010904168710112572,0.3160707354545593,0.29988333582878113,2.3176982402801514,z,1.8_2.0_2.2
22,2.129090909090909,2.2299999999999995,1,0.0,0.011,197,0.9563602805137634,4.047637939453125,0.047546014189720154,0.007746910210698843,3.3787667751312256,z,1.8_2.0_2.2
22,2.129090909090909,2.2299999999999995,2,0.011,0.022,360,0.26207026839256287,1.7486425638198853,0.05302874371409416,0.01588672213256359,3.7301297187805176,z,1.8_2.0_2.2
22,2.129090909090909,2.2299999999999995,3,0.022,0.033,196,0.2937685251235962,1.0079655647277832,0.07472264021635056,0.027116568759083748,4.779501914978027,z,1.8_2.0_2.2
22,2.129090909090909,2.2299999999999995,4,0.033,0.044,130,0.34811049699783325,0.6858744025230408,0.10277687758207321,0.03847454488277435,4.369638442993164,z,1.8_2.0_2.2
22,2.129090909090909,2.2299999999999995,5,0.044,0.05499999999999999,91,0.36663174629211426,0.5794689655303955,0.12954671680927277,0.04951271787285805,4.401571273803711,z,1.8_2.0_2.2
22,2.129090909090909,2.2299999999999995,6,0.05499999999999999,0.066,81,0.27531805634498596,0.45385923981666565,0.1362556368112564,0.060598697513341904,4.1430463790893555,z,1.8_2.0_2.2
22,2.129090909090909,2.2299999999999995,7,0.066,0.077,139,0.20925915241241455,0.3590891659259796,0.1384742558002472,0.07186979055404663,3.615171194076538,z,1.8_2.0_2.2
22,2.129090909090909,2.2299999999999995,8,0.077,0.088,174,0.15497750043869019,0.26505494117736816,0.1415039747953415,0.08295854926109314,4.023961067199707,z,1.8_2.0_2.2
22,2.129090909090909,2.2299999999999995,9,0.088,0.09899999999999999,212,0.13219572603702545,0.19678644835948944,0.15205393731594086,0.09376687556505203,4.281167507171631,z,1.8_2.0_2.2
22,2.129090909090909,2.2299999999999995,10,0.09899999999999999,0.11,252,0.11095824837684631,0.14609187841415405,0.1610078364610672,0.10463986545801163,4.576746463775635,z,1.8_2.0_2.2
22,2.129090909090909,2.2299999999999995,12,0.21000000000000002,0.22200000000000003,359,0.021319329738616943,0.05969136580824852,0.2262084186077118,0.21609456837177277,5.494493007659912,z,1.8_2.0_2.2
22,2.129090909090909,2.2299999999999995,13,0.22200000000000003,0.234,415,0.01863226294517517,0.049939971417188644,0.24017654359340668,0.22778469324111938,5.79228401184082,z,1.8_2.0_2.2
22,2.129090909090909,2.2299999999999995,14,0.234,0.24600000000000002,363,0.015528167597949505,0.03038913384079933,0.2518440783023834,0.23998020589351654,5.572932720184326,z,1.8_2.0_2.2
22,2.129090909090909,2.2299999999999995,15,0.24600000000000002,0.258,430,0.007071167696267366,0.023821307346224785,0.2544805705547333,0.2522434890270233,4.210639953613281,z,1.8_2.0_2.2
22,2.129090909090909,2.2299999999999995,16,0.258,0.27,211,-0.00045513472286984324,0.02811642549932003,0.25589194893836975,0.26266708970069885,3.8894424438476562,z,1.8_2.0_2.2
22,2.129090909090909,2.2299999999999995,17,0.27,0.28200000000000003,80,0.003412326332181692,0.029009010642766953,0.27614521980285645,0.2751268744468689,2.6584572792053223,z,1.8_2.0_2.2
22,2.129090909090909,2.2299999999999995,18,0.28200000000000003,0.29400000000000004,30,-0.021084973588585854,0.043319836258888245,0.2743152976036072,0.2859697639942169,2.453847646713257,z,1.8_2.0_2.2
22,2.129090909090909,2.2299999999999995,19,0.29400000000000004,0.30600000000000005,7,0.023799827322363853,0.01101683173328638,0.3166568875312805,0.2987150549888611,2.476423978805542,z,1.8_2.0_2.2
23,2.2299999999999995,2.3309090909090906,1,0.0,0.011,185,0.8448678255081177,4.056741714477539,0.04588751867413521,0.007690953090786934,3.457411289215088,z,1.8_2.0_2.2
23,2.2299999999999995,2.3309090909090906,2,0.011,0.022,325,0.27866196632385254,1.6576169729232788,0.055028557777404785,0.015966420993208885,3.896970510482788,z,1.8_2.0_2.2
23,2.2299999999999995,2.3309090909090906,3,0.022,0.033,178,0.3001410663127899,0.9097373485565186,0.07549723237752914,0.027188928797841072,5.042325973510742,z,1.8_2.0_2.2
23,2.2299999999999995,2.3309090909090906,4,0.033,0.044,123,0.36230841279029846,0.6910746693611145,0.1057421937584877,0.038427937775850296,4.494018077850342,z,1.8_2.0_2.2
23,2.2299999999999995,2.3309090909090906,5,0.044,0.05499999999999999,83,0.3610954284667969,0.557489275932312,0.13088420033454895,0.04944554343819618,4.615508556365967,z,1.8_2.0_2.2
23,2.2299999999999995,2.3309090909090906,6,0.05499999999999999,0.066,74,0.30922791361808777,0.4565387964248657,0.1439441442489624,0.06064223125576973,4.3299150466918945,z,1.8_2.0_2.2
23,2.2299999999999995,2.3309090909090906,7,0.066,0.077,124,0.23033440113067627,0.35219380259513855,0.14561201632022858,0.0720270499587059,3.788492441177368,z,1.8_2.0_2.2
23,2.2299999999999995,2.3309090909090906,8,0.077,0.088,166,0.1514667123556137,0.25046291947364807,0.1409357190132141,0.08286961168050766,4.113121509552002,z,1.8_2.0_2.2
23,2.2299999999999995,2.3309090909090906,9,0.088,0.09899999999999999,202,0.13689550757408142,0.19567736983299255,0.1540684998035431,0.09372083842754364,4.385228157043457,z,1.8_2.0_2.2
23,2.2299999999999995,2.3309090909090906,10,0.09899999999999999,0.11,248,0.11275975406169891,0.14570115506649017,0.1618524044752121,0.10461607575416565,4.615438938140869,z,1.8_2.0_2.2
23,2.2299999999999995,2.3309090909090906,12,0.21000000000000002,0.22200000000000003,347,0.020921600982546806,0.057405535131692886,0.22626657783985138,0.21613472700119019,5.608762741088867,z,1.8_2.0_2.2
23,2.2299999999999995,2.3309090909090906,13,0.22200000000000003,0.234,395,0.018161585554480553,0.04660826921463013,0.24044965207576752,0.22774362564086914,5.975583553314209,z,1.8_2.0_2.2
23,2.2299999999999995,2.3309090909090906,14,0.234,0.24600000000000002,343,0.015191467478871346,0.026142165064811707,0.2522224485874176,0.23996788263320923,5.771544933319092,z,1.8_2.0_2.2
23,2.2299999999999995,2.3309090909090906,15,0.24600000000000002,0.258,402,0.007179480977356434,0.02379823848605156,0.25443294644355774,0.2522163689136505,4.351683139801025,z,1.8_2.0_2.2
23,2.2299999999999995,2.3309090909090906,16,0.258,0.27,198,-0.00016119623614940792,0.028461016714572906,0.2557704448699951,0.26280322670936584,4.000945568084717,z,1.8_2.0_2.2
23,2.2299999999999995,2.3309090909090906,17,0.27,0.28200000000000003,67,0.007932961918413639,0.02640974335372448,0.27914857864379883,0.2754015028476715,2.7505581378936768,z,1.8_2.0_2.2
23,2.2299999999999995,2.3309090909090906,18,0.28200000000000003,0.29400000000000004,22,-0.01487330999225378,0.043637778609991074,0.27765119075775146,0.2855725884437561,2.553828239440918,z,1.8_2.0_2.2
23,2.2299999999999995,2.3309090909090906,19,0.29400000000000004,0.30600000000000005,7,0.023799827322363853,0.01101683173328638,0.3166568875312805,0.2987150549888611,2.476423978805542,z,1.8_2.0_2.2
24,2.3309090909090906,2.4318181818181817,1,0.0,0.011,163,0.6317650675773621,3.854654312133789,0.042833227664232254,0.007627606391906738,3.6158931255340576,z,1.8_2.0_2.2
24,2.3309090909090906,2.4318181818181817,2,0.011,0.022,301,0.28800737857818604,1.5017398595809937,0.05497995764017105,0.016056863591074944,4.024951934814453,z,1.8_2.0_2.2
24,2.3309090909090906,2.4318181818181817,3,0.022,0.033,166,0.3037493824958801,0.8087950944900513,0.0759049728512764,0.027201704680919647,5.241536617279053,z,1.8_2.0_2.2
24,2.3309090909090906,2.4318181818181817,4,0.033,0.044,111,0.4090265929698944,0.6987391114234924,0.11265059560537338,0.03843867778778076,4.73347806930542,z,1.8_2.0_2.2
24,2.3309090909090906,2.4318181818181817,5,0.044,0.05499999999999999,68,0.41053158044815063,0.5266896486282349,0.14339272677898407,0.04946887865662575,5.131664276123047,z,1.8_2.0_2.2
24,2.3309090909090906,2.4318181818181817,6,0.05499999999999999,0.066,72,0.3193919062614441,0.4598352909088135,0.1461799144744873,0.06065952032804489,4.385985374450684,z,1.8_2.0_2.2
24,2.3309090909090906,2.4318181818181817,7,0.066,0.077,115,0.23795649409294128,0.33870309591293335,0.14828036725521088,0.0721377432346344,3.905028820037842,z,1.8_2.0_2.2
24,2.3309090909090906,2.4318181818181817,8,0.077,0.088,157,0.14547021687030792,0.2428559958934784,0.1407080739736557,0.08289318531751633,4.218557834625244,z,1.8_2.0_2.2
24,2.3309090909090906,2.4318181818181817,9,0.088,0.09899999999999999,191,0.13787135481834412,0.19001862406730652,0.15512597560882568,0.09376639872789383,4.506120204925537,z,1.8_2.0_2.2
24,2.3309090909090906,2.4318181818181817,10,0.09899999999999999,0.11,240,0.11134947091341019,0.14407089352607727,0.16232357919216156,0.10463462024927139,4.693397045135498,z,1.8_2.0_2.2
24,2.3309090909090906,2.4318181818181817,12,0.21000000000000002,0.22200000000000003,330,0.019999828189611435,0.05296288803219795,0.22636979818344116,0.21601368486881256,5.780697822570801,z,1.8_2.0_2.2
24,2.3309090909090906,2.4318181818181817,13,0.22200000000000003,0.234,377,0.017342211678624153,0.04350781813263893,0.24002423882484436,0.22772528231143951,6.151623725891113,z,1.8_2.0_2.2
24,2.3309090909090906,2.4318181818181817,14,0.234,0.24600000000000002,330,0.01454837340861559,0.022266218438744545,0.2523151636123657,0.23989664018154144,5.90931510925293,z,1.8_2.0_2.2
24,2.3309090909090906,2.4318181818181817,15,0.24600000000000002,0.258,375,0.006951669231057167,0.023629464209079742,0.2541128396987915,0.25216859579086304,4.499960899353027,z,1.8_2.0_2.2
24,2.3309090909090906,2.4318181818181817,16,0.258,0.27,184,0.00018930414807982743,0.02761429361999035,0.25565144419670105,0.2628443241119385,4.131195545196533,z,1.8_2.0_2.2
24,2.3309090909090906,2.4318181818181817,17,0.27,0.28200000000000003,58,0.009987793862819672,0.024611929431557655,0.28041449189186096,0.2750628590583801,2.8227789402008057,z,1.8_2.0_2.2
24,2.3309090909090906,2.4318181818181817,18,0.28200000000000003,0.29400000000000004,17,-0.009177180007100105,0.0432441346347332,0.28113090991973877,0.2854832112789154,2.6411802768707275,z,1.8_2.0_2.2
24,2.3309090909090906,2.4318181818181817,19,0.29400000000000004,0.30600000000000005,5,0.022666815668344498,0.012805282138288021,0.3159092366695404,0.29818621277809143,2.542271375656128,z,1.8_2.0_2.2
25,2.4318181818181817,2.5327272727272723,1,0.0,0.011,148,0.510395348072052,3.409168004989624,0.03862028196454048,0.0076591637916862965,3.740058183670044,z,1.8_2.0_2.2
25,2.4318181818181817,2.5327272727272723,2,0.011,0.022,279,0.2827446758747101,1.4864660501480103,0.056166358292102814,0.016047513112425804,4.153948783874512,z,1.8_2.0_2.2
25,2.4318181818181817,2.5327272727272723,3,0.022,0.033,154,0.3222198486328125,0.8171241283416748,0.07892672717571259,0.027323376387357712,5.465178966522217,z,1.8_2.0_2.2
25,2.4318181818181817,2.5327272727272723,4,0.033,0.044,104,0.42830726504325867,0.7097256779670715,0.11664056032896042,0.03847237303853035,4.890380859375,z,1.8_2.0_2.2
25,2.4318181818181817,2.5327272727272723,5,0.044,0.05499999999999999,63,0.44032952189445496,0.5252415537834167,0.15083065629005432,0.04955435171723366,5.350461006164551,z,1.8_2.0_2.2
25,2.4318181818181817,2.5327272727272723,6,0.05499999999999999,0.066,64,0.3335486948490143,0.4339908957481384,0.15007664263248444,0.060476258397102356,4.637923240661621,z,1.8_2.0_2.2
25,2.4318181818181817,2.5327272727272723,7,0.066,0.077,107,0.25970718264579773,0.34492117166519165,0.15347522497177124,0.0721467062830925,4.017726898193359,z,1.8_2.0_2.2
25,2.4318181818181817,2.5327272727272723,8,0.077,0.088,146,0.1482759416103363,0.24147741496562958,0.14226792752742767,0.08281684666872025,4.357382774353027,z,1.8_2.0_2.2
25,2.4318181818181817,2.5327272727272723,9,0.088,0.09899999999999999,188,0.13778305053710938,0.19146624207496643,0.15559111535549164,0.09375759214162827,4.540048599243164,z,1.8_2.0_2.2
25,2.4318181818181817,2.5327272727272723,10,0.09899999999999999,0.11,236,0.1117909699678421,0.1407773494720459,0.1627555787563324,0.10465727001428604,4.732570648193359,z,1.8_2.0_2.2
25,2.4318181818181817,2.5327272727272723,12,0.21000000000000002,0.22200000000000003,319,0.01966160349547863,0.051863692700862885,0.2263306975364685,0.21595318615436554,5.897792339324951,z,1.8_2.0_2.2
25,2.4318181818181817,2.5327272727272723,13,0.22200000000000003,0.234,367,0.01700855977833271,0.041389524936676025,0.24017754197120667,0.22776009142398834,6.254371166229248,z,1.8_2.0_2.2
25,2.4318181818181817,2.5327272727272723,14,0.234,0.24600000000000002,318,0.01363262627273798,0.021870194002985954,0.2519371509552002,0.23991434276103973,6.041605472564697,z,1.8_2.0_2.2
25,2.4318181818181817,2.5327272727272723,15,0.24600000000000002,0.258,345,0.00675542838871479,0.023702900856733322,0.25381970405578613,0.25215908885002136,4.683163642883301,z,1.8_2.0_2.2
25,2.4318181818181817,2.5327272727272723,16,0.258,0.27,174,-0.00033036674722097814,0.02791294828057289,0.25482383370399475,0.2626715898513794,4.231487274169922,z,1.8_2.0_2.2
25,2.4318181818181817,2.5327272727272723,17,0.27,0.28200000000000003,48,0.014389365911483765,0.020951667800545692,0.28303542733192444,0.27467581629753113,2.9181015491485596,z,1.8_2.0_2.2
25,2.4318181818181817,2.5327272727272723,18,0.28200000000000003,0.29400000000000004,11,0.005302518606185913,0.0426456592977047,0.2912290692329407,0.28634533286094666,2.780531167984009,z,1.8_2.0_2.2
26,2.5327272727272723,2.6336363636363633,1,0.0,0.011,130,0.26657870411872864,3.392282247543335,0.03444628790020943,0.007523952051997185,3.9128026962280273,z,1.8_2.0_2.2
26,2.5327272727272723,2.6336363636363633,2,0.011,0.022,263,0.3092963695526123,1.518688440322876,0.05856086313724518,0.016020281240344048,4.25531530380249,z,1.8_2.0_2.2
26,2.5327272727272723,2.6336363636363633,3,0.022,0.033,147,0.3089350163936615,0.828849196434021,0.07920373976230621,0.027300717309117317,5.607431888580322,z,1.8_2.0_2.2
26,2.5327272727272723,2.6336363636363633,4,0.033,0.044,102,0.4283909797668457,0.716467559337616,0.11738942563533783,0.038481827825307846,4.937510013580322,z,1.8_2.0_2.2
26,2.5327272727272723,2.6336363636363633,5,0.044,0.05499999999999999,58,0.47028085589408875,0.5312902331352234,0.1586473435163498,0.04983116686344147,5.598348617553711,z,1.8_2.0_2.2
26,2.5327272727272723,2.6336363636363633,6,0.05499999999999999,0.066,59,0.36481645703315735,0.4426349401473999,0.15701590478420258,0.060364771634340286,4.821545600891113,z,1.8_2.0_2.2
26,2.5327272727272723,2.6336363636363633,7,0.066,0.077,100,0.273338258266449,0.3410165011882782,0.15774542093276978,0.07201790064573288,4.124893665313721,z,1.8_2.0_2.2
26,2.5327272727272723,2.6336363636363633,8,0.077,0.088,141,0.15502429008483887,0.24402019381523132,0.14422553777694702,0.0829237774014473,4.4238810539245605,z,1.8_2.0_2.2
26,2.5327272727272723,2.6336363636363633,9,0.088,0.09899999999999999,182,0.13888762891292572,0.19406171143054962,0.1568409651517868,0.09380025416612625,4.608076095581055,z,1.8_2.0_2.2
26,2.5327272727272723,2.6336363636363633,10,0.09899999999999999,0.11,230,0.11224290728569031,0.13976004719734192,0.16321097314357758,0.10458008944988251,4.790882587432861,z,1.8_2.0_2.2
26,2.5327272727272723,2.6336363636363633,12,0.21000000000000002,0.22200000000000003,307,0.019535625353455544,0.04708326607942581,0.22739559412002563,0.216050386428833,6.031586170196533,z,1.8_2.0_2.2
26,2.5327272727272723,2.6336363636363633,13,0.22200000000000003,0.234,349,0.015645751729607582,0.04162921756505966,0.23953059315681458,0.22773677110671997,6.449208736419678,z,1.8_2.0_2.2
26,2.5327272727272723,2.6336363636363633,14,0.234,0.24600000000000002,310,0.013510732911527157,0.02151050977408886,0.25201883912086487,0.23988735675811768,6.133331298828125,z,1.8_2.0_2.2
26,2.5327272727272723,2.6336363636363633,15,0.24600000000000002,0.258,317,0.006438104435801506,0.024056430906057358,0.2533589005470276,0.2520378530025482,4.878331184387207,z,1.8_2.0_2.2
26,2.5327272727272723,2.6336363636363633,16,0.258,0.27,163,-0.0005326457903720438,0.02765851654112339,0.253949910402298,0.2625972628593445,4.349541664123535,z,1.8_2.0_2.2
26,2.5327272727272723,2.6336363636363633,17,0.27,0.28200000000000003,42,0.014350978657603264,0.020351795479655266,0.2831377387046814,0.2742200493812561,2.9780309200286865,z,1.8_2.0_2.2
26,2.5327272727272723,2.6336363636363633,18,0.28200000000000003,0.29400000000000004,8,0.02378365956246853,0.030337898060679436,0.3074878454208374,0.28717198967933655,2.89635968208313,z,1.8_2.0_2.2
27,2.6336363636363633,2.7345454545454544,1,0.0,0.011,120,0.14561952650547028,2.817833423614502,0.02612285129725933,0.007513708900660276,4.0230817794799805,z,1.8_2.0_2.2
27,2.6336363636363633,2.7345454545454544,2,0.011,0.022,244,0.3167036473751068,1.501133680343628,0.059423625469207764,0.01592857949435711,4.385571479797363,z,1.8_2.0_2.2
27,2.6336363636363633,2.7345454545454544,3,0.022,0.033,137,0.331794410943985,0.8394923210144043,0.08229779452085495,0.027209073305130005,5.827775478363037,z,1.8_2.0_2.2
27,2.6336363636363633,2.7345454545454544,4,0.033,0.044,85,0.4765002131462097,0.679806649684906,0.1259319931268692,0.03832990303635597,5.409552574157715,z,1.8_2.0_2.2
27,2.6336363636363633,2.7345454545454544,5,0.044,0.05499999999999999,56,0.4588628113269806,0.5133147835731506,0.15807099640369415,0.04995318502187729,5.706782341003418,z,1.8_2.0_2.2
27,2.6336363636363633,2.7345454545454544,6,0.05499999999999999,0.066,56,0.4003069996833801,0.4238199293613434,0.16481876373291016,0.06044982001185417,4.94317626953125,z,1.8_2.0_2.2
27,2.6336363636363633,2.7345454545454544,7,0.066,0.077,96,0.27698561549186707,0.3360436260700226,0.15915995836257935,0.07202441245317459,4.189523696899414,z,1.8_2.0_2.2
27,2.6336363636363633,2.7345454545454544,8,0.077,0.088,135,0.16005980968475342,0.2480425089597702,0.14652366936206818,0.08309630304574966,4.505184650421143,z,1.8_2.0_2.2
27,2.6336363636363633,2.7345454545454544,9,0.088,0.09899999999999999,177,0.13635914027690887,0.18536217510700226,0.1564415991306305,0.09392230957746506,4.665372371673584,z,1.8_2.0_2.2
27,2.6336363636363633,2.7345454545454544,10,0.09899999999999999,0.11,223,0.11091206222772598,0.13719861209392548,0.16349932551383972,0.10459046810865402,4.860413074493408,z,1.8_2.0_2.2
27,2.6336363636363633,2.7345454545454544,12,0.21000000000000002,0.22200000000000003,294,0.018933821469545364,0.04622705653309822,0.22740204632282257,0.21609742939472198,6.184053897857666,z,1.8_2.0_2.2
27,2.6336363636363633,2.7345454545454544,13,0.22200000000000003,0.234,338,0.014788123778998852,0.04174775630235672,0.23906585574150085,0.22771470248699188,6.57484769821167,z,1.8_2.0_2.2
27,2.6336363636363633,2.7345454545454544,14,0.234,0.24600000000000002,297,0.012830458581447601,0.02114741876721382,0.2518102526664734,0.23989960551261902,6.288313865661621,z,1.8_2.0_2.2
27,2.6336363636363633,2.7345454545454544,15,0.24600000000000002,0.258,291,0.006423759739845991,0.023536639288067818,0.2531278431415558,0.2519475817680359,5.083596229553223,z,1.8_2.0_2.2
27,2.6336363636363633,2.7345454545454544,16,0.258,0.27,149,0.00012125309876864776,0.02774045243859291,0.2535278797149658,0.26246482133865356,4.515138149261475,z,1.8_2.0_2.2
27,2.6336363636363633,2.7345454545454544,17,0.27,0.28200000000000003,38,0.014131573960185051,0.018567893654108047,0.2836192548274994,0.2741393446922302,3.020005464553833,z,1.8_2.0_2.2
27,2.6336363636363633,2.7345454545454544,18,0.28200000000000003,0.29400000000000004,7,0.03440752252936363,0.012204104103147984,0.31590408086776733,0.28746742010116577,2.948265314102173,z,1.8_2.0_2.2
28,2.7345454545454544,2.835454545454545,1,0.0,0.011,112,0.09551039338111877,2.474459171295166,0.022521575912833214,0.00753900408744812,4.118533611297607,z,1.8_2.0_2.2
28,2.7345454545454544,2.835454545454545,2,0.011,0.022,217,0.2528113126754761,1.3984010219573975,0.0595172643661499,0.016076385974884033,4.596790313720703,z,1.8_2.0_2.2
28,2.7345454545454544,2.835454545454545,3,0.022,0.033,124,0.37513187527656555,0.8520953059196472,0.08798142522573471,0.027378210797905922,6.1573662757873535,z,1.8_2.0_2.2
28,2.7345454545454544,2.835454545454545,4,0.033,0.044,75,0.5372753739356995,0.6944236755371094,0.1361107975244522,0.03834882378578186,5.773275375366211,z,1.8_2.0_2.2
28,2.7345454545454544,2.835454545454545,5,0.044,0.05499999999999999,54,0.4588209390640259,0.48680028319358826,0.1591283529996872,0.05006695166230202,5.817597389221191,z,1.8_2.0_2.2
28,2.7345454545454544,2.835454545454545,6,0.05499999999999999,0.066,53,0.3895663619041443,0.4103340804576874,0.1648644655942917,0.060320448130369186,5.069583892822266,z,1.8_2.0_2.2
28,2.7345454545454544,2.835454545454545,7,0.066,0.077,89,0.2954239249229431,0.3351408839225769,0.1641046702861786,0.0719497874379158,4.3081278800964355,z,1.8_2.0_2.2
28,2.7345454545454544,2.835454545454545,8,0.077,0.088,126,0.1651003211736679,0.25026097893714905,0.1488492339849472,0.0831630751490593,4.634668827056885,z,1.8_2.0_2.2
28,2.7345454545454544,2.835454545454545,9,0.088,0.09899999999999999,171,0.13970787823200226,0.1876462996006012,0.15787366032600403,0.09393301606178284,4.734583854675293,z,1.8_2.0_2.2
28,2.7345454545454544,2.835454545454545,10,0.09899999999999999,0.11,220,0.11201979964971542,0.13748140633106232,0.16412164270877838,0.10461968183517456,4.89044189453125,z,1.8_2.0_2.2
28,2.7345454545454544,2.835454545454545,12,0.21000000000000002,0.22200000000000003,280,0.01738056354224682,0.046832140535116196,0.22670650482177734,0.21610192954540253,6.35876989364624,z,1.8_2.0_2.2
28,2.7345454545454544,2.835454545454545,13,0.22200000000000003,0.234,328,0.014331886544823647,0.04002843797206879,0.23921793699264526,0.22772030532360077,6.693211078643799,z,1.8_2.0_2.2
28,2.7345454545454544,2.835454545454545,14,0.234,0.24600000000000002,286,0.01218757126480341,0.020835239440202713,0.25151780247688293,0.2398497313261032,6.4272918701171875,z,1.8_2.0_2.2
28,2.7345454545454544,2.835454545454545,15,0.24600000000000002,0.258,270,0.005294003989547491,0.02309633418917656,0.2524169385433197,0.25201132893562317,5.270964622497559,z,1.8_2.0_2.2
28,2.7345454545454544,2.835454545454545,16,0.258,0.27,138,-0.000146550199133344,0.02804536744952202,0.252510130405426,0.2623750567436218,4.660733699798584,z,1.8_2.0_2.2
28,2.7345454545454544,2.835454545454545,17,0.27,0.28200000000000003,29,0.01427842490375042,0.01975952833890915,0.2821740508079529,0.2735329270362854,3.127695083618164,z,1.8_2.0_2.2
28,2.7345454545454544,2.835454545454545,18,0.28200000000000003,0.29400000000000004,6,0.03181103989481926,0.011250392533838749,0.3149598240852356,0.2880856692790985,2.9953432083129883,z,1.8_2.0_2.2
29,2.835454545454545,2.936363636363636,1,0.0,0.011,99,-0.006698024459183216,0.5509400367736816,0.007207012735307217,0.0075009544380009174,4.293947696685791,z,1.8_2.0_2.2
29,2.835454545454545,2.936363636363636,2,0.011,0.022,181,0.2090943157672882,1.4764801263809204,0.06314431130886078,0.016034182161092758,4.956003189086914,z,1.8_2.0_2.2
29,2.835454545454545,2.936363636363636,3,0.022,0.033,115,0.40043672919273376,0.8686700463294983,0.09159332513809204,0.027367955073714256,6.422239780426025,z,1.8_2.0_2.2
29,2.835454545454545,2.936363636363636,4,0.033,0.044,68,0.5583302974700928,0.6914292573928833,0.14131325483322144,0.0384773313999176,6.078985691070557,z,1.8_2.0_2.2
29,2.835454545454545,2.936363636363636,5,0.044,0.05499999999999999,54,0.4588209390640259,0.48680028319358826,0.1591283529996872,0.05006695166230202,5.817597389221191,z,1.8_2.0_2.2
29,2.835454545454545,2.936363636363636,6,0.05499999999999999,0.066,50,0.41131144762039185,0.4153784215450287,0.17015039920806885,0.060253992676734924,5.2072529792785645,z,1.8_2.0_2.2
29,2.835454545454545,2.936363636363636,7,0.066,0.077,83,0.3108528256416321,0.33352380990982056,0.16865289211273193,0.07186073809862137,4.416764259338379,z,1.8_2.0_2.2
29,2.835454545454545,2.936363636363636,8,0.077,0.088,122,0.16366738080978394,0.2503517270088196,0.14931127429008484,0.08318202197551727,4.694984436035156,z,1.8_2.0_2.2
29,2.835454545454545,2.936363636363636,9,0.088,0.09899999999999999,161,0.1353703886270523,0.17959527671337128,0.15742307901382446,0.09401416033506393,4.856203556060791,z,1.8_2.0_2.2
29,2.835454545454545,2.936363636363636,10,0.09899999999999999,0.11,216,0.11182716488838196,0.1363592892885208,0.16439391672611237,0.10462803393602371,4.92885160446167,z,1.8_2.0_2.2
29,2.835454545454545,2.936363636363636,12,0.21000000000000002,0.22200000000000003,263,0.01596871018409729,0.04381461441516876,0.2260187268257141,0.2161000519990921,6.589878082275391,z,1.8_2.0_2.2
29,2.835454545454545,2.936363636363636,13,0.22200000000000003,0.234,312,0.013593804091215134,0.036180172115564346,0.2397402673959732,0.22772662341594696,6.893063068389893,z,1.8_2.0_2.2
29,2.835454545454545,2.936363636363636,14,0.234,0.24600000000000002,279,0.011723939329385757,0.020647019147872925,0.2513262927532196,0.23987504839897156,6.518959045410156,z,1.8_2.0_2.2
29,2.835454545454545,2.936363636363636,15,0.24600000000000002,0.258,245,0.00496706273406744,0.023160817101597786,0.2518565058708191,0.2520768344402313,5.525440216064453,z,1.8_2.0_2.2
29,2.835454545454545,2.936363636363636,16,0.258,0.27,127,8.541478018742055e-05,0.02745194546878338,0.25212571024894714,0.26232728362083435,4.823088645935059,z,1.8_2.0_2.2
29,2.835454545454545,2.936363636363636,17,0.27,0.28200000000000003,26,0.014546157792210579,0.017584525048732758,0.28352099657058716,0.2735767960548401,3.16671085357666,z,1.8_2.0_2.2
30,2.936363636363636,3.037272727272727,1,0.0,0.011,91,-0.029950955882668495,0.37682780623435974,0.006992986425757408,0.0076369913294911385,4.419244766235352,z,1.8_2.0_2.2
30,2.936363636363636,3.037272727272727,2,0.011,0.022,162,0.21129673719406128,1.5042229890823364,0.066151924431324,0.015843011438846588,5.1981353759765625,z,1.8_2.0_2.2
30,2.936363636363636,3.037272727272727,3,0.022,0.033,91,0.4285182058811188,0.9464938044548035,0.09973687678575516,0.02742552012205124,7.353185176849365,z,1.8_2.0_2.2
30,2.936363636363636,3.037272727272727,4,0.033,0.044,60,0.622287929058075,0.7066339254379272,0.1528131365776062,0.03872022405266762,6.506197452545166,z,1.8_2.0_2.2
30,2.936363636363636,3.037272727272727,5,0.044,0.05499999999999999,53,0.4728131592273712,0.4790992736816406,0.16208520531654358,0.05015360563993454,5.8733015060424805,z,1.8_2.0_2.2
30,2.936363636363636,3.037272727272727,6,0.05499999999999999,0.066,47,0.4189060926437378,0.40594276785850525,0.17232152819633484,0.06014799699187279,5.355907917022705,z,1.8_2.0_2.2
30,2.936363636363636,3.037272727272727,7,0.066,0.077,80,0.31476902961730957,0.3298666775226593,0.16971278190612793,0.07183010876178741,4.47434139251709,z,1.8_2.0_2.2
30,2.936363636363636,3.037272727272727,8,0.077,0.088,117,0.16579610109329224,0.25071996450424194,0.15023928880691528,0.08319464325904846,4.771899700164795,z,1.8_2.0_2.2
30,2.936363636363636,3.037272727272727,9,0.088,0.09899999999999999,158,0.13649114966392517,0.18083994090557098,0.15817034244537354,0.09401297569274902,4.89345121383667,z,1.8_2.0_2.2
30,2.936363636363636,3.037272727272727,10,0.09899999999999999,0.11,212,0.11204450577497482,0.13705945014953613,0.16487407684326172,0.10457776486873627,4.967203617095947,z,1.8_2.0_2.2
30,2.936363636363636,3.037272727272727,12,0.21000000000000002,0.22200000000000003,254,0.01478245947510004,0.04395017772912979,0.2253059297800064,0.21607229113578796,6.720886707305908,z,1.8_2.0_2.2
30,2.936363636363636,3.037272727272727,13,0.22200000000000003,0.234,295,0.012593949213624,0.031754422932863235,0.24007293581962585,0.22771896421909332,7.12394380569458,z,1.8_2.0_2.2
30,2.936363636363636,3.037272727272727,14,0.234,0.24600000000000002,271,0.011336038820445538,0.020484888926148415,0.2511785924434662,0.2398480921983719,6.625776767730713,z,1.8_2.0_2.2
30,2.936363636363636,3.037272727272727,15,0.24600000000000002,0.258,234,0.004564332310110331,0.023420197889208794,0.2514137029647827,0.2520025670528412,5.649680137634277,z,1.8_2.0_2.2
30,2.936363636363636,3.037272727272727,16,0.258,0.27,124,0.0002557127154432237,0.02745370753109455,0.25194352865219116,0.26233360171318054,4.870755195617676,z,1.8_2.0_2.2
30,2.936363636363636,3.037272727272727,17,0.27,0.28200000000000003,23,0.014586743898689747,0.018662355840206146,0.2828994691371918,0.2731322944164276,3.207988977432251,z,1.8_2.0_2.2
31,3.037272727272727,3.1381818181818177,1,0.0,0.011,83,-0.02594827115535736,0.38713133335113525,0.00709997583180666,0.007594384253025055,4.558125019073486,z,1.8_2.0_2.2
31,3.037272727272727,3.1381818181818177,2,0.011,0.022,151,0.2023184597492218,1.41736900806427,0.06521718949079514,0.015802700072526932,5.359078884124756,z,1.8_2.0_2.2
31,3.037272727272727,3.1381818181818177,3,0.022,0.033,86,0.430336594581604,0.9402956962585449,0.10135812312364578,0.02733660489320755,7.607170581817627,z,1.8_2.0_2.2
31,3.037272727272727,3.1381818181818177,4,0.033,0.044,58,0.6536391377449036,0.7017474174499512,0.1573840081691742,0.038801830261945724,6.627013206481934,z,1.8_2.0_2.2
31,3.037272727272727,3.1381818181818177,5,0.044,0.05499999999999999,51,0.497933030128479,0.47053033113479614,0.1673782765865326,0.0501570887863636,5.986391067504883,z,1.8_2.0_2.2
31,3.037272727272727,3.1381818181818177,6,0.05499999999999999,0.066,46,0.43347740173339844,0.39539194107055664,0.17604026198387146,0.06016303226351738,5.407356262207031,z,1.8_2.0_2.2
31,3.037272727272727,3.1381818181818177,7,0.066,0.077,73,0.32682666182518005,0.3213106393814087,0.17475950717926025,0.07203001528978348,4.616688251495361,z,1.8_2.0_2.2
31,3.037272727272727,3.1381818181818177,8,0.077,0.088,109,0.1667344719171524,0.24702554941177368,0.15134818851947784,0.08333522826433182,4.903501033782959,z,1.8_2.0_2.2
31,3.037272727272727,3.1381818181818177,9,0.088,0.09899999999999999,151,0.1358393430709839,0.17966827750205994,0.15850354731082916,0.09406016767024994,4.981353759765625,z,1.8_2.0_2.2
31,3.037272727272727,3.1381818181818177,10,0.09899999999999999,0.11,206,0.11203178763389587,0.1372278481721878,0.16530101001262665,0.10453535616397858,5.024622440338135,z,1.8_2.0_2.2
31,3.037272727272727,3.1381818181818177,12,0.21000000000000002,0.22200000000000003,240,0.013006795197725296,0.043149299919605255,0.2239421159029007,0.21611259877681732,6.939749717712402,z,1.8_2.0_2.2
31,3.037272727272727,3.1381818181818177,13,0.22200000000000003,0.234,286,0.01174055878072977,0.03170957416296005,0.23964303731918335,0.2277446836233139,7.2543253898620605,z,1.8_2.0_2.2
31,3.037272727272727,3.1381818181818177,14,0.234,0.24600000000000002,264,0.010892556980252266,0.02041504718363285,0.2509160041809082,0.239836648106575,6.722505569458008,z,1.8_2.0_2.2
31,3.037272727272727,3.1381818181818177,15,0.24600000000000002,0.258,226,0.0038055048789829016,0.023448441177606583,0.25085344910621643,0.252049058675766,5.744317054748535,z,1.8_2.0_2.2
31,3.037272727272727,3.1381818181818177,16,0.258,0.27,112,-0.00033381106914021075,0.02792244777083397,0.25038740038871765,0.2621738612651825,5.073374271392822,z,1.8_2.0_2.2
31,3.037272727272727,3.1381818181818177,17,0.27,0.28200000000000003,16,0.014870480634272099,0.01571301557123661,0.2831157445907593,0.2721885144710541,3.30509090423584,z,1.8_2.0_2.2
32,3.1381818181818177,3.239090909090909,1,0.0,0.011,80,-0.027447372674942017,0.35826969146728516,0.006862807087600231,0.007603841833770275,4.613011360168457,z,1.8_2.0_2.2
32,3.1381818181818177,3.239090909090909,2,0.011,0.022,137,0.1357397735118866,1.092985987663269,0.060014549642801285,0.015839148312807083,5.592379570007324,z,1.8_2.0_2.2
32,3.1381818181818177,3.239090909090909,3,0.022,0.033,86,0.430336594581604,0.9402956962585449,0.10135812312364578,0.02733660489320755,7.607170581817627,z,1.8_2.0_2.2
32,3.1381818181818177,3.239090909090909,4,0.033,0.044,57,0.6702283620834351,0.6952987313270569,0.16014373302459717,0.03882352262735367,6.688538551330566,z,1.8_2.0_2.2
32,3.1381818181818177,3.239090909090909,5,0.044,0.05499999999999999,49,0.5279441475868225,0.4561183750629425,0.1736622005701065,0.050297144800424576,6.103855609893799,z,1.8_2.0_2.2
32,3.1381818181818177,3.239090909090909,6,0.05499999999999999,0.066,46,0.43347740173339844,0.39539194107055664,0.17604026198387146,0.06016303226351738,5.407356262207031,z,1.8_2.0_2.2
32,3.1381818181818177,3.239090909090909,7,0.066,0.077,68,0.34349876642227173,0.31988394260406494,0.17959383130073547,0.07200384885072708,4.729166507720947,z,1.8_2.0_2.2
32,3.1381818181818177,3.239090909090909,8,0.077,0.088,104,0.16712599992752075,0.2480388730764389,0.15241673588752747,0.08329688757658005,4.990615367889404,z,1.8_2.0_2.2
32,3.1381818181818177,3.239090909090909,9,0.088,0.09899999999999999,143,0.13704092800617218,0.18007811903953552,0.15995723009109497,0.09404408186674118,5.086273670196533,z,1.8_2.0_2.2
32,3.1381818181818177,3.239090909090909,10,0.09899999999999999,0.11,203,0.11308065801858902,0.1373925656080246,0.16600418090820312,0.10455599427223206,5.053201198577881,z,1.8_2.0_2.2
32,3.1381818181818177,3.239090909090909,12,0.21000000000000002,0.22200000000000003,227,0.011202925816178322,0.04298371449112892,0.22257044911384583,0.21607553958892822,7.161321640014648,z,1.8_2.0_2.2
32,3.1381818181818177,3.239090909090909,13,0.22200000000000003,0.234,283,0.011456514708697796,0.031709495931863785,0.23950961232185364,0.22777260839939117,7.298403739929199,z,1.8_2.0_2.2
32,3.1381818181818177,3.239090909090909,14,0.234,0.24600000000000002,255,0.01051816064864397,0.020204350352287292,0.2506944537162781,0.23981104791164398,6.8509955406188965,z,1.8_2.0_2.2
32,3.1381818181818177,3.239090909090909,15,0.24600000000000002,0.258,213,0.0034616589546203613,0.023634357377886772,0.250446617603302,0.2521143853664398,5.906113147735596,z,1.8_2.0_2.2
32,3.1381818181818177,3.239090909090909,16,0.258,0.27,107,-0.0012121187755838037,0.028171824291348457,0.2492283433675766,0.2620496451854706,5.166504383087158,z,1.8_2.0_2.2
32,3.1381818181818177,3.239090909090909,17,0.27,0.28200000000000003,12,0.015109032392501831,0.0031426374334841967,0.28523585200309753,0.27222415804862976,3.3848936557769775,z,1.8_2.0_2.2
33,3.239090909090909,3.34,1,0.0,0.011,76,-0.03894738480448723,0.3436638414859772,0.006787409074604511,0.00772258872166276,4.68780517578125,z,1.8_2.0_2.2
33,3.239090909090909,3.34,2,0.011,0.022,120,0.20228862762451172,1.031231164932251,0.06580277532339096,0.015848960727453232,5.9332122802734375,z,1.8_2.0_2.2
33,3.239090909090909,3.34,3,0.022,0.033,83,0.38754040002822876,0.8949078321456909,0.09893624484539032,0.027352645993232727,7.767047882080078,z,1.8_2.0_2.2
33,3.239090909090909,3.34,4,0.033,0.044,57,0.6702283620834351,0.6952987313270569,0.16014373302459717,0.03882352262735367,6.688538551330566,z,1.8_2.0_2.2
33,3.239090909090909,3.34,5,0.044,0.05499999999999999,48,0.5146425366401672,0.4548533260822296,0.17247533798217773,0.050239164382219315,6.163585186004639,z,1.8_2.0_2.2
33,3.239090909090909,3.34,6,0.05499999999999999,0.066,45,0.44388633966445923,0.39615294337272644,0.17841121554374695,0.06023614853620529,5.457045078277588,z,1.8_2.0_2.2
33,3.239090909090909,3.34,7,0.066,0.077,64,0.3524479269981384,0.31391945481300354,0.1822066307067871,0.07206207513809204,4.8242716789245605,z,1.8_2.0_2.2
33,3.239090909090909,3.34,8,0.077,0.088,102,0.17074960470199585,0.24912767112255096,0.1536857783794403,0.08328545093536377,5.026012897491455,z,1.8_2.0_2.2
33,3.239090909090909,3.34,9,0.088,0.09899999999999999,134,0.13611318171024323,0.17685596644878387,0.1602032631635666,0.0940370038151741,5.213653564453125,z,1.8_2.0_2.2
33,3.239090909090909,3.34,10,0.09899999999999999,0.11,201,0.114007368683815,0.1378326267004013,0.16629962623119354,0.1045365184545517,5.071471691131592,z,1.8_2.0_2.2
33,3.239090909090909,3.34,12,0.21000000000000002,0.22200000000000003,223,0.011090348474681377,0.040557172149419785,0.223025843501091,0.21609985828399658,7.232839107513428,z,1.8_2.0_2.2
33,3.239090909090909,3.34,13,0.22200000000000003,0.234,274,0.010936949402093887,0.029805578291416168,0.23960837721824646,0.2277584820985794,7.433568000793457,z,1.8_2.0_2.2
33,3.239090909090909,3.34,14,0.234,0.24600000000000002,249,0.010163753293454647,0.020260844379663467,0.2505064904689789,0.23976799845695496,6.939395904541016,z,1.8_2.0_2.2
33,3.239090909090909,3.34,15,0.24600000000000002,0.258,202,0.0034464187920093536,0.02303251624107361,0.25054407119750977,0.2521977424621582,6.054474830627441,z,1.8_2.0_2.2
33,3.239090909090909,3.34,16,0.258,0.27,101,-0.0026454152539372444,0.028392450883984566,0.24758510291576385,0.26202392578125,5.2830023765563965,z,1.8_2.0_2.2
33,3.239090909090909,3.34,17,0.27,0.28200000000000003,9,0.01339234784245491,0.003218105062842369,0.28482529520988464,0.2722671627998352,3.448367118835449,z,1.8_2.0_2.2
34,3.34,3.4409090909090905,1,0.0,0.011,69,-0.023586589843034744,0.34828662872314453,0.007067942526191473,0.007699714042246342,4.830349922180176,z,1.8_2.0_2.2
34,3.34,3.4409090909090905,2,0.011,0.022,116,0.21815304458141327,1.0428189039230347,0.06784646213054657,0.015870336443185806,6.025529861450195,z,1.8_2.0_2.2
34,3.34,3.4409090909090905,3,0.022,0.033,77,0.3093799352645874,0.8199266791343689,0.09267203509807587,0.027185529470443726,8.115867614746094,z,1.8_2.0_2.2
34,3.34,3.4409090909090905,4,0.033,0.044,55,0.6671282649040222,0.6801656484603882,0.16128621995449066,0.03881622105836868,6.812702655792236,z,1.8_2.0_2.2
34,3.34,3.4409090909090905,5,0.044,0.05499999999999999,48,0.5146425366401672,0.4548533260822296,0.17247533798217773,0.050239164382219315,6.163585186004639,z,1.8_2.0_2.2
34,3.34,3.4409090909090905,6,0.05499999999999999,0.066,42,0.40609264373779297,0.38093921542167664,0.17304514348506927,0.06019784137606621,5.612906455993652,z,1.8_2.0_2.2
34,3.34,3.4409090909090905,7,0.066,0.077,59,0.3294470012187958,0.3079758882522583,0.1797156184911728,0.07198101282119751,4.9555888175964355,z,1.8_2.0_2.2
34,3.34,3.4409090909090905,8,0.077,0.088,95,0.1784086674451828,0.25286445021629333,0.15631404519081116,0.08309675753116608,5.15458869934082,z,1.8_2.0_2.2
34,3.34,3.4409090909090905,9,0.088,0.09899999999999999,126,0.13435614109039307,0.17683212459087372,0.16057036817073822,0.09396747499704361,5.336006164550781,z,1.8_2.0_2.2
34,3.34,3.4409090909090905,10,0.09899999999999999,0.11,190,0.11311297863721848,0.13756349682807922,0.1668573021888733,0.10448796302080154,5.174569606781006,z,1.8_2.0_2.2
34,3.34,3.4409090909090905,12,0.21000000000000002,0.22200000000000003,218,0.010435568168759346,0.040706049650907516,0.22262856364250183,0.21611428260803223,7.323606014251709,z,1.8_2.0_2.2
34,3.34,3.4409090909090905,13,0.22200000000000003,0.234,264,0.010909286327660084,0.029881054535508156,0.23969942331314087,0.22775007784366608,7.590565204620361,z,1.8_2.0_2.2
34,3.34,3.4409090909090905,14,0.234,0.24600000000000002,239,0.009586295112967491,0.019994612783193588,0.2501213550567627,0.23974038660526276,7.0921311378479,z,1.8_2.0_2.2
34,3.34,3.4409090909090905,15,0.24600000000000002,0.258,187,0.002260330133140087,0.022938407957553864,0.2495184987783432,0.2523733675479889,6.277299404144287,z,1.8_2.0_2.2
34,3.34,3.4409090909090905,16,0.258,0.27,96,-0.0016515355091542006,0.02764172852039337,0.24798810482025146,0.2619672417640686,5.387298583984375,z,1.8_2.0_2.2
34,3.34,3.4409090909090905,17,0.27,0.28200000000000003,6,0.012383920140564442,0.003525707172229886,0.2837465703487396,0.27176401019096375,3.544667959213257,z,1.8_2.0_2.2
35,3.4409090909090905,3.5418181818181815,1,0.0,0.011,64,-0.05391699820756912,0.29681217670440674,0.006357152014970779,0.007750838994979858,4.94259786605835,z,1.8_2.0_2.2
35,3.4409090909090905,3.5418181818181815,2,0.011,0.022,107,0.24566800892353058,1.0102906227111816,0.07051864266395569,0.015818217769265175,6.247167110443115,z,1.8_2.0_2.2
35,3.4409090909090905,3.5418181818181815,3,0.022,0.033,74,0.328087717294693,0.8283786773681641,0.09567331522703171,0.027204245328903198,8.307363510131836,z,1.8_2.0_2.2
35,3.4409090909090905,3.5418181818181815,4,0.033,0.044,52,0.645614504814148,0.6552861332893372,0.16084851324558258,0.03888470679521561,7.009160995483398,z,1.8_2.0_2.2
35,3.4409090909090905,3.5418181818181815,5,0.044,0.05499999999999999,47,0.5303261876106262,0.44930002093315125,0.17563395202159882,0.05031590163707733,6.222889423370361,z,1.8_2.0_2.2
35,3.4409090909090905,3.5418181818181815,6,0.05499999999999999,0.066,42,0.40609264373779297,0.38093921542167664,0.17304514348506927,0.06019784137606621,5.612906455993652,z,1.8_2.0_2.2
35,3.4409090909090905,3.5418181818181815,7,0.066,0.077,54,0.3158281445503235,0.30446857213974,0.1795191764831543,0.07204229384660721,5.10011625289917,z,1.8_2.0_2.2
35,3.4409090909090905,3.5418181818181815,8,0.077,0.088,88,0.18218004703521729,0.25218701362609863,0.15833519399166107,0.08316133916378021,5.294872760772705,z,1.8_2.0_2.2
35,3.4409090909090905,3.5418181818181815,9,0.088,0.09899999999999999,122,0.12982743978500366,0.17264996469020844,0.15968388319015503,0.09400859475135803,5.39982795715332,z,1.8_2.0_2.2
35,3.4409090909090905,3.5418181818181815,10,0.09899999999999999,0.11,184,0.1117815226316452,0.13050368428230286,0.16703511774539948,0.10452133417129517,5.2331647872924805,z,1.8_2.0_2.2
35,3.4409090909090905,3.5418181818181815,12,0.21000000000000002,0.22200000000000003,215,0.010361270979046822,0.04063516482710838,0.22258354723453522,0.21613463759422302,7.3785200119018555,z,1.8_2.0_2.2
35,3.4409090909090905,3.5418181818181815,13,0.22200000000000003,0.234,255,0.010125990957021713,0.029922276735305786,0.23911896347999573,0.22767774760723114,7.7388834953308105,z,1.8_2.0_2.2
35,3.4409090909090905,3.5418181818181815,14,0.234,0.24600000000000002,231,0.009175196290016174,0.019778229296207428,0.24983446300029755,0.23970545828342438,7.219734191894531,z,1.8_2.0_2.2
35,3.4409090909090905,3.5418181818181815,15,0.24600000000000002,0.258,179,0.0020047463476657867,0.02244727686047554,0.249208465218544,0.25242337584495544,6.407177448272705,z,1.8_2.0_2.2
35,3.4409090909090905,3.5418181818181815,16,0.258,0.27,86,-0.002891314448788762,0.026926644146442413,0.2460169643163681,0.2617790699005127,5.618422985076904,z,1.8_2.0_2.2
35,3.4409090909090905,3.5418181818181815,17,0.27,0.28200000000000003,5,0.013476520776748657,0.0027846156153827906,0.2851408123970032,0.27202776074409485,3.577204465866089,z,1.8_2.0_2.2
36,3.5418181818181815,3.6427272727272726,1,0.0,0.011,60,-0.0580286979675293,0.2655331790447235,0.006161009427160025,0.007814760319888592,5.0400848388671875,z,1.8_2.0_2.2
36,3.5418181818181815,3.6427272727272726,2,0.011,0.022,99,0.27089187502861023,0.9964454770088196,0.07310598343610764,0.015820205211639404,6.469627380371094,z,1.8_2.0_2.2
36,3.5418181818181815,3.6427272727272726,3,0.022,0.033,70,0.3062795102596283,0.7992355823516846,0.09334952384233475,0.02715044841170311,8.581868171691895,z,1.8_2.0_2.2
36,3.5418181818181815,3.6427272727272726,4,0.033,0.044,48,0.5939016342163086,0.6356052160263062,0.15662775933742523,0.038773588836193085,7.304616451263428,z,1.8_2.0_2.2
36,3.5418181818181815,3.6427272727272726,5,0.044,0.05499999999999999,46,0.5406762957572937,0.4507755935192108,0.17761850357055664,0.05022135376930237,6.283335208892822,z,1.8_2.0_2.2
36,3.5418181818181815,3.6427272727272726,6,0.05499999999999999,0.066,41,0.4149908721446991,0.3813455402851105,0.17570672929286957,0.06027647480368614,5.663668155670166,z,1.8_2.0_2.2
36,3.5418181818181815,3.6427272727272726,7,0.066,0.077,52,0.2988853454589844,0.2946516275405884,0.17624591290950775,0.07214915752410889,5.161191463470459,z,1.8_2.0_2.2
36,3.5418181818181815,3.6427272727272726,8,0.077,0.088,84,0.1834050416946411,0.25203031301498413,0.15942203998565674,0.0830768346786499,5.380796909332275,z,1.8_2.0_2.2
36,3.5418181818181815,3.6427272727272726,9,0.088,0.09899999999999999,118,0.13081695139408112,0.1702929437160492,0.16062617301940918,0.09403536468744278,5.464430809020996,z,1.8_2.0_2.2
36,3.5418181818181815,3.6427272727272726,10,0.09899999999999999,0.11,174,0.11081812530755997,0.13018479943275452,0.1680389642715454,0.10452233254909515,5.33302640914917,z,1.8_2.0_2.2
36,3.5418181818181815,3.6427272727272726,12,0.21000000000000002,0.22200000000000003,208,0.01004453282803297,0.038525886833667755,0.22286173701286316,0.2161140739917755,7.5093793869018555,z,1.8_2.0_2.2
36,3.5418181818181815,3.6427272727272726,13,0.22200000000000003,0.234,252,0.010024601593613625,0.030030855908989906,0.2390201836824417,0.2276337444782257,7.789458751678467,z,1.8_2.0_2.2
36,3.5418181818181815,3.6427272727272726,14,0.234,0.24600000000000002,230,0.009153437800705433,0.019816284999251366,0.2498348355293274,0.2397095113992691,7.235953330993652,z,1.8_2.0_2.2
36,3.5418181818181815,3.6427272727272726,15,0.24600000000000002,0.258,170,0.001467252499423921,0.022607386112213135,0.24860386550426483,0.2524673342704773,6.561455249786377,z,1.8_2.0_2.2
36,3.5418181818181815,3.6427272727272726,16,0.258,0.27,77,-0.003830512287095189,0.0270784180611372,0.24362672865390778,0.26152265071868896,5.866690635681152,z,1.8_2.0_2.2
37,3.6427272727272726,3.743636363636363,1,0.0,0.011,59,-0.05463286489248276,0.2663603723049164,0.006240533664822578,0.007836263626813889,5.065108299255371,z,1.8_2.0_2.2
37,3.6427272727272726,3.743636363636363,2,0.011,0.022,93,0.278178334236145,0.957378625869751,0.07485159486532211,0.01583319529891014,6.655058860778809,z,1.8_2.0_2.2
37,3.6427272727272726,3.743636363636363,3,0.022,0.033,66,0.3325349986553192,0.8104852437973022,0.09786458313465118,0.027066485956311226,8.88456916809082,z,1.8_2.0_2.2
37,3.6427272727272726,3.743636363636363,4,0.033,0.044,46,0.5485345721244812,0.6193800568580627,0.1524757444858551,0.0387723334133625,7.466400146484375,z,1.8_2.0_2.2
37,3.6427272727272726,3.743636363636363,5,0.044,0.05499999999999999,41,0.5252653360366821,0.42513981461524963,0.17858630418777466,0.05028354376554489,6.609014511108398,z,1.8_2.0_2.2
37,3.6427272727272726,3.743636363636363,6,0.05499999999999999,0.066,40,0.4017118811607361,0.3748929798603058,0.17356398701667786,0.06033295392990112,5.715760707855225,z,1.8_2.0_2.2
37,3.6427272727272726,3.743636363636363,7,0.066,0.077,49,0.3208775222301483,0.2946479618549347,0.1823594868183136,0.07215879112482071,5.257794380187988,z,1.8_2.0_2.2
37,3.6427272727272726,3.743636363636363,8,0.077,0.088,78,0.17806585133075714,0.24558298289775848,0.15944404900074005,0.08306010067462921,5.517762184143066,z,1.8_2.0_2.2
37,3.6427272727272726,3.743636363636363,9,0.088,0.09899999999999999,109,0.13004010915756226,0.16985303163528442,0.16149462759494781,0.09400779008865356,5.619406223297119,z,1.8_2.0_2.2
37,3.6427272727272726,3.743636363636363,10,0.09899999999999999,0.11,164,0.10797393321990967,0.1230306401848793,0.16751165688037872,0.1046091616153717,5.4392571449279785,z,1.8_2.0_2.2
37,3.6427272727272726,3.743636363636363,12,0.21000000000000002,0.22200000000000003,201,0.009113124571740627,0.03832228481769562,0.2220301777124405,0.21609815955162048,7.645970821380615,z,1.8_2.0_2.2
37,3.6427272727272726,3.743636363636363,13,0.22200000000000003,0.234,249,0.009766683913767338,0.03011462278664112,0.23893773555755615,0.22765794396400452,7.840113162994385,z,1.8_2.0_2.2
37,3.6427272727272726,3.743636363636363,14,0.234,0.24600000000000002,223,0.008844755589962006,0.019885221496224403,0.24961887300014496,0.2397003322839737,7.350370407104492,z,1.8_2.0_2.2
37,3.6427272727272726,3.743636363636363,15,0.24600000000000002,0.258,165,0.001441447762772441,0.02277565561234951,0.248432457447052,0.25247207283973694,6.6513447761535645,z,1.8_2.0_2.2
37,3.6427272727272726,3.743636363636363,16,0.258,0.27,74,-0.00479982839897275,0.02724495157599449,0.24224606156349182,0.2614530026912689,5.9585371017456055,z,1.8_2.0_2.2
38,3.743636363636363,3.8445454545454543,1,0.0,0.011,56,-0.04244692251086235,0.2667834460735321,0.006551230791956186,0.007782429456710815,5.13870906829834,z,1.8_2.0_2.2
38,3.743636363636363,3.8445454545454543,2,0.011,0.022,89,0.2876758575439453,0.9212756752967834,0.07507657259702682,0.015901772305369377,6.7873311042785645,z,1.8_2.0_2.2
38,3.743636363636363,3.8445454545454543,3,0.022,0.033,64,0.35103896260261536,0.81482994556427,0.10057439655065536,0.026950260624289513,9.046568870544434,z,1.8_2.0_2.2
38,3.743636363636363,3.8445454545454543,4,0.033,0.044,42,0.4953919053077698,0.5885838866233826,0.14796344935894012,0.03868050128221512,7.825118064880371,z,1.8_2.0_2.2
38,3.743636363636363,3.8445454545454543,5,0.044,0.05499999999999999,38,0.5050022602081299,0.41812241077423096,0.17688912153244019,0.050443362444639206,6.836890697479248,z,1.8_2.0_2.2
38,3.743636363636363,3.8445454545454543,6,0.05499999999999999,0.066,38,0.3770986497402191,0.3684162497520447,0.16954314708709717,0.060365840792655945,5.821104049682617,z,1.8_2.0_2.2
38,3.743636363636363,3.8445454545454543,7,0.066,0.077,46,0.31348133087158203,0.2902842164039612,0.181930273771286,0.07216103374958038,5.360552787780762,z,1.8_2.0_2.2
38,3.743636363636363,3.8445454545454543,8,0.077,0.088,70,0.17810370028018951,0.23723359405994415,0.1609327495098114,0.0833299532532692,5.7264862060546875,z,1.8_2.0_2.2
38,3.743636363636363,3.8445454545454543,9,0.088,0.09899999999999999,103,0.13297706842422485,0.17374229431152344,0.16352950036525726,0.09396465867757797,5.732104778289795,z,1.8_2.0_2.2
38,3.743636363636363,3.8445454545454543,10,0.09899999999999999,0.11,153,0.10890237987041473,0.12278597801923752,0.1686028689146042,0.10448697954416275,5.565352439880371,z,1.8_2.0_2.2
38,3.743636363636363,3.8445454545454543,12,0.21000000000000002,0.22200000000000003,192,0.008486997336149216,0.03863172605633736,0.22147636115550995,0.2161170244216919,7.831854343414307,z,1.8_2.0_2.2
38,3.743636363636363,3.8445454545454543,13,0.22200000000000003,0.234,242,0.009810448624193668,0.027876703068614006,0.23970375955104828,0.22770121693611145,7.960124492645264,z,1.8_2.0_2.2
38,3.743636363636363,3.8445454545454543,14,0.234,0.24600000000000002,216,0.009038514457643032,0.019864171743392944,0.24994471669197083,0.23971082270145416,7.469082832336426,z,1.8_2.0_2.2
38,3.743636363636363,3.8445454545454543,15,0.24600000000000002,0.258,161,0.0012802849523723125,0.022794030606746674,0.24821479618549347,0.2524217367172241,6.725654125213623,z,1.8_2.0_2.2
38,3.743636363636363,3.8445454545454543,16,0.258,0.27,67,-0.006121290381997824,0.02788463793694973,0.23992885649204254,0.2614414691925049,6.194307804107666,z,1.8_2.0_2.2
39,3.8445454545454543,3.9454545454545453,1,0.0,0.011,55,-0.04355059564113617,0.26919734477996826,0.006567083764821291,0.007822579704225063,5.163671970367432,z,1.8_2.0_2.2
39,3.8445454545454543,3.9454545454545453,2,0.011,0.022,84,0.29229027032852173,0.8892619013786316,0.07638826221227646,0.015909874811768532,6.965853691101074,z,1.8_2.0_2.2
39,3.8445454545454543,3.9454545454545453,3,0.022,0.033,59,0.32907330989837646,0.7894527316093445,0.09866560250520706,0.02695244736969471,9.491816520690918,z,1.8_2.0_2.2
39,3.8445454545454543,3.9454545454545453,4,0.033,0.044,39,0.500331699848175,0.5632390975952148,0.15078534185886383,0.03890534117817879,8.137107849121094,z,1.8_2.0_2.2
39,3.8445454545454543,3.9454545454545453,5,0.044,0.05499999999999999,37,0.4900069534778595,0.41347166895866394,0.17484717071056366,0.050446271896362305,6.918394088745117,z,1.8_2.0_2.2
39,3.8445454545454543,3.9454545454545453,6,0.05499999999999999,0.066,36,0.37663358449935913,0.36553195118904114,0.17025049030780792,0.06044415757060051,5.932517051696777,z,1.8_2.0_2.2
39,3.8445454545454543,3.9454545454545453,7,0.066,0.077,42,0.3153083324432373,0.2826162278652191,0.18336763978004456,0.07204990833997726,5.511476993560791,z,1.8_2.0_2.2
39,3.8445454545454543,3.9454545454545453,8,0.077,0.088,65,0.1651107221841812,0.23323994874954224,0.15915755927562714,0.0833917185664177,5.87517786026001,z,1.8_2.0_2.2
39,3.8445454545454543,3.9454545454545453,9,0.088,0.09899999999999999,96,0.132089301943779,0.17374350130558014,0.1643311083316803,0.09396451711654663,5.871849060058594,z,1.8_2.0_2.2
39,3.8445454545454543,3.9454545454545453,10,0.09899999999999999,0.11,142,0.10978721082210541,0.12092718482017517,0.1697947233915329,0.10456649214029312,5.70318603515625,z,1.8_2.0_2.2
39,3.8445454545454543,3.9454545454545453,12,0.21000000000000002,0.22200000000000003,187,0.008663390763103962,0.036038171499967575,0.22236484289169312,0.21621587872505188,7.940245628356934,z,1.8_2.0_2.2
39,3.8445454545454543,3.9454545454545453,13,0.22200000000000003,0.234,237,0.009655552916228771,0.025550847873091698,0.24020572006702423,0.2276867926120758,8.048382759094238,z,1.8_2.0_2.2
39,3.8445454545454543,3.9454545454545453,14,0.234,0.24600000000000002,209,0.008594229817390442,0.020000752061605453,0.24966810643672943,0.23965127766132355,7.592194080352783,z,1.8_2.0_2.2
39,3.8445454545454543,3.9454545454545453,15,0.24600000000000002,0.258,159,0.0011687020305544138,0.022843817248940468,0.24799056351184845,0.25237059593200684,6.762534141540527,z,1.8_2.0_2.2
39,3.8445454545454543,3.9454545454545453,16,0.258,0.27,64,-0.006982135586440563,0.028223158791661263,0.23842470347881317,0.2613404393196106,6.30565071105957,z,1.8_2.0_2.2
40,3.9454545454545453,4.046363636363636,1,0.0,0.011,51,-0.04127408191561699,0.2530515491962433,0.006321855820715427,0.007792223710566759,5.261730194091797,z,1.8_2.0_2.2
40,3.9454545454545453,4.046363636363636,2,0.011,0.022,79,0.34408727288246155,0.9035821557044983,0.08085598051548004,0.01598544605076313,7.16011905670166,z,1.8_2.0_2.2
40,3.9454545454545453,4.046363636363636,3,0.022,0.033,54,0.32932740449905396,0.7738283276557922,0.10106687247753143,0.027060987427830696,10.01038646697998,z,1.8_2.0_2.2
40,3.9454545454545453,4.046363636363636,4,0.033,0.044,35,0.4436160624027252,0.5170626044273376,0.14612632989883423,0.0387188196182251,8.62008285522461,z,1.8_2.0_2.2
40,3.9454545454545453,4.046363636363636,5,0.044,0.05499999999999999,35,0.4588986933231354,0.40947020053863525,0.1705043464899063,0.050239644944667816,7.093471050262451,z,1.8_2.0_2.2
40,3.9454545454545453,4.046363636363636,6,0.05499999999999999,0.066,34,0.40957245230674744,0.3547172546386719,0.17847822606563568,0.06040181964635849,6.053983211517334,z,1.8_2.0_2.2
40,3.9454545454545453,4.046363636363636,7,0.066,0.077,39,0.30530524253845215,0.27608439326286316,0.182456374168396,0.07214111089706421,5.635025978088379,z,1.8_2.0_2.2
40,3.9454545454545453,4.046363636363636,8,0.077,0.088,61,0.1528712660074234,0.2277224361896515,0.15642066299915314,0.08337260037660599,6.004576206207275,z,1.8_2.0_2.2
40,3.9454545454545453,4.046363636363636,9,0.088,0.09899999999999999,90,0.13773807883262634,0.17474788427352905,0.16699407994747162,0.0940769836306572,6.002601623535156,z,1.8_2.0_2.2
40,3.9454545454545453,4.046363636363636,10,0.09899999999999999,0.11,134,0.10859984159469604,0.12236002087593079,0.1703442931175232,0.10464473068714142,5.8112897872924805,z,1.8_2.0_2.2
40,3.9454545454545453,4.046363636363636,12,0.21000000000000002,0.22200000000000003,184,0.008223132230341434,0.03604315593838692,0.2220170795917511,0.2162540704011917,8.006397247314453,z,1.8_2.0_2.2
40,3.9454545454545453,4.046363636363636,13,0.22200000000000003,0.234,231,0.009917134419083595,0.02318214252591133,0.2410532832145691,0.22766409814357758,8.156071662902832,z,1.8_2.0_2.2
40,3.9454545454545453,4.046363636363636,14,0.234,0.24600000000000002,206,0.008676920086145401,0.01995869167149067,0.2497280091047287,0.23963157832622528,7.645936965942383,z,1.8_2.0_2.2
40,3.9454545454545453,4.046363636363636,15,0.24600000000000002,0.258,153,0.0007968964637257159,0.023086076602339745,0.24738730490207672,0.2523082196712494,6.875239372253418,z,1.8_2.0_2.2
40,3.9454545454545453,4.046363636363636,16,0.258,0.27,61,-0.008448382839560509,0.028477681800723076,0.2364100068807602,0.261097252368927,6.423915386199951,z,1.8_2.0_2.2
41,4.046363636363636,4.1472727272727266,1,0.0,0.011,46,-0.0283073578029871,0.25434911251068115,0.006718221586197615,0.0077242255210876465,5.401461601257324,z,1.8_2.0_2.2
41,4.046363636363636,4.1472727272727266,2,0.011,0.022,76,0.3357807993888855,0.8787166476249695,0.08058872073888779,0.015900637954473495,7.286391258239746,z,1.8_2.0_2.2
41,4.046363636363636,4.1472727272727266,3,0.022,0.033,49,0.24180011451244354,0.6079820394515991,0.09005655348300934,0.027076175436377525,10.626154899597168,z,1.8_2.0_2.2
41,4.046363636363636,4.1472727272727266,4,0.033,0.044,35,0.4436160624027252,0.5170626044273376,0.14612632989883423,0.0387188196182251,8.62008285522461,z,1.8_2.0_2.2
41,4.046363636363636,4.1472727272727266,5,0.044,0.05499999999999999,33,0.4618110954761505,0.4018150568008423,0.17282511293888092,0.05023792013525963,7.281196117401123,z,1.8_2.0_2.2
41,4.046363636363636,4.1472727272727266,6,0.05499999999999999,0.066,32,0.3833203613758087,0.3552287518978119,0.17435911297798157,0.06026000529527664,6.182045936584473,z,1.8_2.0_2.2
41,4.046363636363636,4.1472727272727266,7,0.066,0.077,36,0.29501980543136597,0.2673601806163788,0.1801331490278244,0.07198891788721085,5.769896030426025,z,1.8_2.0_2.2
41,4.046363636363636,4.1472727272727266,8,0.077,0.088,58,0.15321116149425507,0.22753749787807465,0.15755651891231537,0.0832495391368866,6.107966899871826,z,1.8_2.0_2.2
41,4.046363636363636,4.1472727272727266,9,0.088,0.09899999999999999,85,0.13611023128032684,0.1769188791513443,0.16757041215896606,0.09400197863578796,6.12070369720459,z,1.8_2.0_2.2
41,4.046363636363636,4.1472727272727266,10,0.09899999999999999,0.11,124,0.10707157850265503,0.12322694808244705,0.17104198038578033,0.10477027297019958,5.958145618438721,z,1.8_2.0_2.2
41,4.046363636363636,4.1472727272727266,12,0.21000000000000002,0.22200000000000003,183,0.008081966079771519,0.03609127923846245,0.22190214693546295,0.2162434160709381,8.028463363647461,z,1.8_2.0_2.2
41,4.046363636363636,4.1472727272727266,13,0.22200000000000003,0.234,224,0.009542749263346195,0.023065434768795967,0.240789994597435,0.2276761829853058,8.286555290222168,z,1.8_2.0_2.2
41,4.046363636363636,4.1472727272727266,14,0.234,0.24600000000000002,201,0.008443661034107208,0.0195158701390028,0.24981048703193665,0.23967748880386353,7.737024307250977,z,1.8_2.0_2.2
41,4.046363636363636,4.1472727272727266,15,0.24600000000000002,0.258,146,0.0009056420531123877,0.022616615518927574,0.24742335081100464,0.25228750705718994,7.013318061828613,z,1.8_2.0_2.2
41,4.046363636363636,4.1472727272727266,16,0.258,0.27,54,-0.010696765966713428,0.028623661026358604,0.23211663961410522,0.26108816266059875,6.737842082977295,z,1.8_2.0_2.2
42,4.1472727272727266,4.248181818181818,1,0.0,0.011,43,-0.013097698800265789,0.25453421473503113,0.0071273562498390675,0.007589856628328562,5.493359565734863,z,1.8_2.0_2.2
42,4.1472727272727266,4.248181818181818,2,0.011,0.022,72,0.3684527575969696,0.8899545669555664,0.08480855822563171,0.01604069024324417,7.465068340301514,z,1.8_2.0_2.2
42,4.1472727272727266,4.248181818181818,3,0.022,0.033,47,0.25909242033958435,0.6128535866737366,0.09326957911252975,0.026967396959662437,10.904574394226074,z,1.8_2.0_2.2
42,4.1472727272727266,4.248181818181818,4,0.033,0.044,34,0.41707468032836914,0.5047192573547363,0.14285697042942047,0.03865237161517143,8.753409385681152,z,1.8_2.0_2.2
42,4.1472727272727266,4.248181818181818,5,0.044,0.05499999999999999,33,0.4618110954761505,0.4018150568008423,0.17282511293888092,0.05023792013525963,7.281196117401123,z,1.8_2.0_2.2
42,4.1472727272727266,4.248181818181818,6,0.05499999999999999,0.066,32,0.3833203613758087,0.3552287518978119,0.17435911297798157,0.06026000529527664,6.182045936584473,z,1.8_2.0_2.2
42,4.1472727272727266,4.248181818181818,7,0.066,0.077,35,0.2843679189682007,0.26532185077667236,0.17814746499061584,0.07201416045427322,5.817519664764404,z,1.8_2.0_2.2
42,4.1472727272727266,4.248181818181818,8,0.077,0.088,55,0.1540183424949646,0.22429892420768738,0.15894253551959991,0.08310473710298538,6.219034671783447,z,1.8_2.0_2.2
42,4.1472727272727266,4.248181818181818,9,0.088,0.09899999999999999,77,0.1424386203289032,0.18112733960151672,0.17081643640995026,0.09376707673072815,6.331870079040527,z,1.8_2.0_2.2
42,4.1472727272727266,4.248181818181818,10,0.09899999999999999,0.11,117,0.1090993881225586,0.12588271498680115,0.17288915812969208,0.10483279079198837,6.069504261016846,z,1.8_2.0_2.2
42,4.1472727272727266,4.248181818181818,12,0.21000000000000002,0.22200000000000003,176,0.007504558656364679,0.03641563653945923,0.22149424254894257,0.21629290282726288,8.1856107711792,z,1.8_2.0_2.2
42,4.1472727272727266,4.248181818181818,13,0.22200000000000003,0.234,218,0.009404145181179047,0.02294904738664627,0.24094969034194946,0.22767725586891174,8.401345252990723,z,1.8_2.0_2.2
42,4.1472727272727266,4.248181818181818,14,0.234,0.24600000000000002,194,0.008206672966480255,0.01974198780953884,0.24961361289024353,0.23962096869945526,7.8681230545043945,z,1.8_2.0_2.2
42,4.1472727272727266,4.248181818181818,15,0.24600000000000002,0.258,143,0.0005052595515735447,0.02267751842737198,0.24686451256275177,0.2522067725658417,7.074040412902832,z,1.8_2.0_2.2
42,4.1472727272727266,4.248181818181818,16,0.258,0.27,50,-0.011847065761685371,0.028800319880247116,0.22961938381195068,0.2609903812408447,6.950683116912842,z,1.8_2.0_2.2
43,4.248181818181818,4.349090909090909,1,0.0,0.011,36,-0.017851926386356354,0.18197759985923767,0.006759146228432655,0.007717149332165718,5.749736309051514,z,1.8_2.0_2.2
43,4.248181818181818,4.349090909090909,2,0.011,0.022,71,0.39453744888305664,0.8925297856330872,0.08594019711017609,0.01598290540277958,7.511460781097412,z,1.8_2.0_2.2
43,4.248181818181818,4.349090909090909,3,0.022,0.033,47,0.25909242033958435,0.6128535866737366,0.09326957911252975,0.026967396959662437,10.904574394226074,z,1.8_2.0_2.2
43,4.248181818181818,4.349090909090909,4,0.033,0.044,34,0.41707468032836914,0.5047192573547363,0.14285697042942047,0.03865237161517143,8.753409385681152,z,1.8_2.0_2.2
43,4.248181818181818,4.349090909090909,5,0.044,0.05499999999999999,33,0.4618110954761505,0.4018150568008423,0.17282511293888092,0.05023792013525963,7.281196117401123,z,1.8_2.0_2.2
43,4.248181818181818,4.349090909090909,6,0.05499999999999999,0.066,31,0.36376112699508667,0.3531893193721771,0.17189636826515198,0.06030062958598137,6.246165752410889,z,1.8_2.0_2.2
43,4.248181818181818,4.349090909090909,7,0.066,0.077,33,0.2627239525318146,0.263656884431839,0.17355911433696747,0.07179054617881775,5.9146904945373535,z,1.8_2.0_2.2
43,4.248181818181818,4.349090909090909,8,0.077,0.088,52,0.1420063078403473,0.21602845191955566,0.15607811510562897,0.08318177610635757,6.335927486419678,z,1.8_2.0_2.2
43,4.248181818181818,4.349090909090909,9,0.088,0.09899999999999999,75,0.13384909927845,0.17862366139888763,0.1686505675315857,0.09379557520151138,6.388102054595947,z,1.8_2.0_2.2
43,4.248181818181818,4.349090909090909,10,0.09899999999999999,0.11,113,0.10997481644153595,0.12761835753917694,0.1739363819360733,0.10484349727630615,6.1363725662231445,z,1.8_2.0_2.2
43,4.248181818181818,4.349090909090909,12,0.21000000000000002,0.22200000000000003,168,0.006793351378291845,0.036763016134500504,0.22101983428001404,0.2162933349609375,8.375688552856445,z,1.8_2.0_2.2
43,4.248181818181818,4.349090909090909,13,0.22200000000000003,0.234,214,0.009157652035355568,0.023031434044241905,0.24086162447929382,0.22773058712482452,8.479937553405762,z,1.8_2.0_2.2
43,4.248181818181818,4.349090909090909,14,0.234,0.24600000000000002,189,0.007818951271474361,0.019546043127775192,0.24925321340560913,0.23953977227210999,7.965370178222656,z,1.8_2.0_2.2
43,4.248181818181818,4.349090909090909,15,0.24600000000000002,0.258,140,0.0003555091971065849,0.022731823846697807,0.24674063920974731,0.25219541788101196,7.135238170623779,z,1.8_2.0_2.2
43,4.248181818181818,4.349090909090909,16,0.258,0.27,46,-0.012969061732292175,0.027727225795388222,0.22737419605255127,0.26074928045272827,7.188860893249512,z,1.8_2.0_2.2
44,4.349090909090909,4.449999999999999,1,0.0,0.011,35,-0.02493489906191826,0.1823088824748993,0.006597746163606644,0.00773493992164731,5.790595054626465,z,1.8_2.0_2.2
44,4.349090909090909,4.449999999999999,2,0.011,0.022,69,0.4125899374485016,0.8982902765274048,0.08830830454826355,0.016036486253142357,7.604820251464844,z,1.8_2.0_2.2
44,4.349090909090909,4.449999999999999,3,0.022,0.033,46,0.26821911334991455,0.6163821220397949,0.09481186419725418,0.026861773803830147,11.048205375671387,z,1.8_2.0_2.2
44,4.349090909090909,4.449999999999999,4,0.033,0.044,33,0.392181932926178,0.4956105053424835,0.13935576379299164,0.03854217380285263,8.887344360351562,z,1.8_2.0_2.2
44,4.349090909090909,4.449999999999999,5,0.044,0.05499999999999999,30,0.40677574276924133,0.3901532292366028,0.16368092596530914,0.0499686524271965,7.5786452293396,z,1.8_2.0_2.2
44,4.349090909090909,4.449999999999999,6,0.05499999999999999,0.066,29,0.33539605140686035,0.3534946143627167,0.16643644869327545,0.06008538603782654,6.380589008331299,z,1.8_2.0_2.2
44,4.349090909090909,4.449999999999999,7,0.066,0.077,28,0.2696225643157959,0.26190653443336487,0.17836681008338928,0.07146074622869492,6.199362277984619,z,1.8_2.0_2.2
44,4.349090909090909,4.449999999999999,8,0.077,0.088,51,0.13804002106189728,0.2137613445520401,0.15440180897712708,0.08322995901107788,6.376487731933594,z,1.8_2.0_2.2
44,4.349090909090909,4.449999999999999,9,0.088,0.09899999999999999,72,0.13404060900211334,0.17820362746715546,0.16932950913906097,0.09370638430118561,6.474609851837158,z,1.8_2.0_2.2
44,4.349090909090909,4.449999999999999,10,0.09899999999999999,0.11,107,0.10775154083967209,0.12322452664375305,0.1745472252368927,0.10490906983613968,6.239315986633301,z,1.8_2.0_2.2
44,4.349090909090909,4.449999999999999,12,0.21000000000000002,0.22200000000000003,163,0.006482768803834915,0.03705223649740219,0.22070415318012238,0.21630333364009857,8.50055980682373,z,1.8_2.0_2.2
44,4.349090909090909,4.449999999999999,13,0.22200000000000003,0.234,209,0.009001800790429115,0.020073164254426956,0.24125827848911285,0.22779175639152527,8.580191612243652,z,1.8_2.0_2.2
44,4.349090909090909,4.449999999999999,14,0.234,0.24600000000000002,184,0.0075346254743635654,0.019638316705822945,0.2490587681531906,0.23957042396068573,8.0655517578125,z,1.8_2.0_2.2
44,4.349090909090909,4.449999999999999,15,0.24600000000000002,0.258,134,0.0008469508029520512,0.022637348622083664,0.24689249694347382,0.25209277868270874,7.262310028076172,z,1.8_2.0_2.2
44,4.349090909090909,4.449999999999999,16,0.258,0.27,42,-0.014063754118978977,0.02675572596490383,0.22505544126033783,0.260681688785553,7.4631829261779785,z,1.8_2.0_2.2
45,4.449999999999999,4.550909090909091,1,0.0,0.011,32,-0.03432531654834747,0.18027769029140472,0.006059650331735611,0.007528835441917181,5.922698974609375,z,1.8_2.0_2.2
45,4.449999999999999,4.550909090909091,2,0.011,0.022,67,0.4326738715171814,0.9038147926330566,0.09082189947366714,0.01609630323946476,7.699734210968018,z,1.8_2.0_2.2
45,4.449999999999999,4.550909090909091,3,0.022,0.033,46,0.26821911334991455,0.6163821220397949,0.09481186419725418,0.026861773803830147,11.048205375671387,z,1.8_2.0_2.2
45,4.449999999999999,4.550909090909091,4,0.033,0.044,33,0.392181932926178,0.4956105053424835,0.13935576379299164,0.03854217380285263,8.887344360351562,z,1.8_2.0_2.2
45,4.449999999999999,4.550909090909091,5,0.044,0.05499999999999999,29,0.388006329536438,0.38612544536590576,0.16057230532169342,0.04990721866488457,7.689207077026367,z,1.8_2.0_2.2
45,4.449999999999999,4.550909090909091,6,0.05499999999999999,0.066,29,0.33539605140686035,0.3534946143627167,0.16643644869327545,0.06008538603782654,6.380589008331299,z,1.8_2.0_2.2
45,4.449999999999999,4.550909090909091,7,0.066,0.077,28,0.2696225643157959,0.26190653443336487,0.17836681008338928,0.07146074622869492,6.199362277984619,z,1.8_2.0_2.2
45,4.449999999999999,4.550909090909091,8,0.077,0.088,47,0.14127735793590546,0.2098626345396042,0.15620459616184235,0.08331817388534546,6.54413366317749,z,1.8_2.0_2.2
45,4.449999999999999,4.550909090909091,9,0.088,0.09899999999999999,69,0.1429944485425949,0.17589016258716583,0.1736583113670349,0.09373553842306137,6.565898418426514,z,1.8_2.0_2.2
45,4.449999999999999,4.550909090909091,10,0.09899999999999999,0.11,102,0.10883782058954239,0.12522456049919128,0.17604155838489532,0.10494766384363174,6.329975128173828,z,1.8_2.0_2.2
45,4.449999999999999,4.550909090909091,12,0.21000000000000002,0.22200000000000003,156,0.0058469753712415695,0.03501889109611511,0.2209814041852951,0.2163369059562683,8.684271812438965,z,1.8_2.0_2.2
45,4.449999999999999,4.550909090909091,13,0.22200000000000003,0.234,201,0.009146844036877155,0.020229356363415718,0.24157236516475677,0.22773605585098267,8.746040344238281,z,1.8_2.0_2.2
45,4.449999999999999,4.550909090909091,14,0.234,0.24600000000000002,180,0.007391699589788914,0.019586993381381035,0.24898071587085724,0.23950748145580292,8.146615982055664,z,1.8_2.0_2.2
45,4.449999999999999,4.550909090909091,15,0.24600000000000002,0.258,129,-3.4286913432879373e-05,0.02274542860686779,0.24588985741138458,0.2519630491733551,7.37336540222168,z,1.8_2.0_2.2
45,4.449999999999999,4.550909090909091,16,0.258,0.27,42,-0.014063754118978977,0.02675572596490383,0.22505544126033783,0.260681688785553,7.4631829261779785,z,1.8_2.0_2.2
46,4.550909090909091,4.651818181818181,1,0.0,0.011,30,-0.017834564670920372,0.178314670920372,0.006414259318262339,0.00743341539055109,6.018692970275879,z,1.8_2.0_2.2
46,4.550909090909091,4.651818181818181,2,0.011,0.022,66,0.44104868173599243,0.9081445932388306,0.09191547334194183,0.016054047271609306,7.748338222503662,z,1.8_2.0_2.2
46,4.550909090909091,4.651818181818181,3,0.022,0.033,45,0.2793301045894623,0.6172367334365845,0.09689614921808243,0.026796123012900352,11.194191932678223,z,1.8_2.0_2.2
46,4.550909090909091,4.651818181818181,4,0.033,0.044,33,0.392181932926178,0.4956105053424835,0.13935576379299164,0.03854217380285263,8.887344360351562,z,1.8_2.0_2.2
46,4.550909090909091,4.651818181818181,5,0.044,0.05499999999999999,29,0.388006329536438,0.38612544536590576,0.16057230532169342,0.04990721866488457,7.689207077026367,z,1.8_2.0_2.2
46,4.550909090909091,4.651818181818181,6,0.05499999999999999,0.066,28,0.3498598039150238,0.3546389937400818,0.1701827049255371,0.06019234657287598,6.446547031402588,z,1.8_2.0_2.2
46,4.550909090909091,4.651818181818181,7,0.066,0.077,27,0.25511640310287476,0.259272038936615,0.17606519162654877,0.07166256010532379,6.260924816131592,z,1.8_2.0_2.2
46,4.550909090909091,4.651818181818181,8,0.077,0.088,41,0.1313544362783432,0.20472781360149384,0.15339158475399017,0.08315259963274002,6.840917587280273,z,1.8_2.0_2.2
46,4.550909090909091,4.651818181818181,9,0.088,0.09899999999999999,66,0.14372828602790833,0.17542192339897156,0.17490758001804352,0.09382191300392151,6.66013765335083,z,1.8_2.0_2.2
46,4.550909090909091,4.651818181818181,10,0.09899999999999999,0.11,100,0.11055324226617813,0.12595590949058533,0.17674846947193146,0.10493475198745728,6.366778373718262,z,1.8_2.0_2.2
46,4.550909090909091,4.651818181818181,12,0.21000000000000002,0.22200000000000003,153,0.005867224186658859,0.0352528840303421,0.22089368104934692,0.21625444293022156,8.766592979431152,z,1.8_2.0_2.2
46,4.550909090909091,4.651818181818181,13,0.22200000000000003,0.234,198,0.008815161883831024,0.02013726904988289,0.24124586582183838,0.22769804298877716,8.81049919128418,z,1.8_2.0_2.2
46,4.550909090909091,4.651818181818181,14,0.234,0.24600000000000002,177,0.007372019346803427,0.019745679572224617,0.24902154505252838,0.2395385503768921,8.208267211914062,z,1.8_2.0_2.2
46,4.550909090909091,4.651818181818181,15,0.24600000000000002,0.258,127,0.00021969435329083353,0.022793367505073547,0.24599294364452362,0.2519260346889496,7.418381690979004,z,1.8_2.0_2.2
46,4.550909090909091,4.651818181818181,16,0.258,0.27,40,-0.01583079993724823,0.026711925864219666,0.22249528765678406,0.26062247157096863,7.610075950622559,z,1.8_2.0_2.2
47,4.651818181818181,4.752727272727272,1,0.0,0.011,29,-0.018193606287240982,0.18132326006889343,0.006309180986136198,0.00734852347522974,6.068404197692871,z,1.8_2.0_2.2
47,4.651818181818181,4.752727272727272,2,0.011,0.022,66,0.44104868173599243,0.9081445932388306,0.09191547334194183,0.016054047271609306,7.748338222503662,z,1.8_2.0_2.2
47,4.651818181818181,4.752727272727272,3,0.022,0.033,44,0.2908044755458832,0.6199401617050171,0.09882295876741409,0.026843082159757614,11.343987464904785,z,1.8_2.0_2.2
47,4.651818181818181,4.752727272727272,4,0.033,0.044,33,0.392181932926178,0.4956105053424835,0.13935576379299164,0.03854217380285263,8.887344360351562,z,1.8_2.0_2.2
47,4.651818181818181,4.752727272727272,5,0.044,0.05499999999999999,27,0.3478356599807739,0.3749305009841919,0.15231354534626007,0.049646515399217606,7.916355609893799,z,1.8_2.0_2.2
47,4.651818181818181,4.752727272727272,6,0.05499999999999999,0.066,28,0.3498598039150238,0.3546389937400818,0.1701827049255371,0.06019234657287598,6.446547031402588,z,1.8_2.0_2.2
47,4.651818181818181,4.752727272727272,7,0.066,0.077,27,0.25511640310287476,0.259272038936615,0.17606519162654877,0.07166256010532379,6.260924816131592,z,1.8_2.0_2.2
47,4.651818181818181,4.752727272727272,8,0.077,0.088,40,0.13575956225395203,0.20583218336105347,0.15520350635051727,0.08311530947685242,6.8973259925842285,z,1.8_2.0_2.2
47,4.651818181818181,4.752727272727272,9,0.088,0.09899999999999999,61,0.1370033472776413,0.16524572670459747,0.17160619795322418,0.0939502865076065,6.828285217285156,z,1.8_2.0_2.2
47,4.651818181818181,4.752727272727272,10,0.09899999999999999,0.11,89,0.09765719622373581,0.11437084525823593,0.17150360345840454,0.10507740080356598,6.584603786468506,z,1.8_2.0_2.2
47,4.651818181818181,4.752727272727272,12,0.21000000000000002,0.22200000000000003,148,0.004824167117476463,0.03526923805475235,0.21995635330677032,0.21625742316246033,8.908008575439453,z,1.8_2.0_2.2
47,4.651818181818181,4.752727272727272,13,0.22200000000000003,0.234,193,0.008597496896982193,0.02032429724931717,0.24128364026546478,0.22779753804206848,8.919479370117188,z,1.8_2.0_2.2
47,4.651818181818181,4.752727272727272,14,0.234,0.24600000000000002,170,0.007080262992531061,0.019857099279761314,0.2489856481552124,0.23958349227905273,8.356627464294434,z,1.8_2.0_2.2
47,4.651818181818181,4.752727272727272,15,0.24600000000000002,0.258,123,0.00028572737937793136,0.022990696132183075,0.2457636147737503,0.25183752179145813,7.508885860443115,z,1.8_2.0_2.2
47,4.651818181818181,4.752727272727272,16,0.258,0.27,39,-0.01677047647535801,0.02642553113400936,0.220844566822052,0.2605590224266052,7.686633586883545,z,1.8_2.0_2.2
48,4.752727272727272,4.8536363636363635,1,0.0,0.011,28,-0.011840292252600193,0.18109939992427826,0.006479664705693722,0.007308962754905224,6.116180896759033,z,1.8_2.0_2.2
48,4.752727272727272,4.8536363636363635,2,0.011,0.022,66,0.44104868173599243,0.9081445932388306,0.09191547334194183,0.016054047271609306,7.748338222503662,z,1.8_2.0_2.2
48,4.752727272727272,4.8536363636363635,3,0.022,0.033,43,0.30284199118614197,0.6209436655044556,0.10104876011610031,0.026812875643372536,11.499141693115234,z,1.8_2.0_2.2
48,4.752727272727272,4.8536363636363635,4,0.033,0.044,31,0.39099887013435364,0.4844816327095032,0.13950282335281372,0.03874189779162407,9.156657218933105,z,1.8_2.0_2.2
48,4.752727272727272,4.8536363636363635,5,0.044,0.05499999999999999,25,0.34362995624542236,0.3730560541152954,0.15236854553222656,0.04964075982570648,8.172996520996094,z,1.8_2.0_2.2
48,4.752727272727272,4.8536363636363635,6,0.05499999999999999,0.066,28,0.3498598039150238,0.3546389937400818,0.1701827049255371,0.06019234657287598,6.446547031402588,z,1.8_2.0_2.2
48,4.752727272727272,4.8536363636363635,7,0.066,0.077,26,0.24441441893577576,0.26060864329338074,0.17351557314395905,0.0715046152472496,6.321487903594971,z,1.8_2.0_2.2
48,4.752727272727272,4.8536363636363635,8,0.077,0.088,38,0.11755193769931793,0.20193995535373688,0.15016910433769226,0.08295711129903793,7.014047145843506,z,1.8_2.0_2.2
48,4.752727272727272,4.8536363636363635,9,0.088,0.09899999999999999,56,0.1446170210838318,0.1653199940919876,0.17605948448181152,0.09414087980985641,7.020565509796143,z,1.8_2.0_2.2
48,4.752727272727272,4.8536363636363635,10,0.09899999999999999,0.11,84,0.09633627533912659,0.11393551528453827,0.17165791988372803,0.10508602112531662,6.697299003601074,z,1.8_2.0_2.2
48,4.752727272727272,4.8536363636363635,12,0.21000000000000002,0.22200000000000003,144,0.004843215458095074,0.03567376732826233,0.21996694803237915,0.21628440916538239,9.025046348571777,z,1.8_2.0_2.2
48,4.752727272727272,4.8536363636363635,13,0.22200000000000003,0.234,187,0.008233781903982162,0.02050015516579151,0.24110665917396545,0.22774465382099152,9.054174423217773,z,1.8_2.0_2.2
48,4.752727272727272,4.8536363636363635,14,0.234,0.24600000000000002,169,0.007085063494741917,0.01991511508822441,0.2490178346633911,0.23960267007350922,8.378036499023438,z,1.8_2.0_2.2
48,4.752727272727272,4.8536363636363635,15,0.24600000000000002,0.258,118,-0.00043732786434702575,0.02329869568347931,0.24498416483402252,0.25181150436401367,7.627110004425049,z,1.8_2.0_2.2
48,4.752727272727272,4.8536363636363635,16,0.258,0.27,37,-0.01837311126291752,0.026457147672772408,0.21821576356887817,0.2605508267879486,7.847046852111816,z,1.8_2.0_2.2
49,4.8536363636363635,4.954545454545454,1,0.0,0.011,27,-0.01850968785583973,0.18314866721630096,0.0064491210505366325,0.007412228733301163,6.164847373962402,z,1.8_2.0_2.2
49,4.8536363636363635,4.954545454545454,2,0.011,0.022,64,0.461313396692276,0.9147846698760986,0.09448783844709396,0.016085205599665642,7.840811729431152,z,1.8_2.0_2.2
49,4.8536363636363635,4.954545454545454,3,0.022,0.033,42,0.3137305974960327,0.6245762705802917,0.10298077017068863,0.026843439787626266,11.657862663269043,z,1.8_2.0_2.2
49,4.8536363636363635,4.954545454545454,4,0.033,0.044,30,0.4109964668750763,0.4792521893978119,0.14408698678016663,0.038912609219551086,9.303174018859863,z,1.8_2.0_2.2
49,4.8536363636363635,4.954545454545454,5,0.044,0.05499999999999999,25,0.34362995624542236,0.3730560541152954,0.15236854553222656,0.04964075982570648,8.172996520996094,z,1.8_2.0_2.2
49,4.8536363636363635,4.954545454545454,6,0.05499999999999999,0.066,27,0.332786500453949,0.35218825936317444,0.16704775393009186,0.060371823608875275,6.50745153427124,z,1.8_2.0_2.2
49,4.8536363636363635,4.954545454545454,7,0.066,0.077,24,0.27270686626434326,0.2603378891944885,0.18202567100524902,0.07120434194803238,6.4483561515808105,z,1.8_2.0_2.2
49,4.8536363636363635,4.954545454545454,8,0.077,0.088,36,0.09604182094335556,0.19360725581645966,0.14474709331989288,0.08313962817192078,7.136526107788086,z,1.8_2.0_2.2
49,4.8536363636363635,4.954545454545454,9,0.088,0.09899999999999999,52,0.12412269413471222,0.15844231843948364,0.16969841718673706,0.0943346917629242,7.189274311065674,z,1.8_2.0_2.2
49,4.8536363636363635,4.954545454545454,10,0.09899999999999999,0.11,80,0.09309440851211548,0.11010473966598511,0.17028430104255676,0.10517816245555878,6.7906599044799805,z,1.8_2.0_2.2
49,4.8536363636363635,4.954545454545454,12,0.21000000000000002,0.22200000000000003,142,0.004532814957201481,0.0356154590845108,0.2195686548948288,0.21629585325717926,9.084603309631348,z,1.8_2.0_2.2
49,4.8536363636363635,4.954545454545454,13,0.22200000000000003,0.234,182,0.00846575852483511,0.020230624824762344,0.24148441851139069,0.22768762707710266,9.170886039733887,z,1.8_2.0_2.2
49,4.8536363636363635,4.954545454545454,14,0.234,0.24600000000000002,167,0.00727032870054245,0.019715216010808945,0.24925552308559418,0.23960958421230316,8.42104721069336,z,1.8_2.0_2.2
49,4.8536363636363635,4.954545454545454,15,0.24600000000000002,0.258,113,-0.0009629115229472518,0.023125052452087402,0.24384120106697083,0.2516936659812927,7.753039360046387,z,1.8_2.0_2.2
49,4.8536363636363635,4.954545454545454,16,0.258,0.27,37,-0.01837311126291752,0.026457147672772408,0.21821576356887817,0.2605508267879486,7.847046852111816,z,1.8_2.0_2.2
50,4.954545454545454,5.055454545454545,1,0.0,0.011,24,-0.022094406187534332,0.18706785142421722,0.006650175899267197,0.007557475473731756,6.322824954986572,z,1.8_2.0_2.2
50,4.954545454545454,5.055454545454545,2,0.011,0.022,64,0.461313396692276,0.9147846698760986,0.09448783844709396,0.016085205599665642,7.840811729431152,z,1.8_2.0_2.2
50,4.954545454545454,5.055454545454545,3,0.022,0.033,42,0.3137305974960327,0.6245762705802917,0.10298077017068863,0.026843439787626266,11.657862663269043,z,1.8_2.0_2.2
50,4.954545454545454,5.055454545454545,4,0.033,0.044,29,0.3850691318511963,0.4752576947212219,0.14076080918312073,0.03884686157107353,9.456478118896484,z,1.8_2.0_2.2
50,4.954545454545454,5.055454545454545,5,0.044,0.05499999999999999,23,0.29539141058921814,0.3688335120677948,0.144004225730896,0.04935361072421074,8.457419395446777,z,1.8_2.0_2.2
50,4.954545454545454,5.055454545454545,6,0.05499999999999999,0.066,25,0.3369385600090027,0.3347959816455841,0.1688188761472702,0.06038522720336914,6.6370697021484375,z,1.8_2.0_2.2
50,4.954545454545454,5.055454545454545,7,0.066,0.077,21,0.25172996520996094,0.25744393467903137,0.18052946031093597,0.07136043161153793,6.670914649963379,z,1.8_2.0_2.2
50,4.954545454545454,5.055454545454545,8,0.077,0.088,36,0.09604182094335556,0.19360725581645966,0.14474709331989288,0.08313962817192078,7.136526107788086,z,1.8_2.0_2.2
50,4.954545454545454,5.055454545454545,9,0.088,0.09899999999999999,48,0.10472611337900162,0.1498415321111679,0.16189682483673096,0.09428515285253525,7.379447937011719,z,1.8_2.0_2.2
50,4.954545454545454,5.055454545454545,10,0.09899999999999999,0.11,77,0.0896526426076889,0.10934598743915558,0.16910238564014435,0.10514509677886963,6.864648818969727,z,1.8_2.0_2.2
50,4.954545454545454,5.055454545454545,12,0.21000000000000002,0.22200000000000003,136,0.0040383306331932545,0.035970184952020645,0.21902252733707428,0.2163257598876953,9.268743515014648,z,1.8_2.0_2.2
50,4.954545454545454,5.055454545454545,13,0.22200000000000003,0.234,173,0.008615725673735142,0.018202634528279305,0.2424495667219162,0.2275972068309784,9.392810821533203,z,1.8_2.0_2.2
50,4.954545454545454,5.055454545454545,14,0.234,0.24600000000000002,165,0.007137983106076717,0.019745320081710815,0.24912677705287933,0.23962032794952393,8.464016914367676,z,1.8_2.0_2.2
50,4.954545454545454,5.055454545454545,15,0.24600000000000002,0.258,108,-0.0015108989318832755,0.023275993764400482,0.24311091005802155,0.2516254484653473,7.8847432136535645,z,1.8_2.0_2.2
50,4.954545454545454,5.055454545454545,16,0.258,0.27,36,-0.01945045031607151,0.026333268731832504,0.21659724414348602,0.26052549481391907,7.929703712463379,z,1.8_2.0_2.2
51,5.055454545454545,5.156363636363636,1,0.0,0.011,22,-0.030396949499845505,0.17987659573554993,0.00628606928512454,0.007448872551321983,6.442770004272461,z,1.8_2.0_2.2
51,5.055454545454545,5.156363636363636,2,0.011,0.022,63,0.47266513109207153,0.9181609749794006,0.0958470031619072,0.01607409119606018,7.886318206787109,z,1.8_2.0_2.2
51,5.055454545454545,5.156363636363636,3,0.022,0.033,41,0.345727801322937,0.6267285943031311,0.10527113080024719,0.026937169954180717,11.819831848144531,z,1.8_2.0_2.2
51,5.055454545454545,5.156363636363636,4,0.033,0.044,29,0.3850691318511963,0.4752576947212219,0.14076080918312073,0.03884686157107353,9.456478118896484,z,1.8_2.0_2.2
51,5.055454545454545,5.156363636363636,5,0.044,0.05499999999999999,23,0.29539141058921814,0.3688335120677948,0.144004225730896,0.04935361072421074,8.457419395446777,z,1.8_2.0_2.2
51,5.055454545454545,5.156363636363636,6,0.05499999999999999,0.066,25,0.3369385600090027,0.3347959816455841,0.1688188761472702,0.06038522720336914,6.6370697021484375,z,1.8_2.0_2.2
51,5.055454545454545,5.156363636363636,7,0.066,0.077,21,0.25172996520996094,0.25744393467903137,0.18052946031093597,0.07136043161153793,6.670914649963379,z,1.8_2.0_2.2
51,5.055454545454545,5.156363636363636,8,0.077,0.088,33,0.09301496297121048,0.1930125206708908,0.1462022066116333,0.08342807739973068,7.331748962402344,z,1.8_2.0_2.2
51,5.055454545454545,5.156363636363636,9,0.088,0.09899999999999999,45,0.10488258302211761,0.14897820353507996,0.1628120094537735,0.09433405101299286,7.536620616912842,z,1.8_2.0_2.2
51,5.055454545454545,5.156363636363636,10,0.09899999999999999,0.11,71,0.0859249085187912,0.11163492500782013,0.16817224025726318,0.10503702610731125,7.021219253540039,z,1.8_2.0_2.2
51,5.055454545454545,5.156363636363636,12,0.21000000000000002,0.22200000000000003,133,0.003928993828594685,0.03615294396877289,0.21883252263069153,0.21630321443080902,9.365147590637207,z,1.8_2.0_2.2
51,5.055454545454545,5.156363636363636,13,0.22200000000000003,0.234,167,0.0084611177444458,0.018004681915044785,0.24276883900165558,0.2277137190103531,9.550795555114746,z,1.8_2.0_2.2
51,5.055454545454545,5.156363636363636,14,0.234,0.24600000000000002,163,0.00723688118159771,0.019682489335536957,0.2492232471704483,0.23961655795574188,8.506446838378906,z,1.8_2.0_2.2
51,5.055454545454545,5.156363636363636,15,0.24600000000000002,0.258,105,-0.0011381182121112943,0.02301272377371788,0.24338774383068085,0.251545250415802,7.9667277336120605,z,1.8_2.0_2.2
51,5.055454545454545,5.156363636363636,16,0.258,0.27,33,-0.022861342877149582,0.02564345672726631,0.21122047305107117,0.26055026054382324,8.192153930664062,z,1.8_2.0_2.2
52,5.156363636363636,5.257272727272727,1,0.0,0.011,22,-0.030396949499845505,0.17987659573554993,0.00628606928512454,0.007448872551321983,6.442770004272461,z,1.8_2.0_2.2
52,5.156363636363636,5.257272727272727,2,0.011,0.022,62,0.4849773943424225,0.9209427833557129,0.09733204543590546,0.01612105593085289,7.931600093841553,z,1.8_2.0_2.2
52,5.156363636363636,5.257272727272727,3,0.022,0.033,41,0.345727801322937,0.6267285943031311,0.10527113080024719,0.026937169954180717,11.819831848144531,z,1.8_2.0_2.2
52,5.156363636363636,5.257272727272727,4,0.033,0.044,28,0.403241366147995,0.47658854722976685,0.1446657031774521,0.03902150318026543,9.613261222839355,z,1.8_2.0_2.2
52,5.156363636363636,5.257272727272727,5,0.044,0.05499999999999999,23,0.29539141058921814,0.3688335120677948,0.144004225730896,0.04935361072421074,8.457419395446777,z,1.8_2.0_2.2
52,5.156363636363636,5.257272727272727,6,0.05499999999999999,0.066,24,0.3188440799713135,0.32921427488327026,0.16383683681488037,0.06047329306602478,6.699129581451416,z,1.8_2.0_2.2
52,5.156363636363636,5.257272727272727,7,0.066,0.077,20,0.2377859652042389,0.25870853662490845,0.17739266157150269,0.07137633115053177,6.7491888999938965,z,1.8_2.0_2.2
52,5.156363636363636,5.257272727272727,8,0.077,0.088,32,0.09759137034416199,0.19037047028541565,0.15005367994308472,0.08334077149629593,7.402386665344238,z,1.8_2.0_2.2
52,5.156363636363636,5.257272727272727,9,0.088,0.09899999999999999,44,0.09920142590999603,0.1461087316274643,0.1607837826013565,0.09444976598024368,7.591455459594727,z,1.8_2.0_2.2
52,5.156363636363636,5.257272727272727,10,0.09899999999999999,0.11,68,0.0841306522488594,0.11085473001003265,0.167525053024292,0.10487155616283417,7.104799747467041,z,1.8_2.0_2.2
52,5.156363636363636,5.257272727272727,12,0.21000000000000002,0.22200000000000003,129,0.0042142439633607864,0.03424406796693802,0.21992219984531403,0.21634043753147125,9.496831893920898,z,1.8_2.0_2.2
52,5.156363636363636,5.257272727272727,13,0.22200000000000003,0.234,161,0.008516754023730755,0.01822517439723015,0.24315409362316132,0.22773894667625427,9.716670989990234,z,1.8_2.0_2.2
52,5.156363636363636,5.257272727272727,14,0.234,0.24600000000000002,159,0.007325122598558664,0.019247911870479584,0.24957697093486786,0.23958376049995422,8.59129524230957,z,1.8_2.0_2.2
52,5.156363636363636,5.257272727272727,15,0.24600000000000002,0.258,99,-0.0020038001239299774,0.02312461845576763,0.24217480421066284,0.25154247879981995,8.140589714050293,z,1.8_2.0_2.2
52,5.156363636363636,5.257272727272727,16,0.258,0.27,32,-0.02426774799823761,0.025271913036704063,0.20915915071964264,0.2605721354484558,8.287341117858887,z,1.8_2.0_2.2
53,5.257272727272727,5.3581818181818175,1,0.0,0.011,22,-0.030396949499845505,0.17987659573554993,0.00628606928512454,0.007448872551321983,6.442770004272461,z,1.8_2.0_2.2
53,5.257272727272727,5.3581818181818175,2,0.011,0.022,60,0.525759756565094,0.9263482093811035,0.10044493526220322,0.01611630618572235,8.021769523620605,z,1.8_2.0_2.2
53,5.257272727272727,5.3581818181818175,3,0.022,0.033,41,0.345727801322937,0.6267285943031311,0.10527113080024719,0.026937169954180717,11.819831848144531,z,1.8_2.0_2.2
53,5.257272727272727,5.3581818181818175,4,0.033,0.044,27,0.4246198236942291,0.47632020711898804,0.14905093610286713,0.03919306397438049,9.777849197387695,z,1.8_2.0_2.2
53,5.257272727272727,5.3581818181818175,5,0.044,0.05499999999999999,23,0.29539141058921814,0.3688335120677948,0.144004225730896,0.04935361072421074,8.457419395446777,z,1.8_2.0_2.2
53,5.257272727272727,5.3581818181818175,6,0.05499999999999999,0.066,23,0.30130237340927124,0.3298543095588684,0.1598641574382782,0.060468342155218124,6.764058589935303,z,1.8_2.0_2.2
53,5.257272727272727,5.3581818181818175,7,0.066,0.077,20,0.2377859652042389,0.25870853662490845,0.17739266157150269,0.07137633115053177,6.7491888999938965,z,1.8_2.0_2.2
53,5.257272727272727,5.3581818181818175,8,0.077,0.088,30,0.0808529481291771,0.1816343069076538,0.14333796501159668,0.08349664509296417,7.550088882446289,z,1.8_2.0_2.2
53,5.257272727272727,5.3581818181818175,9,0.088,0.09899999999999999,42,0.08787588775157928,0.13668231666088104,0.15539860725402832,0.09451331198215485,7.707079887390137,z,1.8_2.0_2.2
53,5.257272727272727,5.3581818181818175,10,0.09899999999999999,0.11,66,0.08536390215158463,0.11193954199552536,0.1684855818748474,0.1048351526260376,7.1618804931640625,z,1.8_2.0_2.2
53,5.257272727272727,5.3581818181818175,12,0.21000000000000002,0.22200000000000003,122,0.003460391191765666,0.034688230603933334,0.21914023160934448,0.21638740599155426,9.743435859680176,z,1.8_2.0_2.2
53,5.257272727272727,5.3581818181818175,13,0.22200000000000003,0.234,156,0.008357606828212738,0.01842578314244747,0.24312278628349304,0.22770603001117706,9.861063957214355,z,1.8_2.0_2.2
53,5.257272727272727,5.3581818181818175,14,0.234,0.24600000000000002,158,0.007242663763463497,0.019280264154076576,0.24948805570602417,0.2395717352628708,8.6129150390625,z,1.8_2.0_2.2
53,5.257272727272727,5.3581818181818175,15,0.24600000000000002,0.258,97,-0.0022718722466379404,0.02326422929763794,0.24174277484416962,0.2515420615673065,8.200265884399414,z,1.8_2.0_2.2
53,5.257272727272727,5.3581818181818175,16,0.258,0.27,31,-0.025116808712482452,0.024926885962486267,0.20708014070987701,0.2606128752231598,8.387151718139648,z,1.8_2.0_2.2
54,5.3581818181818175,5.459090909090909,1,0.0,0.011,21,-0.03655042499303818,0.15666788816452026,0.005861567333340645,0.00758701004087925,6.498240947723389,z,1.8_2.0_2.2
54,5.3581818181818175,5.459090909090909,2,0.011,0.022,59,0.5389171242713928,0.9295376539230347,0.10201708972454071,0.01613357663154602,8.067946434020996,z,1.8_2.0_2.2
54,5.3581818181818175,5.459090909090909,3,0.022,0.033,41,0.345727801322937,0.6267285943031311,0.10527113080024719,0.026937169954180717,11.819831848144531,z,1.8_2.0_2.2
54,5.3581818181818175,5.459090909090909,4,0.033,0.044,27,0.4246198236942291,0.47632020711898804,0.14905093610286713,0.03919306397438049,9.777849197387695,z,1.8_2.0_2.2
54,5.3581818181818175,5.459090909090909,5,0.044,0.05499999999999999,23,0.29539141058921814,0.3688335120677948,0.144004225730896,0.04935361072421074,8.457419395446777,z,1.8_2.0_2.2
54,5.3581818181818175,5.459090909090909,6,0.05499999999999999,0.066,21,0.2562752962112427,0.31955844163894653,0.14904019236564636,0.06069319695234299,6.904428482055664,z,1.8_2.0_2.2
54,5.3581818181818175,5.459090909090909,7,0.066,0.077,19,0.2537228465080261,0.25936365127563477,0.18281909823417664,0.07119641453027725,6.824467658996582,z,1.8_2.0_2.2
54,5.3581818181818175,5.459090909090909,8,0.077,0.088,27,0.059358347207307816,0.16356702148914337,0.13888806104660034,0.08323787152767181,7.796428680419922,z,1.8_2.0_2.2
54,5.3581818181818175,5.459090909090909,9,0.088,0.09899999999999999,39,0.09064918756484985,0.1356690376996994,0.15634694695472717,0.09440594166517258,7.889443397521973,z,1.8_2.0_2.2
54,5.3581818181818175,5.459090909090909,10,0.09899999999999999,0.11,62,0.07987441122531891,0.10978268086910248,0.16672468185424805,0.10487654060125351,7.280864715576172,z,1.8_2.0_2.2
54,5.3581818181818175,5.459090909090909,12,0.21000000000000002,0.22200000000000003,116,0.0023518281523138285,0.034991975873708725,0.21801602840423584,0.21642781794071198,9.973050117492676,z,1.8_2.0_2.2
54,5.3581818181818175,5.459090909090909,13,0.22200000000000003,0.234,154,0.008583025075495243,0.01841467246413231,0.24339249730110168,0.22768919169902802,9.920308113098145,z,1.8_2.0_2.2
54,5.3581818181818175,5.459090909090909,14,0.234,0.24600000000000002,156,0.0069768051616847515,0.01924978196620941,0.24911563098430634,0.23950393497943878,8.655137062072754,z,1.8_2.0_2.2
54,5.3581818181818175,5.459090909090909,15,0.24600000000000002,0.258,97,-0.0022718722466379404,0.02326422929763794,0.24174277484416962,0.2515420615673065,8.200265884399414,z,1.8_2.0_2.2
54,5.3581818181818175,5.459090909090909,16,0.258,0.27,30,-0.02633792720735073,0.024784406647086143,0.20507054030895233,0.2605817914009094,8.489653587341309,z,1.8_2.0_2.2
55,5.459090909090909,5.56,1,0.0,0.011,19,-0.023604685440659523,0.1580512374639511,0.006276071537286043,0.00745004415512085,6.614069938659668,z,1.8_2.0_2.2
55,5.459090909090909,5.56,2,0.011,0.022,57,0.5607069730758667,0.939227819442749,0.10494796931743622,0.016160540282726288,8.161388397216797,z,1.8_2.0_2.2
55,5.459090909090909,5.56,3,0.022,0.033,41,0.345727801322937,0.6267285943031311,0.10527113080024719,0.026937169954180717,11.819831848144531,z,1.8_2.0_2.2
55,5.459090909090909,5.56,4,0.033,0.044,27,0.4246198236942291,0.47632020711898804,0.14905093610286713,0.03919306397438049,9.777849197387695,z,1.8_2.0_2.2
55,5.459090909090909,5.56,5,0.044,0.05499999999999999,23,0.29539141058921814,0.3688335120677948,0.144004225730896,0.04935361072421074,8.457419395446777,z,1.8_2.0_2.2
55,5.459090909090909,5.56,6,0.05499999999999999,0.066,18,0.18782682716846466,0.3110881447792053,0.13086692988872528,0.0605689212679863,7.157764911651611,z,1.8_2.0_2.2
55,5.459090909090909,5.56,7,0.066,0.077,16,0.18798457086086273,0.24359248578548431,0.16530603170394897,0.07157565653324127,7.084977149963379,z,1.8_2.0_2.2
55,5.459090909090909,5.56,8,0.077,0.088,23,0.03580046817660332,0.12702955305576324,0.1311521828174591,0.0836372971534729,8.211121559143066,z,1.8_2.0_2.2
55,5.459090909090909,5.56,9,0.088,0.09899999999999999,39,0.09064918756484985,0.1356690376996994,0.15634694695472717,0.09440594166517258,7.889443397521973,z,1.8_2.0_2.2
55,5.459090909090909,5.56,10,0.09899999999999999,0.11,53,0.07110987603664398,0.10672629624605179,0.16360214352607727,0.10469547659158707,7.596874237060547,z,1.8_2.0_2.2
55,5.459090909090909,5.56,12,0.21000000000000002,0.22200000000000003,113,0.002510540885850787,0.03514126315712929,0.21820597350597382,0.21638348698616028,10.094521522521973,z,1.8_2.0_2.2
55,5.459090909090909,5.56,13,0.22200000000000003,0.234,150,0.008684237487614155,0.018532073125243187,0.24380187690258026,0.22772562503814697,10.0409574508667,z,1.8_2.0_2.2
55,5.459090909090909,5.56,14,0.234,0.24600000000000002,156,0.0069768051616847515,0.01924978196620941,0.24911563098430634,0.23950393497943878,8.655137062072754,z,1.8_2.0_2.2
55,5.459090909090909,5.56,15,0.24600000000000002,0.258,91,-0.00232715648598969,0.02332010492682457,0.24157291650772095,0.25160467624664307,8.383740425109863,z,1.8_2.0_2.2
55,5.459090909090909,5.56,16,0.258,0.27,28,-0.029324986040592194,0.02402154728770256,0.20053939521312714,0.2607193887233734,8.710162162780762,z,1.8_2.0_2.2
56,5.56,5.66090909090909,1,0.0,0.011,18,-0.03684132546186447,0.1099323257803917,0.005604119505733252,0.007590953726321459,6.675970554351807,z,1.8_2.0_2.2
56,5.56,5.66090909090909,2,0.011,0.022,56,0.5750994682312012,0.9425973296165466,0.10663338750600815,0.016133463010191917,8.208120346069336,z,1.8_2.0_2.2
56,5.56,5.66090909090909,3,0.022,0.033,41,0.345727801322937,0.6267285943031311,0.10527113080024719,0.026937169954180717,11.819831848144531,z,1.8_2.0_2.2
56,5.56,5.66090909090909,4,0.033,0.044,27,0.4246198236942291,0.47632020711898804,0.14905093610286713,0.03919306397438049,9.777849197387695,z,1.8_2.0_2.2
56,5.56,5.66090909090909,5,0.044,0.05499999999999999,23,0.29539141058921814,0.3688335120677948,0.144004225730896,0.04935361072421074,8.457419395446777,z,1.8_2.0_2.2
56,5.56,5.66090909090909,6,0.05499999999999999,0.066,18,0.18782682716846466,0.3110881447792053,0.13086692988872528,0.0605689212679863,7.157764911651611,z,1.8_2.0_2.2
56,5.56,5.66090909090909,7,0.066,0.077,13,0.15713460743427277,0.22896702587604523,0.15593744814395905,0.0711853876709938,7.453139781951904,z,1.8_2.0_2.2
56,5.56,5.66090909090909,8,0.077,0.088,22,0.018881529569625854,0.11637720465660095,0.1260436624288559,0.08353517204523087,8.332709312438965,z,1.8_2.0_2.2
56,5.56,5.66090909090909,9,0.088,0.09899999999999999,38,0.08453035354614258,0.13292160630226135,0.15378734469413757,0.09442359954118729,7.952230453491211,z,1.8_2.0_2.2
56,5.56,5.66090909090909,10,0.09899999999999999,0.11,51,0.07647422701120377,0.10756359994411469,0.16592559218406677,0.10470163822174072,7.678957462310791,z,1.8_2.0_2.2
56,5.56,5.66090909090909,12,0.21000000000000002,0.22200000000000003,110,0.002517086686566472,0.03554050624370575,0.21825867891311646,0.21639283001422882,10.220088005065918,z,1.8_2.0_2.2
56,5.56,5.66090909090909,13,0.22200000000000003,0.234,146,0.008360413834452629,0.01861698552966118,0.24365542829036713,0.22779935598373413,10.164674758911133,z,1.8_2.0_2.2
56,5.56,5.66090909090909,14,0.234,0.24600000000000002,152,0.006864478345960379,0.01919787935912609,0.2489129602909088,0.23945188522338867,8.737733840942383,z,1.8_2.0_2.2
56,5.56,5.66090909090909,15,0.24600000000000002,0.258,89,-0.0025275959633290768,0.02352915145456791,0.24106183648109436,0.25147169828414917,8.448310852050781,z,1.8_2.0_2.2
56,5.56,5.66090909090909,16,0.258,0.27,27,-0.02854199707508087,0.023706361651420593,0.20142067968845367,0.26070496439933777,8.827343940734863,z,1.8_2.0_2.2
57,5.66090909090909,5.761818181818182,1,0.0,0.011,18,-0.03684132546186447,0.1099323257803917,0.005604119505733252,0.007590953726321459,6.675970554351807,z,1.8_2.0_2.2
57,5.66090909090909,5.761818181818182,2,0.011,0.022,56,0.5750994682312012,0.9425973296165466,0.10663338750600815,0.016133463010191917,8.208120346069336,z,1.8_2.0_2.2
57,5.66090909090909,5.761818181818182,3,0.022,0.033,41,0.345727801322937,0.6267285943031311,0.10527113080024719,0.026937169954180717,11.819831848144531,z,1.8_2.0_2.2
57,5.66090909090909,5.761818181818182,4,0.033,0.044,26,0.3952358067035675,0.45818305015563965,0.14384716749191284,0.03932441771030426,9.939927101135254,z,1.8_2.0_2.2
57,5.66090909090909,5.761818181818182,5,0.044,0.05499999999999999,23,0.29539141058921814,0.3688335120677948,0.144004225730896,0.04935361072421074,8.457419395446777,z,1.8_2.0_2.2
57,5.66090909090909,5.761818181818182,6,0.05499999999999999,0.066,18,0.18782682716846466,0.3110881447792053,0.13086692988872528,0.0605689212679863,7.157764911651611,z,1.8_2.0_2.2
57,5.66090909090909,5.761818181818182,7,0.066,0.077,13,0.15713460743427277,0.22896702587604523,0.15593744814395905,0.0711853876709938,7.453139781951904,z,1.8_2.0_2.2
57,5.66090909090909,5.761818181818182,8,0.077,0.088,22,0.018881529569625854,0.11637720465660095,0.1260436624288559,0.08353517204523087,8.332709312438965,z,1.8_2.0_2.2
57,5.66090909090909,5.761818181818182,9,0.088,0.09899999999999999,38,0.08453035354614258,0.13292160630226135,0.15378734469413757,0.09442359954118729,7.952230453491211,z,1.8_2.0_2.2
57,5.66090909090909,5.761818181818182,10,0.09899999999999999,0.11,49,0.08034062385559082,0.10840170085430145,0.16843844950199127,0.10474147647619247,7.763211727142334,z,1.8_2.0_2.2
57,5.66090909090909,5.761818181818182,12,0.21000000000000002,0.22200000000000003,103,0.002192301210016012,0.03366299346089363,0.21893569827079773,0.21645747125148773,10.532144546508789,z,1.8_2.0_2.2
57,5.66090909090909,5.761818181818182,13,0.22200000000000003,0.234,143,0.008281880058348179,0.018789149820804596,0.2437388300895691,0.22785109281539917,10.260354995727539,z,1.8_2.0_2.2
57,5.66090909090909,5.761818181818182,14,0.234,0.24600000000000002,150,0.006864478345960379,0.01888386718928814,0.24918639659881592,0.23948033154010773,8.779379844665527,z,1.8_2.0_2.2
57,5.66090909090909,5.761818181818182,15,0.24600000000000002,0.258,87,-0.0028501495253294706,0.023696457967162132,0.24048401415348053,0.25141364336013794,8.513456344604492,z,1.8_2.0_2.2
57,5.66090909090909,5.761818181818182,16,0.258,0.27,27,-0.02854199707508087,0.023706361651420593,0.20142067968845367,0.26070496439933777,8.827343940734863,z,1.8_2.0_2.2
58,5.761818181818182,5.862727272727272,1,0.0,0.011,17,-0.04768318310379982,0.10858382284641266,0.005413104314357042,0.00771071994677186,6.7333598136901855,z,1.8_2.0_2.2
58,5.761818181818182,5.862727272727272,2,0.011,0.022,55,0.5911630392074585,0.9445981979370117,0.10854630172252655,0.01617976278066635,8.254222869873047,z,1.8_2.0_2.2
58,5.761818181818182,5.862727272727272,3,0.022,0.033,40,0.3597046732902527,0.627924919128418,0.10783622413873672,0.027023930102586746,11.97253704071045,z,1.8_2.0_2.2
58,5.761818181818182,5.862727272727272,4,0.033,0.044,26,0.3952358067035675,0.45818305015563965,0.14384716749191284,0.03932441771030426,9.939927101135254,z,1.8_2.0_2.2
58,5.761818181818182,5.862727272727272,5,0.044,0.05499999999999999,23,0.29539141058921814,0.3688335120677948,0.144004225730896,0.04935361072421074,8.457419395446777,z,1.8_2.0_2.2
58,5.761818181818182,5.862727272727272,6,0.05499999999999999,0.066,17,0.16282957792282104,0.31054791808128357,0.12407555431127548,0.060457684099674225,7.241135597229004,z,1.8_2.0_2.2
58,5.761818181818182,5.862727272727272,7,0.066,0.077,12,0.12666340172290802,0.2132405936717987,0.14616070687770844,0.07136896997690201,7.5956878662109375,z,1.8_2.0_2.2
58,5.761818181818182,5.862727272727272,8,0.077,0.088,20,0.006851354613900185,0.0819997638463974,0.11360664665699005,0.0831519067287445,8.596299171447754,z,1.8_2.0_2.2
58,5.761818181818182,5.862727272727272,9,0.088,0.09899999999999999,37,0.07813312113285065,0.13024000823497772,0.15105490386486053,0.09442847222089767,8.012581825256348,z,1.8_2.0_2.2
58,5.761818181818182,5.862727272727272,10,0.09899999999999999,0.11,44,0.08875250071287155,0.1108042523264885,0.1743585765361786,0.10501944273710251,7.998164653778076,z,1.8_2.0_2.2
58,5.761818181818182,5.862727272727272,12,0.21000000000000002,0.22200000000000003,100,0.0018718314822763205,0.03410308435559273,0.2185705006122589,0.2163562923669815,10.676136016845703,z,1.8_2.0_2.2
58,5.761818181818182,5.862727272727272,13,0.22200000000000003,0.234,142,0.008124018087983131,0.018775641918182373,0.243560329079628,0.2278120070695877,10.29220199584961,z,1.8_2.0_2.2
58,5.761818181818182,5.862727272727272,14,0.234,0.24600000000000002,146,0.007288093212991953,0.01881583221256733,0.24966305494308472,0.2394915223121643,8.86337947845459,z,1.8_2.0_2.2
58,5.761818181818182,5.862727272727272,15,0.24600000000000002,0.258,82,-0.003960274625569582,0.023488981649279594,0.23826317489147186,0.25152677297592163,8.685186386108398,z,1.8_2.0_2.2
58,5.761818181818182,5.862727272727272,16,0.258,0.27,25,-0.029632266610860825,0.022534605115652084,0.19912973046302795,0.2607586979866028,9.079435348510742,z,1.8_2.0_2.2
59,5.862727272727272,5.963636363636363,1,0.0,0.011,16,-0.040493834763765335,0.10775834321975708,0.005666275043040514,0.0075882491655647755,6.791019439697266,z,1.8_2.0_2.2
59,5.862727272727272,5.963636363636363,2,0.011,0.022,55,0.5911630392074585,0.9445981979370117,0.10854630172252655,0.01617976278066635,8.254222869873047,z,1.8_2.0_2.2
59,5.862727272727272,5.963636363636363,3,0.022,0.033,38,0.3475649952888489,0.6257534623146057,0.10702799260616302,0.02694004774093628,12.29788589477539,z,1.8_2.0_2.2
59,5.862727272727272,5.963636363636363,4,0.033,0.044,24,0.3409823477268219,0.4445312023162842,0.13386814296245575,0.03926505520939827,10.282320976257324,z,1.8_2.0_2.2
59,5.862727272727272,5.963636363636363,5,0.044,0.05499999999999999,23,0.29539141058921814,0.3688335120677948,0.144004225730896,0.04935361072421074,8.457419395446777,z,1.8_2.0_2.2
59,5.862727272727272,5.963636363636363,6,0.05499999999999999,0.066,16,0.17534345388412476,0.3170681595802307,0.12766191363334656,0.060354433953762054,7.3294219970703125,z,1.8_2.0_2.2
59,5.862727272727272,5.963636363636363,7,0.066,0.077,11,0.10069266706705093,0.20599596202373505,0.13614939153194427,0.07089520245790482,7.754086494445801,z,1.8_2.0_2.2
59,5.862727272727272,5.963636363636363,8,0.077,0.088,20,0.006851354613900185,0.0819997638463974,0.11360664665699005,0.0831519067287445,8.596299171447754,z,1.8_2.0_2.2
59,5.862727272727272,5.963636363636363,9,0.088,0.09899999999999999,37,0.07813312113285065,0.13024000823497772,0.15105490386486053,0.09442847222089767,8.012581825256348,z,1.8_2.0_2.2
59,5.862727272727272,5.963636363636363,10,0.09899999999999999,0.11,43,0.09141864627599716,0.1111479252576828,0.1759360134601593,0.10499534755945206,8.049172401428223,z,1.8_2.0_2.2
59,5.862727272727272,5.963636363636363,12,0.21000000000000002,0.22200000000000003,97,0.0018246007384732366,0.03421522676944733,0.21846744418144226,0.21638266742229462,10.826812744140625,z,1.8_2.0_2.2
59,5.862727272727272,5.963636363636363,13,0.22200000000000003,0.234,138,0.008301788941025734,0.01840657740831375,0.24410966038703918,0.22782911360263824,10.422379493713379,z,1.8_2.0_2.2
59,5.862727272727272,5.963636363636363,14,0.234,0.24600000000000002,143,0.007325979880988598,0.01878436468541622,0.24962802231311798,0.23943814635276794,8.927297592163086,z,1.8_2.0_2.2
59,5.862727272727272,5.963636363636363,15,0.24600000000000002,0.258,78,-0.005146931856870651,0.023727398365736008,0.23667937517166138,0.25141042470932007,8.834086418151855,z,1.8_2.0_2.2
59,5.862727272727272,5.963636363636363,16,0.258,0.27,25,-0.029632266610860825,0.022534605115652084,0.19912973046302795,0.2607586979866028,9.079435348510742,z,1.8_2.0_2.2
60,5.963636363636363,6.0645454545454545,1,0.0,0.011,14,-0.044283557683229446,0.11161492764949799,0.005486521869897842,0.007521766237914562,6.917287349700928,z,1.8_2.0_2.2
60,5.963636363636363,6.0645454545454545,2,0.011,0.022,54,0.6046218276023865,0.9491302967071533,0.11014151573181152,0.016119686886668205,8.297340393066406,z,1.8_2.0_2.2
60,5.963636363636363,6.0645454545454545,3,0.022,0.033,38,0.3475649952888489,0.6257534623146057,0.10702799260616302,0.02694004774093628,12.29788589477539,z,1.8_2.0_2.2
60,5.963636363636363,6.0645454545454545,4,0.033,0.044,24,0.3409823477268219,0.4445312023162842,0.13386814296245575,0.03926505520939827,10.282320976257324,z,1.8_2.0_2.2
60,5.963636363636363,6.0645454545454545,5,0.044,0.05499999999999999,23,0.29539141058921814,0.3688335120677948,0.144004225730896,0.04935361072421074,8.457419395446777,z,1.8_2.0_2.2
60,5.963636363636363,6.0645454545454545,6,0.05499999999999999,0.066,14,0.09890148788690567,0.30548354983329773,0.10858763009309769,0.06030196323990822,7.53060245513916,z,1.8_2.0_2.2
60,5.963636363636363,6.0645454545454545,7,0.066,0.077,10,0.11249873787164688,0.21342134475708008,0.14283844828605652,0.0713043212890625,7.940986633300781,z,1.8_2.0_2.2
60,5.963636363636363,6.0645454545454545,8,0.077,0.088,19,0.007287903688848019,0.08388201892375946,0.11530700325965881,0.08325701951980591,8.738537788391113,z,1.8_2.0_2.2
60,5.963636363636363,6.0645454545454545,9,0.088,0.09899999999999999,36,0.07137579470872879,0.12775149941444397,0.14817635715007782,0.09440575540065765,8.071117401123047,z,1.8_2.0_2.2
60,5.963636363636363,6.0645454545454545,10,0.09899999999999999,0.11,37,0.07579485327005386,0.10693380236625671,0.16935165226459503,0.10480581223964691,8.394753456115723,z,1.8_2.0_2.2
60,5.963636363636363,6.0645454545454545,12,0.21000000000000002,0.22200000000000003,93,0.0025614446494728327,0.03227521479129791,0.2203102707862854,0.21644169092178345,11.038570404052734,z,1.8_2.0_2.2
60,5.963636363636363,6.0645454545454545,13,0.22200000000000003,0.234,136,0.008478637784719467,0.018394682556390762,0.2443581521511078,0.22782084345817566,10.488484382629395,z,1.8_2.0_2.2
60,5.963636363636363,6.0645454545454545,14,0.234,0.24600000000000002,139,0.006602561101317406,0.0187999214977026,0.24908894300460815,0.23949846625328064,9.01409912109375,z,1.8_2.0_2.2
60,5.963636363636363,6.0645454545454545,15,0.24600000000000002,0.258,78,-0.005146931856870651,0.023727398365736008,0.23667937517166138,0.25141042470932007,8.834086418151855,z,1.8_2.0_2.2
60,5.963636363636363,6.0645454545454545,16,0.258,0.27,25,-0.029632266610860825,0.022534605115652084,0.19912973046302795,0.2607586979866028,9.079435348510742,z,1.8_2.0_2.2
61,6.0645454545454545,6.165454545454545,1,0.0,0.011,13,-0.03523281216621399,0.11136491596698761,0.005745966453105211,0.00728558748960495,6.989738464355469,z,1.8_2.0_2.2
61,6.0645454545454545,6.165454545454545,2,0.011,0.022,54,0.6046218276023865,0.9491302967071533,0.11014151573181152,0.016119686886668205,8.297340393066406,z,1.8_2.0_2.2
61,6.0645454545454545,6.165454545454545,3,0.022,0.033,38,0.3475649952888489,0.6257534623146057,0.10702799260616302,0.02694004774093628,12.29788589477539,z,1.8_2.0_2.2
61,6.0645454545454545,6.165454545454545,4,0.033,0.044,23,0.3075137734413147,0.43113285303115845,0.1272733360528946,0.03926220163702965,10.467511177062988,z,1.8_2.0_2.2
61,6.0645454545454545,6.165454545454545,5,0.044,0.05499999999999999,22,0.3136630952358246,0.3708496689796448,0.148350790143013,0.049437474459409714,8.568129539489746,z,1.8_2.0_2.2
61,6.0645454545454545,6.165454545454545,6,0.05499999999999999,0.066,11,-0.020004063844680786,0.21659283339977264,0.06292881816625595,0.06027870997786522,7.937599182128906,z,1.8_2.0_2.2
61,6.0645454545454545,6.165454545454545,7,0.066,0.077,9,0.13204056024551392,0.22034098207950592,0.1517629474401474,0.07176995277404785,8.15987777709961,z,1.8_2.0_2.2
61,6.0645454545454545,6.165454545454545,8,0.077,0.088,18,0.007974603213369846,0.08584243804216385,0.11749296635389328,0.08360275626182556,8.89091682434082,z,1.8_2.0_2.2
61,6.0645454545454545,6.165454545454545,9,0.088,0.09899999999999999,31,0.05940663442015648,0.12133714556694031,0.14193148910999298,0.09404532611370087,8.401546478271484,z,1.8_2.0_2.2
61,6.0645454545454545,6.165454545454545,10,0.09899999999999999,0.11,36,0.07414621114730835,0.10821627080440521,0.16885367035865784,0.10472162812948227,8.46014404296875,z,1.8_2.0_2.2
61,6.0645454545454545,6.165454545454545,12,0.21000000000000002,0.22200000000000003,92,0.0028513206634670496,0.03240558132529259,0.2205929160118103,0.21642129123210907,11.093263626098633,z,1.8_2.0_2.2
61,6.0645454545454545,6.165454545454545,13,0.22200000000000003,0.234,134,0.008777245879173279,0.018135277554392815,0.24488280713558197,0.22782453894615173,10.555157661437988,z,1.8_2.0_2.2
61,6.0645454545454545,6.165454545454545,14,0.234,0.24600000000000002,136,0.006667337846010923,0.01839911937713623,0.24933373928070068,0.23953953385353088,9.080487251281738,z,1.8_2.0_2.2
61,6.0645454545454545,6.165454545454545,15,0.24600000000000002,0.258,76,-0.005661201663315296,0.023789050057530403,0.2357611358165741,0.25140586495399475,8.908682823181152,z,1.8_2.0_2.2
61,6.0645454545454545,6.165454545454545,16,0.258,0.27,25,-0.029632266610860825,0.022534605115652084,0.19912973046302795,0.2607586979866028,9.079435348510742,z,1.8_2.0_2.2
62,6.165454545454545,6.266363636363636,1,0.0,0.011,13,-0.03523281216621399,0.11136491596698761,0.005745966453105211,0.00728558748960495,6.989738464355469,z,1.8_2.0_2.2
62,6.165454545454545,6.266363636363636,2,0.011,0.022,53,0.6211497783660889,0.9522330164909363,0.11203856021165848,0.016096262261271477,8.33835220336914,z,1.8_2.0_2.2
62,6.165454545454545,6.266363636363636,3,0.022,0.033,38,0.3475649952888489,0.6257534623146057,0.10702799260616302,0.02694004774093628,12.29788589477539,z,1.8_2.0_2.2
62,6.165454545454545,6.266363636363636,4,0.033,0.044,22,0.2705414891242981,0.4193933606147766,0.12003354728221893,0.03915548324584961,10.665688514709473,z,1.8_2.0_2.2
62,6.165454545454545,6.266363636363636,5,0.044,0.05499999999999999,17,0.17266319692134857,0.31931498646736145,0.11013031005859375,0.04956294596195221,9.289081573486328,z,1.8_2.0_2.2
62,6.165454545454545,6.266363636363636,6,0.05499999999999999,0.066,10,-0.07157960534095764,0.14799286425113678,0.04434758052229881,0.06047740578651428,8.124711036682129,z,1.8_2.0_2.2
62,6.165454545454545,6.266363636363636,7,0.066,0.077,8,0.1614084541797638,0.21646399796009064,0.1672605276107788,0.07137884944677353,8.415706634521484,z,1.8_2.0_2.2
62,6.165454545454545,6.266363636363636,8,0.077,0.088,16,0.010717094875872135,0.08982132375240326,0.12245436012744904,0.0838053822517395,9.237051010131836,z,1.8_2.0_2.2
62,6.165454545454545,6.266363636363636,9,0.088,0.09899999999999999,28,0.056390468031167984,0.12043247371912003,0.14173713326454163,0.0942271500825882,8.646825790405273,z,1.8_2.0_2.2
62,6.165454545454545,6.266363636363636,10,0.09899999999999999,0.11,34,0.07979829609394073,0.10945668071508408,0.17282995581626892,0.10494925081729889,8.597989082336426,z,1.8_2.0_2.2
62,6.165454545454545,6.266363636363636,12,0.21000000000000002,0.22200000000000003,88,0.0027165915817022324,0.0325397364795208,0.2205076664686203,0.21644878387451172,11.319501876831055,z,1.8_2.0_2.2
62,6.165454545454545,6.266363636363636,13,0.22200000000000003,0.234,130,0.008075889199972153,0.018173834308981895,0.2443728744983673,0.22777609527111053,10.692169189453125,z,1.8_2.0_2.2
62,6.165454545454545,6.266363636363636,14,0.234,0.24600000000000002,130,0.007488474249839783,0.01722131483256817,0.2508167028427124,0.23950031399726868,9.217914581298828,z,1.8_2.0_2.2
62,6.165454545454545,6.266363636363636,15,0.24600000000000002,0.258,70,-0.00763369258493185,0.024206968024373055,0.23320549726486206,0.25144460797309875,9.148416519165039,z,1.8_2.0_2.2
62,6.165454545454545,6.266363636363636,16,0.258,0.27,25,-0.029632266610860825,0.022534605115652084,0.19912973046302795,0.2607586979866028,9.079435348510742,z,1.8_2.0_2.2
63,6.266363636363636,6.367272727272727,1,0.0,0.011,12,-0.02428215928375721,0.11127456277608871,0.006143070291727781,0.007555775344371796,7.058366298675537,z,1.8_2.0_2.2
63,6.266363636363636,6.367272727272727,2,0.011,0.022,53,0.6211497783660889,0.9522330164909363,0.11203856021165848,0.016096262261271477,8.33835220336914,z,1.8_2.0_2.2
63,6.266363636363636,6.367272727272727,3,0.022,0.033,37,0.36083272099494934,0.6294693350791931,0.10934384912252426,0.026919454336166382,12.463432312011719,z,1.8_2.0_2.2
63,6.266363636363636,6.367272727272727,4,0.033,0.044,22,0.2705414891242981,0.4193933606147766,0.12003354728221893,0.03915548324584961,10.665688514709473,z,1.8_2.0_2.2
63,6.266363636363636,6.367272727272727,5,0.044,0.05499999999999999,17,0.17266319692134857,0.31931498646736145,0.11013031005859375,0.04956294596195221,9.289081573486328,z,1.8_2.0_2.2
63,6.266363636363636,6.367272727272727,6,0.05499999999999999,0.066,10,-0.07157960534095764,0.14799286425113678,0.04434758052229881,0.06047740578651428,8.124711036682129,z,1.8_2.0_2.2
63,6.266363636363636,6.367272727272727,7,0.066,0.077,8,0.1614084541797638,0.21646399796009064,0.1672605276107788,0.07137884944677353,8.415706634521484,z,1.8_2.0_2.2
63,6.266363636363636,6.367272727272727,8,0.077,0.088,16,0.010717094875872135,0.08982132375240326,0.12245436012744904,0.0838053822517395,9.237051010131836,z,1.8_2.0_2.2
63,6.266363636363636,6.367272727272727,9,0.088,0.09899999999999999,27,0.04734227806329727,0.1154719814658165,0.13778381049633026,0.09433511644601822,8.737238883972168,z,1.8_2.0_2.2
63,6.266363636363636,6.367272727272727,10,0.09899999999999999,0.11,31,0.0635697990655899,0.10295922309160233,0.1642422378063202,0.10500044375658035,8.8268404006958,z,1.8_2.0_2.2
63,6.266363636363636,6.367272727272727,12,0.21000000000000002,0.22200000000000003,86,0.002166611608117819,0.03265520930290222,0.219887375831604,0.216446191072464,11.437858581542969,z,1.8_2.0_2.2
63,6.266363636363636,6.367272727272727,13,0.22200000000000003,0.234,130,0.008075889199972153,0.018173834308981895,0.2443728744983673,0.22777609527111053,10.692169189453125,z,1.8_2.0_2.2
63,6.266363636363636,6.367272727272727,14,0.234,0.24600000000000002,128,0.007604906335473061,0.01713011972606182,0.250968873500824,0.23954741656780243,9.26479721069336,z,1.8_2.0_2.2
63,6.266363636363636,6.367272727272727,15,0.24600000000000002,0.258,69,-0.00787045992910862,0.024316612631082535,0.23288477957248688,0.25150808691978455,9.190958976745605,z,1.8_2.0_2.2
63,6.266363636363636,6.367272727272727,16,0.258,0.27,25,-0.029632266610860825,0.022534605115652084,0.19912973046302795,0.2607586979866028,9.079435348510742,z,1.8_2.0_2.2
64,6.367272727272727,6.468181818181818,1,0.0,0.011,10,-0.020724715664982796,0.11188472807407379,0.005582519806921482,0.007258323486894369,7.209969520568848,z,1.8_2.0_2.2
64,6.367272727272727,6.468181818181818,2,0.011,0.022,51,0.6693583726882935,0.9571624994277954,0.11620140820741653,0.01607597805559635,8.418292999267578,z,1.8_2.0_2.2
64,6.367272727272727,6.468181818181818,3,0.022,0.033,37,0.36083272099494934,0.6294693350791931,0.10934384912252426,0.026919454336166382,12.463432312011719,z,1.8_2.0_2.2
64,6.367272727272727,6.468181818181818,4,0.033,0.044,22,0.2705414891242981,0.4193933606147766,0.12003354728221893,0.03915548324584961,10.665688514709473,z,1.8_2.0_2.2
64,6.367272727272727,6.468181818181818,5,0.044,0.05499999999999999,15,0.094156913459301,0.29595714807510376,0.09116161614656448,0.04938654601573944,9.685019493103027,z,1.8_2.0_2.2
64,6.367272727272727,6.468181818181818,6,0.05499999999999999,0.066,9,-0.020004063844680786,0.15045981109142303,0.04896795004606247,0.06022726744413376,8.320693016052246,z,1.8_2.0_2.2
64,6.367272727272727,6.468181818181818,7,0.066,0.077,6,0.17171795666217804,0.2004186362028122,0.17752154171466827,0.07044041156768799,9.113700866699219,z,1.8_2.0_2.2
64,6.367272727272727,6.468181818181818,8,0.077,0.088,15,0.013206347823143005,0.09153734147548676,0.1257552206516266,0.08380523324012756,9.433496475219727,z,1.8_2.0_2.2
64,6.367272727272727,6.468181818181818,9,0.088,0.09899999999999999,27,0.04734227806329727,0.1154719814658165,0.13778381049633026,0.09433511644601822,8.737238883972168,z,1.8_2.0_2.2
64,6.367272727272727,6.468181818181818,10,0.09899999999999999,0.11,28,0.04191043972969055,0.09143432229757309,0.1540990024805069,0.1052788570523262,9.093552589416504,z,1.8_2.0_2.2
64,6.367272727272727,6.468181818181818,12,0.21000000000000002,0.22200000000000003,84,0.002275295788422227,0.030652524903416634,0.22104088962078094,0.21633966267108917,11.559049606323242,z,1.8_2.0_2.2
64,6.367272727272727,6.468181818181818,13,0.22200000000000003,0.234,128,0.008234859444200993,0.017916394397616386,0.24466952681541443,0.2278347760438919,10.760719299316406,z,1.8_2.0_2.2
64,6.367272727272727,6.468181818181818,14,0.234,0.24600000000000002,126,0.0074922144412994385,0.01718629151582718,0.25074633955955505,0.23948173224925995,9.312174797058105,z,1.8_2.0_2.2
64,6.367272727272727,6.468181818181818,15,0.24600000000000002,0.258,64,-0.006453602109104395,0.0235772505402565,0.23432236909866333,0.2514142394065857,9.414590835571289,z,1.8_2.0_2.2
64,6.367272727272727,6.468181818181818,16,0.258,0.27,25,-0.029632266610860825,0.022534605115652084,0.19912973046302795,0.2607586979866028,9.079435348510742,z,1.8_2.0_2.2
65,6.468181818181818,6.569090909090908,1,0.0,0.011,7,-0.018253600224852562,0.08762706816196442,0.005278667900711298,0.006850834470242262,7.552637577056885,z,1.8_2.0_2.2
65,6.468181818181818,6.569090909090908,2,0.011,0.022,50,0.6386682987213135,0.948344886302948,0.11288152635097504,0.015997249633073807,8.458512306213379,z,1.8_2.0_2.2
65,6.468181818181818,6.569090909090908,3,0.022,0.033,37,0.36083272099494934,0.6294693350791931,0.10934384912252426,0.026919454336166382,12.463432312011719,z,1.8_2.0_2.2
65,6.468181818181818,6.569090909090908,4,0.033,0.044,22,0.2705414891242981,0.4193933606147766,0.12003354728221893,0.03915548324584961,10.665688514709473,z,1.8_2.0_2.2
65,6.468181818181818,6.569090909090908,5,0.044,0.05499999999999999,14,0.045145679265260696,0.2812833786010742,0.08019179850816727,0.04922996088862419,9.918974876403809,z,1.8_2.0_2.2
65,6.468181818181818,6.569090909090908,6,0.05499999999999999,0.066,9,-0.020004063844680786,0.15045981109142303,0.04896795004606247,0.06022726744413376,8.320693016052246,z,1.8_2.0_2.2
65,6.468181818181818,6.569090909090908,7,0.066,0.077,5,0.12553231418132782,0.1881554275751114,0.1615522801876068,0.07012517750263214,9.65803337097168,z,1.8_2.0_2.2
65,6.468181818181818,6.569090909090908,8,0.077,0.088,14,0.015780549496412277,0.0934554785490036,0.12954412400722504,0.08397481590509415,9.652495384216309,z,1.8_2.0_2.2
65,6.468181818181818,6.569090909090908,9,0.088,0.09899999999999999,27,0.04734227806329727,0.1154719814658165,0.13778381049633026,0.09433511644601822,8.737238883972168,z,1.8_2.0_2.2
65,6.468181818181818,6.569090909090908,10,0.09899999999999999,0.11,25,0.03820711001753807,0.08961832523345947,0.15371589362621307,0.10499431937932968,9.413846015930176,z,1.8_2.0_2.2
65,6.468181818181818,6.569090909090908,12,0.21000000000000002,0.22200000000000003,83,0.0018587319646030664,0.030555637553334236,0.22050009667873383,0.2163347452878952,11.621471405029297,z,1.8_2.0_2.2
65,6.468181818181818,6.569090909090908,13,0.22200000000000003,0.234,127,0.008566733449697495,0.017686324194073677,0.24518772959709167,0.22787874937057495,10.79518985748291,z,1.8_2.0_2.2
65,6.468181818181818,6.569090909090908,14,0.234,0.24600000000000002,122,0.00765320984646678,0.017012642696499825,0.2508489191532135,0.23940207064151764,9.407968521118164,z,1.8_2.0_2.2
65,6.468181818181818,6.569090909090908,15,0.24600000000000002,0.258,63,-0.006789463572204113,0.02364865504205227,0.23377388715744019,0.2513960897922516,9.46150016784668,z,1.8_2.0_2.2
65,6.468181818181818,6.569090909090908,16,0.258,0.27,25,-0.029632266610860825,0.022534605115652084,0.19912973046302795,0.2607586979866028,9.079435348510742,z,1.8_2.0_2.2
66,6.569090909090908,6.67,1,0.0,0.011,7,-0.018253600224852562,0.08762706816196442,0.005278667900711298,0.006850834470242262,7.552637577056885,z,1.8_2.0_2.2
66,6.569090909090908,6.67,2,0.011,0.022,50,0.6386682987213135,0.948344886302948,0.11288152635097504,0.015997249633073807,8.458512306213379,z,1.8_2.0_2.2
66,6.569090909090908,6.67,3,0.022,0.033,36,0.37615689635276794,0.6308978199958801,0.11228448897600174,0.027011442929506302,12.628594398498535,z,1.8_2.0_2.2
66,6.569090909090908,6.67,4,0.033,0.044,22,0.2705414891242981,0.4193933606147766,0.12003354728221893,0.03915548324584961,10.665688514709473,z,1.8_2.0_2.2
66,6.569090909090908,6.67,5,0.044,0.05499999999999999,13,-0.019253922626376152,0.25109314918518066,0.0666065514087677,0.049164824187755585,10.179092407226562,z,1.8_2.0_2.2
66,6.569090909090908,6.67,6,0.05499999999999999,0.066,9,-0.020004063844680786,0.15045981109142303,0.04896795004606247,0.06022726744413376,8.320693016052246,z,1.8_2.0_2.2
66,6.569090909090908,6.67,8,0.077,0.088,14,0.015780549496412277,0.0934554785490036,0.12954412400722504,0.08397481590509415,9.652495384216309,z,1.8_2.0_2.2
66,6.569090909090908,6.67,9,0.088,0.09899999999999999,24,0.02938849665224552,0.10672882944345474,0.13067297637462616,0.09443200379610062,9.017674446105957,z,1.8_2.0_2.2
66,6.569090909090908,6.67,10,0.09899999999999999,0.11,23,0.024903547018766403,0.08357542753219604,0.14752855896949768,0.10492581874132156,9.668708801269531,z,1.8_2.0_2.2
66,6.569090909090908,6.67,12,0.21000000000000002,0.22200000000000003,82,0.002402458107098937,0.02865331806242466,0.22231397032737732,0.2162841409444809,11.683120727539062,z,1.8_2.0_2.2
66,6.569090909090908,6.67,13,0.22200000000000003,0.234,124,0.00912238284945488,0.017296090722084045,0.24610790610313416,0.22786159813404083,10.898579597473145,z,1.8_2.0_2.2
66,6.569090909090908,6.67,14,0.234,0.24600000000000002,119,0.00718634482473135,0.01704171486198902,0.25034648180007935,0.2393127679824829,9.481169700622559,z,1.8_2.0_2.2
66,6.569090909090908,6.67,15,0.24600000000000002,0.258,60,-0.00820965226739645,0.023767296224832535,0.23200200498104095,0.2514527440071106,9.610138893127441,z,1.8_2.0_2.2
66,6.569090909090908,6.67,16,0.258,0.27,25,-0.029632266610860825,0.022534605115652084,0.19912973046302795,0.2607586979866028,9.079435348510742,z,1.8_2.0_2.2
67,6.67,6.7709090909090905,1,0.0,0.011,6,-0.04824724420905113,0.051584139466285706,0.0039724381640553474,0.006938328500837088,7.705099582672119,z,1.8_2.0_2.2
67,6.67,6.7709090909090905,2,0.011,0.022,48,0.6781970262527466,0.9526149034500122,0.117451012134552,0.01608435809612274,8.535181999206543,z,1.8_2.0_2.2
67,6.67,6.7709090909090905,3,0.022,0.033,34,0.40895888209342957,0.6350208520889282,0.11831531673669815,0.02725403942167759,12.982586860656738,z,1.8_2.0_2.2
67,6.67,6.7709090909090905,4,0.033,0.044,21,0.30274495482444763,0.4232502281665802,0.1240982636809349,0.0392787866294384,10.860716819763184,z,1.8_2.0_2.2
67,6.67,6.7709090909090905,5,0.044,0.05499999999999999,13,-0.019253922626376152,0.25109314918518066,0.0666065514087677,0.049164824187755585,10.179092407226562,z,1.8_2.0_2.2
67,6.67,6.7709090909090905,6,0.05499999999999999,0.066,9,-0.020004063844680786,0.15045981109142303,0.04896795004606247,0.06022726744413376,8.320693016052246,z,1.8_2.0_2.2
67,6.67,6.7709090909090905,8,0.077,0.088,14,0.015780549496412277,0.0934554785490036,0.12954412400722504,0.08397481590509415,9.652495384216309,z,1.8_2.0_2.2
67,6.67,6.7709090909090905,9,0.088,0.09899999999999999,23,0.017654957249760628,0.10030201822519302,0.12526370584964752,0.09433960914611816,9.12004566192627,z,1.8_2.0_2.2
67,6.67,6.7709090909090905,10,0.09899999999999999,0.11,23,0.024903547018766403,0.08357542753219604,0.14752855896949768,0.10492581874132156,9.668708801269531,z,1.8_2.0_2.2
67,6.67,6.7709090909090905,12,0.21000000000000002,0.22200000000000003,82,0.002402458107098937,0.02865331806242466,0.22231397032737732,0.2162841409444809,11.683120727539062,z,1.8_2.0_2.2
67,6.67,6.7709090909090905,13,0.22200000000000003,0.234,123,0.009396906942129135,0.017224552109837532,0.24649900197982788,0.22789160907268524,10.932973861694336,z,1.8_2.0_2.2
67,6.67,6.7709090909090905,14,0.234,0.24600000000000002,116,0.007368451915681362,0.017038624733686447,0.2505553364753723,0.239353746175766,9.554834365844727,z,1.8_2.0_2.2
67,6.67,6.7709090909090905,15,0.24600000000000002,0.258,58,-0.007961790077388287,0.023723525926470757,0.23225511610507965,0.25158849358558655,9.712937355041504,z,1.8_2.0_2.2
67,6.67,6.7709090909090905,16,0.258,0.27,25,-0.029632266610860825,0.022534605115652084,0.19912973046302795,0.2607586979866028,9.079435348510742,z,1.8_2.0_2.2
68,6.7709090909090905,6.871818181818181,1,0.0,0.011,6,-0.04824724420905113,0.051584139466285706,0.0039724381640553474,0.006938328500837088,7.705099582672119,z,1.8_2.0_2.2
68,6.7709090909090905,6.871818181818181,2,0.011,0.022,47,0.6467810273170471,0.9489403367042542,0.1139373779296875,0.015976404771208763,8.573948860168457,z,1.8_2.0_2.2
68,6.7709090909090905,6.871818181818181,3,0.022,0.033,33,0.37053173780441284,0.6190133094787598,0.11447395384311676,0.02740977518260479,13.172537803649902,z,1.8_2.0_2.2
68,6.7709090909090905,6.871818181818181,4,0.033,0.044,18,0.19799017906188965,0.4062361419200897,0.10063861310482025,0.038852933794260025,11.547389030456543,z,1.8_2.0_2.2
68,6.7709090909090905,6.871818181818181,5,0.044,0.05499999999999999,11,-0.027544496580958366,0.03359058126807213,0.03262003883719444,0.04959427937865257,10.80856990814209,z,1.8_2.0_2.2
68,6.7709090909090905,6.871818181818181,6,0.05499999999999999,0.066,9,-0.020004063844680786,0.15045981109142303,0.04896795004606247,0.06022726744413376,8.320693016052246,z,1.8_2.0_2.2
68,6.7709090909090905,6.871818181818181,8,0.077,0.088,14,0.015780549496412277,0.0934554785490036,0.12954412400722504,0.08397481590509415,9.652495384216309,z,1.8_2.0_2.2
68,6.7709090909090905,6.871818181818181,9,0.088,0.09899999999999999,22,0.005022727884352207,0.09222470968961716,0.11951623111963272,0.09427335858345032,9.22997760772705,z,1.8_2.0_2.2
68,6.7709090909090905,6.871818181818181,10,0.09899999999999999,0.11,22,0.026628030464053154,0.08490514755249023,0.14935320615768433,0.10472485423088074,9.804997444152832,z,1.8_2.0_2.2
68,6.7709090909090905,6.871818181818181,12,0.21000000000000002,0.22200000000000003,78,0.003742566565051675,0.029010070487856865,0.22422492504119873,0.21636149287223816,11.936076164245605,z,1.8_2.0_2.2
68,6.7709090909090905,6.871818181818181,13,0.22200000000000003,0.234,120,0.009357939474284649,0.016950557008385658,0.24690532684326172,0.22790883481502533,11.038972854614258,z,1.8_2.0_2.2
68,6.7709090909090905,6.871818181818181,14,0.234,0.24600000000000002,113,0.0074743120931088924,0.016550373286008835,0.2506345510482788,0.23926909267902374,9.63005542755127,z,1.8_2.0_2.2
68,6.7709090909090905,6.871818181818181,15,0.24600000000000002,0.258,57,-0.008288400247693062,0.023831617087125778,0.2317841351032257,0.2516535818576813,9.765405654907227,z,1.8_2.0_2.2
68,6.7709090909090905,6.871818181818181,16,0.258,0.27,25,-0.029632266610860825,0.022534605115652084,0.19912973046302795,0.2607586979866028,9.079435348510742,z,1.8_2.0_2.2
69,6.871818181818181,6.972727272727273,1,0.0,0.011,6,-0.04824724420905113,0.051584139466285706,0.0039724381640553474,0.006938328500837088,7.705099582672119,z,1.8_2.0_2.2
69,6.871818181818181,6.972727272727273,2,0.011,0.022,46,0.6668158173561096,0.9519166350364685,0.11622681468725204,0.01594272442162037,8.612056732177734,z,1.8_2.0_2.2
69,6.871818181818181,6.972727272727273,3,0.022,0.033,33,0.37053173780441284,0.6190133094787598,0.11447395384311676,0.02740977518260479,13.172537803649902,z,1.8_2.0_2.2
69,6.871818181818181,6.972727272727273,4,0.033,0.044,16,0.09945251792669296,0.3394645154476166,0.08041074872016907,0.03934056684374809,12.140527725219727,z,1.8_2.0_2.2
69,6.871818181818181,6.972727272727273,5,0.044,0.05499999999999999,11,-0.027544496580958366,0.03359058126807213,0.03262003883719444,0.04959427937865257,10.80856990814209,z,1.8_2.0_2.2
69,6.871818181818181,6.972727272727273,6,0.05499999999999999,0.066,9,-0.020004063844680786,0.15045981109142303,0.04896795004606247,0.06022726744413376,8.320693016052246,z,1.8_2.0_2.2
69,6.871818181818181,6.972727272727273,8,0.077,0.088,13,0.01805676333606243,0.09598002582788467,0.13352273404598236,0.08424986153841019,9.871003150939941,z,1.8_2.0_2.2
69,6.871818181818181,6.972727272727273,9,0.088,0.09899999999999999,21,0.0036380463279783726,0.08151191473007202,0.1131431832909584,0.09417977929115295,9.346736907958984,z,1.8_2.0_2.2
69,6.871818181818181,6.972727272727273,10,0.09899999999999999,0.11,20,0.02626712992787361,0.079372838139534,0.14654085040092468,0.10460249334573746,10.10127067565918,z,1.8_2.0_2.2
69,6.871818181818181,6.972727272727273,12,0.21000000000000002,0.22200000000000003,76,0.003927114885300398,0.026205923408269882,0.22589409351348877,0.21635544300079346,12.07020092010498,z,1.8_2.0_2.2
69,6.871818181818181,6.972727272727273,13,0.22200000000000003,0.234,119,0.009310918860137463,0.01701095700263977,0.24689213931560516,0.22791634500026703,11.074281692504883,z,1.8_2.0_2.2
69,6.871818181818181,6.972727272727273,14,0.234,0.24600000000000002,106,0.007584217935800552,0.015900233760476112,0.25105565786361694,0.23922517895698547,9.814530372619629,z,1.8_2.0_2.2
69,6.871818181818181,6.972727272727273,15,0.24600000000000002,0.258,55,-0.009113823994994164,0.023815948516130447,0.23029591143131256,0.25172102451324463,9.872730255126953,z,1.8_2.0_2.2
69,6.871818181818181,6.972727272727273,16,0.258,0.27,25,-0.029632266610860825,0.022534605115652084,0.19912973046302795,0.2607586979866028,9.079435348510742,z,1.8_2.0_2.2
70,6.972727272727273,7.073636363636363,1,0.0,0.011,5,-0.0617830753326416,0.04575800895690918,0.003733748570084572,0.00741554656997323,7.858701229095459,z,1.8_2.0_2.2
70,6.972727272727273,7.073636363636363,2,0.011,0.022,45,0.6890354752540588,0.9539676308631897,0.11874979734420776,0.016044504940509796,8.650495529174805,z,1.8_2.0_2.2
70,6.972727272727273,7.073636363636363,3,0.022,0.033,30,0.28533586859703064,0.5744145512580872,0.09754570573568344,0.027329836040735245,13.797380447387695,z,1.8_2.0_2.2
70,6.972727272727273,7.073636363636363,4,0.033,0.044,16,0.09945251792669296,0.3394645154476166,0.08041074872016907,0.03934056684374809,12.140527725219727,z,1.8_2.0_2.2
70,6.972727272727273,7.073636363636363,5,0.044,0.05499999999999999,11,-0.027544496580958366,0.03359058126807213,0.03262003883719444,0.04959427937865257,10.80856990814209,z,1.8_2.0_2.2
70,6.972727272727273,7.073636363636363,6,0.05499999999999999,0.066,9,-0.020004063844680786,0.15045981109142303,0.04896795004606247,0.06022726744413376,8.320693016052246,z,1.8_2.0_2.2
70,6.972727272727273,7.073636363636363,8,0.077,0.088,11,0.017370648682117462,0.06458177417516708,0.12702015042304993,0.08469253033399582,10.403810501098633,z,1.8_2.0_2.2
70,6.972727272727273,7.073636363636363,9,0.088,0.09899999999999999,20,-0.005033782683312893,0.06806325167417526,0.10648949444293976,0.0941336452960968,9.466923713684082,z,1.8_2.0_2.2
70,6.972727272727273,7.073636363636363,10,0.09899999999999999,0.11,20,0.02626712992787361,0.079372838139534,0.14654085040092468,0.10460249334573746,10.10127067565918,z,1.8_2.0_2.2
70,6.972727272727273,7.073636363636363,12,0.21000000000000002,0.22200000000000003,75,0.0035358688328415155,0.026148224249482155,0.22533172369003296,0.21629071235656738,12.139262199401855,z,1.8_2.0_2.2
70,6.972727272727273,7.073636363636363,13,0.22200000000000003,0.234,118,0.009134577587246895,0.01698649488389492,0.2467174082994461,0.22793611884117126,11.109413146972656,z,1.8_2.0_2.2
70,6.972727272727273,7.073636363636363,14,0.234,0.24600000000000002,99,0.007859577424824238,0.01563883014023304,0.2517724335193634,0.23913732171058655,10.019349098205566,z,1.8_2.0_2.2
70,6.972727272727273,7.073636363636363,15,0.24600000000000002,0.258,50,-0.009130468592047691,0.023429295048117638,0.23043042421340942,0.2518668472766876,10.168255805969238,z,1.8_2.0_2.2
70,6.972727272727273,7.073636363636363,16,0.258,0.27,25,-0.029632266610860825,0.022534605115652084,0.19912973046302795,0.2607586979866028,9.079435348510742,z,1.8_2.0_2.2
71,7.073636363636363,7.174545454545454,1,0.0,0.011,5,-0.0617830753326416,0.04575800895690918,0.003733748570084572,0.00741554656997323,7.858701229095459,z,1.8_2.0_2.2
71,7.073636363636363,7.174545454545454,2,0.011,0.022,45,0.6890354752540588,0.9539676308631897,0.11874979734420776,0.016044504940509796,8.650495529174805,z,1.8_2.0_2.2
71,7.073636363636363,7.174545454545454,3,0.022,0.033,28,0.20523066818714142,0.5149328112602234,0.08417979627847672,0.027438299730420113,14.283613204956055,z,1.8_2.0_2.2
71,7.073636363636363,7.174545454545454,4,0.033,0.044,15,0.04744981601834297,0.3231859505176544,0.06924949586391449,0.039070796221494675,12.482069969177246,z,1.8_2.0_2.2
71,7.073636363636363,7.174545454545454,5,0.044,0.05499999999999999,11,-0.027544496580958366,0.03359058126807213,0.03262003883719444,0.04959427937865257,10.80856990814209,z,1.8_2.0_2.2
71,7.073636363636363,7.174545454545454,6,0.05499999999999999,0.066,8,-0.01621829718351364,0.1591820865869522,0.04986447095870972,0.059705279767513275,8.488272666931152,z,1.8_2.0_2.2
71,7.073636363636363,7.174545454545454,8,0.077,0.088,11,0.017370648682117462,0.06458177417516708,0.12702015042304993,0.08469253033399582,10.403810501098633,z,1.8_2.0_2.2
71,7.073636363636363,7.174545454545454,9,0.088,0.09899999999999999,20,-0.005033782683312893,0.06806325167417526,0.10648949444293976,0.0941336452960968,9.466923713684082,z,1.8_2.0_2.2
71,7.073636363636363,7.174545454545454,10,0.09899999999999999,0.11,20,0.02626712992787361,0.079372838139534,0.14654085040092468,0.10460249334573746,10.10127067565918,z,1.8_2.0_2.2
71,7.073636363636363,7.174545454545454,12,0.21000000000000002,0.22200000000000003,74,0.003376716747879982,0.0262839924544096,0.22516988217830658,0.21626923978328705,12.208914756774902,z,1.8_2.0_2.2
71,7.073636363636363,7.174545454545454,13,0.22200000000000003,0.234,116,0.009455584920942783,0.016858460381627083,0.24723809957504272,0.22796151041984558,11.180124282836914,z,1.8_2.0_2.2
71,7.073636363636363,7.174545454545454,14,0.234,0.24600000000000002,97,0.007971743121743202,0.01579609327018261,0.25181761384010315,0.23904739320278168,10.080824851989746,z,1.8_2.0_2.2
71,7.073636363636363,7.174545454545454,15,0.24600000000000002,0.258,48,-0.008717186748981476,0.023153256624937057,0.23103384673595428,0.25188350677490234,10.299861907958984,z,1.8_2.0_2.2
71,7.073636363636363,7.174545454545454,16,0.258,0.27,25,-0.029632266610860825,0.022534605115652084,0.19912973046302795,0.2607586979866028,9.079435348510742,z,1.8_2.0_2.2
72,7.174545454545454,7.275454545454545,1,0.0,0.011,5,-0.0617830753326416,0.04575800895690918,0.003733748570084572,0.00741554656997323,7.858701229095459,z,1.8_2.0_2.2
72,7.174545454545454,7.275454545454545,2,0.011,0.022,44,0.7123783230781555,0.9555553197860718,0.12140632420778275,0.01614740677177906,8.686079025268555,z,1.8_2.0_2.2
72,7.174545454545454,7.275454545454545,3,0.022,0.033,28,0.20523066818714142,0.5149328112602234,0.08417979627847672,0.027438299730420113,14.283613204956055,z,1.8_2.0_2.2
72,7.174545454545454,7.275454545454545,4,0.033,0.044,15,0.04744981601834297,0.3231859505176544,0.06924949586391449,0.039070796221494675,12.482069969177246,z,1.8_2.0_2.2
72,7.174545454545454,7.275454545454545,5,0.044,0.05499999999999999,11,-0.027544496580958366,0.03359058126807213,0.03262003883719444,0.04959427937865257,10.80856990814209,z,1.8_2.0_2.2
72,7.174545454545454,7.275454545454545,6,0.05499999999999999,0.066,8,-0.01621829718351364,0.1591820865869522,0.04986447095870972,0.059705279767513275,8.488272666931152,z,1.8_2.0_2.2
72,7.174545454545454,7.275454545454545,8,0.077,0.088,11,0.017370648682117462,0.06458177417516708,0.12702015042304993,0.08469253033399582,10.403810501098633,z,1.8_2.0_2.2
72,7.174545454545454,7.275454545454545,9,0.088,0.09899999999999999,20,-0.005033782683312893,0.06806325167417526,0.10648949444293976,0.0941336452960968,9.466923713684082,z,1.8_2.0_2.2
72,7.174545454545454,7.275454545454545,10,0.09899999999999999,0.11,19,0.017166677862405777,0.07213269919157028,0.14064383506774902,0.10448544472455978,10.256438255310059,z,1.8_2.0_2.2
72,7.174545454545454,7.275454545454545,12,0.21000000000000002,0.22200000000000003,72,0.003675145795568824,0.026107780635356903,0.22597844898700714,0.21632105112075806,12.349222183227539,z,1.8_2.0_2.2
72,7.174545454545454,7.275454545454545,13,0.22200000000000003,0.234,115,0.009744759649038315,0.01677984930574894,0.24762895703315735,0.22794359922409058,11.215164184570312,z,1.8_2.0_2.2
72,7.174545454545454,7.275454545454545,14,0.234,0.24600000000000002,93,0.0077366903424263,0.015789233148097992,0.2511255145072937,0.23904173076152802,10.208317756652832,z,1.8_2.0_2.2
72,7.174545454545454,7.275454545454545,15,0.24600000000000002,0.258,48,-0.008717186748981476,0.023153256624937057,0.23103384673595428,0.25188350677490234,10.299861907958984,z,1.8_2.0_2.2
72,7.174545454545454,7.275454545454545,16,0.258,0.27,25,-0.029632266610860825,0.022534605115652084,0.19912973046302795,0.2607586979866028,9.079435348510742,z,1.8_2.0_2.2
73,7.275454545454545,7.376363636363636,2,0.011,0.022,42,0.7623087167739868,0.9584189057350159,0.1269550919532776,0.016111185774207115,8.75528335571289,z,1.8_2.0_2.2
73,7.275454545454545,7.376363636363636,3,0.022,0.033,28,0.20523066818714142,0.5149328112602234,0.08417979627847672,0.027438299730420113,14.283613204956055,z,1.8_2.0_2.2
73,7.275454545454545,7.376363636363636,4,0.033,0.044,14,-0.02108459174633026,0.289663702249527,0.056311462074518204,0.0390324667096138,12.854928016662598,z,1.8_2.0_2.2
73,7.275454545454545,7.376363636363636,5,0.044,0.05499999999999999,11,-0.027544496580958366,0.03359058126807213,0.03262003883719444,0.04959427937865257,10.80856990814209,z,1.8_2.0_2.2
73,7.275454545454545,7.376363636363636,6,0.05499999999999999,0.066,8,-0.01621829718351364,0.1591820865869522,0.04986447095870972,0.059705279767513275,8.488272666931152,z,1.8_2.0_2.2
73,7.275454545454545,7.376363636363636,8,0.077,0.088,11,0.017370648682117462,0.06458177417516708,0.12702015042304993,0.08469253033399582,10.403810501098633,z,1.8_2.0_2.2
73,7.275454545454545,7.376363636363636,9,0.088,0.09899999999999999,20,-0.005033782683312893,0.06806325167417526,0.10648949444293976,0.0941336452960968,9.466923713684082,z,1.8_2.0_2.2
73,7.275454545454545,7.376363636363636,10,0.09899999999999999,0.11,19,0.017166677862405777,0.07213269919157028,0.14064383506774902,0.10448544472455978,10.256438255310059,z,1.8_2.0_2.2
73,7.275454545454545,7.376363636363636,12,0.21000000000000002,0.22200000000000003,71,0.003124274779111147,0.026048904284834862,0.2253703474998474,0.21625876426696777,12.421125411987305,z,1.8_2.0_2.2
73,7.275454545454545,7.376363636363636,13,0.22200000000000003,0.234,113,0.009552440606057644,0.01684761792421341,0.24737165868282318,0.22787924110889435,11.28614616394043,z,1.8_2.0_2.2
73,7.275454545454545,7.376363636363636,14,0.234,0.24600000000000002,89,0.007150682155042887,0.016022412106394768,0.2506919801235199,0.23902638256549835,10.341470718383789,z,1.8_2.0_2.2
73,7.275454545454545,7.376363636363636,15,0.24600000000000002,0.258,47,-0.009179836139082909,0.023237813264131546,0.23035234212875366,0.25196751952171326,10.364469528198242,z,1.8_2.0_2.2
73,7.275454545454545,7.376363636363636,16,0.258,0.27,25,-0.029632266610860825,0.022534605115652084,0.19912973046302795,0.2607586979866028,9.079435348510742,z,1.8_2.0_2.2
74,7.376363636363636,7.477272727272727,2,0.011,0.022,42,0.7623087167739868,0.9584189057350159,0.1269550919532776,0.016111185774207115,8.75528335571289,z,1.8_2.0_2.2
74,7.376363636363636,7.477272727272727,3,0.022,0.033,28,0.20523066818714142,0.5149328112602234,0.08417979627847672,0.027438299730420113,14.283613204956055,z,1.8_2.0_2.2
74,7.376363636363636,7.477272727272727,4,0.033,0.044,13,-0.022746164351701736,0.23019570112228394,0.04180626571178436,0.039138320833444595,13.284064292907715,z,1.8_2.0_2.2
74,7.376363636363636,7.477272727272727,5,0.044,0.05499999999999999,11,-0.027544496580958366,0.03359058126807213,0.03262003883719444,0.04959427937865257,10.80856990814209,z,1.8_2.0_2.2
74,7.376363636363636,7.477272727272727,6,0.05499999999999999,0.066,7,-0.018465353175997734,0.17005407810211182,0.048808544874191284,0.0600256510078907,8.649375915527344,z,1.8_2.0_2.2
74,7.376363636363636,7.477272727272727,8,0.077,0.088,11,0.017370648682117462,0.06458177417516708,0.12702015042304993,0.08469253033399582,10.403810501098633,z,1.8_2.0_2.2
74,7.376363636363636,7.477272727272727,9,0.088,0.09899999999999999,19,-0.004134910646826029,0.06951773166656494,0.10794432461261749,0.09418565034866333,9.582035064697266,z,1.8_2.0_2.2
74,7.376363636363636,7.477272727272727,10,0.09899999999999999,0.11,18,0.01972486451268196,0.07298287004232407,0.14374715089797974,0.10459886491298676,10.42013931274414,z,1.8_2.0_2.2
74,7.376363636363636,7.477272727272727,12,0.21000000000000002,0.22200000000000003,69,0.003962724469602108,0.026168428361415863,0.22650957107543945,0.21620851755142212,12.568459510803223,z,1.8_2.0_2.2
74,7.376363636363636,7.477272727272727,13,0.22200000000000003,0.234,111,0.009310451336205006,0.016986874863505363,0.24734772741794586,0.22786366939544678,11.357902526855469,z,1.8_2.0_2.2
74,7.376363636363636,7.477272727272727,14,0.234,0.24600000000000002,87,0.00698512839153409,0.01610640063881874,0.250259131193161,0.23892587423324585,10.411320686340332,z,1.8_2.0_2.2
74,7.376363636363636,7.477272727272727,15,0.24600000000000002,0.258,46,-0.009684935212135315,0.02330753393471241,0.22956502437591553,0.25200825929641724,10.430712699890137,z,1.8_2.0_2.2
74,7.376363636363636,7.477272727272727,16,0.258,0.27,24,-0.02883780002593994,0.022657202556729317,0.2001909762620926,0.2607472240924835,9.153014183044434,z,1.8_2.0_2.2
75,7.477272727272727,7.578181818181818,2,0.011,0.022,42,0.7623087167739868,0.9584189057350159,0.1269550919532776,0.016111185774207115,8.75528335571289,z,1.8_2.0_2.2
75,7.477272727272727,7.578181818181818,3,0.022,0.033,27,0.170594722032547,0.5089623928070068,0.0777977928519249,0.027260107919573784,14.536486625671387,z,1.8_2.0_2.2
75,7.477272727272727,7.578181818181818,4,0.033,0.044,12,-0.024795040488243103,0.03446666896343231,0.024201298132538795,0.03941972181200981,13.775138854980469,z,1.8_2.0_2.2
75,7.477272727272727,7.578181818181818,5,0.044,0.05499999999999999,11,-0.027544496580958366,0.03359058126807213,0.03262003883719444,0.04959427937865257,10.80856990814209,z,1.8_2.0_2.2
75,7.477272727272727,7.578181818181818,6,0.05499999999999999,0.066,6,-0.01728389412164688,0.18365280330181122,0.04836218059062958,0.05945020914077759,8.858864784240723,z,1.8_2.0_2.2
75,7.477272727272727,7.578181818181818,8,0.077,0.088,10,0.020048243924975395,0.06685836613178253,0.13157044351100922,0.08475862443447113,10.705392837524414,z,1.8_2.0_2.2
75,7.477272727272727,7.578181818181818,9,0.088,0.09899999999999999,19,-0.004134910646826029,0.06951773166656494,0.10794432461261749,0.09418565034866333,9.582035064697266,z,1.8_2.0_2.2
75,7.477272727272727,7.578181818181818,10,0.09899999999999999,0.11,16,0.010474841110408306,0.0658901110291481,0.1396048367023468,0.10445095598697662,10.793773651123047,z,1.8_2.0_2.2
75,7.477272727272727,7.578181818181818,12,0.21000000000000002,0.22200000000000003,69,0.003962724469602108,0.026168428361415863,0.22650957107543945,0.21620851755142212,12.568459510803223,z,1.8_2.0_2.2
75,7.477272727272727,7.578181818181818,13,0.22200000000000003,0.234,111,0.009310451336205006,0.016986874863505363,0.24734772741794586,0.22786366939544678,11.357902526855469,z,1.8_2.0_2.2
75,7.477272727272727,7.578181818181818,14,0.234,0.24600000000000002,86,0.006898192688822746,0.016170524060726166,0.25005167722702026,0.2388593554496765,10.445938110351562,z,1.8_2.0_2.2
75,7.477272727272727,7.578181818181818,15,0.24600000000000002,0.258,44,-0.009352227672934532,0.023010699078440666,0.22965888679027557,0.2518683969974518,10.567503929138184,z,1.8_2.0_2.2
75,7.477272727272727,7.578181818181818,16,0.258,0.27,23,-0.027987109497189522,0.022827420383691788,0.20127424597740173,0.2608048915863037,9.229969024658203,z,1.8_2.0_2.2
76,7.578181818181818,7.679090909090909,2,0.011,0.022,41,0.7958428859710693,0.9598769545555115,0.1298484057188034,0.016066590324044228,8.785819053649902,z,1.8_2.0_2.2
76,7.578181818181818,7.679090909090909,3,0.022,0.033,24,0.02637498639523983,0.3876580595970154,0.054389744997024536,0.027454301714897156,15.411457061767578,z,1.8_2.0_2.2
76,7.578181818181818,7.679090909090909,4,0.033,0.044,12,-0.024795040488243103,0.03446666896343231,0.024201298132538795,0.03941972181200981,13.775138854980469,z,1.8_2.0_2.2
76,7.578181818181818,7.679090909090909,5,0.044,0.05499999999999999,11,-0.027544496580958366,0.03359058126807213,0.03262003883719444,0.04959427937865257,10.80856990814209,z,1.8_2.0_2.2
76,7.578181818181818,7.679090909090909,6,0.05499999999999999,0.066,6,-0.01728389412164688,0.18365280330181122,0.04836218059062958,0.05945020914077759,8.858864784240723,z,1.8_2.0_2.2
76,7.578181818181818,7.679090909090909,8,0.077,0.088,9,0.03735600411891937,0.06837315112352371,0.13766169548034668,0.0844285637140274,11.06039810180664,z,1.8_2.0_2.2
76,7.578181818181818,7.679090909090909,9,0.088,0.09899999999999999,19,-0.004134910646826029,0.06951773166656494,0.10794432461261749,0.09418565034866333,9.582035064697266,z,1.8_2.0_2.2
76,7.578181818181818,7.679090909090909,10,0.09899999999999999,0.11,16,0.010474841110408306,0.0658901110291481,0.1396048367023468,0.10445095598697662,10.793773651123047,z,1.8_2.0_2.2
76,7.578181818181818,7.679090909090909,12,0.21000000000000002,0.22200000000000003,69,0.003962724469602108,0.026168428361415863,0.22650957107543945,0.21620851755142212,12.568459510803223,z,1.8_2.0_2.2
76,7.578181818181818,7.679090909090909,13,0.22200000000000003,0.234,106,0.0089418301358819,0.01651444472372532,0.24705013632774353,0.22791244089603424,11.538413047790527,z,1.8_2.0_2.2
76,7.578181818181818,7.679090909090909,14,0.234,0.24600000000000002,82,0.007347348146140575,0.015878017991781235,0.2507086396217346,0.2389436513185501,10.589611053466797,z,1.8_2.0_2.2
76,7.578181818181818,7.679090909090909,15,0.24600000000000002,0.258,43,-0.009866928681731224,0.023102005943655968,0.22894908487796783,0.25200217962265015,10.639142036437988,z,1.8_2.0_2.2
76,7.578181818181818,7.679090909090909,16,0.258,0.27,21,-0.027987109497189522,0.02203434333205223,0.19901177287101746,0.2608662247657776,9.395237922668457,z,1.8_2.0_2.2
77,7.679090909090909,7.779999999999999,2,0.011,0.022,38,0.6923744678497314,0.9396961331367493,0.11884201318025589,0.01598431169986725,8.876091957092285,z,1.8_2.0_2.2
77,7.679090909090909,7.779999999999999,3,0.022,0.033,23,-0.021912364289164543,0.3401194214820862,0.046085890382528305,0.027506519109010696,15.749580383300781,z,1.8_2.0_2.2
77,7.679090909090909,7.779999999999999,4,0.033,0.044,12,-0.024795040488243103,0.03446666896343231,0.024201298132538795,0.03941972181200981,13.775138854980469,z,1.8_2.0_2.2
77,7.679090909090909,7.779999999999999,5,0.044,0.05499999999999999,11,-0.027544496580958366,0.03359058126807213,0.03262003883719444,0.04959427937865257,10.80856990814209,z,1.8_2.0_2.2
77,7.679090909090909,7.779999999999999,6,0.05499999999999999,0.066,6,-0.01728389412164688,0.18365280330181122,0.04836218059062958,0.05945020914077759,8.858864784240723,z,1.8_2.0_2.2
77,7.679090909090909,7.779999999999999,8,0.077,0.088,9,0.03735600411891937,0.06837315112352371,0.13766169548034668,0.0844285637140274,11.06039810180664,z,1.8_2.0_2.2
77,7.679090909090909,7.779999999999999,9,0.088,0.09899999999999999,19,-0.004134910646826029,0.06951773166656494,0.10794432461261749,0.09418565034866333,9.582035064697266,z,1.8_2.0_2.2
77,7.679090909090909,7.779999999999999,10,0.09899999999999999,0.11,16,0.010474841110408306,0.0658901110291481,0.1396048367023468,0.10445095598697662,10.793773651123047,z,1.8_2.0_2.2
77,7.679090909090909,7.779999999999999,12,0.21000000000000002,0.22200000000000003,68,0.00429811654612422,0.026298105716705322,0.22706329822540283,0.21627523005008698,12.641266822814941,z,1.8_2.0_2.2
77,7.679090909090909,7.779999999999999,13,0.22200000000000003,0.234,104,0.009163957089185715,0.016499696299433708,0.24745847284793854,0.22795332968235016,11.613722801208496,z,1.8_2.0_2.2
77,7.679090909090909,7.779999999999999,14,0.234,0.24600000000000002,76,0.007761562243103981,0.01552750263363123,0.25209546089172363,0.23882544040679932,10.823892593383789,z,1.8_2.0_2.2
77,7.679090909090909,7.779999999999999,15,0.24600000000000002,0.258,43,-0.009866928681731224,0.023102005943655968,0.22894908487796783,0.25200217962265015,10.639142036437988,z,1.8_2.0_2.2
77,7.679090909090909,7.779999999999999,16,0.258,0.27,21,-0.027987109497189522,0.02203434333205223,0.19901177287101746,0.2608662247657776,9.395237922668457,z,1.8_2.0_2.2
78,7.779999999999999,7.880909090909091,2,0.011,0.022,33,0.617962658405304,0.9291015267372131,0.1109578087925911,0.01573433354496956,9.052940368652344,z,1.8_2.0_2.2
78,7.779999999999999,7.880909090909091,3,0.022,0.033,22,-0.022781547158956528,0.30721715092658997,0.03697921708226204,0.027279384434223175,16.112367630004883,z,1.8_2.0_2.2
78,7.779999999999999,7.880909090909091,4,0.033,0.044,12,-0.024795040488243103,0.03446666896343231,0.024201298132538795,0.03941972181200981,13.775138854980469,z,1.8_2.0_2.2
78,7.779999999999999,7.880909090909091,5,0.044,0.05499999999999999,11,-0.027544496580958366,0.03359058126807213,0.03262003883719444,0.04959427937865257,10.80856990814209,z,1.8_2.0_2.2
78,7.779999999999999,7.880909090909091,6,0.05499999999999999,0.066,6,-0.01728389412164688,0.18365280330181122,0.04836218059062958,0.05945020914077759,8.858864784240723,z,1.8_2.0_2.2
78,7.779999999999999,7.880909090909091,8,0.077,0.088,7,0.05035025253891945,0.07245515286922455,0.15419065952301025,0.08423314243555069,12.016913414001465,z,1.8_2.0_2.2
78,7.779999999999999,7.880909090909091,9,0.088,0.09899999999999999,18,-0.003812085371464491,0.07130202651023865,0.10881783068180084,0.09392768144607544,9.68517017364502,z,1.8_2.0_2.2
78,7.779999999999999,7.880909090909091,10,0.09899999999999999,0.11,16,0.010474841110408306,0.0658901110291481,0.1396048367023468,0.10445095598697662,10.793773651123047,z,1.8_2.0_2.2
78,7.779999999999999,7.880909090909091,12,0.21000000000000002,0.22200000000000003,65,0.00568074407055974,0.026502378284931183,0.22910521924495697,0.21633996069431305,12.867719650268555,z,1.8_2.0_2.2
78,7.779999999999999,7.880909090909091,13,0.22200000000000003,0.234,102,0.009867332875728607,0.016031162813305855,0.24868632853031158,0.22797195613384247,11.690011024475098,z,1.8_2.0_2.2
78,7.779999999999999,7.880909090909091,14,0.234,0.24600000000000002,76,0.007761562243103981,0.01552750263363123,0.25209546089172363,0.23882544040679932,10.823892593383789,z,1.8_2.0_2.2
78,7.779999999999999,7.880909090909091,15,0.24600000000000002,0.258,40,-0.009027382358908653,0.022777223959565163,0.23084525763988495,0.25204405188560486,10.859968185424805,z,1.8_2.0_2.2
78,7.779999999999999,7.880909090909091,16,0.258,0.27,21,-0.027987109497189522,0.02203434333205223,0.19901177287101746,0.2608662247657776,9.395237922668457,z,1.8_2.0_2.2
79,7.880909090909091,7.9818181818181815,2,0.011,0.022,31,0.6961050629615784,0.9350337982177734,0.1179775521159172,0.015882093459367752,9.133581161499023,z,1.8_2.0_2.2
79,7.880909090909091,7.9818181818181815,3,0.022,0.033,22,-0.022781547158956528,0.30721715092658997,0.03697921708226204,0.027279384434223175,16.112367630004883,z,1.8_2.0_2.2
79,7.880909090909091,7.9818181818181815,4,0.033,0.044,12,-0.024795040488243103,0.03446666896343231,0.024201298132538795,0.03941972181200981,13.775138854980469,z,1.8_2.0_2.2
79,7.880909090909091,7.9818181818181815,5,0.044,0.05499999999999999,10,-0.030662881210446358,0.033889349550008774,0.030844872817397118,0.04941185563802719,11.105560302734375,z,1.8_2.0_2.2
79,7.880909090909091,7.9818181818181815,6,0.05499999999999999,0.066,6,-0.01728389412164688,0.18365280330181122,0.04836218059062958,0.05945020914077759,8.858864784240723,z,1.8_2.0_2.2
79,7.880909090909091,7.9818181818181815,8,0.077,0.088,7,0.05035025253891945,0.07245515286922455,0.15419065952301025,0.08423314243555069,12.016913414001465,z,1.8_2.0_2.2
79,7.880909090909091,7.9818181818181815,9,0.088,0.09899999999999999,15,-0.011688015423715115,0.054543428122997284,0.10132573544979095,0.0938601866364479,10.06015396118164,z,1.8_2.0_2.2
79,7.880909090909091,7.9818181818181815,10,0.09899999999999999,0.11,16,0.010474841110408306,0.0658901110291481,0.1396048367023468,0.10445095598697662,10.793773651123047,z,1.8_2.0_2.2
79,7.880909090909091,7.9818181818181815,12,0.21000000000000002,0.22200000000000003,65,0.00568074407055974,0.026502378284931183,0.22910521924495697,0.21633996069431305,12.867719650268555,z,1.8_2.0_2.2
79,7.880909090909091,7.9818181818181815,13,0.22200000000000003,0.234,100,0.009287049062550068,0.015958305448293686,0.24816249310970306,0.22798223793506622,11.766814231872559,z,1.8_2.0_2.2
79,7.880909090909091,7.9818181818181815,14,0.234,0.24600000000000002,73,0.007503419648855925,0.0156635120511055,0.25144025683403015,0.23874442279338837,10.947774887084961,z,1.8_2.0_2.2
79,7.880909090909091,7.9818181818181815,15,0.24600000000000002,0.258,39,-0.00805772002786398,0.022588709369301796,0.23221427202224731,0.2519371211528778,10.936777114868164,z,1.8_2.0_2.2
79,7.880909090909091,7.9818181818181815,16,0.258,0.27,21,-0.027987109497189522,0.02203434333205223,0.19901177287101746,0.2608662247657776,9.395237922668457,z,1.8_2.0_2.2
80,7.9818181818181815,8.082727272727272,2,0.011,0.022,30,0.7285448908805847,0.9378138780593872,0.12176438421010971,0.015988122671842575,9.172940254211426,z,1.8_2.0_2.2
80,7.9818181818181815,8.082727272727272,3,0.022,0.033,22,-0.022781547158956528,0.30721715092658997,0.03697921708226204,0.027279384434223175,16.112367630004883,z,1.8_2.0_2.2
80,7.9818181818181815,8.082727272727272,4,0.033,0.044,12,-0.024795040488243103,0.03446666896343231,0.024201298132538795,0.03941972181200981,13.775138854980469,z,1.8_2.0_2.2
80,7.9818181818181815,8.082727272727272,5,0.044,0.05499999999999999,10,-0.030662881210446358,0.033889349550008774,0.030844872817397118,0.04941185563802719,11.105560302734375,z,1.8_2.0_2.2
80,7.9818181818181815,8.082727272727272,6,0.05499999999999999,0.066,6,-0.01728389412164688,0.18365280330181122,0.04836218059062958,0.05945020914077759,8.858864784240723,z,1.8_2.0_2.2
80,7.9818181818181815,8.082727272727272,8,0.077,0.088,6,0.06083124503493309,0.07318298518657684,0.1671389490365982,0.08411891013383865,12.701823234558105,z,1.8_2.0_2.2
80,7.9818181818181815,8.082727272727272,9,0.088,0.09899999999999999,14,-0.011179549619555473,0.05628108233213425,0.10266555845737457,0.09365149587392807,10.212213516235352,z,1.8_2.0_2.2
80,7.9818181818181815,8.082727272727272,10,0.09899999999999999,0.11,15,0.013071510009467602,0.06688813865184784,0.14303414523601532,0.10433506965637207,10.982410430908203,z,1.8_2.0_2.2
80,7.9818181818181815,8.082727272727272,12,0.21000000000000002,0.22200000000000003,65,0.00568074407055974,0.026502378284931183,0.22910521924495697,0.21633996069431305,12.867719650268555,z,1.8_2.0_2.2
80,7.9818181818181815,8.082727272727272,13,0.22200000000000003,0.234,97,0.008813883177936077,0.015918878838419914,0.2474372684955597,0.22795560956001282,11.885571479797363,z,1.8_2.0_2.2
80,7.9818181818181815,8.082727272727272,14,0.234,0.24600000000000002,70,0.0074938321486115456,0.015459763817489147,0.251900315284729,0.23873405158519745,11.07608413696289,z,1.8_2.0_2.2
80,7.9818181818181815,8.082727272727272,15,0.24600000000000002,0.258,38,-0.008618579246103764,0.02268577180802822,0.23138637840747833,0.2520786225795746,11.01626205444336,z,1.8_2.0_2.2
80,7.9818181818181815,8.082727272727272,16,0.258,0.27,20,-0.027034662663936615,0.02222716622054577,0.200418159365654,0.2609182894229889,9.469046592712402,z,1.8_2.0_2.2
81,8.082727272727272,8.183636363636364,2,0.011,0.022,29,0.7644636034965515,0.9388967752456665,0.12590716779232025,0.016010476276278496,9.213129043579102,z,1.8_2.0_2.2
81,8.082727272727272,8.183636363636364,3,0.022,0.033,21,-0.02468763291835785,0.2425636202096939,0.02692352794110775,0.027223125100135803,16.497377395629883,z,1.8_2.0_2.2
81,8.082727272727272,8.183636363636364,4,0.033,0.044,12,-0.024795040488243103,0.03446666896343231,0.024201298132538795,0.03941972181200981,13.775138854980469,z,1.8_2.0_2.2
81,8.082727272727272,8.183636363636364,5,0.044,0.05499999999999999,10,-0.030662881210446358,0.033889349550008774,0.030844872817397118,0.04941185563802719,11.105560302734375,z,1.8_2.0_2.2
81,8.082727272727272,8.183636363636364,6,0.05499999999999999,0.066,5,0.0028260082472115755,0.19505786895751953,0.05741195008158684,0.05981715768575668,9.025042533874512,z,1.8_2.0_2.2
81,8.082727272727272,8.183636363636364,8,0.077,0.088,5,0.07453077286481857,0.07280684262514114,0.18496808409690857,0.08432357758283615,13.640359878540039,z,1.8_2.0_2.2
81,8.082727272727272,8.183636363636364,9,0.088,0.09899999999999999,14,-0.011179549619555473,0.05628108233213425,0.10266555845737457,0.09365149587392807,10.212213516235352,z,1.8_2.0_2.2
81,8.082727272727272,8.183636363636364,10,0.09899999999999999,0.11,15,0.013071510009467602,0.06688813865184784,0.14303414523601532,0.10433506965637207,10.982410430908203,z,1.8_2.0_2.2
81,8.082727272727272,8.183636363636364,12,0.21000000000000002,0.22200000000000003,64,0.00628915149718523,0.023884370923042297,0.23183861374855042,0.2163389027118683,12.94295597076416,z,1.8_2.0_2.2
81,8.082727272727272,8.183636363636364,13,0.22200000000000003,0.234,95,0.008844733238220215,0.016082510352134705,0.24751462042331696,0.22792036831378937,11.966154098510742,z,1.8_2.0_2.2
81,8.082727272727272,8.183636363636364,14,0.234,0.24600000000000002,64,0.007337582763284445,0.016097726300358772,0.25124403834342957,0.23844653367996216,11.360825538635254,z,1.8_2.0_2.2
81,8.082727272727272,8.183636363636364,15,0.24600000000000002,0.258,38,-0.008618579246103764,0.02268577180802822,0.23138637840747833,0.2520786225795746,11.01626205444336,z,1.8_2.0_2.2
81,8.082727272727272,8.183636363636364,16,0.258,0.27,20,-0.027034662663936615,0.02222716622054577,0.200418159365654,0.2609182894229889,9.469046592712402,z,1.8_2.0_2.2
82,8.183636363636364,8.284545454545453,2,0.011,0.022,27,0.6607294082641602,0.8984227180480957,0.11599277704954147,0.01612062007188797,9.29258918762207,z,1.8_2.0_2.2
82,8.183636363636364,8.284545454545453,3,0.022,0.033,20,-0.02567971870303154,0.025244710966944695,0.015795864164829254,0.027337927371263504,16.913604736328125,z,1.8_2.0_2.2
82,8.183636363636364,8.284545454545453,4,0.033,0.044,12,-0.024795040488243103,0.03446666896343231,0.024201298132538795,0.03941972181200981,13.775138854980469,z,1.8_2.0_2.2
82,8.183636363636364,8.284545454545453,5,0.044,0.05499999999999999,10,-0.030662881210446358,0.033889349550008774,0.030844872817397118,0.04941185563802719,11.105560302734375,z,1.8_2.0_2.2
82,8.183636363636364,8.284545454545453,6,0.05499999999999999,0.066,5,0.0028260082472115755,0.19505786895751953,0.05741195008158684,0.05981715768575668,9.025042533874512,z,1.8_2.0_2.2
82,8.183636363636364,8.284545454545453,8,0.077,0.088,5,0.07453077286481857,0.07280684262514114,0.18496808409690857,0.08432357758283615,13.640359878540039,z,1.8_2.0_2.2
82,8.183636363636364,8.284545454545453,9,0.088,0.09899999999999999,13,-0.010752696543931961,0.047260429710149765,0.11041583120822906,0.09407419711351395,10.373044967651367,z,1.8_2.0_2.2
82,8.183636363636364,8.284545454545453,10,0.09899999999999999,0.11,15,0.013071510009467602,0.06688813865184784,0.14303414523601532,0.10433506965637207,10.982410430908203,z,1.8_2.0_2.2
82,8.183636363636364,8.284545454545453,12,0.21000000000000002,0.22200000000000003,63,0.006722985301166773,0.023961469531059265,0.23242463171482086,0.2162492871284485,13.019102096557617,z,1.8_2.0_2.2
82,8.183636363636364,8.284545454545453,13,0.22200000000000003,0.234,91,0.008572046644985676,0.015956679359078407,0.2474014014005661,0.22785553336143494,12.13377857208252,z,1.8_2.0_2.2
82,8.183636363636364,8.284545454545453,14,0.234,0.24600000000000002,60,0.007623816374689341,0.016035178676247597,0.2526422441005707,0.23855501413345337,11.57689094543457,z,1.8_2.0_2.2
82,8.183636363636364,8.284545454545453,15,0.24600000000000002,0.258,38,-0.008618579246103764,0.02268577180802822,0.23138637840747833,0.2520786225795746,11.01626205444336,z,1.8_2.0_2.2
82,8.183636363636364,8.284545454545453,16,0.258,0.27,18,-0.028410302475094795,0.021242991089820862,0.19785289466381073,0.26103976368904114,9.617582321166992,z,1.8_2.0_2.2
83,8.284545454545453,8.385454545454545,2,0.011,0.022,24,0.4927264451980591,0.8767293095588684,0.09778144955635071,0.015924420207738876,9.421162605285645,z,1.8_2.0_2.2
83,8.284545454545453,8.385454545454545,3,0.022,0.033,20,-0.02567971870303154,0.025244710966944695,0.015795864164829254,0.027337927371263504,16.913604736328125,z,1.8_2.0_2.2
83,8.284545454545453,8.385454545454545,4,0.033,0.044,12,-0.024795040488243103,0.03446666896343231,0.024201298132538795,0.03941972181200981,13.775138854980469,z,1.8_2.0_2.2
83,8.284545454545453,8.385454545454545,5,0.044,0.05499999999999999,10,-0.030662881210446358,0.033889349550008774,0.030844872817397118,0.04941185563802719,11.105560302734375,z,1.8_2.0_2.2
83,8.284545454545453,8.385454545454545,6,0.05499999999999999,0.066,5,0.0028260082472115755,0.19505786895751953,0.05741195008158684,0.05981715768575668,9.025042533874512,z,1.8_2.0_2.2
83,8.284545454545453,8.385454545454545,8,0.077,0.088,5,0.07453077286481857,0.07280684262514114,0.18496808409690857,0.08432357758283615,13.640359878540039,z,1.8_2.0_2.2
83,8.284545454545453,8.385454545454545,9,0.088,0.09899999999999999,13,-0.010752696543931961,0.047260429710149765,0.11041583120822906,0.09407419711351395,10.373044967651367,z,1.8_2.0_2.2
83,8.284545454545453,8.385454545454545,10,0.09899999999999999,0.11,14,0.0031025297939777374,0.058598071336746216,0.13567613065242767,0.10425292700529099,11.179679870605469,z,1.8_2.0_2.2
83,8.284545454545453,8.385454545454545,12,0.21000000000000002,0.22200000000000003,62,0.007254021242260933,0.023984165862202644,0.2331690639257431,0.21617980301380157,13.095475196838379,z,1.8_2.0_2.2
83,8.284545454545453,8.385454545454545,13,0.22200000000000003,0.234,89,0.008254962973296642,0.01588628813624382,0.24681515991687775,0.227852463722229,12.221365928649902,z,1.8_2.0_2.2
83,8.284545454545453,8.385454545454545,14,0.234,0.24600000000000002,56,0.007350392639636993,0.016421379521489143,0.2520373463630676,0.2385876476764679,11.814697265625,z,1.8_2.0_2.2
83,8.284545454545453,8.385454545454545,15,0.24600000000000002,0.258,37,-0.007773266639560461,0.02266499027609825,0.23279999196529388,0.25222939252853394,11.090899467468262,z,1.8_2.0_2.2
83,8.284545454545453,8.385454545454545,16,0.258,0.27,18,-0.028410302475094795,0.021242991089820862,0.19785289466381073,0.26103976368904114,9.617582321166992,z,1.8_2.0_2.2
84,8.385454545454545,8.486363636363636,2,0.011,0.022,16,0.6794707179069519,0.9238097071647644,0.11336921900510788,0.01619708351790905,9.9605712890625,z,1.8_2.0_2.2
84,8.385454545454545,8.486363636363636,3,0.022,0.033,19,-0.023712698370218277,0.019861433655023575,0.01638404093682766,0.027165820822119713,17.363676071166992,z,1.8_2.0_2.2
84,8.385454545454545,8.486363636363636,4,0.033,0.044,12,-0.024795040488243103,0.03446666896343231,0.024201298132538795,0.03941972181200981,13.775138854980469,z,1.8_2.0_2.2
84,8.385454545454545,8.486363636363636,5,0.044,0.05499999999999999,10,-0.030662881210446358,0.033889349550008774,0.030844872817397118,0.04941185563802719,11.105560302734375,z,1.8_2.0_2.2
84,8.385454545454545,8.486363636363636,8,0.077,0.088,5,0.07453077286481857,0.07280684262514114,0.18496808409690857,0.08432357758283615,13.640359878540039,z,1.8_2.0_2.2
84,8.385454545454545,8.486363636363636,9,0.088,0.09899999999999999,13,-0.010752696543931961,0.047260429710149765,0.11041583120822906,0.09407419711351395,10.373044967651367,z,1.8_2.0_2.2
84,8.385454545454545,8.486363636363636,10,0.09899999999999999,0.11,14,0.0031025297939777374,0.058598071336746216,0.13567613065242767,0.10425292700529099,11.179679870605469,z,1.8_2.0_2.2
84,8.385454545454545,8.486363636363636,12,0.21000000000000002,0.22200000000000003,61,0.007657217793166637,0.023575445637106895,0.23456606268882751,0.21617716550827026,13.172703742980957,z,1.8_2.0_2.2
84,8.385454545454545,8.486363636363636,13,0.22200000000000003,0.234,84,0.008546078577637672,0.015861615538597107,0.24715480208396912,0.22768697142601013,12.452778816223145,z,1.8_2.0_2.2
84,8.385454545454545,8.486363636363636,14,0.234,0.24600000000000002,53,0.006961294915527105,0.01666303537786007,0.251245379447937,0.23859083652496338,12.010398864746094,z,1.8_2.0_2.2
84,8.385454545454545,8.486363636363636,15,0.24600000000000002,0.258,36,-0.006703474558889866,0.022281071171164513,0.23483143746852875,0.2523544728755951,11.167222023010254,z,1.8_2.0_2.2
84,8.385454545454545,8.486363636363636,16,0.258,0.27,18,-0.028410302475094795,0.021242991089820862,0.19785289466381073,0.26103976368904114,9.617582321166992,z,1.8_2.0_2.2
85,8.486363636363636,8.587272727272726,2,0.011,0.022,10,0.886515200138092,0.9589406847953796,0.1289583295583725,0.016589945182204247,10.876177787780762,z,1.8_2.0_2.2
85,8.486363636363636,8.587272727272726,3,0.022,0.033,18,-0.023818301036953926,0.020370393991470337,0.015942659229040146,0.027013003826141357,17.861644744873047,z,1.8_2.0_2.2
85,8.486363636363636,8.587272727272726,4,0.033,0.044,12,-0.024795040488243103,0.03446666896343231,0.024201298132538795,0.03941972181200981,13.775138854980469,z,1.8_2.0_2.2
85,8.486363636363636,8.587272727272726,5,0.044,0.05499999999999999,10,-0.030662881210446358,0.033889349550008774,0.030844872817397118,0.04941185563802719,11.105560302734375,z,1.8_2.0_2.2
85,8.486363636363636,8.587272727272726,8,0.077,0.088,5,0.07453077286481857,0.07280684262514114,0.18496808409690857,0.08432357758283615,13.640359878540039,z,1.8_2.0_2.2
85,8.486363636363636,8.587272727272726,9,0.088,0.09899999999999999,12,-0.01031121052801609,0.04862644895911217,0.1130642369389534,0.0942811667919159,10.534680366516113,z,1.8_2.0_2.2
85,8.486363636363636,8.587272727272726,10,0.09899999999999999,0.11,14,0.0031025297939777374,0.058598071336746216,0.13567613065242767,0.10425292700529099,11.179679870605469,z,1.8_2.0_2.2
85,8.486363636363636,8.587272727272726,12,0.21000000000000002,0.22200000000000003,61,0.007657217793166637,0.023575445637106895,0.23456606268882751,0.21617716550827026,13.172703742980957,z,1.8_2.0_2.2
85,8.486363636363636,8.587272727272726,13,0.22200000000000003,0.234,80,0.00907648541033268,0.014807291328907013,0.24903614819049835,0.22754530608654022,12.653755187988281,z,1.8_2.0_2.2
85,8.486363636363636,8.587272727272726,14,0.234,0.24600000000000002,51,0.006269338075071573,0.016951076686382294,0.2511332929134369,0.23866988718509674,12.149374961853027,z,1.8_2.0_2.2
85,8.486363636363636,8.587272727272726,15,0.24600000000000002,0.258,35,-0.005556181538850069,0.02174445241689682,0.2369297593832016,0.2521947920322418,11.244987487792969,z,1.8_2.0_2.2
85,8.486363636363636,8.587272727272726,16,0.258,0.27,17,-0.027378400787711143,0.021445775404572487,0.19960728287696838,0.2609579563140869,9.689753532409668,z,1.8_2.0_2.2
86,8.587272727272726,8.688181818181818,2,0.011,0.022,7,1.0250533819198608,0.9284442067146301,0.14651456475257874,0.017615731805562973,11.883362770080566,z,1.8_2.0_2.2
86,8.587272727272726,8.688181818181818,3,0.022,0.033,18,-0.023818301036953926,0.020370393991470337,0.015942659229040146,0.027013003826141357,17.861644744873047,z,1.8_2.0_2.2
86,8.587272727272726,8.688181818181818,4,0.033,0.044,12,-0.024795040488243103,0.03446666896343231,0.024201298132538795,0.03941972181200981,13.775138854980469,z,1.8_2.0_2.2
86,8.587272727272726,8.688181818181818,5,0.044,0.05499999999999999,10,-0.030662881210446358,0.033889349550008774,0.030844872817397118,0.04941185563802719,11.105560302734375,z,1.8_2.0_2.2
86,8.587272727272726,8.688181818181818,8,0.077,0.088,5,0.07453077286481857,0.07280684262514114,0.18496808409690857,0.08432357758283615,13.640359878540039,z,1.8_2.0_2.2
86,8.587272727272726,8.688181818181818,9,0.088,0.09899999999999999,12,-0.01031121052801609,0.04862644895911217,0.1130642369389534,0.0942811667919159,10.534680366516113,z,1.8_2.0_2.2
86,8.587272727272726,8.688181818181818,10,0.09899999999999999,0.11,14,0.0031025297939777374,0.058598071336746216,0.13567613065242767,0.10425292700529099,11.179679870605469,z,1.8_2.0_2.2
86,8.587272727272726,8.688181818181818,12,0.21000000000000002,0.22200000000000003,60,0.008116595447063446,0.023642094805836678,0.2353239208459854,0.21618908643722534,13.25053596496582,z,1.8_2.0_2.2
86,8.587272727272726,8.688181818181818,13,0.22200000000000003,0.234,77,0.009466462768614292,0.014422871172428131,0.24978472292423248,0.2273080050945282,12.814754486083984,z,1.8_2.0_2.2
86,8.587272727272726,8.688181818181818,14,0.234,0.24600000000000002,50,0.006034120451658964,0.016961388289928436,0.2506449818611145,0.23871511220932007,12.22192668914795,z,1.8_2.0_2.2
86,8.587272727272726,8.688181818181818,15,0.24600000000000002,0.258,34,-0.006144332233816385,0.021723812445998192,0.23567749559879303,0.2523024380207062,11.326103210449219,z,1.8_2.0_2.2
86,8.587272727272726,8.688181818181818,16,0.258,0.27,17,-0.027378400787711143,0.021445775404572487,0.19960728287696838,0.2609579563140869,9.689753532409668,z,1.8_2.0_2.2
87,8.688181818181818,8.789090909090909,2,0.011,0.022,5,0.7025496363639832,0.9179375767707825,0.10397467762231827,0.018662773072719574,13.172365188598633,z,1.8_2.0_2.2
87,8.688181818181818,8.789090909090909,3,0.022,0.033,18,-0.023818301036953926,0.020370393991470337,0.015942659229040146,0.027013003826141357,17.861644744873047,z,1.8_2.0_2.2
87,8.688181818181818,8.789090909090909,4,0.033,0.044,12,-0.024795040488243103,0.03446666896343231,0.024201298132538795,0.03941972181200981,13.775138854980469,z,1.8_2.0_2.2
87,8.688181818181818,8.789090909090909,5,0.044,0.05499999999999999,10,-0.030662881210446358,0.033889349550008774,0.030844872817397118,0.04941185563802719,11.105560302734375,z,1.8_2.0_2.2
87,8.688181818181818,8.789090909090909,8,0.077,0.088,5,0.07453077286481857,0.07280684262514114,0.18496808409690857,0.08432357758283615,13.640359878540039,z,1.8_2.0_2.2
87,8.688181818181818,8.789090909090909,9,0.088,0.09899999999999999,12,-0.01031121052801609,0.04862644895911217,0.1130642369389534,0.0942811667919159,10.534680366516113,z,1.8_2.0_2.2
87,8.688181818181818,8.789090909090909,10,0.09899999999999999,0.11,13,-0.005561958532780409,0.044631630182266235,0.12699130177497864,0.1043042242527008,11.378174781799316,z,1.8_2.0_2.2
87,8.688181818181818,8.789090909090909,12,0.21000000000000002,0.22200000000000003,60,0.008116595447063446,0.023642094805836678,0.2353239208459854,0.21618908643722534,13.25053596496582,z,1.8_2.0_2.2
87,8.688181818181818,8.789090909090909,13,0.22200000000000003,0.234,77,0.009466462768614292,0.014422871172428131,0.24978472292423248,0.2273080050945282,12.814754486083984,z,1.8_2.0_2.2
87,8.688181818181818,8.789090909090909,14,0.234,0.24600000000000002,47,0.005847795866429806,0.01743006706237793,0.2503916025161743,0.2387937754392624,12.450722694396973,z,1.8_2.0_2.2
87,8.688181818181818,8.789090909090909,15,0.24600000000000002,0.258,33,-0.005007777828723192,0.021548399701714516,0.23747090995311737,0.252307653427124,11.406268119812012,z,1.8_2.0_2.2
87,8.688181818181818,8.789090909090909,16,0.258,0.27,16,-0.026383748278021812,0.021792715415358543,0.20132312178611755,0.26099032163619995,9.75645637512207,z,1.8_2.0_2.2
88,8.789090909090909,8.889999999999999,3,0.022,0.033,18,-0.023818301036953926,0.020370393991470337,0.015942659229040146,0.027013003826141357,17.861644744873047,z,1.8_2.0_2.2
88,8.789090909090909,8.889999999999999,4,0.033,0.044,11,-0.031691260635852814,0.03520597517490387,0.023099975660443306,0.03942447155714035,14.235159873962402,z,1.8_2.0_2.2
88,8.789090909090909,8.889999999999999,5,0.044,0.05499999999999999,9,-0.03852340951561928,0.033410344272851944,0.028176724910736084,0.04888369143009186,11.364218711853027,z,1.8_2.0_2.2
88,8.789090909090909,8.889999999999999,8,0.077,0.088,5,0.07453077286481857,0.07280684262514114,0.18496808409690857,0.08432357758283615,13.640359878540039,z,1.8_2.0_2.2
88,8.789090909090909,8.889999999999999,9,0.088,0.09899999999999999,12,-0.01031121052801609,0.04862644895911217,0.1130642369389534,0.0942811667919159,10.534680366516113,z,1.8_2.0_2.2
88,8.789090909090909,8.889999999999999,10,0.09899999999999999,0.11,13,-0.005561958532780409,0.044631630182266235,0.12699130177497864,0.1043042242527008,11.378174781799316,z,1.8_2.0_2.2
88,8.789090909090909,8.889999999999999,12,0.21000000000000002,0.22200000000000003,58,0.008371916599571705,0.02070041187107563,0.2375812977552414,0.2161146104335785,13.406915664672852,z,1.8_2.0_2.2
88,8.789090909090909,8.889999999999999,13,0.22200000000000003,0.234,76,0.009285311214625835,0.01438692957162857,0.24940064549446106,0.22726616263389587,12.868643760681152,z,1.8_2.0_2.2
88,8.789090909090909,8.889999999999999,14,0.234,0.24600000000000002,47,0.005847795866429806,0.01743006706237793,0.2503916025161743,0.2387937754392624,12.450722694396973,z,1.8_2.0_2.2
88,8.789090909090909,8.889999999999999,15,0.24600000000000002,0.258,31,-0.00333387847058475,0.021013792604207993,0.24137432873249054,0.2521715462207794,11.579882621765137,z,1.8_2.0_2.2
88,8.789090909090909,8.889999999999999,16,0.258,0.27,14,-0.023672262206673622,0.022169625386595726,0.20631907880306244,0.26088759303092957,9.901863098144531,z,1.8_2.0_2.2
89,8.889999999999999,8.99090909090909,3,0.022,0.033,18,-0.023818301036953926,0.020370393991470337,0.015942659229040146,0.027013003826141357,17.861644744873047,z,1.8_2.0_2.2
89,8.889999999999999,8.99090909090909,4,0.033,0.044,11,-0.031691260635852814,0.03520597517490387,0.023099975660443306,0.03942447155714035,14.235159873962402,z,1.8_2.0_2.2
89,8.889999999999999,8.99090909090909,5,0.044,0.05499999999999999,9,-0.03852340951561928,0.033410344272851944,0.028176724910736084,0.04888369143009186,11.364218711853027,z,1.8_2.0_2.2
89,8.889999999999999,8.99090909090909,9,0.088,0.09899999999999999,11,0.0006638234481215477,0.05025504156947136,0.1162172481417656,0.09477543830871582,10.688319206237793,z,1.8_2.0_2.2
89,8.889999999999999,8.99090909090909,10,0.09899999999999999,0.11,11,0.004956578835844994,0.04717610776424408,0.1338452249765396,0.10436128824949265,11.845539093017578,z,1.8_2.0_2.2
89,8.889999999999999,8.99090909090909,12,0.21000000000000002,0.22200000000000003,58,0.008371916599571705,0.02070041187107563,0.2375812977552414,0.2161146104335785,13.406915664672852,z,1.8_2.0_2.2
89,8.889999999999999,8.99090909090909,13,0.22200000000000003,0.234,75,0.009120293892920017,0.014264916069805622,0.2489602416753769,0.22729189693927765,12.922101974487305,z,1.8_2.0_2.2
89,8.889999999999999,8.99090909090909,14,0.234,0.24600000000000002,46,0.005941817071288824,0.017618507146835327,0.25057142972946167,0.23883365094661713,12.529175758361816,z,1.8_2.0_2.2
89,8.889999999999999,8.99090909090909,15,0.24600000000000002,0.258,31,-0.00333387847058475,0.021013792604207993,0.24137432873249054,0.2521715462207794,11.579882621765137,z,1.8_2.0_2.2
89,8.889999999999999,8.99090909090909,16,0.258,0.27,14,-0.023672262206673622,0.022169625386595726,0.20631907880306244,0.26088759303092957,9.901863098144531,z,1.8_2.0_2.2
90,8.99090909090909,9.091818181818182,3,0.022,0.033,18,-0.023818301036953926,0.020370393991470337,0.015942659229040146,0.027013003826141357,17.861644744873047,z,1.8_2.0_2.2
90,8.99090909090909,9.091818181818182,4,0.033,0.044,11,-0.031691260635852814,0.03520597517490387,0.023099975660443306,0.03942447155714035,14.235159873962402,z,1.8_2.0_2.2
90,8.99090909090909,9.091818181818182,5,0.044,0.05499999999999999,9,-0.03852340951561928,0.033410344272851944,0.028176724910736084,0.04888369143009186,11.364218711853027,z,1.8_2.0_2.2
90,8.99090909090909,9.091818181818182,9,0.088,0.09899999999999999,11,0.0006638234481215477,0.05025504156947136,0.1162172481417656,0.09477543830871582,10.688319206237793,z,1.8_2.0_2.2
90,8.99090909090909,9.091818181818182,10,0.09899999999999999,0.11,11,0.004956578835844994,0.04717610776424408,0.1338452249765396,0.10436128824949265,11.845539093017578,z,1.8_2.0_2.2
90,8.99090909090909,9.091818181818182,12,0.21000000000000002,0.22200000000000003,58,0.008371916599571705,0.02070041187107563,0.2375812977552414,0.2161146104335785,13.406915664672852,z,1.8_2.0_2.2
90,8.99090909090909,9.091818181818182,13,0.22200000000000003,0.234,74,0.009110471233725548,0.014356986619532108,0.24902088940143585,0.2273242026567459,12.975360870361328,z,1.8_2.0_2.2
90,8.99090909090909,9.091818181818182,14,0.234,0.24600000000000002,46,0.005941817071288824,0.017618507146835327,0.25057142972946167,0.23883365094661713,12.529175758361816,z,1.8_2.0_2.2
90,8.99090909090909,9.091818181818182,15,0.24600000000000002,0.258,31,-0.00333387847058475,0.021013792604207993,0.24137432873249054,0.2521715462207794,11.579882621765137,z,1.8_2.0_2.2
90,8.99090909090909,9.091818181818182,16,0.258,0.27,12,-0.02562018111348152,0.021600857377052307,0.2036116123199463,0.26063424348831177,10.068297386169434,z,1.8_2.0_2.2
91,9.091818181818182,9.192727272727272,3,0.022,0.033,18,-0.023818301036953926,0.020370393991470337,0.015942659229040146,0.027013003826141357,17.861644744873047,z,1.8_2.0_2.2
91,9.091818181818182,9.192727272727272,4,0.033,0.044,11,-0.031691260635852814,0.03520597517490387,0.023099975660443306,0.03942447155714035,14.235159873962402,z,1.8_2.0_2.2
91,9.091818181818182,9.192727272727272,5,0.044,0.05499999999999999,9,-0.03852340951561928,0.033410344272851944,0.028176724910736084,0.04888369143009186,11.364218711853027,z,1.8_2.0_2.2
91,9.091818181818182,9.192727272727272,9,0.088,0.09899999999999999,11,0.0006638234481215477,0.05025504156947136,0.1162172481417656,0.09477543830871582,10.688319206237793,z,1.8_2.0_2.2
91,9.091818181818182,9.192727272727272,10,0.09899999999999999,0.11,11,0.004956578835844994,0.04717610776424408,0.1338452249765396,0.10436128824949265,11.845539093017578,z,1.8_2.0_2.2
91,9.091818181818182,9.192727272727272,12,0.21000000000000002,0.22200000000000003,56,0.008662638254463673,0.020290249958634377,0.2380196750164032,0.21612490713596344,13.562654495239258,z,1.8_2.0_2.2
91,9.091818181818182,9.192727272727272,13,0.22200000000000003,0.234,74,0.009110471233725548,0.014356986619532108,0.24902088940143585,0.2273242026567459,12.975360870361328,z,1.8_2.0_2.2
91,9.091818181818182,9.192727272727272,14,0.234,0.24600000000000002,45,0.005723210517317057,0.01773439347743988,0.2501779794692993,0.23883357644081116,12.606094360351562,z,1.8_2.0_2.2
91,9.091818181818182,9.192727272727272,15,0.24600000000000002,0.258,29,-0.000612585456110537,0.020233863964676857,0.2459285408258438,0.25197383761405945,11.756231307983398,z,1.8_2.0_2.2
91,9.091818181818182,9.192727272727272,16,0.258,0.27,12,-0.02562018111348152,0.021600857377052307,0.2036116123199463,0.26063424348831177,10.068297386169434,z,1.8_2.0_2.2
92,9.192727272727272,9.293636363636363,3,0.022,0.033,18,-0.023818301036953926,0.020370393991470337,0.015942659229040146,0.027013003826141357,17.861644744873047,z,1.8_2.0_2.2
92,9.192727272727272,9.293636363636363,4,0.033,0.044,11,-0.031691260635852814,0.03520597517490387,0.023099975660443306,0.03942447155714035,14.235159873962402,z,1.8_2.0_2.2
92,9.192727272727272,9.293636363636363,5,0.044,0.05499999999999999,9,-0.03852340951561928,0.033410344272851944,0.028176724910736084,0.04888369143009186,11.364218711853027,z,1.8_2.0_2.2
92,9.192727272727272,9.293636363636363,9,0.088,0.09899999999999999,9,0.01741509698331356,0.05413179099559784,0.12361208349466324,0.09516952931880951,11.024680137634277,z,1.8_2.0_2.2
92,9.192727272727272,9.293636363636363,10,0.09899999999999999,0.11,11,0.004956578835844994,0.04717610776424408,0.1338452249765396,0.10436128824949265,11.845539093017578,z,1.8_2.0_2.2
92,9.192727272727272,9.293636363636363,12,0.21000000000000002,0.22200000000000003,53,0.010474763810634613,0.01597343012690544,0.24395932257175446,0.21628396213054657,13.814484596252441,z,1.8_2.0_2.2
92,9.192727272727272,9.293636363636363,13,0.22200000000000003,0.234,73,0.008949239738285542,0.014339693821966648,0.24863430857658386,0.22728309035301208,13.027542114257812,z,1.8_2.0_2.2
92,9.192727272727272,9.293636363636363,14,0.234,0.24600000000000002,42,0.006181446835398674,0.01693522185087204,0.2512887418270111,0.23887917399406433,12.854403495788574,z,1.8_2.0_2.2
92,9.192727272727272,9.293636363636363,15,0.24600000000000002,0.258,28,0.0010723148006945848,0.019328126683831215,0.24910248816013336,0.2520553767681122,11.84827995300293,z,1.8_2.0_2.2
92,9.192727272727272,9.293636363636363,16,0.258,0.27,12,-0.02562018111348152,0.021600857377052307,0.2036116123199463,0.26063424348831177,10.068297386169434,z,1.8_2.0_2.2
93,9.293636363636363,9.394545454545455,3,0.022,0.033,16,-0.020319802686572075,0.013658863492310047,0.016708318144083023,0.027064863592386246,18.94245147705078,z,1.8_2.0_2.2
93,9.293636363636363,9.394545454545455,4,0.033,0.044,11,-0.031691260635852814,0.03520597517490387,0.023099975660443306,0.03942447155714035,14.235159873962402,z,1.8_2.0_2.2
93,9.293636363636363,9.394545454545455,5,0.044,0.05499999999999999,8,-0.030662881210446358,0.026451678946614265,0.031329911202192307,0.048915162682533264,11.626901626586914,z,1.8_2.0_2.2
93,9.293636363636363,9.394545454545455,9,0.088,0.09899999999999999,9,0.01741509698331356,0.05413179099559784,0.12361208349466324,0.09516952931880951,11.024680137634277,z,1.8_2.0_2.2
93,9.293636363636363,9.394545454545455,10,0.09899999999999999,0.11,10,0.007777651771903038,0.04844921827316284,0.13881154358386993,0.10473233461380005,12.101045608520508,z,1.8_2.0_2.2
93,9.293636363636363,9.394545454545455,12,0.21000000000000002,0.22200000000000003,53,0.010474763810634613,0.01597343012690544,0.24395932257175446,0.21628396213054657,13.814484596252441,z,1.8_2.0_2.2
93,9.293636363636363,9.394545454545455,13,0.22200000000000003,0.234,73,0.008949239738285542,0.014339693821966648,0.24863430857658386,0.22728309035301208,13.027542114257812,z,1.8_2.0_2.2
93,9.293636363636363,9.394545454545455,14,0.234,0.24600000000000002,41,0.00633410457521677,0.016628175973892212,0.2528597116470337,0.23886576294898987,12.942789077758789,z,1.8_2.0_2.2
93,9.293636363636363,9.394545454545455,15,0.24600000000000002,0.258,27,0.002574108075350523,0.018885262310504913,0.25170284509658813,0.25217658281326294,11.945578575134277,z,1.8_2.0_2.2
93,9.293636363636363,9.394545454545455,16,0.258,0.27,12,-0.02562018111348152,0.021600857377052307,0.2036116123199463,0.26063424348831177,10.068297386169434,z,1.8_2.0_2.2
94,9.394545454545455,9.495454545454544,3,0.022,0.033,16,-0.020319802686572075,0.013658863492310047,0.016708318144083023,0.027064863592386246,18.94245147705078,z,1.8_2.0_2.2
94,9.394545454545455,9.495454545454544,4,0.033,0.044,11,-0.031691260635852814,0.03520597517490387,0.023099975660443306,0.03942447155714035,14.235159873962402,z,1.8_2.0_2.2
94,9.394545454545455,9.495454545454544,5,0.044,0.05499999999999999,8,-0.030662881210446358,0.026451678946614265,0.031329911202192307,0.048915162682533264,11.626901626586914,z,1.8_2.0_2.2
94,9.394545454545455,9.495454545454544,9,0.088,0.09899999999999999,8,0.020579339936375618,0.05662526562809944,0.12817305326461792,0.09530854225158691,11.236263275146484,z,1.8_2.0_2.2
94,9.394545454545455,9.495454545454544,10,0.09899999999999999,0.11,9,0.018559075891971588,0.05025724321603775,0.1439644694328308,0.10502134263515472,12.405078887939453,z,1.8_2.0_2.2
94,9.394545454545455,9.495454545454544,12,0.21000000000000002,0.22200000000000003,52,0.010161148384213448,0.01582014560699463,0.2432195097208023,0.21623533964157104,13.899901390075684,z,1.8_2.0_2.2
94,9.394545454545455,9.495454545454544,13,0.22200000000000003,0.234,73,0.008949239738285542,0.014339693821966648,0.24863430857658386,0.22728309035301208,13.027542114257812,z,1.8_2.0_2.2
94,9.394545454545455,9.495454545454544,14,0.234,0.24600000000000002,41,0.00633410457521677,0.016628175973892212,0.2528597116470337,0.23886576294898987,12.942789077758789,z,1.8_2.0_2.2
94,9.394545454545455,9.495454545454544,15,0.24600000000000002,0.258,26,0.004447774961590767,0.017465656623244286,0.2552952468395233,0.251952588558197,12.047389030456543,z,1.8_2.0_2.2
94,9.394545454545455,9.495454545454544,16,0.258,0.27,11,-0.022233428433537483,0.022116592153906822,0.2065211683511734,0.260740727186203,10.138266563415527,z,1.8_2.0_2.2
95,9.495454545454544,9.596363636363636,3,0.022,0.033,16,-0.020319802686572075,0.013658863492310047,0.016708318144083023,0.027064863592386246,18.94245147705078,z,1.8_2.0_2.2
95,9.495454545454544,9.596363636363636,4,0.033,0.044,11,-0.031691260635852814,0.03520597517490387,0.023099975660443306,0.03942447155714035,14.235159873962402,z,1.8_2.0_2.2
95,9.495454545454544,9.596363636363636,5,0.044,0.05499999999999999,8,-0.030662881210446358,0.026451678946614265,0.031329911202192307,0.048915162682533264,11.626901626586914,z,1.8_2.0_2.2
95,9.495454545454544,9.596363636363636,9,0.088,0.09899999999999999,7,0.024926450103521347,0.05927311256527901,0.1337829977273941,0.09491870552301407,11.490273475646973,z,1.8_2.0_2.2
95,9.495454545454544,9.596363636363636,10,0.09899999999999999,0.11,9,0.018559075891971588,0.05025724321603775,0.1439644694328308,0.10502134263515472,12.405078887939453,z,1.8_2.0_2.2
95,9.495454545454544,9.596363636363636,12,0.21000000000000002,0.22200000000000003,52,0.010161148384213448,0.01582014560699463,0.2432195097208023,0.21623533964157104,13.899901390075684,z,1.8_2.0_2.2
95,9.495454545454544,9.596363636363636,13,0.22200000000000003,0.234,73,0.008949239738285542,0.014339693821966648,0.24863430857658386,0.22728309035301208,13.027542114257812,z,1.8_2.0_2.2
95,9.495454545454544,9.596363636363636,14,0.234,0.24600000000000002,40,0.007361052557826042,0.016149157658219337,0.2546534538269043,0.2387860268354416,13.029080390930176,z,1.8_2.0_2.2
95,9.495454545454544,9.596363636363636,15,0.24600000000000002,0.258,25,0.004169461317360401,0.017677944153547287,0.25426310300827026,0.25185200572013855,12.152604103088379,z,1.8_2.0_2.2
95,9.495454545454544,9.596363636363636,16,0.258,0.27,10,-0.026020299643278122,0.02092507667839527,0.19899874925613403,0.26089179515838623,10.208883285522461,z,1.8_2.0_2.2
96,9.596363636363636,9.697272727272727,3,0.022,0.033,16,-0.020319802686572075,0.013658863492310047,0.016708318144083023,0.027064863592386246,18.94245147705078,z,1.8_2.0_2.2
96,9.596363636363636,9.697272727272727,4,0.033,0.044,11,-0.031691260635852814,0.03520597517490387,0.023099975660443306,0.03942447155714035,14.235159873962402,z,1.8_2.0_2.2
96,9.596363636363636,9.697272727272727,5,0.044,0.05499999999999999,8,-0.030662881210446358,0.026451678946614265,0.031329911202192307,0.048915162682533264,11.626901626586914,z,1.8_2.0_2.2
96,9.596363636363636,9.697272727272727,9,0.088,0.09899999999999999,7,0.024926450103521347,0.05927311256527901,0.1337829977273941,0.09491870552301407,11.490273475646973,z,1.8_2.0_2.2
96,9.596363636363636,9.697272727272727,10,0.09899999999999999,0.11,9,0.018559075891971588,0.05025724321603775,0.1439644694328308,0.10502134263515472,12.405078887939453,z,1.8_2.0_2.2
96,9.596363636363636,9.697272727272727,12,0.21000000000000002,0.22200000000000003,52,0.010161148384213448,0.01582014560699463,0.2432195097208023,0.21623533964157104,13.899901390075684,z,1.8_2.0_2.2
96,9.596363636363636,9.697272727272727,13,0.22200000000000003,0.234,71,0.008949239738285542,0.013802570290863514,0.24926574528217316,0.22733841836452484,13.125929832458496,z,1.8_2.0_2.2
96,9.596363636363636,9.697272727272727,14,0.234,0.24600000000000002,40,0.007361052557826042,0.016149157658219337,0.2546534538269043,0.2387860268354416,13.029080390930176,z,1.8_2.0_2.2
96,9.596363636363636,9.697272727272727,15,0.24600000000000002,0.258,25,0.004169461317360401,0.017677944153547287,0.25426310300827026,0.25185200572013855,12.152604103088379,z,1.8_2.0_2.2
96,9.596363636363636,9.697272727272727,16,0.258,0.27,9,-0.02225491590797901,0.02136280946433544,0.20292717218399048,0.2606313228607178,10.282060623168945,z,1.8_2.0_2.2
97,9.697272727272727,9.798181818181817,3,0.022,0.033,16,-0.020319802686572075,0.013658863492310047,0.016708318144083023,0.027064863592386246,18.94245147705078,z,1.8_2.0_2.2
97,9.697272727272727,9.798181818181817,4,0.033,0.044,11,-0.031691260635852814,0.03520597517490387,0.023099975660443306,0.03942447155714035,14.235159873962402,z,1.8_2.0_2.2
97,9.697272727272727,9.798181818181817,5,0.044,0.05499999999999999,8,-0.030662881210446358,0.026451678946614265,0.031329911202192307,0.048915162682533264,11.626901626586914,z,1.8_2.0_2.2
97,9.697272727272727,9.798181818181817,9,0.088,0.09899999999999999,6,0.030682779848575592,0.06218443810939789,0.14243321120738983,0.09569603949785233,11.796652793884277,z,1.8_2.0_2.2
97,9.697272727272727,9.798181818181817,10,0.09899999999999999,0.11,9,0.018559075891971588,0.05025724321603775,0.1439644694328308,0.10502134263515472,12.405078887939453,z,1.8_2.0_2.2
97,9.697272727272727,9.798181818181817,12,0.21000000000000002,0.22200000000000003,51,0.009651903063058853,0.015948409214615822,0.24328553676605225,0.21635666489601135,13.98326587677002,z,1.8_2.0_2.2
97,9.697272727272727,9.798181818181817,13,0.22200000000000003,0.234,70,0.008884024806320667,0.013882728293538094,0.24918365478515625,0.22733759880065918,13.17575740814209,z,1.8_2.0_2.2
97,9.697272727272727,9.798181818181817,14,0.234,0.24600000000000002,37,0.009609736502170563,0.014450437389314175,0.2593396306037903,0.23875240981578827,13.304214477539062,z,1.8_2.0_2.2
97,9.697272727272727,9.798181818181817,15,0.24600000000000002,0.258,25,0.004169461317360401,0.017677944153547287,0.25426310300827026,0.25185200572013855,12.152604103088379,z,1.8_2.0_2.2
97,9.697272727272727,9.798181818181817,16,0.258,0.27,7,-0.017688671126961708,0.02218618616461754,0.21383845806121826,0.26048383116722107,10.461565017700195,z,1.8_2.0_2.2
98,9.798181818181817,9.899090909090908,3,0.022,0.033,16,-0.020319802686572075,0.013658863492310047,0.016708318144083023,0.027064863592386246,18.94245147705078,z,1.8_2.0_2.2
98,9.798181818181817,9.899090909090908,4,0.033,0.044,11,-0.031691260635852814,0.03520597517490387,0.023099975660443306,0.03942447155714035,14.235159873962402,z,1.8_2.0_2.2
98,9.798181818181817,9.899090909090908,5,0.044,0.05499999999999999,8,-0.030662881210446358,0.026451678946614265,0.031329911202192307,0.048915162682533264,11.626901626586914,z,1.8_2.0_2.2
98,9.798181818181817,9.899090909090908,9,0.088,0.09899999999999999,5,0.03918652981519699,0.06485679000616074,0.15450169146060944,0.09628627449274063,12.21485710144043,z,1.8_2.0_2.2
98,9.798181818181817,9.899090909090908,10,0.09899999999999999,0.11,8,0.02314002439379692,0.05150386691093445,0.1508011519908905,0.10458675771951675,12.731101989746094,z,1.8_2.0_2.2
98,9.798181818181817,9.899090909090908,12,0.21000000000000002,0.22200000000000003,50,0.009317716583609581,0.01567636802792549,0.24250398576259613,0.21644054353237152,14.06847858428955,z,1.8_2.0_2.2
98,9.798181818181817,9.899090909090908,13,0.22200000000000003,0.234,68,0.00861095730215311,0.01377173326909542,0.24832779169082642,0.22735486924648285,13.276437759399414,z,1.8_2.0_2.2
98,9.798181818181817,9.899090909090908,14,0.234,0.24600000000000002,36,0.010665890760719776,0.013606814667582512,0.2614976763725281,0.23858840763568878,13.402926445007324,z,1.8_2.0_2.2
98,9.798181818181817,9.899090909090908,15,0.24600000000000002,0.258,25,0.004169461317360401,0.017677944153547287,0.25426310300827026,0.25185200572013855,12.152604103088379,z,1.8_2.0_2.2
98,9.798181818181817,9.899090909090908,16,0.258,0.27,7,-0.017688671126961708,0.02218618616461754,0.21383845806121826,0.26048383116722107,10.461565017700195,z,1.8_2.0_2.2
99,9.899090909090908,10.0,3,0.022,0.033,16,-0.020319802686572075,0.013658863492310047,0.016708318144083023,0.027064863592386246,18.94245147705078,z,1.8_2.0_2.2
99,9.899090909090908,10.0,4,0.033,0.044,10,-0.02447759546339512,0.03152823820710182,0.02506188489496708,0.03949210047721863,14.678716659545898,z,1.8_2.0_2.2
99,9.899090909090908,10.0,5,0.044,0.05499999999999999,8,-0.030662881210446358,0.026451678946614265,0.031329911202192307,0.048915162682533264,11.626901626586914,z,1.8_2.0_2.2
99,9.899090909090908,10.0,9,0.088,0.09899999999999999,5,0.03918652981519699,0.06485679000616074,0.15450169146060944,0.09628627449274063,12.21485710144043,z,1.8_2.0_2.2
99,9.899090909090908,10.0,10,0.09899999999999999,0.11,6,0.036297351121902466,0.05332859978079796,0.1710100620985031,0.10363835841417313,13.693127632141113,z,1.8_2.0_2.2
99,9.899090909090908,10.0,12,0.21000000000000002,0.22200000000000003,50,0.009317716583609581,0.01567636802792549,0.24250398576259613,0.21644054353237152,14.06847858428955,z,1.8_2.0_2.2
99,9.899090909090908,10.0,13,0.22200000000000003,0.234,67,0.00908953882753849,0.01343438122421503,0.2493041604757309,0.22726117074489594,13.327437400817871,z,1.8_2.0_2.2
99,9.899090909090908,10.0,14,0.234,0.24600000000000002,34,0.010481510311365128,0.013875428587198257,0.26109862327575684,0.23873856663703918,13.613582611083984,z,1.8_2.0_2.2
99,9.899090909090908,10.0,15,0.24600000000000002,0.258,25,0.004169461317360401,0.017677944153547287,0.25426310300827026,0.25185200572013855,12.152604103088379,z,1.8_2.0_2.2
99,9.899090909090908,10.0,16,0.258,0.27,7,-0.017688671126961708,0.02218618616461754,0.21383845806121826,0.26048383116722107,10.461565017700195,z,1.8_2.0_2.2
100,10.0,inf,3,0.022,0.033,16,-0.020319802686572075,0.013658863492310047,0.016708318144083023,0.027064863592386246,18.94245147705078,z,1.8_2.0_2.2
100,10.0,inf,4,0.033,0.044,10,-0.02447759546339512,0.03152823820710182,0.02506188489496708,0.03949210047721863,14.678716659545898,z,1.8_2.0_2.2
100,10.0,inf,5,0.044,0.05499999999999999,8,-0.030662881210446358,0.026451678946614265,0.031329911202192307,0.048915162682533264,11.626901626586914,z,1.8_2.0_2.2
100,10.0,inf,12,0.21000000000000002,0.22200000000000003,48,0.01007987093180418,0.014857219532132149,0.24468468129634857,0.2164386510848999,14.240557670593262,z,1.8_2.0_2.2
100,10.0,inf,13,0.22200000000000003,0.234,66,0.00957790482789278,0.012915135361254215,0.2504839599132538,0.22719250619411469,13.378281593322754,z,1.8_2.0_2.2
100,10.0,inf,14,0.234,0.24600000000000002,33,0.01037489902228117,0.013974505476653576,0.26063477993011475,0.23874908685684204,13.726032257080078,z,1.8_2.0_2.2
100,10.0,inf,15,0.24600000000000002,0.258,25,0.004169461317360401,0.017677944153547287,0.25426310300827026,0.25185200572013855,12.152604103088379,z,1.8_2.0_2.2
100,10.0,inf,16,0.258,0.27,6,-0.014613022096455097,0.022539908066391945,0.22156335413455963,0.2602395713329315,10.54227352142334,z,1.8_2.0_2.2
