total_std_bin,total_std_lo,total_std_hi,pred_bin,pred_lo,pred_hi,n,mean_alpha,std_alpha,mean_GT,mean_pred,mean_total_std,axis,eps
0,0.0,0.01,1,-0.57,-0.45699999999999996,4072,-0.13305720686912537,0.9145220518112183,-0.4794810116291046,-0.5038418769836426,0.19761548936367035,x,1.8_1.9_2.0_2.1_2.2
0,0.0,0.01,2,-0.45699999999999996,-0.344,144295,0.3678346574306488,6.660827159881592,-0.37363022565841675,-0.3757965564727783,0.15255999565124512,x,1.8_1.9_2.0_2.1_2.2
0,0.0,0.01,3,-0.344,-0.23099999999999998,89890,0.430947482585907,1.972856879234314,-0.287097692489624,-0.28752410411834717,0.624208390712738,x,1.8_1.9_2.0_2.1_2.2
0,0.0,0.01,4,-0.23099999999999998,-0.118,102920,0.7696595788002014,3.708667516708374,-0.18217149376869202,-0.1732441931962967,0.5760790705680847,x,1.8_1.9_2.0_2.1_2.2
0,0.0,0.01,5,-0.118,-0.0050000000000000044,141659,5.940701961517334,43.81427764892578,-0.10862074047327042,-0.05357746034860611,0.37929901480674744,x,1.8_1.9_2.0_2.1_2.2
0,0.0,0.01,7,0.095,0.19,76258,0.4931786358356476,4.544066905975342,0.17921562492847443,0.14101171493530273,0.42316514253616333,x,1.8_1.9_2.0_2.1_2.2
0,0.0,0.01,8,0.19,0.28500000000000003,61604,0.29774603247642517,2.177328586578369,0.2524909973144531,0.23654237389564514,0.4957698583602905,x,1.8_1.9_2.0_2.1_2.2
0,0.0,0.01,9,0.28500000000000003,0.38,71484,-0.01705271564424038,1.8613882064819336,0.3420076370239258,0.33746448159217834,0.21805620193481445,x,1.8_1.9_2.0_2.1_2.2
0,0.0,0.01,10,0.38,0.475,12631,-0.40702322125434875,1.8538780212402344,0.4027555286884308,0.40150338411331177,0.25170767307281494,x,1.8_1.9_2.0_2.1_2.2
0,0.0,0.01,11,0.475,0.57,2471,0.1242528110742569,0.45400330424308777,0.5123974680900574,0.5094102025032043,0.2264292687177658,x,1.8_1.9_2.0_2.1_2.2
0,0.0,0.01,12,0.57,inf,58,-0.1000002771615982,0.06131565198302269,0.5235698819160461,0.5806233882904053,1.3943188190460205,x,1.8_1.9_2.0_2.1_2.2
1,0.01,0.27263157894736845,1,-0.57,-0.45699999999999996,4072,-0.13305720686912537,0.9145220518112183,-0.4794810116291046,-0.5038418769836426,0.19761548936367035,x,1.8_1.9_2.0_2.1_2.2
1,0.01,0.27263157894736845,2,-0.45699999999999996,-0.344,80410,0.1757909059524536,3.030423164367676,-0.3693109154701233,-0.37388259172439575,0.26994946599006653,x,1.8_1.9_2.0_2.1_2.2
1,0.01,0.27263157894736845,3,-0.344,-0.23099999999999998,87644,0.3833519220352173,1.9639322757720947,-0.28694280982017517,-0.28751811385154724,0.6399878263473511,x,1.8_1.9_2.0_2.1_2.2
1,0.01,0.27263157894736845,4,-0.23099999999999998,-0.118,100936,0.7161077260971069,3.706585645675659,-0.182251438498497,-0.17323879897594452,0.5872357487678528,x,1.8_1.9_2.0_2.1_2.2
1,0.01,0.27263157894736845,5,-0.118,-0.0050000000000000044,139472,5.907773971557617,44.0994873046875,-0.10933773964643478,-0.05349305272102356,0.3851184546947479,x,1.8_1.9_2.0_2.1_2.2
1,0.01,0.27263157894736845,7,0.095,0.19,72428,0.720356822013855,4.494455814361572,0.18121951818466187,0.14077791571617126,0.44508835673332214,x,1.8_1.9_2.0_2.1_2.2
1,0.01,0.27263157894736845,8,0.19,0.28500000000000003,57050,0.3540712893009186,2.1356630325317383,0.25364917516708374,0.23637346923351288,0.5346657633781433,x,1.8_1.9_2.0_2.1_2.2
1,0.01,0.27263157894736845,9,0.28500000000000003,0.38,56450,0.1498831808567047,1.6335337162017822,0.3374924659729004,0.3314041793346405,0.27453339099884033,x,1.8_1.9_2.0_2.1_2.2
1,0.01,0.27263157894736845,10,0.38,0.475,8215,-0.13112731277942657,0.9823740124702454,0.4136519730091095,0.4101234972476959,0.38429784774780273,x,1.8_1.9_2.0_2.1_2.2
1,0.01,0.27263157894736845,11,0.475,0.57,2471,0.1242528110742569,0.45400330424308777,0.5123974680900574,0.5094102025032043,0.2264292687177658,x,1.8_1.9_2.0_2.1_2.2
1,0.01,0.27263157894736845,12,0.57,inf,58,-0.1000002771615982,0.06131565198302269,0.5235698819160461,0.5806233882904053,1.3943188190460205,x,1.8_1.9_2.0_2.1_2.2
2,0.27263157894736845,0.5352631578947369,1,-0.57,-0.45699999999999996,510,-0.042649440467357635,0.8068554997444153,-0.43300265073776245,-0.48943468928337097,0.9911941885948181,x,1.8_1.9_2.0_2.1_2.2
2,0.27263157894736845,0.5352631578947369,2,-0.45699999999999996,-0.344,14517,0.015121204778552055,0.5685047507286072,-0.3379136323928833,-0.37076258659362793,1.2189946174621582,x,1.8_1.9_2.0_2.1_2.2
2,0.27263157894736845,0.5352631578947369,3,-0.344,-0.23099999999999998,30094,0.1000884398818016,0.6174058318138123,-0.275147408246994,-0.2880321443080902,1.750937819480896,x,1.8_1.9_2.0_2.1_2.2
2,0.27263157894736845,0.5352631578947369,4,-0.23099999999999998,-0.118,37667,0.42975375056266785,1.5201677083969116,-0.19280818104743958,-0.1729172170162201,1.4774279594421387,x,1.8_1.9_2.0_2.1_2.2
2,0.27263157894736845,0.5352631578947369,5,-0.118,-0.0050000000000000044,52177,8.583761215209961,41.7645378112793,-0.14445063471794128,-0.052369192242622375,0.858727216720581,x,1.8_1.9_2.0_2.1_2.2
2,0.27263157894736845,0.5352631578947369,7,0.095,0.19,26819,1.1753885746002197,2.673258066177368,0.23523801565170288,0.14006341993808746,1.0906198024749756,x,1.8_1.9_2.0_2.1_2.2
2,0.27263157894736845,0.5352631578947369,8,0.19,0.28500000000000003,16399,0.13585342466831207,0.5835205912590027,0.2779638469219208,0.23545220494270325,1.7123852968215942,x,1.8_1.9_2.0_2.1_2.2
2,0.27263157894736845,0.5352631578947369,9,0.28500000000000003,0.38,9135,0.06565266847610474,0.306773841381073,0.34128960967063904,0.32018473744392395,1.4313596487045288,x,1.8_1.9_2.0_2.1_2.2
2,0.27263157894736845,0.5352631578947369,10,0.38,0.475,1327,0.05720081552863121,0.17769809067249298,0.4579586088657379,0.4190863370895386,2.1160404682159424,x,1.8_1.9_2.0_2.1_2.2
2,0.27263157894736845,0.5352631578947369,11,0.475,0.57,258,-0.0015569948591291904,0.09970024228096008,0.5134581327438354,0.5113222599029541,1.633750319480896,x,1.8_1.9_2.0_2.1_2.2
2,0.27263157894736845,0.5352631578947369,12,0.57,inf,58,-0.1000002771615982,0.06131565198302269,0.5235698819160461,0.5806233882904053,1.3943188190460205,x,1.8_1.9_2.0_2.1_2.2
3,0.5352631578947369,0.7978947368421053,1,-0.57,-0.45699999999999996,249,-0.09357365220785141,0.10628034919500351,-0.43087491393089294,-0.48351535201072693,1.6565626859664917,x,1.8_1.9_2.0_2.1_2.2
3,0.5352631578947369,0.7978947368421053,2,-0.45699999999999996,-0.344,9117,-0.004566003568470478,0.4952300786972046,-0.32039138674736023,-0.3706754148006439,1.7158876657485962,x,1.8_1.9_2.0_2.1_2.2
3,0.5352631578947369,0.7978947368421053,3,-0.344,-0.23099999999999998,21543,0.02384452149271965,0.43191689252853394,-0.25828656554222107,-0.29016566276550293,2.290949821472168,x,1.8_1.9_2.0_2.1_2.2
3,0.5352631578947369,0.7978947368421053,4,-0.23099999999999998,-0.118,21147,0.10328810662031174,0.937381386756897,-0.15905103087425232,-0.17666323482990265,2.323963165283203,x,1.8_1.9_2.0_2.1_2.2
3,0.5352631578947369,0.7978947368421053,5,-0.118,-0.0050000000000000044,14714,-0.3028280436992645,8.731805801391602,-0.026071609929203987,-0.06333613395690918,2.1652867794036865,x,1.8_1.9_2.0_2.1_2.2
3,0.5352631578947369,0.7978947368421053,7,0.095,0.19,12886,0.4586685299873352,1.1165096759796143,0.22953854501247406,0.1426641345024109,1.8949304819107056,x,1.8_1.9_2.0_2.1_2.2
3,0.5352631578947369,0.7978947368421053,8,0.19,0.28500000000000003,11522,0.11791472882032394,0.319582462310791,0.2841492295265198,0.23491352796554565,2.2799856662750244,x,1.8_1.9_2.0_2.1_2.2
3,0.5352631578947369,0.7978947368421053,9,0.28500000000000003,0.38,5651,0.048880577087402344,0.17962300777435303,0.3455321788787842,0.31794092059135437,2.0811824798583984,x,1.8_1.9_2.0_2.1_2.2
3,0.5352631578947369,0.7978947368421053,10,0.38,0.475,1041,0.042178552597761154,0.11904029548168182,0.4560117721557617,0.41555091738700867,2.589806318283081,x,1.8_1.9_2.0_2.1_2.2
3,0.5352631578947369,0.7978947368421053,11,0.475,0.57,156,0.0009405774180777371,0.03196137398481369,0.5169558525085449,0.5118318200111389,2.465564489364624,x,1.8_1.9_2.0_2.1_2.2
3,0.5352631578947369,0.7978947368421053,12,0.57,inf,52,-0.088902547955513,0.05090276524424553,0.5238642692565918,0.5814688801765442,1.5053367614746094,x,1.8_1.9_2.0_2.1_2.2
4,0.7978947368421053,1.0605263157894738,1,-0.57,-0.45699999999999996,237,-0.10243644565343857,0.10157850384712219,-0.4273006319999695,-0.483642041683197,1.711310863494873,x,1.8_1.9_2.0_2.1_2.2
4,0.7978947368421053,1.0605263157894738,2,-0.45699999999999996,-0.344,6471,-0.006246091332286596,0.33745822310447693,-0.3132586181163788,-0.3714393377304077,2.150395154953003,x,1.8_1.9_2.0_2.1_2.2
4,0.7978947368421053,1.0605263157894738,3,-0.344,-0.23099999999999998,16532,0.003948680125176907,0.3802802264690399,-0.24354536831378937,-0.29135552048683167,2.785158634185791,x,1.8_1.9_2.0_2.1_2.2
4,0.7978947368421053,1.0605263157894738,4,-0.23099999999999998,-0.118,14809,0.07146613299846649,0.7932144403457642,-0.13997508585453033,-0.17625854909420013,3.0373384952545166,x,1.8_1.9_2.0_2.1_2.2
4,0.7978947368421053,1.0605263157894738,5,-0.118,-0.0050000000000000044,9926,-0.37756508588790894,5.900633811950684,-0.006841425318270922,-0.0638255774974823,2.8964755535125732,x,1.8_1.9_2.0_2.1_2.2
4,0.7978947368421053,1.0605263157894738,7,0.095,0.19,8976,0.3788454532623291,0.7475330233573914,0.2402358502149582,0.14221525192260742,2.43410325050354,x,1.8_1.9_2.0_2.1_2.2
4,0.7978947368421053,1.0605263157894738,8,0.19,0.28500000000000003,8993,0.12317123264074326,0.23705802857875824,0.2945498824119568,0.23487120866775513,2.7332046031951904,x,1.8_1.9_2.0_2.1_2.2
4,0.7978947368421053,1.0605263157894738,9,0.28500000000000003,0.38,4185,0.04439781606197357,0.111613430082798,0.35454848408699036,0.31882497668266296,2.5780067443847656,x,1.8_1.9_2.0_2.1_2.2
4,0.7978947368421053,1.0605263157894738,10,0.38,0.475,888,0.035198524594306946,0.10610092431306839,0.45705318450927734,0.41524237394332886,2.9218943119049072,x,1.8_1.9_2.0_2.1_2.2
4,0.7978947368421053,1.0605263157894738,11,0.475,0.57,131,0.001985048409551382,0.021979765966534615,0.5182581543922424,0.5122729539871216,2.812931537628174,x,1.8_1.9_2.0_2.1_2.2
4,0.7978947368421053,1.0605263157894738,12,0.57,inf,39,-0.06725835055112839,0.03503311425447464,0.5252646803855896,0.5826250314712524,1.79265296459198,x,1.8_1.9_2.0_2.1_2.2
5,1.0605263157894738,1.3231578947368423,1,-0.57,-0.45699999999999996,137,-0.0467723123729229,0.10602899640798569,-0.4409363269805908,-0.48626652359962463,2.2712883949279785,x,1.8_1.9_2.0_2.1_2.2
5,1.0605263157894738,1.3231578947368423,2,-0.45699999999999996,-0.344,4790,-0.0063515095971524715,0.28596845269203186,-0.3016965389251709,-0.3711034655570984,2.580707550048828,x,1.8_1.9_2.0_2.1_2.2
5,1.0605263157894738,1.3231578947368423,3,-0.344,-0.23099999999999998,12956,0.00499893631786108,0.33642610907554626,-0.23375973105430603,-0.2915270924568176,3.300725221633911,x,1.8_1.9_2.0_2.1_2.2
5,1.0605263157894738,1.3231578947368423,4,-0.23099999999999998,-0.118,11680,0.021747034043073654,0.7239083647727966,-0.11838941276073456,-0.1762753427028656,3.606618642807007,x,1.8_1.9_2.0_2.1_2.2
5,1.0605263157894738,1.3231578947368423,5,-0.118,-0.0050000000000000044,7317,-0.38037994503974915,4.990328788757324,0.0027280470822006464,-0.06496600061655045,3.603102207183838,x,1.8_1.9_2.0_2.1_2.2
5,1.0605263157894738,1.3231578947368423,7,0.095,0.19,6923,0.3496396243572235,0.6011285185813904,0.2493804395198822,0.14057782292366028,2.886819839477539,x,1.8_1.9_2.0_2.1_2.2
5,1.0605263157894738,1.3231578947368423,8,0.19,0.28500000000000003,7134,0.1131964772939682,0.15813985466957092,0.3038492500782013,0.236167311668396,3.205270290374756,x,1.8_1.9_2.0_2.1_2.2
5,1.0605263157894738,1.3231578947368423,9,0.28500000000000003,0.38,3368,0.04518730565905571,0.08388234674930573,0.36068195104599,0.31895530223846436,2.9818778038024902,x,1.8_1.9_2.0_2.1_2.2
5,1.0605263157894738,1.3231578947368423,10,0.38,0.475,643,0.043858952820301056,0.08282402157783508,0.47406911849975586,0.4182486832141876,3.684756278991699,x,1.8_1.9_2.0_2.1_2.2
5,1.0605263157894738,1.3231578947368423,11,0.475,0.57,115,0.003715756582096219,0.017662717029452324,0.5192391276359558,0.5114264488220215,3.076629877090454,x,1.8_1.9_2.0_2.1_2.2
5,1.0605263157894738,1.3231578947368423,12,0.57,inf,30,-0.05418969318270683,0.023783348500728607,0.5268253087997437,0.5827930569648743,2.058649778366089,x,1.8_1.9_2.0_2.1_2.2
6,1.3231578947368423,1.5857894736842106,1,-0.57,-0.45699999999999996,98,-0.011727072298526764,0.10173815488815308,-0.4497154653072357,-0.48399618268013,2.7060842514038086,x,1.8_1.9_2.0_2.1_2.2
6,1.3231578947368423,1.5857894736842106,2,-0.45699999999999996,-0.344,3593,-0.008359376341104507,0.2657621204853058,-0.28561365604400635,-0.3708786964416504,3.0448338985443115,x,1.8_1.9_2.0_2.1_2.2
6,1.3231578947368423,1.5857894736842106,3,-0.344,-0.23099999999999998,10603,0.0025106407701969147,0.29373592138290405,-0.22523656487464905,-0.29129424691200256,3.7684054374694824,x,1.8_1.9_2.0_2.1_2.2
6,1.3231578947368423,1.5857894736842106,4,-0.23099999999999998,-0.118,9847,-0.03320910781621933,0.680245578289032,-0.09641242027282715,-0.17652304470539093,4.058138370513916,x,1.8_1.9_2.0_2.1_2.2
6,1.3231578947368423,1.5857894736842106,5,-0.118,-0.0050000000000000044,5826,-0.3968604803085327,4.277724266052246,0.011177269741892815,-0.06553506851196289,4.221500396728516,x,1.8_1.9_2.0_2.1_2.2
6,1.3231578947368423,1.5857894736842106,7,0.095,0.19,5756,0.3231560289859772,0.5314169526100159,0.2543140649795532,0.1403246819972992,3.231473207473755,x,1.8_1.9_2.0_2.1_2.2
6,1.3231578947368423,1.5857894736842106,8,0.19,0.28500000000000003,6053,0.10137206315994263,0.13123595714569092,0.30687063932418823,0.23690567910671234,3.567528486251831,x,1.8_1.9_2.0_2.1_2.2
6,1.3231578947368423,1.5857894736842106,9,0.28500000000000003,0.38,2851,0.04207867756485939,0.07544012367725372,0.3628891408443451,0.31875845789909363,3.3070735931396484,x,1.8_1.9_2.0_2.1_2.2
6,1.3231578947368423,1.5857894736842106,10,0.38,0.475,527,0.04462463781237602,0.06454508751630783,0.4869695007801056,0.4205700755119324,4.237585067749023,x,1.8_1.9_2.0_2.1_2.2
6,1.3231578947368423,1.5857894736842106,11,0.475,0.57,105,0.0050942786037921906,0.016000475734472275,0.5199719071388245,0.5106782913208008,3.257553815841675,x,1.8_1.9_2.0_2.1_2.2
6,1.3231578947368423,1.5857894736842106,12,0.57,inf,23,-0.044267620891332626,0.01742558740079403,0.5272546410560608,0.581769585609436,2.322622776031494,x,1.8_1.9_2.0_2.1_2.2
7,1.5857894736842106,1.848421052631579,1,-0.57,-0.45699999999999996,80,-0.011669989675283432,0.10305672138929367,-0.4422251284122467,-0.4823835492134094,2.9893455505371094,x,1.8_1.9_2.0_2.1_2.2
7,1.5857894736842106,1.848421052631579,2,-0.45699999999999996,-0.344,2809,-0.016956431791186333,0.253842294216156,-0.26697832345962524,-0.3703473210334778,3.491177797317505,x,1.8_1.9_2.0_2.1_2.2
7,1.5857894736842106,1.848421052631579,3,-0.344,-0.23099999999999998,8923,-0.0010227359598502517,0.26629534363746643,-0.21627891063690186,-0.29071855545043945,4.206083297729492,x,1.8_1.9_2.0_2.1_2.2
7,1.5857894736842106,1.848421052631579,4,-0.23099999999999998,-0.118,8630,-0.0685339868068695,0.6468541622161865,-0.08078458905220032,-0.17694827914237976,4.425942420959473,x,1.8_1.9_2.0_2.1_2.2
7,1.5857894736842106,1.848421052631579,5,-0.118,-0.0050000000000000044,4710,-0.4177040755748749,3.703141450881958,0.01754225604236126,-0.06662310659885406,4.877871036529541,x,1.8_1.9_2.0_2.1_2.2
7,1.5857894736842106,1.848421052631579,7,0.095,0.19,4793,0.3032419681549072,0.4807364046573639,0.2592385411262512,0.14014624059200287,3.590394973754883,x,1.8_1.9_2.0_2.1_2.2
7,1.5857894736842106,1.848421052631579,8,0.19,0.28500000000000003,5186,0.09332258999347687,0.1192941814661026,0.3094708025455475,0.23706506192684174,3.9204723834991455,x,1.8_1.9_2.0_2.1_2.2
7,1.5857894736842106,1.848421052631579,9,0.28500000000000003,0.38,2451,0.039037272334098816,0.06980767101049423,0.3645614981651306,0.3184748589992523,3.6098291873931885,x,1.8_1.9_2.0_2.1_2.2
7,1.5857894736842106,1.848421052631579,10,0.38,0.475,470,0.0404396653175354,0.05019783601164818,0.49255040287971497,0.4217374622821808,4.574404716491699,x,1.8_1.9_2.0_2.1_2.2
7,1.5857894736842106,1.848421052631579,11,0.475,0.57,98,0.005735773127526045,0.015013951808214188,0.5205994248390198,0.5103595852851868,3.3860766887664795,x,1.8_1.9_2.0_2.1_2.2
7,1.5857894736842106,1.848421052631579,12,0.57,inf,18,-0.038280196487903595,0.013228630647063255,0.5281894207000732,0.5815142393112183,2.556009531021118,x,1.8_1.9_2.0_2.1_2.2
8,1.848421052631579,2.1110526315789473,1,-0.57,-0.45699999999999996,61,-0.009329686872661114,0.11016961932182312,-0.43151384592056274,-0.48032820224761963,3.387903928756714,x,1.8_1.9_2.0_2.1_2.2
8,1.848421052631579,2.1110526315789473,2,-0.45699999999999996,-0.344,2210,-0.025906452909111977,0.2384820282459259,-0.24797086417675018,-0.37064695358276367,3.9733309745788574,x,1.8_1.9_2.0_2.1_2.2
8,1.848421052631579,2.1110526315789473,3,-0.344,-0.23099999999999998,7734,-0.0046015228144824505,0.24153591692447662,-0.20926398038864136,-0.29006221890449524,4.589215278625488,x,1.8_1.9_2.0_2.1_2.2
8,1.848421052631579,2.1110526315789473,4,-0.23099999999999998,-0.118,7547,-0.0872751772403717,0.597863495349884,-0.0692438930273056,-0.17766864597797394,4.815148830413818,x,1.8_1.9_2.0_2.1_2.2
8,1.848421052631579,2.1110526315789473,5,-0.118,-0.0050000000000000044,3928,-0.3859955668449402,3.2049643993377686,0.022080985829234123,-0.0669163390994072,5.508904933929443,x,1.8_1.9_2.0_2.1_2.2
8,1.848421052631579,2.1110526315789473,7,0.095,0.19,3999,0.2815732955932617,0.43974655866622925,0.26299217343330383,0.14009782671928406,3.9618334770202637,x,1.8_1.9_2.0_2.1_2.2
8,1.848421052631579,2.1110526315789473,8,0.19,0.28500000000000003,4462,0.08477723598480225,0.10867902636528015,0.3106718957424164,0.2374066263437271,4.279314041137695,x,1.8_1.9_2.0_2.1_2.2
8,1.848421052631579,2.1110526315789473,9,0.28500000000000003,0.38,1996,0.03425207734107971,0.06444855034351349,0.3674844205379486,0.31881260871887207,4.042263031005859,x,1.8_1.9_2.0_2.1_2.2
8,1.848421052631579,2.1110526315789473,10,0.38,0.475,425,0.0385526567697525,0.038865234702825546,0.4969335198402405,0.42151254415512085,4.875607967376709,x,1.8_1.9_2.0_2.1_2.2
8,1.848421052631579,2.1110526315789473,11,0.475,0.57,90,0.006663287524133921,0.01383397076278925,0.5208070874214172,0.5091915130615234,3.53694224357605,x,1.8_1.9_2.0_2.1_2.2
8,1.848421052631579,2.1110526315789473,12,0.57,inf,16,-0.03604908660054207,0.01227972935885191,0.5281481742858887,0.5810259580612183,2.6565678119659424,x,1.8_1.9_2.0_2.1_2.2
9,2.1110526315789473,2.373684210526316,1,-0.57,-0.45699999999999996,48,-0.005090930499136448,0.11965401470661163,-0.4197761118412018,-0.47838282585144043,3.7828948497772217,x,1.8_1.9_2.0_2.1_2.2
9,2.1110526315789473,2.373684210526316,2,-0.45699999999999996,-0.344,1779,-0.03763975575566292,0.2321663498878479,-0.22570225596427917,-0.3716467022895813,4.4587931632995605,x,1.8_1.9_2.0_2.1_2.2
9,2.1110526315789473,2.373684210526316,3,-0.344,-0.23099999999999998,6812,-0.009228105656802654,0.22946672141551971,-0.20013728737831116,-0.2891964912414551,4.942361831665039,x,1.8_1.9_2.0_2.1_2.2
9,2.1110526315789473,2.373684210526316,4,-0.23099999999999998,-0.118,6547,-0.09977498650550842,0.5526517033576965,-0.05784251540899277,-0.1783692091703415,5.24806547164917,x,1.8_1.9_2.0_2.1_2.2
9,2.1110526315789473,2.373684210526316,5,-0.118,-0.0050000000000000044,3320,-0.3778868317604065,2.8061749935150146,0.030182821676135063,-0.06689798831939697,6.157228469848633,x,1.8_1.9_2.0_2.1_2.2
9,2.1110526315789473,2.373684210526316,7,0.095,0.19,3393,0.2705976665019989,0.40732985734939575,0.26764705777168274,0.14036312699317932,4.317334175109863,x,1.8_1.9_2.0_2.1_2.2
9,2.1110526315789473,2.373684210526316,8,0.19,0.28500000000000003,3921,0.07898417860269547,0.10272341221570969,0.3124886155128479,0.23802734911441803,4.596872329711914,x,1.8_1.9_2.0_2.1_2.2
9,2.1110526315789473,2.373684210526316,9,0.28500000000000003,0.38,1710,0.0325719490647316,0.0612262561917305,0.37120985984802246,0.31916582584381104,4.388190269470215,x,1.8_1.9_2.0_2.1_2.2
9,2.1110526315789473,2.373684210526316,10,0.38,0.475,382,0.03748628497123718,0.0296920258551836,0.5018961429595947,0.4211839735507965,5.202952861785889,x,1.8_1.9_2.0_2.1_2.2
9,2.1110526315789473,2.373684210526316,11,0.475,0.57,82,0.007082466967403889,0.01264168880879879,0.5222020745277405,0.5098486542701721,3.688981533050537,x,1.8_1.9_2.0_2.1_2.2
9,2.1110526315789473,2.373684210526316,12,0.57,inf,12,-0.03139370679855347,0.008613929152488708,0.5287199020385742,0.5799042582511902,2.9003703594207764,x,1.8_1.9_2.0_2.1_2.2
10,2.373684210526316,2.6363157894736844,1,-0.57,-0.45699999999999996,39,0.002631333190947771,0.13263331353664398,-0.41102027893066406,-0.4750559329986572,4.142068386077881,x,1.8_1.9_2.0_2.1_2.2
10,2.373684210526316,2.6363157894736844,2,-0.45699999999999996,-0.344,1456,-0.04784001410007477,0.2255154848098755,-0.2036786824464798,-0.37317049503326416,4.952844142913818,x,1.8_1.9_2.0_2.1_2.2
10,2.373684210526316,2.6363157894736844,3,-0.344,-0.23099999999999998,5905,-0.014550602994859219,0.21452119946479797,-0.18970665335655212,-0.2880854308605194,5.357479095458984,x,1.8_1.9_2.0_2.1_2.2
10,2.373684210526316,2.6363157894736844,4,-0.23099999999999998,-0.118,5605,-0.09771371632814407,0.5054717659950256,-0.04993170127272606,-0.17940054833889008,5.753442764282227,x,1.8_1.9_2.0_2.1_2.2
10,2.373684210526316,2.6363157894736844,5,-0.118,-0.0050000000000000044,2886,-0.3655663728713989,2.559877872467041,0.03485514968633652,-0.06646619737148285,6.7467122077941895,x,1.8_1.9_2.0_2.1_2.2
10,2.373684210526316,2.6363157894736844,7,0.095,0.19,2912,0.26141566038131714,0.3790241777896881,0.27133673429489136,0.14059312641620636,4.660205364227295,x,1.8_1.9_2.0_2.1_2.2
10,2.373684210526316,2.6363157894736844,8,0.19,0.28500000000000003,3466,0.07470528036355972,0.09832768142223358,0.31352269649505615,0.23787078261375427,4.906615257263184,x,1.8_1.9_2.0_2.1_2.2
10,2.373684210526316,2.6363157894736844,9,0.28500000000000003,0.38,1462,0.032378144562244415,0.05649624764919281,0.37588372826576233,0.31920793652534485,4.751979827880859,x,1.8_1.9_2.0_2.1_2.2
10,2.373684210526316,2.6363157894736844,10,0.38,0.475,345,0.036395326256752014,0.02279161661863327,0.5052670836448669,0.4208749532699585,5.521597385406494,x,1.8_1.9_2.0_2.1_2.2
10,2.373684210526316,2.6363157894736844,11,0.475,0.57,76,0.007474782411009073,0.012081379070878029,0.5238842368125916,0.5107699632644653,3.801105260848999,x,1.8_1.9_2.0_2.1_2.2
10,2.373684210526316,2.6363157894736844,12,0.57,inf,8,-0.028152719140052795,0.006515301298350096,0.5291855335235596,0.5803480744361877,3.231581687927246,x,1.8_1.9_2.0_2.1_2.2
11,2.6363157894736844,2.8989473684210525,1,-0.57,-0.45699999999999996,32,0.011030350811779499,0.14625439047813416,-0.4016953706741333,-0.4727649688720703,4.500487327575684,x,1.8_1.9_2.0_2.1_2.2
11,2.6363157894736844,2.8989473684210525,2,-0.45699999999999996,-0.344,1264,-0.055706314742565155,0.22011040151119232,-0.18667113780975342,-0.3742566704750061,5.324836254119873,x,1.8_1.9_2.0_2.1_2.2
11,2.6363157894736844,2.8989473684210525,3,-0.344,-0.23099999999999998,5131,-0.020101305097341537,0.20132237672805786,-0.1783594936132431,-0.2873722016811371,5.788524150848389,x,1.8_1.9_2.0_2.1_2.2
11,2.6363157894736844,2.8989473684210525,4,-0.23099999999999998,-0.118,4855,-0.0965501070022583,0.4660188555717468,-0.04143666848540306,-0.18008506298065186,6.256329536437988,x,1.8_1.9_2.0_2.1_2.2
11,2.6363157894736844,2.8989473684210525,5,-0.118,-0.0050000000000000044,2560,-0.38067418336868286,2.3416085243225098,0.0416669137775898,-0.06592202931642532,7.287539482116699,x,1.8_1.9_2.0_2.1_2.2
11,2.6363157894736844,2.8989473684210525,7,0.095,0.19,2434,0.2519373297691345,0.3538161516189575,0.27563345432281494,0.1407996416091919,5.084124565124512,x,1.8_1.9_2.0_2.1_2.2
11,2.6363157894736844,2.8989473684210525,8,0.19,0.28500000000000003,3073,0.0720394030213356,0.09406895190477371,0.31534531712532043,0.23775669932365417,5.213711261749268,x,1.8_1.9_2.0_2.1_2.2
11,2.6363157894736844,2.8989473684210525,9,0.28500000000000003,0.38,1207,0.030844006687402725,0.05145364999771118,0.3823557198047638,0.3203616440296173,5.2259368896484375,x,1.8_1.9_2.0_2.1_2.2
11,2.6363157894736844,2.8989473684210525,10,0.38,0.475,320,0.03534501791000366,0.01948489621281624,0.5061002969741821,0.42056283354759216,5.757288455963135,x,1.8_1.9_2.0_2.1_2.2
11,2.6363157894736844,2.8989473684210525,11,0.475,0.57,67,0.007106423377990723,0.01165047474205494,0.5240194201469421,0.5107185244560242,3.967604398727417,x,1.8_1.9_2.0_2.1_2.2
11,2.6363157894736844,2.8989473684210525,12,0.57,inf,7,-0.028433814644813538,0.006919624749571085,0.5286635160446167,0.5817503929138184,3.3328049182891846,x,1.8_1.9_2.0_2.1_2.2
12,2.8989473684210525,3.161578947368421,1,-0.57,-0.45699999999999996,31,0.0001433296565664932,0.14850355684757233,-0.3996385335922241,-0.4725509285926819,4.5556230545043945,x,1.8_1.9_2.0_2.1_2.2
12,2.8989473684210525,3.161578947368421,2,-0.45699999999999996,-0.344,1079,-0.06396890431642532,0.2134273648262024,-0.16692467033863068,-0.3749617338180542,5.764328956604004,x,1.8_1.9_2.0_2.1_2.2
12,2.8989473684210525,3.161578947368421,3,-0.344,-0.23099999999999998,4508,-0.026951318606734276,0.19242063164710999,-0.1656273901462555,-0.28686749935150146,6.206192493438721,x,1.8_1.9_2.0_2.1_2.2
12,2.8989473684210525,3.161578947368421,4,-0.23099999999999998,-0.118,4144,-0.09169838577508926,0.4171029329299927,-0.03437478840351105,-0.18148216605186462,6.854131698608398,x,1.8_1.9_2.0_2.1_2.2
12,2.8989473684210525,3.161578947368421,5,-0.118,-0.0050000000000000044,2303,-0.3843095004558563,2.225409507751465,0.0472596250474453,-0.06531919538974762,7.792651653289795,x,1.8_1.9_2.0_2.1_2.2
12,2.8989473684210525,3.161578947368421,7,0.095,0.19,2064,0.24365144968032837,0.3307746350765228,0.2802202105522156,0.1408361941576004,5.500169277191162,x,1.8_1.9_2.0_2.1_2.2
12,2.8989473684210525,3.161578947368421,8,0.19,0.28500000000000003,2791,0.07033573091030121,0.09150691330432892,0.31735309958457947,0.23784129321575165,5.4614362716674805,x,1.8_1.9_2.0_2.1_2.2
12,2.8989473684210525,3.161578947368421,9,0.28500000000000003,0.38,1025,0.03191479295492172,0.04814206063747406,0.38872700929641724,0.32058343291282654,5.6633477210998535,x,1.8_1.9_2.0_2.1_2.2
12,2.8989473684210525,3.161578947368421,10,0.38,0.475,299,0.03486303612589836,0.019133292138576508,0.5078710317611694,0.419901043176651,5.967621803283691,x,1.8_1.9_2.0_2.1_2.2
12,2.8989473684210525,3.161578947368421,11,0.475,0.57,57,0.008021117188036442,0.011096419766545296,0.5275689959526062,0.5123061537742615,4.171642303466797,x,1.8_1.9_2.0_2.1_2.2
13,3.161578947368421,3.4242105263157896,1,-0.57,-0.45699999999999996,28,0.0008189476793631911,0.15578880906105042,-0.39229869842529297,-0.47227105498313904,4.713504314422607,x,1.8_1.9_2.0_2.1_2.2
13,3.161578947368421,3.4242105263157896,2,-0.45699999999999996,-0.344,894,-0.07764040678739548,0.20407751202583313,-0.13512466847896576,-0.375544935464859,6.329832553863525,x,1.8_1.9_2.0_2.1_2.2
13,3.161578947368421,3.4242105263157896,3,-0.344,-0.23099999999999998,3941,-0.03315230458974838,0.18478736281394958,-0.15187151730060577,-0.2864741384983063,6.664050579071045,x,1.8_1.9_2.0_2.1_2.2
13,3.161578947368421,3.4242105263157896,4,-0.23099999999999998,-0.118,3594,-0.0981244221329689,0.3883422613143921,-0.02265406772494316,-0.18232664465904236,7.439389228820801,x,1.8_1.9_2.0_2.1_2.2
13,3.161578947368421,3.4242105263157896,5,-0.118,-0.0050000000000000044,2072,-0.37428948283195496,2.137542486190796,0.05028512328863144,-0.06475759297609329,8.325030326843262,x,1.8_1.9_2.0_2.1_2.2
13,3.161578947368421,3.4242105263157896,7,0.095,0.19,1746,0.22185653448104858,0.3094489276409149,0.2834338843822479,0.14188694953918457,5.950748920440674,x,1.8_1.9_2.0_2.1_2.2
13,3.161578947368421,3.4242105263157896,8,0.19,0.28500000000000003,2525,0.06815201044082642,0.0906011238694191,0.3189910054206848,0.23789121210575104,5.7174458503723145,x,1.8_1.9_2.0_2.1_2.2
13,3.161578947368421,3.4242105263157896,9,0.28500000000000003,0.38,840,0.03506442531943321,0.04541525989770889,0.3983302414417267,0.3206436038017273,6.244570732116699,x,1.8_1.9_2.0_2.1_2.2
13,3.161578947368421,3.4242105263157896,10,0.38,0.475,274,0.03431200608611107,0.017137909308075905,0.5102879405021667,0.41951027512550354,6.236316204071045,x,1.8_1.9_2.0_2.1_2.2
13,3.161578947368421,3.4242105263157896,11,0.475,0.57,48,0.0081328134983778,0.011507602408528328,0.5284814834594727,0.5125382542610168,4.384545803070068,x,1.8_1.9_2.0_2.1_2.2
14,3.4242105263157896,3.6868421052631577,1,-0.57,-0.45699999999999996,26,0.001360120833851397,0.16127832233905792,-0.3866819739341736,-0.47225421667099,4.821633815765381,x,1.8_1.9_2.0_2.1_2.2
14,3.4242105263157896,3.6868421052631577,2,-0.45699999999999996,-0.344,745,-0.08980003744363785,0.19257012009620667,-0.10141532123088837,-0.37614181637763977,6.940108299255371,x,1.8_1.9_2.0_2.1_2.2
14,3.4242105263157896,3.6868421052631577,3,-0.344,-0.23099999999999998,3427,-0.03764162212610245,0.17737413942813873,-0.13948757946491241,-0.28662699460983276,7.1710429191589355,x,1.8_1.9_2.0_2.1_2.2
14,3.4242105263157896,3.6868421052631577,4,-0.23099999999999998,-0.118,3050,-0.11523929983377457,0.3660614490509033,-0.001956742024049163,-0.18203678727149963,8.179821014404297,x,1.8_1.9_2.0_2.1_2.2
14,3.4242105263157896,3.6868421052631577,5,-0.118,-0.0050000000000000044,1871,-0.36023393273353577,2.0334038734436035,0.053238775581121445,-0.06489826738834381,8.865580558776855,x,1.8_1.9_2.0_2.1_2.2
14,3.4242105263157896,3.6868421052631577,7,0.095,0.19,1478,0.2063748687505722,0.28742650151252747,0.28999608755111694,0.14317269623279572,6.43310022354126,x,1.8_1.9_2.0_2.1_2.2
14,3.4242105263157896,3.6868421052631577,8,0.19,0.28500000000000003,2302,0.0663401335477829,0.08937816321849823,0.32012590765953064,0.23793351650238037,5.9528303146362305,x,1.8_1.9_2.0_2.1_2.2
14,3.4242105263157896,3.6868421052631577,9,0.28500000000000003,0.38,730,0.03721114248037338,0.043172482401132584,0.40694722533226013,0.3219210207462311,6.689172744750977,x,1.8_1.9_2.0_2.1_2.2
14,3.4242105263157896,3.6868421052631577,10,0.38,0.475,252,0.0337495431303978,0.015512448735535145,0.5122553706169128,0.41924357414245605,6.491481304168701,x,1.8_1.9_2.0_2.1_2.2
14,3.4242105263157896,3.6868421052631577,11,0.475,0.57,38,0.008914430625736713,0.010800782591104507,0.5305503010749817,0.5117322206497192,4.680149555206299,x,1.8_1.9_2.0_2.1_2.2
15,3.6868421052631577,3.9494736842105262,1,-0.57,-0.45699999999999996,23,0.02038595825433731,0.13838249444961548,-0.4134675860404968,-0.47314509749412537,4.987978458404541,x,1.8_1.9_2.0_2.1_2.2
15,3.6868421052631577,3.9494736842105262,2,-0.45699999999999996,-0.344,639,-0.08794339001178741,0.1787690669298172,-0.09021919965744019,-0.37785059213638306,7.502720355987549,x,1.8_1.9_2.0_2.1_2.2
15,3.6868421052631577,3.9494736842105262,3,-0.344,-0.23099999999999998,3071,-0.04322291538119316,0.17200471460819244,-0.12653309106826782,-0.2861502170562744,7.589651107788086,x,1.8_1.9_2.0_2.1_2.2
15,3.6868421052631577,3.9494736842105262,4,-0.23099999999999998,-0.118,2662,-0.12657664716243744,0.3373531401157379,0.012573907151818275,-0.1832059770822525,8.853517532348633,x,1.8_1.9_2.0_2.1_2.2
15,3.6868421052631577,3.9494736842105262,5,-0.118,-0.0050000000000000044,1710,-0.3546227216720581,1.916618824005127,0.057431455701589584,-0.06485653668642044,9.366390228271484,x,1.8_1.9_2.0_2.1_2.2
15,3.6868421052631577,3.9494736842105262,7,0.095,0.19,1275,0.1872815638780594,0.28435787558555603,0.2904777526855469,0.1444835215806961,6.891879558563232,x,1.8_1.9_2.0_2.1_2.2
15,3.6868421052631577,3.9494736842105262,8,0.19,0.28500000000000003,2109,0.06493306905031204,0.08734319359064102,0.3216165006160736,0.23810020089149475,6.173304080963135,x,1.8_1.9_2.0_2.1_2.2
15,3.6868421052631577,3.9494736842105262,9,0.28500000000000003,0.38,657,0.03758712857961655,0.04143160954117775,0.4126371443271637,0.32324010133743286,7.037864685058594,x,1.8_1.9_2.0_2.1_2.2
15,3.6868421052631577,3.9494736842105262,10,0.38,0.475,234,0.033690616488456726,0.014219019562005997,0.5140576958656311,0.41836225986480713,6.716987133026123,x,1.8_1.9_2.0_2.1_2.2
15,3.6868421052631577,3.9494736842105262,11,0.475,0.57,33,0.00989286508411169,0.011034206487238407,0.5331982970237732,0.5124527215957642,4.849381923675537,x,1.8_1.9_2.0_2.1_2.2
16,3.9494736842105262,4.212105263157895,1,-0.57,-0.45699999999999996,22,0.021549493074417114,0.1413288116455078,-0.41091451048851013,-0.4734472930431366,5.04193115234375,x,1.8_1.9_2.0_2.1_2.2
16,3.9494736842105262,4.212105263157895,2,-0.45699999999999996,-0.344,586,-0.08119108527898788,0.16615182161331177,-0.0929553285241127,-0.37835192680358887,7.836077690124512,x,1.8_1.9_2.0_2.1_2.2
16,3.9494736842105262,4.212105263157895,3,-0.344,-0.23099999999999998,2761,-0.04713300243020058,0.16621533036231995,-0.11507859081029892,-0.2853984534740448,8.013410568237305,x,1.8_1.9_2.0_2.1_2.2
16,3.9494736842105262,4.212105263157895,4,-0.23099999999999998,-0.118,2351,-0.14183025062084198,0.3173113763332367,0.030844977125525475,-0.1838671714067459,9.519293785095215,x,1.8_1.9_2.0_2.1_2.2
16,3.9494736842105262,4.212105263157895,5,-0.118,-0.0050000000000000044,1561,-0.3568609356880188,1.9013158082962036,0.06108994036912918,-0.06488867104053497,9.896820068359375,x,1.8_1.9_2.0_2.1_2.2
16,3.9494736842105262,4.212105263157895,7,0.095,0.19,1071,0.17209088802337646,0.2658369541168213,0.29798614978790283,0.1458742320537567,7.477878093719482,x,1.8_1.9_2.0_2.1_2.2
16,3.9494736842105262,4.212105263157895,8,0.19,0.28500000000000003,1924,0.06232687458395958,0.08253145962953568,0.32199230790138245,0.23827023804187775,6.400040626525879,x,1.8_1.9_2.0_2.1_2.2
16,3.9494736842105262,4.212105263157895,9,0.28500000000000003,0.38,606,0.03767663612961769,0.04016261175274849,0.4164174497127533,0.32398805022239685,7.308985233306885,x,1.8_1.9_2.0_2.1_2.2
16,3.9494736842105262,4.212105263157895,10,0.38,0.475,213,0.03365009278059006,0.012517967261373997,0.5159789323806763,0.4170810580253601,7.002612590789795,x,1.8_1.9_2.0_2.1_2.2
16,3.9494736842105262,4.212105263157895,11,0.475,0.57,27,0.009715993888676167,0.010477887466549873,0.5347058773040771,0.51235431432724,5.078245162963867,x,1.8_1.9_2.0_2.1_2.2
17,4.212105263157895,4.474736842105263,1,-0.57,-0.45699999999999996,19,0.02352815680205822,0.11556903272867203,-0.44146376848220825,-0.4729882776737213,5.195089817047119,x,1.8_1.9_2.0_2.1_2.2
17,4.212105263157895,4.474736842105263,2,-0.45699999999999996,-0.344,524,-0.08354247361421585,0.16094589233398438,-0.07920707762241364,-0.3802701234817505,8.2803373336792,x,1.8_1.9_2.0_2.1_2.2
17,4.212105263157895,4.474736842105263,3,-0.344,-0.23099999999999998,2474,-0.052040886133909225,0.16144591569900513,-0.10160420089960098,-0.28513479232788086,8.469736099243164,x,1.8_1.9_2.0_2.1_2.2
17,4.212105263157895,4.474736842105263,4,-0.23099999999999998,-0.118,2079,-0.1479969620704651,0.2942064702510834,0.04552648589015007,-0.18410895764827728,10.231729507446289,x,1.8_1.9_2.0_2.1_2.2
17,4.212105263157895,4.474736842105263,5,-0.118,-0.0050000000000000044,1412,-0.3715572953224182,1.9482967853546143,0.06571298837661743,-0.06448258459568024,10.510993957519531,x,1.8_1.9_2.0_2.1_2.2
17,4.212105263157895,4.474736842105263,7,0.095,0.19,961,0.16204562783241272,0.26399335265159607,0.2987263798713684,0.14606238901615143,7.867463111877441,x,1.8_1.9_2.0_2.1_2.2
17,4.212105263157895,4.474736842105263,8,0.19,0.28500000000000003,1767,0.060913506895303726,0.07727392762899399,0.32263025641441345,0.23825524747371674,6.6053009033203125,x,1.8_1.9_2.0_2.1_2.2
17,4.212105263157895,4.474736842105263,9,0.28500000000000003,0.38,558,0.03717687726020813,0.03801336511969566,0.4191034138202667,0.32474300265312195,7.587184429168701,x,1.8_1.9_2.0_2.1_2.2
17,4.212105263157895,4.474736842105263,10,0.38,0.475,199,0.033592648804187775,0.012266122736036777,0.5180631279945374,0.4164450168609619,7.2066473960876465,x,1.8_1.9_2.0_2.1_2.2
17,4.212105263157895,4.474736842105263,11,0.475,0.57,24,0.011175060644745827,0.009346787817776203,0.535285234451294,0.5091722011566162,5.202453136444092,x,1.8_1.9_2.0_2.1_2.2
18,4.474736842105263,4.737368421052632,1,-0.57,-0.45699999999999996,17,0.022801488637924194,0.12121462821960449,-0.4278542399406433,-0.4701175093650818,5.303215026855469,x,1.8_1.9_2.0_2.1_2.2
18,4.474736842105263,4.737368421052632,2,-0.45699999999999996,-0.344,485,-0.08536116778850555,0.15615026652812958,-0.06971221417188644,-0.3816511631011963,8.599069595336914,x,1.8_1.9_2.0_2.1_2.2
18,4.474736842105263,4.737368421052632,3,-0.344,-0.23099999999999998,2236,-0.05578337982296944,0.15618886053562164,-0.09015286713838577,-0.2846616208553314,8.90914535522461,x,1.8_1.9_2.0_2.1_2.2
18,4.474736842105263,4.737368421052632,4,-0.23099999999999998,-0.118,1868,-0.14698563516139984,0.27839455008506775,0.054632846266031265,-0.18456478416919708,10.896889686584473,x,1.8_1.9_2.0_2.1_2.2
18,4.474736842105263,4.737368421052632,5,-0.118,-0.0050000000000000044,1271,-0.40887948870658875,1.9074022769927979,0.07350151240825653,-0.06435070931911469,11.197806358337402,x,1.8_1.9_2.0_2.1_2.2
18,4.474736842105263,4.737368421052632,7,0.095,0.19,871,0.15478256344795227,0.2524462938308716,0.3005831241607666,0.1455732136964798,8.231919288635254,x,1.8_1.9_2.0_2.1_2.2
18,4.474736842105263,4.737368421052632,8,0.19,0.28500000000000003,1610,0.05907567963004112,0.07423552870750427,0.3227841854095459,0.23836103081703186,6.82533597946167,x,1.8_1.9_2.0_2.1_2.2
18,4.474736842105263,4.737368421052632,9,0.28500000000000003,0.38,520,0.03673241659998894,0.03651772066950798,0.42160463333129883,0.32563039660453796,7.825140953063965,x,1.8_1.9_2.0_2.1_2.2
18,4.474736842105263,4.737368421052632,10,0.38,0.475,189,0.03359595686197281,0.011660948395729065,0.5191259980201721,0.41587400436401367,7.358952522277832,x,1.8_1.9_2.0_2.1_2.2
18,4.474736842105263,4.737368421052632,11,0.475,0.57,22,0.012275009416043758,0.008498674258589745,0.5351815819740295,0.5061078667640686,5.277713775634766,x,1.8_1.9_2.0_2.1_2.2
19,4.737368421052632,5.0,1,-0.57,-0.45699999999999996,14,0.02512667141854763,0.08659432828426361,-0.4730003774166107,-0.47097620368003845,5.452854156494141,x,1.8_1.9_2.0_2.1_2.2
19,4.737368421052632,5.0,2,-0.45699999999999996,-0.344,442,-0.09282875061035156,0.1528284251689911,-0.04687745124101639,-0.38227277994155884,8.988821029663086,x,1.8_1.9_2.0_2.1_2.2
19,4.737368421052632,5.0,3,-0.344,-0.23099999999999998,2025,-0.06149370223283768,0.15296146273612976,-0.07525236904621124,-0.2841058373451233,9.357036590576172,x,1.8_1.9_2.0_2.1_2.2
19,4.737368421052632,5.0,4,-0.23099999999999998,-0.118,1696,-0.14277851581573486,0.26558610796928406,0.06189301237463951,-0.18490849435329437,11.535530090332031,x,1.8_1.9_2.0_2.1_2.2
19,4.737368421052632,5.0,5,-0.118,-0.0050000000000000044,1178,-0.40646281838417053,1.8610305786132812,0.07397224754095078,-0.06419435888528824,11.719016075134277,x,1.8_1.9_2.0_2.1_2.2
19,4.737368421052632,5.0,7,0.095,0.19,800,0.15084537863731384,0.22835154831409454,0.3051629364490509,0.14579181373119354,8.554290771484375,x,1.8_1.9_2.0_2.1_2.2
19,4.737368421052632,5.0,8,0.19,0.28500000000000003,1455,0.057131700217723846,0.06998908519744873,0.32311275601387024,0.23849184811115265,7.062224864959717,x,1.8_1.9_2.0_2.1_2.2
19,4.737368421052632,5.0,9,0.28500000000000003,0.38,466,0.0362490676343441,0.035665061324834824,0.4263230562210083,0.3269149661064148,8.200700759887695,x,1.8_1.9_2.0_2.1_2.2
19,4.737368421052632,5.0,10,0.38,0.475,176,0.03362279012799263,0.01135984342545271,0.5210309624671936,0.4151287376880646,7.565937519073486,x,1.8_1.9_2.0_2.1_2.2
19,4.737368421052632,5.0,11,0.475,0.57,17,0.012816228903830051,0.007314435672014952,0.537419319152832,0.5046754479408264,5.472344875335693,x,1.8_1.9_2.0_2.1_2.2
20,5.0,inf,1,-0.57,-0.45699999999999996,10,0.0215875543653965,0.09979372471570969,-0.4403274655342102,-0.46782106161117554,5.667543888092041,x,1.8_1.9_2.0_2.1_2.2
20,5.0,inf,2,-0.45699999999999996,-0.344,409,-0.09217886626720428,0.14760571718215942,-0.04008515551686287,-0.38241180777549744,9.32135009765625,x,1.8_1.9_2.0_2.1_2.2
20,5.0,inf,3,-0.344,-0.23099999999999998,1807,-0.0664186179637909,0.1474437564611435,-0.060570552945137024,-0.28413355350494385,9.899031639099121,x,1.8_1.9_2.0_2.1_2.2
20,5.0,inf,4,-0.23099999999999998,-0.118,1538,-0.14058613777160645,0.2532397210597992,0.07107169181108475,-0.18465682864189148,12.22053337097168,x,1.8_1.9_2.0_2.1_2.2
20,5.0,inf,5,-0.118,-0.0050000000000000044,1124,-0.3695848882198334,1.8503574132919312,0.06652520596981049,-0.06405473500490189,12.048497200012207,x,1.8_1.9_2.0_2.1_2.2
20,5.0,inf,7,0.095,0.19,739,0.14652635157108307,0.2218388020992279,0.3054206967353821,0.14534932374954224,8.86004638671875,x,1.8_1.9_2.0_2.1_2.2
20,5.0,inf,8,0.19,0.28500000000000003,1305,0.05569472536444664,0.06577778607606888,0.32407835125923157,0.23846769332885742,7.314416408538818,x,1.8_1.9_2.0_2.1_2.2
20,5.0,inf,9,0.28500000000000003,0.38,425,0.03540053591132164,0.03397620841860771,0.429210901260376,0.3281080424785614,8.522764205932617,x,1.8_1.9_2.0_2.1_2.2
20,5.0,inf,10,0.38,0.475,163,0.033461377024650574,0.010240229777991772,0.5221812129020691,0.41447725892066956,7.782395839691162,x,1.8_1.9_2.0_2.1_2.2
20,5.0,inf,11,0.475,0.57,13,0.013910561800003052,0.0067190146073699,0.5374928712844849,0.5009103417396545,5.635979652404785,x,1.8_1.9_2.0_2.1_2.2
0,0.0,0.01,0,-inf,-0.52,1961,0.012642443180084229,0.32814446091651917,-0.5616922378540039,-0.5596714019775391,0.3089359402656555,y,1.8_1.9_2.0_2.1_2.2
0,0.0,0.01,1,-0.52,-0.4146,3022,0.24018341302871704,0.37880823016166687,-0.48267632722854614,-0.46742698550224304,0.4888419508934021,y,1.8_1.9_2.0_2.1_2.2
0,0.0,0.01,2,-0.4146,-0.30920000000000003,35812,-0.29476499557495117,2.915217399597168,-0.34041333198547363,-0.34962350130081177,0.18200768530368805,y,1.8_1.9_2.0_2.1_2.2
0,0.0,0.01,3,-0.30920000000000003,-0.20379999999999998,75722,-0.08922766149044037,3.378211259841919,-0.2518637478351593,-0.25427836179733276,0.15450136363506317,y,1.8_1.9_2.0_2.1_2.2
0,0.0,0.01,4,-0.20379999999999998,-0.09839999999999999,85120,0.7824978232383728,4.994607925415039,-0.15584246814250946,-0.14927199482917786,0.1939963400363922,y,1.8_1.9_2.0_2.1_2.2
0,0.0,0.01,5,-0.09839999999999999,0.006999999999999999,209139,-1.0561681985855103,183.42730712890625,-0.0032560331746935844,-0.03311173990368843,0.24613602459430695,y,1.8_1.9_2.0_2.1_2.2
0,0.0,0.01,7,0.10700000000000001,0.2056,95105,-0.004110231529921293,4.724588871002197,0.1967894434928894,0.15535162389278412,0.2548861503601074,y,1.8_1.9_2.0_2.1_2.2
0,0.0,0.01,8,0.2056,0.3042,99392,-0.16076762974262238,2.430699110031128,0.2715517282485962,0.2571784555912018,0.27160030603408813,y,1.8_1.9_2.0_2.1_2.2
0,0.0,0.01,9,0.3042,0.40279999999999994,160499,-0.25754326581954956,1.764041781425476,0.33291804790496826,0.33397766947746277,0.14703266322612762,y,1.8_1.9_2.0_2.1_2.2
0,0.0,0.01,10,0.40279999999999994,0.5014,22874,-0.2670327126979828,0.9769259691238403,0.44057169556617737,0.444995641708374,0.1885455995798111,y,1.8_1.9_2.0_2.1_2.2
0,0.0,0.01,11,0.5014,0.6,801,0.041630446910858154,0.4016980230808258,0.5046460628509521,0.5050695538520813,0.13249950110912323,y,1.8_1.9_2.0_2.1_2.2
1,0.01,0.27263157894736845,0,-inf,-0.52,1961,0.012642443180084229,0.32814446091651917,-0.5616922378540039,-0.5596714019775391,0.3089359402656555,y,1.8_1.9_2.0_2.1_2.2
1,0.01,0.27263157894736845,1,-0.52,-0.4146,3022,0.24018341302871704,0.37880823016166687,-0.48267632722854614,-0.46742698550224304,0.4888419508934021,y,1.8_1.9_2.0_2.1_2.2
1,0.01,0.27263157894736845,2,-0.4146,-0.30920000000000003,33152,-0.3449094295501709,2.9825236797332764,-0.33811691403388977,-0.34812071919441223,0.19594383239746094,y,1.8_1.9_2.0_2.1_2.2
1,0.01,0.27263157894736845,3,-0.30920000000000003,-0.20379999999999998,60703,-0.1227363646030426,3.4768381118774414,-0.24940305948257446,-0.25239476561546326,0.1910989135503769,y,1.8_1.9_2.0_2.1_2.2
1,0.01,0.27263157894736845,4,-0.20379999999999998,-0.09839999999999999,80525,0.5912668108940125,4.923766136169434,-0.15582577884197235,-0.14919596910476685,0.20457500219345093,y,1.8_1.9_2.0_2.1_2.2
1,0.01,0.27263157894736845,5,-0.09839999999999999,0.006999999999999999,203778,-1.9072989225387573,183.50967407226562,-0.001980624394491315,-0.03283190354704857,0.2523956894874573,y,1.8_1.9_2.0_2.1_2.2
1,0.01,0.27263157894736845,7,0.10700000000000001,0.2056,89405,0.41141751408576965,4.32103157043457,0.1998196244239807,0.15508250892162323,0.2705988585948944,y,1.8_1.9_2.0_2.1_2.2
1,0.01,0.27263157894736845,8,0.2056,0.3042,93360,0.009395151399075985,2.126711368560791,0.2735435366630554,0.2576354444026947,0.2885953187942505,y,1.8_1.9_2.0_2.1_2.2
1,0.01,0.27263157894736845,9,0.3042,0.40279999999999994,128727,-0.09294483810663223,1.6145542860031128,0.3364138901233673,0.3371533751487732,0.18161122500896454,y,1.8_1.9_2.0_2.1_2.2
1,0.01,0.27263157894736845,10,0.40279999999999994,0.5014,22851,-0.265960156917572,0.9763333201408386,0.44060248136520386,0.4450247883796692,0.18872541189193726,y,1.8_1.9_2.0_2.1_2.2
1,0.01,0.27263157894736845,11,0.5014,0.6,801,0.041630446910858154,0.4016980230808258,0.5046460628509521,0.5050695538520813,0.13249950110912323,y,1.8_1.9_2.0_2.1_2.2
2,0.27263157894736845,0.5352631578947369,0,-inf,-0.52,398,0.0028882641345262527,0.10884115844964981,-0.5677008032798767,-0.5573537349700928,1.258683204650879,y,1.8_1.9_2.0_2.1_2.2
2,0.27263157894736845,0.5352631578947369,1,-0.52,-0.4146,737,0.0689001977443695,0.09353942424058914,-0.5221124291419983,-0.4716087877750397,1.8247175216674805,y,1.8_1.9_2.0_2.1_2.2
2,0.27263157894736845,0.5352631578947369,2,-0.4146,-0.30920000000000003,4051,0.04178224131464958,0.5841063261032104,-0.3477214574813843,-0.3397883176803589,1.247618556022644,y,1.8_1.9_2.0_2.1_2.2
2,0.27263157894736845,0.5352631578947369,3,-0.30920000000000003,-0.20379999999999998,10528,0.1254318505525589,0.6693360805511475,-0.2798987329006195,-0.2532632350921631,0.815185010433197,y,1.8_1.9_2.0_2.1_2.2
2,0.27263157894736845,0.5352631578947369,4,-0.20379999999999998,-0.09839999999999999,15486,0.41483914852142334,3.1085333824157715,-0.17411503195762634,-0.14531752467155457,0.7525748610496521,y,1.8_1.9_2.0_2.1_2.2
2,0.27263157894736845,0.5352631578947369,5,-0.09839999999999999,0.006999999999999999,41390,-1.7981534004211426,154.71983337402344,-0.018961317837238312,-0.03538908436894417,0.5769925117492676,y,1.8_1.9_2.0_2.1_2.2
2,0.27263157894736845,0.5352631578947369,7,0.10700000000000001,0.2056,18949,0.8530682325363159,2.362468957901001,0.2137395143508911,0.1564112901687622,0.9307182431221008,y,1.8_1.9_2.0_2.1_2.2
2,0.27263157894736845,0.5352631578947369,8,0.2056,0.3042,25509,0.24766363203525543,0.7368443012237549,0.2830207943916321,0.2578543722629547,0.8456293344497681,y,1.8_1.9_2.0_2.1_2.2
2,0.27263157894736845,0.5352631578947369,9,0.3042,0.40279999999999994,21184,0.043081000447273254,0.4815191328525543,0.33984139561653137,0.34058454632759094,0.7901282906532288,y,1.8_1.9_2.0_2.1_2.2
2,0.27263157894736845,0.5352631578947369,10,0.40279999999999994,0.5014,3660,0.010536525398492813,0.22179974615573883,0.4386860132217407,0.4462684690952301,0.9042932987213135,y,1.8_1.9_2.0_2.1_2.2
2,0.27263157894736845,0.5352631578947369,11,0.5014,0.6,132,0.006080004386603832,0.06426635384559631,0.5036152601242065,0.5042402148246765,0.4171322286128998,y,1.8_1.9_2.0_2.1_2.2
3,0.5352631578947369,0.7978947368421053,0,-inf,-0.52,222,0.046284306794404984,0.07699991762638092,-0.5751291513442993,-0.5475960969924927,1.9680752754211426,y,1.8_1.9_2.0_2.1_2.2
3,0.5352631578947369,0.7978947368421053,1,-0.52,-0.4146,550,0.07222441583871841,0.05773060396313667,-0.5365873575210571,-0.47477999329566956,2.316622257232666,y,1.8_1.9_2.0_2.1_2.2
3,0.5352631578947369,0.7978947368421053,2,-0.4146,-0.30920000000000003,2913,0.028610363602638245,0.3893585801124573,-0.35003629326820374,-0.33969879150390625,1.592160940170288,y,1.8_1.9_2.0_2.1_2.2
3,0.5352631578947369,0.7978947368421053,3,-0.30920000000000003,-0.20379999999999998,5793,0.0671636089682579,0.4694155156612396,-0.28545889258384705,-0.25821277499198914,1.1637548208236694,y,1.8_1.9_2.0_2.1_2.2
3,0.5352631578947369,0.7978947368421053,4,-0.20379999999999998,-0.09839999999999999,7319,0.20095239579677582,1.0836478471755981,-0.1725756675004959,-0.14396968483924866,1.175643801689148,y,1.8_1.9_2.0_2.1_2.2
3,0.5352631578947369,0.7978947368421053,5,-0.09839999999999999,0.006999999999999999,11202,0.3661692440509796,24.545085906982422,-0.05893609672784805,-0.04169588163495064,1.2783986330032349,y,1.8_1.9_2.0_2.1_2.2
3,0.5352631578947369,0.7978947368421053,7,0.10700000000000001,0.2056,10553,0.27183249592781067,1.1714441776275635,0.18236753344535828,0.15806718170642853,1.384110689163208,y,1.8_1.9_2.0_2.1_2.2
3,0.5352631578947369,0.7978947368421053,8,0.2056,0.3042,12576,0.10095881670713425,0.5772608518600464,0.26589494943618774,0.25535592436790466,1.3278406858444214,y,1.8_1.9_2.0_2.1_2.2
3,0.5352631578947369,0.7978947368421053,9,0.3042,0.40279999999999994,9331,0.040689945220947266,0.335799902677536,0.3458048105239868,0.34229445457458496,1.3046729564666748,y,1.8_1.9_2.0_2.1_2.2
3,0.5352631578947369,0.7978947368421053,10,0.40279999999999994,0.5014,1948,0.029111310839653015,0.1805267333984375,0.44114425778388977,0.44799673557281494,1.3635302782058716,y,1.8_1.9_2.0_2.1_2.2
3,0.5352631578947369,0.7978947368421053,11,0.5014,0.6,25,-0.0030911099165678024,0.012970947660505772,0.502949595451355,0.5033857822418213,0.6322725415229797,y,1.8_1.9_2.0_2.1_2.2
4,0.7978947368421053,1.0605263157894738,0,-inf,-0.52,139,0.023374095559120178,0.040876466780900955,-0.5706798434257507,-0.5439017415046692,2.751434564590454,y,1.8_1.9_2.0_2.1_2.2
4,0.7978947368421053,1.0605263157894738,1,-0.52,-0.4146,494,0.06977802515029907,0.05634070560336113,-0.5361812710762024,-0.47155341506004333,2.5017776489257812,y,1.8_1.9_2.0_2.1_2.2
4,0.7978947368421053,1.0605263157894738,2,-0.4146,-0.30920000000000003,1834,0.03306778892874718,0.28697606921195984,-0.3588729500770569,-0.3430292308330536,2.142666816711426,y,1.8_1.9_2.0_2.1_2.2
4,0.7978947368421053,1.0605263157894738,3,-0.30920000000000003,-0.20379999999999998,2694,0.10295196622610092,0.34997278451919556,-0.31458044052124023,-0.26211246848106384,1.7787407636642456,y,1.8_1.9_2.0_2.1_2.2
4,0.7978947368421053,1.0605263157894738,4,-0.20379999999999998,-0.09839999999999999,4144,0.1843109279870987,0.8905839920043945,-0.172658771276474,-0.14083021879196167,1.5875442028045654,y,1.8_1.9_2.0_2.1_2.2
4,0.7978947368421053,1.0605263157894738,5,-0.09839999999999999,0.006999999999999999,7482,0.5725051164627075,18.46695899963379,-0.0693049356341362,-0.03968943655490875,1.5908591747283936,y,1.8_1.9_2.0_2.1_2.2
4,0.7978947368421053,1.0605263157894738,7,0.10700000000000001,0.2056,7411,0.1967381089925766,0.8168013095855713,0.18213790655136108,0.16080282628536224,1.6942400932312012,y,1.8_1.9_2.0_2.1_2.2
4,0.7978947368421053,1.0605263157894738,8,0.2056,0.3042,8402,0.07429677248001099,0.4115794599056244,0.26248231530189514,0.2536143958568573,1.6660739183425903,y,1.8_1.9_2.0_2.1_2.2
4,0.7978947368421053,1.0605263157894738,9,0.3042,0.40279999999999994,4877,0.049630455672740936,0.21955102682113647,0.35551244020462036,0.3416634798049927,1.9109199047088623,y,1.8_1.9_2.0_2.1_2.2
4,0.7978947368421053,1.0605263157894738,10,0.40279999999999994,0.5014,1284,0.03400247171521187,0.17347955703735352,0.4362121820449829,0.4479134678840637,1.7349086999893188,y,1.8_1.9_2.0_2.1_2.2
5,1.0605263157894738,1.3231578947368423,0,-inf,-0.52,106,0.015221871435642242,0.019311895594000816,-0.5692400932312012,-0.5437204241752625,3.328294515609741,y,1.8_1.9_2.0_2.1_2.2
5,1.0605263157894738,1.3231578947368423,1,-0.52,-0.4146,430,0.0636686161160469,0.043367572128772736,-0.5361887812614441,-0.47090739011764526,2.736475944519043,y,1.8_1.9_2.0_2.1_2.2
5,1.0605263157894738,1.3231578947368423,2,-0.4146,-0.30920000000000003,1395,0.04495954141020775,0.22871936857700348,-0.3705158531665802,-0.34458449482917786,2.5261971950531006,y,1.8_1.9_2.0_2.1_2.2
5,1.0605263157894738,1.3231578947368423,3,-0.30920000000000003,-0.20379999999999998,1773,0.11935669183731079,0.2840383052825928,-0.3331299424171448,-0.26439210772514343,2.2263972759246826,y,1.8_1.9_2.0_2.1_2.2
5,1.0605263157894738,1.3231578947368423,4,-0.20379999999999998,-0.09839999999999999,2892,0.17982877790927887,0.8229873776435852,-0.17873196303844452,-0.1403060406446457,1.877118706703186,y,1.8_1.9_2.0_2.1_2.2
5,1.0605263157894738,1.3231578947368423,5,-0.09839999999999999,0.006999999999999999,5487,0.5632482767105103,15.858382225036621,-0.07184498757123947,-0.037277888506650925,1.8338594436645508,y,1.8_1.9_2.0_2.1_2.2
5,1.0605263157894738,1.3231578947368423,7,0.10700000000000001,0.2056,5450,0.12175161391496658,0.7654281854629517,0.17201216518878937,0.1605575829744339,1.9705172777175903,y,1.8_1.9_2.0_2.1_2.2
5,1.0605263157894738,1.3231578947368423,8,0.2056,0.3042,5872,0.06852228194475174,0.3462996780872345,0.2602657973766327,0.25149020552635193,1.9856785535812378,y,1.8_1.9_2.0_2.1_2.2
5,1.0605263157894738,1.3231578947368423,9,0.3042,0.40279999999999994,3332,0.04746982082724571,0.17320525646209717,0.35781094431877136,0.34167543053627014,2.3752830028533936,y,1.8_1.9_2.0_2.1_2.2
5,1.0605263157894738,1.3231578947368423,10,0.40279999999999994,0.5014,911,0.03642178326845169,0.18746575713157654,0.4247097373008728,0.4443169832229614,2.0646119117736816,y,1.8_1.9_2.0_2.1_2.2
6,1.3231578947368423,1.5857894736842106,0,-inf,-0.52,86,0.01395342219620943,0.010846651159226894,-0.5711683630943298,-0.5437164902687073,3.8273773193359375,y,1.8_1.9_2.0_2.1_2.2
6,1.3231578947368423,1.5857894736842106,1,-0.52,-0.4146,346,0.05313749611377716,0.03567320480942726,-0.537529468536377,-0.4716103672981262,3.1094343662261963,y,1.8_1.9_2.0_2.1_2.2
6,1.3231578947368423,1.5857894736842106,2,-0.4146,-0.30920000000000003,937,0.061655666679143906,0.22953520715236664,-0.3872014880180359,-0.34657084941864014,3.1790242195129395,y,1.8_1.9_2.0_2.1_2.2
6,1.3231578947368423,1.5857894736842106,3,-0.30920000000000003,-0.20379999999999998,1265,0.12965942919254303,0.240402489900589,-0.3505803346633911,-0.26791325211524963,2.6503944396972656,y,1.8_1.9_2.0_2.1_2.2
6,1.3231578947368423,1.5857894736842106,4,-0.20379999999999998,-0.09839999999999999,1944,0.20381654798984528,0.6588980555534363,-0.19801466166973114,-0.13956187665462494,2.21490740776062,y,1.8_1.9_2.0_2.1_2.2
6,1.3231578947368423,1.5857894736842106,5,-0.09839999999999999,0.006999999999999999,3911,0.4196106195449829,13.052596092224121,-0.07019761204719543,-0.03642434626817703,2.092904806137085,y,1.8_1.9_2.0_2.1_2.2
6,1.3231578947368423,1.5857894736842106,7,0.10700000000000001,0.2056,3759,0.048608969897031784,0.685825526714325,0.1549891084432602,0.1601732224225998,2.323082447052002,y,1.8_1.9_2.0_2.1_2.2
6,1.3231578947368423,1.5857894736842106,8,0.2056,0.3042,3905,0.0553855262696743,0.30626145005226135,0.25683337450027466,0.24997061491012573,2.3874475955963135,y,1.8_1.9_2.0_2.1_2.2
6,1.3231578947368423,1.5857894736842106,9,0.3042,0.40279999999999994,2423,0.03155634179711342,0.14720211923122406,0.35346487164497375,0.34267911314964294,2.8248403072357178,y,1.8_1.9_2.0_2.1_2.2
6,1.3231578947368423,1.5857894736842106,10,0.40279999999999994,0.5014,725,0.03965669497847557,0.20342795550823212,0.4122175872325897,0.4386695623397827,2.294267177581787,y,1.8_1.9_2.0_2.1_2.2
7,1.5857894736842106,1.848421052631579,0,-inf,-0.52,81,0.013847350142896175,0.009504333138465881,-0.5717857480049133,-0.5429351925849915,3.9731359481811523,y,1.8_1.9_2.0_2.1_2.2
7,1.5857894736842106,1.848421052631579,1,-0.52,-0.4146,284,0.04464833065867424,0.0285221878439188,-0.5410103797912598,-0.47476926445961,3.472010850906372,y,1.8_1.9_2.0_2.1_2.2
7,1.5857894736842106,1.848421052631579,2,-0.4146,-0.30920000000000003,708,0.06507489830255508,0.21657037734985352,-0.39950767159461975,-0.35005876421928406,3.744856834411621,y,1.8_1.9_2.0_2.1_2.2
7,1.5857894736842106,1.848421052631579,3,-0.30920000000000003,-0.20379999999999998,961,0.13228057324886322,0.19714894890785217,-0.3621698319911957,-0.26754269003868103,3.028838634490967,y,1.8_1.9_2.0_2.1_2.2
7,1.5857894736842106,1.848421052631579,4,-0.20379999999999998,-0.09839999999999999,1344,0.21635788679122925,0.5606021881103516,-0.21179524064064026,-0.13826104998588562,2.5618155002593994,y,1.8_1.9_2.0_2.1_2.2
7,1.5857894736842106,1.848421052631579,5,-0.09839999999999999,0.006999999999999999,2653,0.37017837166786194,12.372368812561035,-0.07577269524335861,-0.035892635583877563,2.4005661010742188,y,1.8_1.9_2.0_2.1_2.2
7,1.5857894736842106,1.848421052631579,7,0.10700000000000001,0.2056,2826,0.009040724486112595,0.6394597887992859,0.14601771533489227,0.1610463410615921,2.611359119415283,y,1.8_1.9_2.0_2.1_2.2
7,1.5857894736842106,1.848421052631579,8,0.2056,0.3042,2590,0.05083538219332695,0.271884024143219,0.25841209292411804,0.25015589594841003,2.8727030754089355,y,1.8_1.9_2.0_2.1_2.2
7,1.5857894736842106,1.848421052631579,9,0.3042,0.40279999999999994,2026,0.02990816906094551,0.1419944018125534,0.35242146253585815,0.3437022566795349,3.0944812297821045,y,1.8_1.9_2.0_2.1_2.2
7,1.5857894736842106,1.848421052631579,10,0.40279999999999994,0.5014,586,0.04007622227072716,0.21152155101299286,0.4007084369659424,0.43478623032569885,2.494899272918701,y,1.8_1.9_2.0_2.1_2.2
8,1.848421052631579,2.1110526315789473,0,-inf,-0.52,77,0.014005050994455814,0.007355302106589079,-0.5715146064758301,-0.5406386852264404,4.093269348144531,y,1.8_1.9_2.0_2.1_2.2
8,1.848421052631579,2.1110526315789473,1,-0.52,-0.4146,245,0.042231135070323944,0.025644799694418907,-0.5428524017333984,-0.47450754046440125,3.7524821758270264,y,1.8_1.9_2.0_2.1_2.2
8,1.848421052631579,2.1110526315789473,2,-0.4146,-0.30920000000000003,597,0.06749539822340012,0.18544462323188782,-0.4124705195426941,-0.35221123695373535,4.123499870300293,y,1.8_1.9_2.0_2.1_2.2
8,1.848421052631579,2.1110526315789473,3,-0.30920000000000003,-0.20379999999999998,705,0.1399376392364502,0.13554292917251587,-0.38803407549858093,-0.26918885111808777,3.5041542053222656,y,1.8_1.9_2.0_2.1_2.2
8,1.848421052631579,2.1110526315789473,4,-0.20379999999999998,-0.09839999999999999,957,0.23560988903045654,0.4943910837173462,-0.22864842414855957,-0.13748502731323242,2.9049153327941895,y,1.8_1.9_2.0_2.1_2.2
8,1.848421052631579,2.1110526315789473,5,-0.09839999999999999,0.006999999999999999,1845,0.42116203904151917,12.740720748901367,-0.08787712454795837,-0.03722933679819107,2.7052559852600098,y,1.8_1.9_2.0_2.1_2.2
8,1.848421052631579,2.1110526315789473,7,0.10700000000000001,0.2056,2116,0.00911722332239151,0.5694165229797363,0.1444443017244339,0.16313043236732483,2.9140145778656006,y,1.8_1.9_2.0_2.1_2.2
8,1.848421052631579,2.1110526315789473,8,0.2056,0.3042,1915,0.05113030970096588,0.23541535437107086,0.2575514614582062,0.2510215938091278,3.281826972961426,y,1.8_1.9_2.0_2.1_2.2
8,1.848421052631579,2.1110526315789473,9,0.3042,0.40279999999999994,1697,0.031142057850956917,0.1375669538974762,0.3526805639266968,0.3439996838569641,3.362637996673584,y,1.8_1.9_2.0_2.1_2.2
8,1.848421052631579,2.1110526315789473,10,0.40279999999999994,0.5014,478,0.03819125518202782,0.20870769023895264,0.3895314633846283,0.43046391010284424,2.668720245361328,y,1.8_1.9_2.0_2.1_2.2
9,2.1110526315789473,2.373684210526316,0,-inf,-0.52,75,0.014170082286000252,0.0059499782510101795,-0.5709322094917297,-0.5387969017028809,4.1499104499816895,y,1.8_1.9_2.0_2.1_2.2
9,2.1110526315789473,2.373684210526316,1,-0.52,-0.4146,202,0.04018474370241165,0.023544522002339363,-0.5457368493080139,-0.4740105867385864,4.1317901611328125,y,1.8_1.9_2.0_2.1_2.2
9,2.1110526315789473,2.373684210526316,2,-0.4146,-0.30920000000000003,522,0.06485133618116379,0.17351864278316498,-0.4194612205028534,-0.35416898131370544,4.432801246643066,y,1.8_1.9_2.0_2.1_2.2
9,2.1110526315789473,2.373684210526316,3,-0.30920000000000003,-0.20379999999999998,560,0.13019514083862305,0.11704888194799423,-0.39382198452949524,-0.27101242542266846,3.901177167892456,y,1.8_1.9_2.0_2.1_2.2
9,2.1110526315789473,2.373684210526316,4,-0.20379999999999998,-0.09839999999999999,626,0.24307742714881897,0.3556287884712219,-0.25669217109680176,-0.13959790766239166,3.3968634605407715,y,1.8_1.9_2.0_2.1_2.2
9,2.1110526315789473,2.373684210526316,5,-0.09839999999999999,0.006999999999999999,1196,0.3078806698322296,10.310430526733398,-0.09829424321651459,-0.039898570626974106,3.1011147499084473,y,1.8_1.9_2.0_2.1_2.2
9,2.1110526315789473,2.373684210526316,7,0.10700000000000001,0.2056,1525,0.05319530516862869,0.4951843321323395,0.15619099140167236,0.16407500207424164,3.2757811546325684,y,1.8_1.9_2.0_2.1_2.2
9,2.1110526315789473,2.373684210526316,8,0.2056,0.3042,1433,0.04336993023753166,0.22381041944026947,0.2519485652446747,0.25376877188682556,3.7230231761932373,y,1.8_1.9_2.0_2.1_2.2
9,2.1110526315789473,2.373684210526316,9,0.3042,0.40279999999999994,1428,0.03068709746003151,0.13477973639965057,0.35178378224372864,0.34374111890792847,3.622978448867798,y,1.8_1.9_2.0_2.1_2.2
9,2.1110526315789473,2.373684210526316,10,0.40279999999999994,0.5014,373,0.03521319851279259,0.20416776835918427,0.3780820369720459,0.42757126688957214,2.858638048171997,y,1.8_1.9_2.0_2.1_2.2
10,2.373684210526316,2.6363157894736844,0,-inf,-0.52,75,0.014170082286000252,0.0059499782510101795,-0.5709322094917297,-0.5387969017028809,4.1499104499816895,y,1.8_1.9_2.0_2.1_2.2
10,2.373684210526316,2.6363157894736844,1,-0.52,-0.4146,173,0.037777915596961975,0.020667247474193573,-0.5467262864112854,-0.4736841320991516,4.4517436027526855,y,1.8_1.9_2.0_2.1_2.2
10,2.373684210526316,2.6363157894736844,2,-0.4146,-0.30920000000000003,462,0.06227899715304375,0.15229782462120056,-0.4273202121257782,-0.35517048835754395,4.718642234802246,y,1.8_1.9_2.0_2.1_2.2
10,2.373684210526316,2.6363157894736844,3,-0.30920000000000003,-0.20379999999999998,436,0.12367406487464905,0.11499154567718506,-0.40268442034721375,-0.272868812084198,4.373535633087158,y,1.8_1.9_2.0_2.1_2.2
10,2.373684210526316,2.6363157894736844,4,-0.20379999999999998,-0.09839999999999999,461,0.23825019598007202,0.3247629404067993,-0.2717594504356384,-0.14048632979393005,3.8079874515533447,y,1.8_1.9_2.0_2.1_2.2
10,2.373684210526316,2.6363157894736844,5,-0.09839999999999999,0.006999999999999999,754,0.21136793494224548,6.889944553375244,-0.10307103395462036,-0.0439692921936512,3.6182479858398438,y,1.8_1.9_2.0_2.1_2.2
10,2.373684210526316,2.6363157894736844,7,0.10700000000000001,0.2056,987,0.10692820698022842,0.4424647092819214,0.16604283452033997,0.16303712129592896,3.8372974395751953,y,1.8_1.9_2.0_2.1_2.2
10,2.373684210526316,2.6363157894736844,8,0.2056,0.3042,1144,0.032123811542987823,0.23363420367240906,0.2418116331100464,0.25551679730415344,4.098992824554443,y,1.8_1.9_2.0_2.1_2.2
10,2.373684210526316,2.6363157894736844,9,0.3042,0.40279999999999994,1159,0.030405236408114433,0.13581779599189758,0.34945785999298096,0.3427245020866394,3.9431049823760986,y,1.8_1.9_2.0_2.1_2.2
10,2.373684210526316,2.6363157894736844,10,0.40279999999999994,0.5014,270,0.02492760866880417,0.21262124180793762,0.3530176877975464,0.4242008328437805,3.0934693813323975,y,1.8_1.9_2.0_2.1_2.2
11,2.6363157894736844,2.8989473684210525,0,-inf,-0.52,73,0.014155742712318897,0.005080170929431915,-0.5709289908409119,-0.5380083322525024,4.193795204162598,y,1.8_1.9_2.0_2.1_2.2
11,2.6363157894736844,2.8989473684210525,1,-0.52,-0.4146,146,0.03552599251270294,0.016993964090943336,-0.5475795269012451,-0.47358736395835876,4.813066005706787,y,1.8_1.9_2.0_2.1_2.2
11,2.6363157894736844,2.8989473684210525,2,-0.4146,-0.30920000000000003,411,0.060823433101177216,0.1430760622024536,-0.43476855754852295,-0.3572468161582947,4.995265483856201,y,1.8_1.9_2.0_2.1_2.2
11,2.6363157894736844,2.8989473684210525,3,-0.30920000000000003,-0.20379999999999998,348,0.1112368106842041,0.10959243774414062,-0.40650734305381775,-0.2742750644683838,4.847623825073242,y,1.8_1.9_2.0_2.1_2.2
11,2.6363157894736844,2.8989473684210525,4,-0.20379999999999998,-0.09839999999999999,358,0.2331293523311615,0.2942787706851959,-0.2895905375480652,-0.14258219301700592,4.1844940185546875,y,1.8_1.9_2.0_2.1_2.2
11,2.6363157894736844,2.8989473684210525,5,-0.09839999999999999,0.006999999999999999,515,0.3178733289241791,6.831353187561035,-0.13157908618450165,-0.04654800891876221,4.1324462890625,y,1.8_1.9_2.0_2.1_2.2
11,2.6363157894736844,2.8989473684210525,7,0.10700000000000001,0.2056,622,0.08931942284107208,0.41441720724105835,0.14825859665870667,0.16248783469200134,4.630589962005615,y,1.8_1.9_2.0_2.1_2.2
11,2.6363157894736844,2.8989473684210525,8,0.2056,0.3042,983,0.027228880673646927,0.24199597537517548,0.23516704142093658,0.25713276863098145,4.362391948699951,y,1.8_1.9_2.0_2.1_2.2
11,2.6363157894736844,2.8989473684210525,9,0.3042,0.40279999999999994,929,0.029330503195524216,0.13809427618980408,0.34664177894592285,0.3419545590877533,4.301180362701416,y,1.8_1.9_2.0_2.1_2.2
11,2.6363157894736844,2.8989473684210525,10,0.40279999999999994,0.5014,201,0.009137892164289951,0.21697771549224854,0.325586199760437,0.4223492443561554,3.2958805561065674,y,1.8_1.9_2.0_2.1_2.2
12,2.8989473684210525,3.161578947368421,0,-inf,-0.52,68,0.014048545621335506,0.004285409580916166,-0.5715211033821106,-0.5374302268028259,4.296506881713867,y,1.8_1.9_2.0_2.1_2.2
12,2.8989473684210525,3.161578947368421,1,-0.52,-0.4146,129,0.03404100239276886,0.014979135245084763,-0.5483547449111938,-0.4736338257789612,5.0830230712890625,y,1.8_1.9_2.0_2.1_2.2
12,2.8989473684210525,3.161578947368421,2,-0.4146,-0.30920000000000003,361,0.05798618495464325,0.1346471756696701,-0.44183671474456787,-0.35895049571990967,5.303600311279297,y,1.8_1.9_2.0_2.1_2.2
12,2.8989473684210525,3.161578947368421,3,-0.30920000000000003,-0.20379999999999998,308,0.10739642381668091,0.10602090507745743,-0.4106518626213074,-0.27492755651474,5.120521545410156,y,1.8_1.9_2.0_2.1_2.2
12,2.8989473684210525,3.161578947368421,4,-0.20379999999999998,-0.09839999999999999,263,0.23320963978767395,0.2934359312057495,-0.31077495217323303,-0.14362066984176636,4.704370975494385,y,1.8_1.9_2.0_2.1_2.2
12,2.8989473684210525,3.161578947368421,5,-0.09839999999999999,0.006999999999999999,276,0.6409581303596497,8.88454532623291,-0.19738714396953583,-0.05070648342370987,5.329771041870117,y,1.8_1.9_2.0_2.1_2.2
12,2.8989473684210525,3.161578947368421,7,0.10700000000000001,0.2056,425,0.04958193749189377,0.4208739995956421,0.11930056661367416,0.16104136407375336,5.500463008880615,y,1.8_1.9_2.0_2.1_2.2
12,2.8989473684210525,3.161578947368421,8,0.2056,0.3042,865,0.025392411276698112,0.2521492540836334,0.2304425835609436,0.25824227929115295,4.581708908081055,y,1.8_1.9_2.0_2.1_2.2
12,2.8989473684210525,3.161578947368421,9,0.3042,0.40279999999999994,764,0.030830930918455124,0.1395181566476822,0.3455195426940918,0.34048932790756226,4.633360862731934,y,1.8_1.9_2.0_2.1_2.2
12,2.8989473684210525,3.161578947368421,10,0.40279999999999994,0.5014,125,-0.04902323707938194,0.2479221522808075,0.2371070235967636,0.4208480715751648,3.6118311882019043,y,1.8_1.9_2.0_2.1_2.2
13,3.161578947368421,3.4242105263157896,0,-inf,-0.52,66,0.014035508967936039,0.004339940845966339,-0.5718668103218079,-0.5374491214752197,4.33509635925293,y,1.8_1.9_2.0_2.1_2.2
13,3.161578947368421,3.4242105263157896,1,-0.52,-0.4146,104,0.03221871703863144,0.013377671130001545,-0.5505914092063904,-0.4729268252849579,5.577507495880127,y,1.8_1.9_2.0_2.1_2.2
13,3.161578947368421,3.4242105263157896,2,-0.4146,-0.30920000000000003,330,0.055866532027721405,0.11451420933008194,-0.45044001936912537,-0.3604629337787628,5.516330242156982,y,1.8_1.9_2.0_2.1_2.2
13,3.161578947368421,3.4242105263157896,3,-0.30920000000000003,-0.20379999999999998,261,0.09673154354095459,0.09632007032632828,-0.41134196519851685,-0.27600038051605225,5.498706340789795,y,1.8_1.9_2.0_2.1_2.2
13,3.161578947368421,3.4242105263157896,4,-0.20379999999999998,-0.09839999999999999,196,0.24431636929512024,0.2936345934867859,-0.33677735924720764,-0.14435768127441406,5.272690296173096,y,1.8_1.9_2.0_2.1_2.2
13,3.161578947368421,3.4242105263157896,5,-0.09839999999999999,0.006999999999999999,213,0.7504375576972961,9.817525863647461,-0.23145650327205658,-0.0483132004737854,6.016789436340332,y,1.8_1.9_2.0_2.1_2.2
13,3.161578947368421,3.4242105263157896,7,0.10700000000000001,0.2056,319,0.01315185334533453,0.40988412499427795,0.09328018128871918,0.15852569043636322,6.324094772338867,y,1.8_1.9_2.0_2.1_2.2
13,3.161578947368421,3.4242105263157896,8,0.2056,0.3042,742,0.021023709326982498,0.26229310035705566,0.22487005591392517,0.26126885414123535,4.838862419128418,y,1.8_1.9_2.0_2.1_2.2
13,3.161578947368421,3.4242105263157896,9,0.3042,0.40279999999999994,623,0.031069085001945496,0.14292354881763458,0.34191104769706726,0.33890628814697266,4.999564170837402,y,1.8_1.9_2.0_2.1_2.2
13,3.161578947368421,3.4242105263157896,10,0.40279999999999994,0.5014,78,-0.1289198249578476,0.2514050006866455,0.12385363131761551,0.4182665944099426,3.968111515045166,y,1.8_1.9_2.0_2.1_2.2
14,3.4242105263157896,3.6868421052631577,0,-inf,-0.52,59,0.014165492728352547,0.0044734543189406395,-0.572258472442627,-0.5365801453590393,4.4601335525512695,y,1.8_1.9_2.0_2.1_2.2
14,3.4242105263157896,3.6868421052631577,1,-0.52,-0.4146,86,0.030456114560365677,0.012252346612513065,-0.5532591342926025,-0.4725378155708313,6.063767433166504,y,1.8_1.9_2.0_2.1_2.2
14,3.4242105263157896,3.6868421052631577,2,-0.4146,-0.30920000000000003,296,0.05355685204267502,0.10879675298929214,-0.45231711864471436,-0.3622891306877136,5.773099422454834,y,1.8_1.9_2.0_2.1_2.2
14,3.4242105263157896,3.6868421052631577,3,-0.30920000000000003,-0.20379999999999998,230,0.08894215524196625,0.0889333039522171,-0.41234588623046875,-0.27644050121307373,5.7965216636657715,y,1.8_1.9_2.0_2.1_2.2
14,3.4242105263157896,3.6868421052631577,4,-0.20379999999999998,-0.09839999999999999,145,0.301016241312027,0.24433499574661255,-0.39094001054763794,-0.14619018137454987,5.971184730529785,y,1.8_1.9_2.0_2.1_2.2
14,3.4242105263157896,3.6868421052631577,5,-0.09839999999999999,0.006999999999999999,162,0.9011666774749756,8.964509963989258,-0.2962677478790283,-0.04773551970720291,6.8766865730285645,y,1.8_1.9_2.0_2.1_2.2
14,3.4242105263157896,3.6868421052631577,7,0.10700000000000001,0.2056,257,-0.03795039653778076,0.4069157540798187,0.059756118804216385,0.1564643681049347,7.0591959953308105,y,1.8_1.9_2.0_2.1_2.2
14,3.4242105263157896,3.6868421052631577,8,0.2056,0.3042,655,0.012890638783574104,0.26506656408309937,0.21871337294578552,0.2630428969860077,5.04597806930542,y,1.8_1.9_2.0_2.1_2.2
14,3.4242105263157896,3.6868421052631577,9,0.3042,0.40279999999999994,545,0.030056240037083626,0.14435535669326782,0.33830535411834717,0.3382836878299713,5.245687961578369,y,1.8_1.9_2.0_2.1_2.2
14,3.4242105263157896,3.6868421052631577,10,0.40279999999999994,0.5014,50,-0.19822022318840027,0.22873082756996155,0.016486357897520065,0.4152402877807617,4.345122337341309,y,1.8_1.9_2.0_2.1_2.2
15,3.6868421052631577,3.9494736842105262,0,-inf,-0.52,51,0.014326764270663261,0.004604601766914129,-0.5732297897338867,-0.5359565019607544,4.606923580169678,y,1.8_1.9_2.0_2.1_2.2
15,3.6868421052631577,3.9494736842105262,1,-0.52,-0.4146,76,0.029718764126300812,0.011360419914126396,-0.5553439855575562,-0.4721566140651703,6.3942646980285645,y,1.8_1.9_2.0_2.1_2.2
15,3.6868421052631577,3.9494736842105262,2,-0.4146,-0.30920000000000003,261,0.051832158118486404,0.10204172879457474,-0.4531594216823578,-0.36484384536743164,6.0695881843566895,y,1.8_1.9_2.0_2.1_2.2
15,3.6868421052631577,3.9494736842105262,3,-0.30920000000000003,-0.20379999999999998,204,0.084044449031353,0.08190334588289261,-0.4134235680103302,-0.27678364515304565,6.082579135894775,y,1.8_1.9_2.0_2.1_2.2
15,3.6868421052631577,3.9494736842105262,4,-0.20379999999999998,-0.09839999999999999,101,0.3673163652420044,0.21241071820259094,-0.4686357378959656,-0.14707553386688232,7.0381646156311035,y,1.8_1.9_2.0_2.1_2.2
15,3.6868421052631577,3.9494736842105262,5,-0.09839999999999999,0.006999999999999999,133,1.0629135370254517,9.649369239807129,-0.34446123242378235,-0.04596471041440964,7.599703311920166,y,1.8_1.9_2.0_2.1_2.2
15,3.6868421052631577,3.9494736842105262,7,0.10700000000000001,0.2056,221,-0.059936266392469406,0.3962576389312744,0.04458968713879585,0.15574786067008972,7.633011341094971,y,1.8_1.9_2.0_2.1_2.2
15,3.6868421052631577,3.9494736842105262,8,0.2056,0.3042,562,0.0011404092656448483,0.27358463406562805,0.21026892960071564,0.26624903082847595,5.29254674911499,y,1.8_1.9_2.0_2.1_2.2
15,3.6868421052631577,3.9494736842105262,9,0.3042,0.40279999999999994,482,0.029737422242760658,0.14491286873817444,0.33516931533813477,0.33739155530929565,5.465857982635498,y,1.8_1.9_2.0_2.1_2.2
15,3.6868421052631577,3.9494736842105262,10,0.40279999999999994,0.5014,36,-0.27769947052001953,0.20756925642490387,-0.1107465848326683,0.41501384973526,4.668853759765625,y,1.8_1.9_2.0_2.1_2.2
16,3.9494736842105262,4.212105263157895,0,-inf,-0.52,44,0.014829004183411598,0.004677426535636187,-0.5739464163780212,-0.534612774848938,4.73344087600708,y,1.8_1.9_2.0_2.1_2.2
16,3.9494736842105262,4.212105263157895,1,-0.52,-0.4146,67,0.029492244124412537,0.010906478390097618,-0.5588111281394958,-0.4721364676952362,6.745082378387451,y,1.8_1.9_2.0_2.1_2.2
16,3.9494736842105262,4.212105263157895,2,-0.4146,-0.30920000000000003,235,0.05083667114377022,0.09514373540878296,-0.4542841911315918,-0.36612266302108765,6.320706367492676,y,1.8_1.9_2.0_2.1_2.2
16,3.9494736842105262,4.212105263157895,3,-0.30920000000000003,-0.20379999999999998,172,0.07383661717176437,0.06867353618144989,-0.41169974207878113,-0.27799567580223083,6.504225730895996,y,1.8_1.9_2.0_2.1_2.2
16,3.9494736842105262,4.212105263157895,4,-0.20379999999999998,-0.09839999999999999,93,0.3648812472820282,0.2037704586982727,-0.47822657227516174,-0.14688029885292053,7.3142170906066895,y,1.8_1.9_2.0_2.1_2.2
16,3.9494736842105262,4.212105263157895,5,-0.09839999999999999,0.006999999999999999,120,1.1355918645858765,10.13571834564209,-0.3670172393321991,-0.04627232626080513,8.0099458694458,y,1.8_1.9_2.0_2.1_2.2
16,3.9494736842105262,4.212105263157895,7,0.10700000000000001,0.2056,199,-0.06454426050186157,0.38633251190185547,0.04000309109687805,0.15529222786426544,8.057374954223633,y,1.8_1.9_2.0_2.1_2.2
16,3.9494736842105262,4.212105263157895,8,0.2056,0.3042,493,-0.005027500446885824,0.27895474433898926,0.2029661238193512,0.2666388750076294,5.498661041259766,y,1.8_1.9_2.0_2.1_2.2
16,3.9494736842105262,4.212105263157895,9,0.3042,0.40279999999999994,414,0.02850411646068096,0.14749526977539062,0.32970136404037476,0.33662039041519165,5.738824844360352,y,1.8_1.9_2.0_2.1_2.2
16,3.9494736842105262,4.212105263157895,10,0.40279999999999994,0.5014,28,-0.28847888112068176,0.1967545449733734,-0.1452527493238449,0.41555652022361755,4.915595054626465,y,1.8_1.9_2.0_2.1_2.2
17,4.212105263157895,4.474736842105263,0,-inf,-0.52,34,0.0157537329941988,0.004710338078439236,-0.5763869285583496,-0.5333027243614197,4.926209449768066,y,1.8_1.9_2.0_2.1_2.2
17,4.212105263157895,4.474736842105263,1,-0.52,-0.4146,61,0.028485726565122604,0.009471327066421509,-0.5568172335624695,-0.4705740213394165,7.0035481452941895,y,1.8_1.9_2.0_2.1_2.2
17,4.212105263157895,4.474736842105263,2,-0.4146,-0.30920000000000003,205,0.05109812691807747,0.08037663251161575,-0.46452316641807556,-0.3675858676433563,6.649888038635254,y,1.8_1.9_2.0_2.1_2.2
17,4.212105263157895,4.474736842105263,3,-0.30920000000000003,-0.20379999999999998,157,0.07211748510599136,0.06434578448534012,-0.4153651297092438,-0.27850306034088135,6.7374467849731445,y,1.8_1.9_2.0_2.1_2.2
17,4.212105263157895,4.474736842105263,4,-0.20379999999999998,-0.09839999999999999,86,0.3544256389141083,0.2070317417383194,-0.4759741425514221,-0.14481614530086517,7.577903747558594,y,1.8_1.9_2.0_2.1_2.2
17,4.212105263157895,4.474736842105263,5,-0.09839999999999999,0.006999999999999999,112,1.1083693504333496,10.354414939880371,-0.3927874267101288,-0.04631749540567398,8.292076110839844,y,1.8_1.9_2.0_2.1_2.2
17,4.212105263157895,4.474736842105263,7,0.10700000000000001,0.2056,175,-0.06014011427760124,0.33956703543663025,0.051860395818948746,0.154204323887825,8.599151611328125,y,1.8_1.9_2.0_2.1_2.2
17,4.212105263157895,4.474736842105263,8,0.2056,0.3042,434,-0.0036798736546188593,0.2823914587497711,0.2034207284450531,0.26687169075012207,5.692422389984131,y,1.8_1.9_2.0_2.1_2.2
17,4.212105263157895,4.474736842105263,9,0.3042,0.40279999999999994,354,0.024307988584041595,0.14978179335594177,0.31968241930007935,0.33577394485473633,6.019852638244629,y,1.8_1.9_2.0_2.1_2.2
17,4.212105263157895,4.474736842105263,10,0.40279999999999994,0.5014,23,-0.2731940746307373,0.19730472564697266,-0.1326465606689453,0.4150485098361969,5.090456962585449,y,1.8_1.9_2.0_2.1_2.2
18,4.474736842105263,4.737368421052632,0,-inf,-0.52,27,0.01667962409555912,0.00453156465664506,-0.5781376361846924,-0.5315946340560913,5.078662395477295,y,1.8_1.9_2.0_2.1_2.2
18,4.474736842105263,4.737368421052632,1,-0.52,-0.4146,53,0.026262303814291954,0.00815032422542572,-0.5588672757148743,-0.4723252058029175,7.408934593200684,y,1.8_1.9_2.0_2.1_2.2
18,4.474736842105263,4.737368421052632,2,-0.4146,-0.30920000000000003,178,0.05169983208179474,0.07436686009168625,-0.4756711423397064,-0.3691171407699585,7.002313613891602,y,1.8_1.9_2.0_2.1_2.2
18,4.474736842105263,4.737368421052632,3,-0.30920000000000003,-0.20379999999999998,138,0.06448914110660553,0.055851999670267105,-0.4122014343738556,-0.2788909077644348,7.068046569824219,y,1.8_1.9_2.0_2.1_2.2
18,4.474736842105263,4.737368421052632,4,-0.20379999999999998,-0.09839999999999999,80,0.34433311223983765,0.1944577395915985,-0.47860607504844666,-0.14605852961540222,7.822218418121338,y,1.8_1.9_2.0_2.1_2.2
18,4.474736842105263,4.737368421052632,5,-0.09839999999999999,0.006999999999999999,107,1.1439930200576782,10.592947959899902,-0.4005901515483856,-0.045831937342882156,8.478477478027344,y,1.8_1.9_2.0_2.1_2.2
18,4.474736842105263,4.737368421052632,7,0.10700000000000001,0.2056,156,-0.042057354003190994,0.30124056339263916,0.07688067853450775,0.1525040715932846,9.116928100585938,y,1.8_1.9_2.0_2.1_2.2
18,4.474736842105263,4.737368421052632,8,0.2056,0.3042,375,-0.001124479342252016,0.2814353108406067,0.20524492859840393,0.2676754295825958,5.902746200561523,y,1.8_1.9_2.0_2.1_2.2
18,4.474736842105263,4.737368421052632,9,0.3042,0.40279999999999994,296,0.023914910852909088,0.15367478132247925,0.3136993646621704,0.33515864610671997,6.344740867614746,y,1.8_1.9_2.0_2.1_2.2
18,4.474736842105263,4.737368421052632,10,0.40279999999999994,0.5014,18,-0.2653842866420746,0.18858467042446136,-0.13685862720012665,0.41336047649383545,5.301374435424805,y,1.8_1.9_2.0_2.1_2.2
19,4.737368421052632,5.0,0,-inf,-0.52,18,0.01793944649398327,0.004175503738224506,-0.5807777643203735,-0.5283063054084778,5.334191799163818,y,1.8_1.9_2.0_2.1_2.2
19,4.737368421052632,5.0,1,-0.52,-0.4146,47,0.02487838827073574,0.007163131143897772,-0.5555446147918701,-0.46920672059059143,7.774147033691406,y,1.8_1.9_2.0_2.1_2.2
19,4.737368421052632,5.0,2,-0.4146,-0.30920000000000003,152,0.051699791103601456,0.06849996000528336,-0.4868129789829254,-0.3695047199726105,7.410947322845459,y,1.8_1.9_2.0_2.1_2.2
19,4.737368421052632,5.0,3,-0.30920000000000003,-0.20379999999999998,124,0.0632038339972496,0.053602512925863266,-0.4144900441169739,-0.2775381803512573,7.349286079406738,y,1.8_1.9_2.0_2.1_2.2
19,4.737368421052632,5.0,4,-0.20379999999999998,-0.09839999999999999,70,0.34933677315711975,0.1962302327156067,-0.49102362990379333,-0.14469917118549347,8.280925750732422,y,1.8_1.9_2.0_2.1_2.2
19,4.737368421052632,5.0,5,-0.09839999999999999,0.006999999999999999,100,1.1518138647079468,7.123218059539795,-0.4204714894294739,-0.0458715483546257,8.748581886291504,y,1.8_1.9_2.0_2.1_2.2
19,4.737368421052632,5.0,7,0.10700000000000001,0.2056,142,-0.04678085818886757,0.2828711271286011,0.0783679261803627,0.15211956202983856,9.567177772521973,y,1.8_1.9_2.0_2.1_2.2
19,4.737368421052632,5.0,8,0.2056,0.3042,325,0.010896763764321804,0.2690187692642212,0.2181980311870575,0.2694512605667114,6.1003899574279785,y,1.8_1.9_2.0_2.1_2.2
19,4.737368421052632,5.0,9,0.3042,0.40279999999999994,254,0.01880020648241043,0.1589377373456955,0.3022126853466034,0.33630838990211487,6.632602691650391,y,1.8_1.9_2.0_2.1_2.2
19,4.737368421052632,5.0,10,0.40279999999999994,0.5014,14,-0.2072439193725586,0.17100216448307037,-0.05462868884205818,0.4116024672985077,5.493287086486816,y,1.8_1.9_2.0_2.1_2.2
20,5.0,inf,0,-inf,-0.52,14,0.01898660510778427,0.0038459673523902893,-0.5832201242446899,-0.526207685470581,5.482985019683838,y,1.8_1.9_2.0_2.1_2.2
20,5.0,inf,1,-0.52,-0.4146,38,0.023254189640283585,0.006554449442774057,-0.5560905337333679,-0.4670358896255493,8.450627326965332,y,1.8_1.9_2.0_2.1_2.2
20,5.0,inf,2,-0.4146,-0.30920000000000003,128,0.052247267216444016,0.06014975532889366,-0.5024871826171875,-0.37016499042510986,7.88756799697876,y,1.8_1.9_2.0_2.1_2.2
20,5.0,inf,3,-0.30920000000000003,-0.20379999999999998,110,0.05723318085074425,0.0460900142788887,-0.4111029803752899,-0.27708256244659424,7.668593883514404,y,1.8_1.9_2.0_2.1_2.2
20,5.0,inf,4,-0.20379999999999998,-0.09839999999999999,62,0.3449678421020508,0.1999976485967636,-0.5042078495025635,-0.14558425545692444,8.723057746887207,y,1.8_1.9_2.0_2.1_2.2
20,5.0,inf,5,-0.09839999999999999,0.006999999999999999,98,1.1555179357528687,7.193981170654297,-0.42436397075653076,-0.04560212045907974,8.827759742736816,y,1.8_1.9_2.0_2.1_2.2
20,5.0,inf,7,0.10700000000000001,0.2056,135,-0.056078147143125534,0.28692492842674255,0.0723213255405426,0.15241606533527374,9.812650680541992,y,1.8_1.9_2.0_2.1_2.2
20,5.0,inf,8,0.2056,0.3042,253,0.036660563200712204,0.23042257130146027,0.2514801025390625,0.270248144865036,6.451498985290527,y,1.8_1.9_2.0_2.1_2.2
20,5.0,inf,9,0.3042,0.40279999999999994,215,0.015250222757458687,0.16274885833263397,0.2951197922229767,0.336588054895401,6.9502973556518555,y,1.8_1.9_2.0_2.1_2.2
20,5.0,inf,10,0.40279999999999994,0.5014,12,-0.17973323166370392,0.16579604148864746,-0.01746235229074955,0.4118691384792328,5.58837890625,y,1.8_1.9_2.0_2.1_2.2
0,0.0,0.01,0,-inf,0.0,62475,-476.6915588378906,454.89739990234375,0.0007400906179100275,-0.0014763381332159042,0.007428636308759451,z,1.8_1.9_2.0_2.1_2.2
0,0.0,0.01,1,0.0,0.022,62875,62.85871505737305,504.6388854980469,0.021606896072626114,0.007593379355967045,0.27358394861221313,z,1.8_1.9_2.0_2.1_2.2
0,0.0,0.01,2,0.022,0.044,29708,8.548425674438477,19.568567276000977,0.04794924333691597,0.032845236361026764,0.31431570649147034,z,1.8_1.9_2.0_2.1_2.2
0,0.0,0.01,3,0.044,0.066,29259,5.224289894104004,10.96328353881836,0.06743188202381134,0.05513913556933403,0.2546028196811676,z,1.8_1.9_2.0_2.1_2.2
0,0.0,0.01,4,0.066,0.088,32492,2.143711805343628,8.34634780883789,0.078793466091156,0.07728386670351028,0.23381167650222778,z,1.8_1.9_2.0_2.1_2.2
0,0.0,0.01,5,0.088,0.11,40195,0.7581443190574646,6.424721717834473,0.09553356468677521,0.0995088666677475,0.2291027009487152,z,1.8_1.9_2.0_2.1_2.2
0,0.0,0.01,7,0.21000000000000002,0.234,45351,1.3199375867843628,2.4527297019958496,0.24352280795574188,0.22168491780757904,0.3498991131782532,z,1.8_1.9_2.0_2.1_2.2
0,0.0,0.01,8,0.234,0.258,60968,0.5953909158706665,1.8264176845550537,0.2558635175228119,0.2461014986038208,0.3149468004703522,z,1.8_1.9_2.0_2.1_2.2
0,0.0,0.01,9,0.258,0.28200000000000003,53537,0.5260485410690308,2.307605504989624,0.2743077576160431,0.2689472734928131,0.2338118702173233,z,1.8_1.9_2.0_2.1_2.2
0,0.0,0.01,10,0.28200000000000003,0.30600000000000005,39605,0.4058922529220581,1.9441423416137695,0.296686589717865,0.29416120052337646,0.17315588891506195,z,1.8_1.9_2.0_2.1_2.2
0,0.0,0.01,11,0.30600000000000005,0.33,100604,1.1058309078216553,1.9723002910614014,0.3248536288738251,0.32339707016944885,0.06028150022029877,z,1.8_1.9_2.0_2.1_2.2
0,0.0,0.01,12,0.33,inf,830,-0.1759609580039978,0.28237834572792053,0.3264670968055725,0.33044058084487915,0.2327091246843338,z,1.8_1.9_2.0_2.1_2.2
1,0.01,0.27263157894736845,0,-inf,0.0,10431,-78.31092071533203,196.45339965820312,0.004142418969422579,-0.001877951784990728,0.0331999696791172,z,1.8_1.9_2.0_2.1_2.2
1,0.01,0.27263157894736845,1,0.0,0.022,44563,18.691856384277344,298.4437255859375,0.027711480855941772,0.009258604608476162,0.3843713104724884,z,1.8_1.9_2.0_2.1_2.2
1,0.01,0.27263157894736845,2,0.022,0.044,27308,6.816618919372559,16.136775970458984,0.048396918922662735,0.03281762823462486,0.3412275016307831,z,1.8_1.9_2.0_2.1_2.2
1,0.01,0.27263157894736845,3,0.044,0.066,26511,3.9484152793884277,9.624579429626465,0.06783357262611389,0.055156368762254715,0.2801518142223358,z,1.8_1.9_2.0_2.1_2.2
1,0.01,0.27263157894736845,4,0.066,0.088,30174,1.2867177724838257,7.664135932922363,0.07829128205776215,0.0773501843214035,0.2511400282382965,z,1.8_1.9_2.0_2.1_2.2
1,0.01,0.27263157894736845,5,0.088,0.11,38240,0.3445132076740265,6.193607807159424,0.09498699009418488,0.0995464026927948,0.24038918316364288,z,1.8_1.9_2.0_2.1_2.2
1,0.01,0.27263157894736845,7,0.21000000000000002,0.234,42806,1.2666853666305542,2.416738271713257,0.24446134269237518,0.22159069776535034,0.37023991346359253,z,1.8_1.9_2.0_2.1_2.2
1,0.01,0.27263157894736845,8,0.234,0.258,56610,0.5313339829444885,1.616153597831726,0.2562882900238037,0.24603381752967834,0.33860480785369873,z,1.8_1.9_2.0_2.1_2.2
1,0.01,0.27263157894736845,9,0.258,0.28200000000000003,46430,0.401183545589447,1.9877912998199463,0.27484026551246643,0.2690470814704895,0.2684769928455353,z,1.8_1.9_2.0_2.1_2.2
1,0.01,0.27263157894736845,10,0.28200000000000003,0.30600000000000005,34831,0.3542667329311371,1.8551093339920044,0.2965465784072876,0.29390063881874084,0.19580130279064178,z,1.8_1.9_2.0_2.1_2.2
1,0.01,0.27263157894736845,11,0.30600000000000005,0.33,49125,0.20019184052944183,1.2530407905578613,0.32180482149124146,0.32138872146606445,0.11877018958330154,z,1.8_1.9_2.0_2.1_2.2
1,0.01,0.27263157894736845,12,0.33,inf,388,-0.0324384868144989,0.08744005113840103,0.32270342111587524,0.33060958981513977,0.4924544394016266,z,1.8_1.9_2.0_2.1_2.2
2,0.27263157894736845,0.5352631578947369,0,-inf,0.0,15,-85.11431121826172,176.53515625,0.22055403888225555,-0.005169260781258345,1.7464367151260376,z,1.8_1.9_2.0_2.1_2.2
2,0.27263157894736845,0.5352631578947369,1,0.0,0.022,15858,0.5896291136741638,17.697847366333008,0.02752935327589512,0.010095334611833096,0.952492356300354,z,1.8_1.9_2.0_2.1_2.2
2,0.27263157894736845,0.5352631578947369,2,0.022,0.044,6995,0.20956961810588837,3.9202868938446045,0.053506214171648026,0.03214186429977417,1.1070733070373535,z,1.8_1.9_2.0_2.1_2.2
2,0.27263157894736845,0.5352631578947369,3,0.044,0.066,5336,0.06000010296702385,2.404256820678711,0.07238592952489853,0.05461478605866432,1.0776652097702026,z,1.8_1.9_2.0_2.1_2.2
2,0.27263157894736845,0.5352631578947369,4,0.066,0.088,4841,0.2767927348613739,1.6752108335494995,0.09835609048604965,0.07712040841579437,1.1179065704345703,z,1.8_1.9_2.0_2.1_2.2
2,0.27263157894736845,0.5352631578947369,5,0.088,0.11,4464,0.27111828327178955,1.177276611328125,0.12277272343635559,0.09891901165246964,1.3040220737457275,z,1.8_1.9_2.0_2.1_2.2
2,0.27263157894736845,0.5352631578947369,7,0.21000000000000002,0.234,6865,0.08836324512958527,0.3273705244064331,0.23407840728759766,0.222144216299057,1.717949390411377,z,1.8_1.9_2.0_2.1_2.2
2,0.27263157894736845,0.5352631578947369,8,0.234,0.258,12705,0.03441139683127403,0.1867968887090683,0.25293463468551636,0.2474919706583023,1.2433743476867676,z,1.8_1.9_2.0_2.1_2.2
2,0.27263157894736845,0.5352631578947369,9,0.258,0.28200000000000003,11432,0.0178455151617527,0.20301096141338348,0.2685331702232361,0.26802635192871094,0.8391023874282837,z,1.8_1.9_2.0_2.1_2.2
2,0.27263157894736845,0.5352631578947369,10,0.28200000000000003,0.30600000000000005,7426,0.00025171865127049387,0.20268917083740234,0.2896040976047516,0.2934817671775818,0.6798579692840576,z,1.8_1.9_2.0_2.1_2.2
2,0.27263157894736845,0.5352631578947369,11,0.30600000000000005,0.33,5810,0.02997121587395668,0.12494064122438431,0.31794241070747375,0.31828969717025757,0.5736684203147888,z,1.8_1.9_2.0_2.1_2.2
2,0.27263157894736845,0.5352631578947369,12,0.33,inf,258,-0.023608874529600143,0.04914754256606102,0.3190736472606659,0.33072662353515625,0.7218992114067078,z,1.8_1.9_2.0_2.1_2.2
3,0.5352631578947369,0.7978947368421053,0,-inf,0.0,6,-91.7435302734375,84.63920593261719,0.25203803181648254,-0.005018293857574463,3.7480010986328125,z,1.8_1.9_2.0_2.1_2.2
3,0.5352631578947369,0.7978947368421053,1,0.0,0.022,9871,0.1293903887271881,9.482662200927734,0.02851640246808529,0.01058214996010065,1.2902950048446655,z,1.8_1.9_2.0_2.1_2.2
3,0.5352631578947369,0.7978947368421053,2,0.022,0.044,4053,0.12411663681268692,2.6521852016448975,0.05607344210147858,0.0319785438477993,1.6346499919891357,z,1.8_1.9_2.0_2.1_2.2
3,0.5352631578947369,0.7978947368421053,3,0.044,0.066,2979,0.16775546967983246,1.3435028791427612,0.0806710422039032,0.05466659739613533,1.6300610303878784,z,1.8_1.9_2.0_2.1_2.2
3,0.5352631578947369,0.7978947368421053,4,0.066,0.088,2576,0.15869063138961792,0.9157548546791077,0.1051061674952507,0.07698531448841095,1.7738913297653198,z,1.8_1.9_2.0_2.1_2.2
3,0.5352631578947369,0.7978947368421053,5,0.088,0.11,2457,0.12906181812286377,0.6357743740081787,0.12585721909999847,0.09906891733407974,2.0523221492767334,z,1.8_1.9_2.0_2.1_2.2
3,0.5352631578947369,0.7978947368421053,7,0.21000000000000002,0.234,4376,0.046616580337285995,0.15504297614097595,0.233558788895607,0.22231629490852356,2.4757912158966064,z,1.8_1.9_2.0_2.1_2.2
3,0.5352631578947369,0.7978947368421053,8,0.234,0.258,8324,0.017373494803905487,0.11820881068706512,0.2514990270137787,0.24772876501083374,1.690706729888916,z,1.8_1.9_2.0_2.1_2.2
3,0.5352631578947369,0.7978947368421053,9,0.258,0.28200000000000003,6736,0.009085532277822495,0.14133965969085693,0.26675665378570557,0.26737192273139954,1.1543428897857666,z,1.8_1.9_2.0_2.1_2.2
3,0.5352631578947369,0.7978947368421053,10,0.28200000000000003,0.30600000000000005,3716,-0.026603147387504578,0.13422654569149017,0.284308522939682,0.2930474579334259,0.974075198173523,z,1.8_1.9_2.0_2.1_2.2
3,0.5352631578947369,0.7978947368421053,11,0.30600000000000005,0.33,2083,-0.005653535947203636,0.08852717280387878,0.309506893157959,0.31608477234840393,0.964351236820221,z,1.8_1.9_2.0_2.1_2.2
3,0.5352631578947369,0.7978947368421053,12,0.33,inf,143,-0.03790958970785141,0.06179516762495041,0.3111627399921417,0.3306781053543091,0.995552122592926,z,1.8_1.9_2.0_2.1_2.2
4,0.7978947368421053,1.0605263157894738,1,0.0,0.022,6108,0.08855170756578445,6.053984642028809,0.031064916402101517,0.01120459008961916,1.6838605403900146,z,1.8_1.9_2.0_2.1_2.2
4,0.7978947368421053,1.0605263157894738,2,0.022,0.044,2630,0.11298241466283798,1.689618468284607,0.05928348749876022,0.03198257088661194,2.1654326915740967,z,1.8_1.9_2.0_2.1_2.2
4,0.7978947368421053,1.0605263157894738,3,0.044,0.066,2088,0.15600042045116425,0.9319635033607483,0.08380458503961563,0.054526954889297485,2.0468571186065674,z,1.8_1.9_2.0_2.1_2.2
4,0.7978947368421053,1.0605263157894738,4,0.066,0.088,1763,0.12839338183403015,0.6535999178886414,0.10942701995372772,0.07688582688570023,2.290147542953491,z,1.8_1.9_2.0_2.1_2.2
4,0.7978947368421053,1.0605263157894738,5,0.088,0.11,1507,0.09932011365890503,0.46157410740852356,0.1329192966222763,0.0987154170870781,2.940600872039795,z,1.8_1.9_2.0_2.1_2.2
4,0.7978947368421053,1.0605263157894738,7,0.21000000000000002,0.234,3225,0.030778935179114342,0.10209725797176361,0.23258137702941895,0.22226159274578094,3.126088857650757,z,1.8_1.9_2.0_2.1_2.2
4,0.7978947368421053,1.0605263157894738,8,0.234,0.258,5544,0.01319155003875494,0.08248700946569443,0.2512175440788269,0.24746431410312653,2.2120091915130615,z,1.8_1.9_2.0_2.1_2.2
4,0.7978947368421053,1.0605263157894738,9,0.258,0.28200000000000003,3913,0.0008565876050852239,0.0974133238196373,0.2662219703197479,0.2673032879829407,1.5186084508895874,z,1.8_1.9_2.0_2.1_2.2
4,0.7978947368421053,1.0605263157894738,10,0.28200000000000003,0.30600000000000005,1950,-0.014296096749603748,0.0912587121129036,0.2865486145019531,0.2930697798728943,1.2564641237258911,z,1.8_1.9_2.0_2.1_2.2
4,0.7978947368421053,1.0605263157894738,11,0.30600000000000005,0.33,1272,-0.020097091794013977,0.08183570206165314,0.30388113856315613,0.31514638662338257,1.1601866483688354,z,1.8_1.9_2.0_2.1_2.2
4,0.7978947368421053,1.0605263157894738,12,0.33,inf,81,-0.058583855628967285,0.06864520162343979,0.300333172082901,0.3308068513870239,1.2531816959381104,z,1.8_1.9_2.0_2.1_2.2
5,1.0605263157894738,1.3231578947368423,1,0.0,0.022,3880,0.1510143280029297,4.272425651550293,0.034932639449834824,0.01201148796826601,2.124318838119507,z,1.8_1.9_2.0_2.1_2.2
5,1.0605263157894738,1.3231578947368423,2,0.022,0.044,1941,0.13532565534114838,1.481552243232727,0.06470798701047897,0.0318869985640049,2.6086907386779785,z,1.8_1.9_2.0_2.1_2.2
5,1.0605263157894738,1.3231578947368423,3,0.044,0.066,1560,0.14495053887367249,0.7832396030426025,0.0876949280500412,0.05447345972061157,2.429675579071045,z,1.8_1.9_2.0_2.1_2.2
5,1.0605263157894738,1.3231578947368423,4,0.066,0.088,1220,0.12450336664915085,0.5446169376373291,0.1165577620267868,0.07687827944755554,2.9015767574310303,z,1.8_1.9_2.0_2.1_2.2
5,1.0605263157894738,1.3231578947368423,5,0.088,0.11,1164,0.10697620362043381,0.35950955748558044,0.13987623155117035,0.09880054742097855,3.5376362800598145,z,1.8_1.9_2.0_2.1_2.2
5,1.0605263157894738,1.3231578947368423,7,0.21000000000000002,0.234,2555,0.02467500790953636,0.08030926436185837,0.23207823932170868,0.22228430211544037,3.705753803253174,z,1.8_1.9_2.0_2.1_2.2
5,1.0605263157894738,1.3231578947368423,8,0.234,0.258,3935,0.009957665577530861,0.06726741790771484,0.25078317523002625,0.24724479019641876,2.740354537963867,z,1.8_1.9_2.0_2.1_2.2
5,1.0605263157894738,1.3231578947368423,9,0.258,0.28200000000000003,2284,-0.00275196204893291,0.07195602357387543,0.2656404376029968,0.2674216330051422,1.9447554349899292,z,1.8_1.9_2.0_2.1_2.2
5,1.0605263157894738,1.3231578947368423,10,0.28200000000000003,0.30600000000000005,1127,-0.010215682908892632,0.053656719624996185,0.28761622309684753,0.2928193509578705,1.5036247968673706,z,1.8_1.9_2.0_2.1_2.2
5,1.0605263157894738,1.3231578947368423,11,0.30600000000000005,0.33,651,-0.021018298342823982,0.06321242451667786,0.30117037892341614,0.3137834370136261,1.381716012954712,z,1.8_1.9_2.0_2.1_2.2
5,1.0605263157894738,1.3231578947368423,12,0.33,inf,48,-0.07674466818571091,0.05637829750776291,0.2906719446182251,0.3308417797088623,1.49164617061615,z,1.8_1.9_2.0_2.1_2.2
6,1.3231578947368423,1.5857894736842106,1,0.0,0.022,2576,0.1818963587284088,3.30659556388855,0.039814990013837814,0.012838639318943024,2.6040396690368652,z,1.8_1.9_2.0_2.1_2.2
6,1.3231578947368423,1.5857894736842106,2,0.022,0.044,1507,0.1803123950958252,1.4453431367874146,0.07128524780273438,0.03185630217194557,3.0204155445098877,z,1.8_1.9_2.0_2.1_2.2
6,1.3231578947368423,1.5857894736842106,3,0.044,0.066,1128,0.15884219110012054,0.6897252202033997,0.09430062770843506,0.05470423400402069,2.9045329093933105,z,1.8_1.9_2.0_2.1_2.2
6,1.3231578947368423,1.5857894736842106,4,0.066,0.088,987,0.11622714251279831,0.41261622309684753,0.11900775134563446,0.0771668553352356,3.3100249767303467,z,1.8_1.9_2.0_2.1_2.2
6,1.3231578947368423,1.5857894736842106,5,0.088,0.11,980,0.11068958789110184,0.2791842818260193,0.1451152116060257,0.09892567247152328,3.9801132678985596,z,1.8_1.9_2.0_2.1_2.2
6,1.3231578947368423,1.5857894736842106,7,0.21000000000000002,0.234,2144,0.02012760192155838,0.07087352871894836,0.23173294961452484,0.22226202487945557,4.189966201782227,z,1.8_1.9_2.0_2.1_2.2
6,1.3231578947368423,1.5857894736842106,8,0.234,0.258,2969,0.008822186850011349,0.056864459067583084,0.2509364187717438,0.24696193635463715,3.248230457305908,z,1.8_1.9_2.0_2.1_2.2
6,1.3231578947368423,1.5857894736842106,9,0.258,0.28200000000000003,1451,-0.006800898816436529,0.051355939358472824,0.2648509740829468,0.2676943838596344,2.388514280319214,z,1.8_1.9_2.0_2.1_2.2
6,1.3231578947368423,1.5857894736842106,10,0.28200000000000003,0.30600000000000005,681,-0.007233209442347288,0.03341160714626312,0.2893316447734833,0.29263824224472046,1.7277380228042603,z,1.8_1.9_2.0_2.1_2.2
6,1.3231578947368423,1.5857894736842106,11,0.30600000000000005,0.33,314,-0.015171702951192856,0.03601544350385666,0.3030492067337036,0.3133392930030823,1.6002178192138672,z,1.8_1.9_2.0_2.1_2.2
6,1.3231578947368423,1.5857894736842106,12,0.33,inf,32,-0.0950499176979065,0.0426231250166893,0.2819293439388275,0.3307647109031677,1.6462998390197754,z,1.8_1.9_2.0_2.1_2.2
7,1.5857894736842106,1.848421052631579,1,0.0,0.022,1861,0.24361877143383026,2.9712703227996826,0.04467030242085457,0.013254773803055286,3.051685333251953,z,1.8_1.9_2.0_2.1_2.2
7,1.5857894736842106,1.848421052631579,2,0.022,0.044,1155,0.19903694093227386,1.3120561838150024,0.07554718106985092,0.03162742778658867,3.4994747638702393,z,1.8_1.9_2.0_2.1_2.2
7,1.5857894736842106,1.848421052631579,3,0.044,0.066,833,0.18129988014698029,0.6136893033981323,0.1020849272608757,0.05462532863020897,3.4220216274261475,z,1.8_1.9_2.0_2.1_2.2
7,1.5857894736842106,1.848421052631579,4,0.066,0.088,864,0.12740877270698547,0.3628695011138916,0.12374304234981537,0.07709035277366638,3.5766398906707764,z,1.8_1.9_2.0_2.1_2.2
7,1.5857894736842106,1.848421052631579,5,0.088,0.11,860,0.10899875313043594,0.2287253439426422,0.14820435643196106,0.09885532408952713,4.334289073944092,z,1.8_1.9_2.0_2.1_2.2
7,1.5857894736842106,1.848421052631579,7,0.21000000000000002,0.234,1858,0.015966519713401794,0.06300007551908493,0.23091833293437958,0.22234006226062775,4.6114888191223145,z,1.8_1.9_2.0_2.1_2.2
7,1.5857894736842106,1.848421052631579,8,0.234,0.258,2246,0.0077080694027245045,0.04621819034218788,0.25095781683921814,0.2463553100824356,3.826915740966797,z,1.8_1.9_2.0_2.1_2.2
7,1.5857894736842106,1.848421052631579,9,0.258,0.28200000000000003,1017,-0.00304638734087348,0.04123019799590111,0.2664779722690582,0.26819226145744324,2.7913901805877686,z,1.8_1.9_2.0_2.1_2.2
7,1.5857894736842106,1.848421052631579,10,0.28200000000000003,0.30600000000000005,411,-0.005867368075996637,0.03171782195568085,0.28894469141960144,0.2922031879425049,1.9093043804168701,z,1.8_1.9_2.0_2.1_2.2
7,1.5857894736842106,1.848421052631579,11,0.30600000000000005,0.33,130,-0.01923365145921707,0.03807070478796959,0.29946771264076233,0.3139347434043884,1.815291166305542,z,1.8_1.9_2.0_2.1_2.2
7,1.5857894736842106,1.848421052631579,12,0.33,inf,20,-0.10096763074398041,0.024774760007858276,0.2740190625190735,0.3305926024913788,1.7506526708602905,z,1.8_1.9_2.0_2.1_2.2
8,1.848421052631579,2.1110526315789473,1,0.0,0.022,1420,0.2499101459980011,2.6197500228881836,0.04795151948928833,0.01347239688038826,3.470278739929199,z,1.8_1.9_2.0_2.1_2.2
8,1.848421052631579,2.1110526315789473,2,0.022,0.044,895,0.1840498447418213,1.14699387550354,0.07777838408946991,0.031632572412490845,4.019352912902832,z,1.8_1.9_2.0_2.1_2.2
8,1.848421052631579,2.1110526315789473,3,0.044,0.066,633,0.1885683834552765,0.541293203830719,0.10770019888877869,0.0545949712395668,3.966291904449463,z,1.8_1.9_2.0_2.1_2.2
8,1.848421052631579,2.1110526315789473,4,0.066,0.088,721,0.1375134438276291,0.33239027857780457,0.12973430752754211,0.07730258256196976,3.9449949264526367,z,1.8_1.9_2.0_2.1_2.2
8,1.848421052631579,2.1110526315789473,5,0.088,0.11,769,0.10521227866411209,0.19854633510112762,0.15004485845565796,0.0989539623260498,4.645978927612305,z,1.8_1.9_2.0_2.1_2.2
8,1.848421052631579,2.1110526315789473,7,0.21000000000000002,0.234,1596,0.014493292197585106,0.05322607606649399,0.23140637576580048,0.22233830392360687,5.085572242736816,z,1.8_1.9_2.0_2.1_2.2
8,1.848421052631579,2.1110526315789473,8,0.234,0.258,1742,0.007883493788540363,0.03805054724216461,0.25152239203453064,0.24606060981750488,4.438882350921631,z,1.8_1.9_2.0_2.1_2.2
8,1.848421052631579,2.1110526315789473,9,0.258,0.28200000000000003,725,0.0015992822591215372,0.03410365805029869,0.26782864332199097,0.267835408449173,3.2300007343292236,z,1.8_1.9_2.0_2.1_2.2
8,1.848421052631579,2.1110526315789473,10,0.28200000000000003,0.30600000000000005,158,-0.00029489031294360757,0.029955755919218063,0.2892577648162842,0.29031988978385925,2.229635238647461,z,1.8_1.9_2.0_2.1_2.2
8,1.848421052631579,2.1110526315789473,11,0.30600000000000005,0.33,34,-0.04287904128432274,0.034414105117321014,0.28446364402770996,0.3156536817550659,2.12483549118042,z,1.8_1.9_2.0_2.1_2.2
9,2.1110526315789473,2.373684210526316,1,0.0,0.022,1107,0.3018783628940582,2.3383913040161133,0.05265925079584122,0.01354336366057396,3.894792318344116,z,1.8_1.9_2.0_2.1_2.2
9,2.1110526315789473,2.373684210526316,2,0.022,0.044,730,0.1752185821533203,0.9774526953697205,0.07964405417442322,0.03165602311491966,4.484436511993408,z,1.8_1.9_2.0_2.1_2.2
9,2.1110526315789473,2.373684210526316,3,0.044,0.066,532,0.20010434091091156,0.5190167427062988,0.11315543949604034,0.054518431425094604,4.3455681800842285,z,1.8_1.9_2.0_2.1_2.2
9,2.1110526315789473,2.373684210526316,4,0.066,0.088,604,0.14034117758274078,0.28877708315849304,0.1331183761358261,0.07729803025722504,4.328563690185547,z,1.8_1.9_2.0_2.1_2.2
9,2.1110526315789473,2.373684210526316,5,0.088,0.11,702,0.10426969826221466,0.1835421770811081,0.15180979669094086,0.09898359328508377,4.900389194488525,z,1.8_1.9_2.0_2.1_2.2
9,2.1110526315789473,2.373684210526316,7,0.21000000000000002,0.234,1418,0.013557245954871178,0.04923265799880028,0.23135462403297424,0.2222459614276886,5.4756598472595215,z,1.8_1.9_2.0_2.1_2.2
9,2.1110526315789473,2.373684210526316,8,0.234,0.258,1400,0.00766637921333313,0.02827133983373642,0.2521533668041229,0.2458457499742508,5.044698715209961,z,1.8_1.9_2.0_2.1_2.2
9,2.1110526315789473,2.373684210526316,9,0.258,0.28200000000000003,577,0.003489163238555193,0.028821861371397972,0.26846185326576233,0.26795148849487305,3.5540616512298584,z,1.8_1.9_2.0_2.1_2.2
9,2.1110526315789473,2.373684210526316,10,0.28200000000000003,0.30600000000000005,82,0.0016977892955765128,0.03334510698914528,0.28922581672668457,0.28873729705810547,2.4879467487335205,z,1.8_1.9_2.0_2.1_2.2
9,2.1110526315789473,2.373684210526316,11,0.30600000000000005,0.33,14,-0.025729557499289513,0.0046888901852071285,0.2912134826183319,0.3101881444454193,2.366410970687866,z,1.8_1.9_2.0_2.1_2.2
10,2.373684210526316,2.6363157894736844,1,0.0,0.022,907,0.2871916592121124,2.147522449493408,0.05499644950032234,0.013630393892526627,4.261803150177002,z,1.8_1.9_2.0_2.1_2.2
10,2.373684210526316,2.6363157894736844,2,0.022,0.044,611,0.19770501554012299,0.9059423804283142,0.0846097469329834,0.031762998551130295,4.920431137084961,z,1.8_1.9_2.0_2.1_2.2
10,2.373684210526316,2.6363157894736844,3,0.044,0.066,457,0.18567994236946106,0.45533987879753113,0.1143949031829834,0.05468897894024849,4.692632675170898,z,1.8_1.9_2.0_2.1_2.2
10,2.373684210526316,2.6363157894736844,4,0.066,0.088,514,0.1433374583721161,0.2739451825618744,0.13674722611904144,0.07739605754613876,4.6953125,z,1.8_1.9_2.0_2.1_2.2
10,2.373684210526316,2.6363157894736844,5,0.088,0.11,634,0.10551414638757706,0.1806618720293045,0.15452325344085693,0.09902791678905487,5.185582160949707,z,1.8_1.9_2.0_2.1_2.2
10,2.373684210526316,2.6363157894736844,7,0.21000000000000002,0.234,1288,0.012597966939210892,0.043640293180942535,0.2314678281545639,0.22219955921173096,5.801782608032227,z,1.8_1.9_2.0_2.1_2.2
10,2.373684210526316,2.6363157894736844,8,0.234,0.258,1202,0.007781474385410547,0.02633334882557392,0.25225672125816345,0.2455953061580658,5.507874965667725,z,1.8_1.9_2.0_2.1_2.2
10,2.373684210526316,2.6363157894736844,9,0.258,0.28200000000000003,467,0.00528794527053833,0.027029849588871002,0.26880866289138794,0.2676013708114624,3.8618905544281006,z,1.8_1.9_2.0_2.1_2.2
10,2.373684210526316,2.6363157894736844,10,0.28200000000000003,0.30600000000000005,32,0.016359901055693626,0.028724396601319313,0.2972508668899536,0.2871238589286804,2.8863584995269775,z,1.8_1.9_2.0_2.1_2.2
10,2.373684210526316,2.6363157894736844,11,0.30600000000000005,0.33,6,-0.024200379848480225,0.003250461770221591,0.2907048761844635,0.30947503447532654,2.5116875171661377,z,1.8_1.9_2.0_2.1_2.2
11,2.6363157894736844,2.8989473684210525,1,0.0,0.022,741,0.28018295764923096,1.9333555698394775,0.05733807012438774,0.013522482477128506,4.655236721038818,z,1.8_1.9_2.0_2.1_2.2
11,2.6363157894736844,2.8989473684210525,2,0.022,0.044,514,0.21828417479991913,0.8750560879707336,0.08955509215593338,0.0316162146627903,5.3775858879089355,z,1.8_1.9_2.0_2.1_2.2
11,2.6363157894736844,2.8989473684210525,3,0.044,0.066,401,0.1780383139848709,0.4291830360889435,0.11614944785833359,0.054800089448690414,4.997359752655029,z,1.8_1.9_2.0_2.1_2.2
11,2.6363157894736844,2.8989473684210525,4,0.066,0.088,455,0.1530555784702301,0.27574750781059265,0.14145927131175995,0.07753707468509674,4.979328632354736,z,1.8_1.9_2.0_2.1_2.2
11,2.6363157894736844,2.8989473684210525,5,0.088,0.11,583,0.10590137541294098,0.17693009972572327,0.15650397539138794,0.0991477519273758,5.419178009033203,z,1.8_1.9_2.0_2.1_2.2
11,2.6363157894736844,2.8989473684210525,7,0.21000000000000002,0.234,1174,0.01156745757907629,0.04000444337725639,0.23162998259067535,0.2222384661436081,6.122138500213623,z,1.8_1.9_2.0_2.1_2.2
11,2.6363157894736844,2.8989473684210525,8,0.234,0.258,1047,0.0068300869315862656,0.02447802945971489,0.25156766176223755,0.24523675441741943,5.9532389640808105,z,1.8_1.9_2.0_2.1_2.2
11,2.6363157894736844,2.8989473684210525,9,0.258,0.28200000000000003,387,0.00640220707282424,0.02608228288590908,0.2687849998474121,0.2671578824520111,4.143403053283691,z,1.8_1.9_2.0_2.1_2.2
11,2.6363157894736844,2.8989473684210525,10,0.28200000000000003,0.30600000000000005,18,0.021277334541082382,0.011099894531071186,0.307510107755661,0.28839728236198425,3.2217555046081543,z,1.8_1.9_2.0_2.1_2.2
12,2.8989473684210525,3.161578947368421,1,0.0,0.022,581,0.2551960051059723,1.6344417333602905,0.05951044708490372,0.013356891460716724,5.17778205871582,z,1.8_1.9_2.0_2.1_2.2
12,2.8989473684210525,3.161578947368421,2,0.022,0.044,421,0.26453909277915955,0.897914469242096,0.099430151283741,0.03191133961081505,5.953795433044434,z,1.8_1.9_2.0_2.1_2.2
12,2.8989473684210525,3.161578947368421,3,0.044,0.066,364,0.15889352560043335,0.39865678548812866,0.11482280492782593,0.05468248948454857,5.226472854614258,z,1.8_1.9_2.0_2.1_2.2
12,2.8989473684210525,3.161578947368421,4,0.066,0.088,391,0.1526285707950592,0.2727563679218292,0.1450641006231308,0.07763462513685226,5.3402910232543945,z,1.8_1.9_2.0_2.1_2.2
12,2.8989473684210525,3.161578947368421,5,0.088,0.11,538,0.1016300618648529,0.16817651689052582,0.15725094079971313,0.09933669865131378,5.64177131652832,z,1.8_1.9_2.0_2.1_2.2
12,2.8989473684210525,3.161578947368421,7,0.21000000000000002,0.234,1041,0.01012000348418951,0.0361972413957119,0.23147505521774292,0.22224067151546478,6.549820423126221,z,1.8_1.9_2.0_2.1_2.2
12,2.8989473684210525,3.161578947368421,8,0.234,0.258,951,0.006342481821775436,0.023231156170368195,0.2513365149497986,0.245093435049057,6.274791717529297,z,1.8_1.9_2.0_2.1_2.2
12,2.8989473684210525,3.161578947368421,9,0.258,0.28200000000000003,316,0.0063020577654242516,0.026468344032764435,0.26736316084861755,0.26644405722618103,4.45271635055542,z,1.8_1.9_2.0_2.1_2.2
12,2.8989473684210525,3.161578947368421,10,0.28200000000000003,0.30600000000000005,12,0.01717037707567215,0.009004179388284683,0.3071057200431824,0.28905412554740906,3.4670228958129883,z,1.8_1.9_2.0_2.1_2.2
13,3.161578947368421,3.4242105263157896,1,0.0,0.022,480,0.30561861395835876,1.6336541175842285,0.0640275627374649,0.013142482377588749,5.629453182220459,z,1.8_1.9_2.0_2.1_2.2
13,3.161578947368421,3.4242105263157896,2,0.022,0.044,359,0.308461457490921,0.854070246219635,0.10691267997026443,0.03181559592485428,6.4603962898254395,z,1.8_1.9_2.0_2.1_2.2
13,3.161578947368421,3.4242105263157896,3,0.044,0.066,320,0.16819541156291962,0.4066774845123291,0.11930123716592789,0.05449724942445755,5.530783653259277,z,1.8_1.9_2.0_2.1_2.2
13,3.161578947368421,3.4242105263157896,4,0.066,0.088,343,0.1579342782497406,0.2728130519390106,0.14936214685440063,0.07777763903141022,5.664087772369385,z,1.8_1.9_2.0_2.1_2.2
13,3.161578947368421,3.4242105263157896,5,0.088,0.11,498,0.10114385932683945,0.16048400104045868,0.15950599312782288,0.09951137006282806,5.851851940155029,z,1.8_1.9_2.0_2.1_2.2
13,3.161578947368421,3.4242105263157896,7,0.21000000000000002,0.234,945,0.009419934824109077,0.033509399741888046,0.23176537454128265,0.22219246625900269,6.909456729888916,z,1.8_1.9_2.0_2.1_2.2
13,3.161578947368421,3.4242105263157896,8,0.234,0.258,852,0.006023390684276819,0.022010458633303642,0.25134629011154175,0.2449866235256195,6.6527252197265625,z,1.8_1.9_2.0_2.1_2.2
13,3.161578947368421,3.4242105263157896,9,0.258,0.28200000000000003,267,0.006148153450340033,0.025821669027209282,0.2665492594242096,0.2659722566604614,4.711690902709961,z,1.8_1.9_2.0_2.1_2.2
13,3.161578947368421,3.4242105263157896,10,0.28200000000000003,0.30600000000000005,7,0.016065465286374092,0.008686290122568607,0.3023073077201843,0.28546157479286194,3.7748374938964844,z,1.8_1.9_2.0_2.1_2.2
14,3.4242105263157896,3.6868421052631577,1,0.0,0.022,404,0.33993837237358093,1.4675847291946411,0.06838333606719971,0.01325599942356348,6.069636821746826,z,1.8_1.9_2.0_2.1_2.2
14,3.4242105263157896,3.6868421052631577,2,0.022,0.044,318,0.307464599609375,0.7634433507919312,0.10917089134454727,0.031907111406326294,6.867648124694824,z,1.8_1.9_2.0_2.1_2.2
14,3.4242105263157896,3.6868421052631577,3,0.044,0.066,263,0.20686626434326172,0.40254443883895874,0.1307593286037445,0.054312389343976974,6.012238025665283,z,1.8_1.9_2.0_2.1_2.2
14,3.4242105263157896,3.6868421052631577,4,0.066,0.088,297,0.14855068922042847,0.2624909281730652,0.15076906979084015,0.0776592493057251,6.027891159057617,z,1.8_1.9_2.0_2.1_2.2
14,3.4242105263157896,3.6868421052631577,5,0.088,0.11,452,0.10285016149282455,0.15278147161006927,0.16336528956890106,0.09967570751905441,6.11221170425415,z,1.8_1.9_2.0_2.1_2.2
14,3.4242105263157896,3.6868421052631577,7,0.21000000000000002,0.234,871,0.00834049191325903,0.03209983929991722,0.23128388822078705,0.22214393317699432,7.218472003936768,z,1.8_1.9_2.0_2.1_2.2
14,3.4242105263157896,3.6868421052631577,8,0.234,0.258,782,0.005587032996118069,0.020913945510983467,0.2510530948638916,0.24492576718330383,6.954514980316162,z,1.8_1.9_2.0_2.1_2.2
14,3.4242105263157896,3.6868421052631577,9,0.258,0.28200000000000003,224,0.005167090333998203,0.02677275985479355,0.2646544873714447,0.2655820846557617,4.986522197723389,z,1.8_1.9_2.0_2.1_2.2
14,3.4242105263157896,3.6868421052631577,10,0.28200000000000003,0.30600000000000005,5,0.01357406098395586,0.005083185620605946,0.30175167322158813,0.2864144444465637,3.988079786300659,z,1.8_1.9_2.0_2.1_2.2
15,3.6868421052631577,3.9494736842105262,1,0.0,0.022,349,0.3930526077747345,1.3998132944107056,0.07350841909646988,0.013267775066196918,6.468484401702881,z,1.8_1.9_2.0_2.1_2.2
15,3.6868421052631577,3.9494736842105262,2,0.022,0.044,268,0.35688525438308716,0.7335288524627686,0.1185741275548935,0.03198963776230812,7.484735012054443,z,1.8_1.9_2.0_2.1_2.2
15,3.6868421052631577,3.9494736842105262,3,0.044,0.066,225,0.24461032450199127,0.3891986906528473,0.141801655292511,0.054399263113737106,6.429205894470215,z,1.8_1.9_2.0_2.1_2.2
15,3.6868421052631577,3.9494736842105262,4,0.066,0.088,257,0.15491712093353271,0.2479112446308136,0.15703047811985016,0.077780582010746,6.414669513702393,z,1.8_1.9_2.0_2.1_2.2
15,3.6868421052631577,3.9494736842105262,5,0.088,0.11,397,0.10328707844018936,0.1504530906677246,0.1660589873790741,0.09963279217481613,6.464519023895264,z,1.8_1.9_2.0_2.1_2.2
15,3.6868421052631577,3.9494736842105262,7,0.21000000000000002,0.234,804,0.007196709979325533,0.028474174439907074,0.23096863925457,0.22214515507221222,7.523594856262207,z,1.8_1.9_2.0_2.1_2.2
15,3.6868421052631577,3.9494736842105262,8,0.234,0.258,724,0.005467343609780073,0.02034802921116352,0.2509573698043823,0.24484512209892273,7.227563858032227,z,1.8_1.9_2.0_2.1_2.2
15,3.6868421052631577,3.9494736842105262,9,0.258,0.28200000000000003,172,0.001956314081326127,0.027816062793135643,0.26009541749954224,0.26497697830200195,5.425392150878906,z,1.8_1.9_2.0_2.1_2.2
16,3.9494736842105262,4.212105263157895,1,0.0,0.022,303,0.45800402760505676,1.3535586595535278,0.07958678156137466,0.013133695349097252,6.87186336517334,z,1.8_1.9_2.0_2.1_2.2
16,3.9494736842105262,4.212105263157895,2,0.022,0.044,224,0.36440709233283997,0.6903871297836304,0.123966284096241,0.031948272138834,8.206888198852539,z,1.8_1.9_2.0_2.1_2.2
16,3.9494736842105262,4.212105263157895,3,0.044,0.066,186,0.26247307658195496,0.3604491353034973,0.15085238218307495,0.05458974465727806,6.9776716232299805,z,1.8_1.9_2.0_2.1_2.2
16,3.9494736842105262,4.212105263157895,4,0.066,0.088,226,0.15599094331264496,0.24069751799106598,0.16124595701694489,0.0776430144906044,6.772080898284912,z,1.8_1.9_2.0_2.1_2.2
16,3.9494736842105262,4.212105263157895,5,0.088,0.11,330,0.10686023533344269,0.1484646201133728,0.1719357669353485,0.0999160185456276,7.000543594360352,z,1.8_1.9_2.0_2.1_2.2
16,3.9494736842105262,4.212105263157895,7,0.21000000000000002,0.234,753,0.00649229995906353,0.028106635436415672,0.2305566966533661,0.22212277352809906,7.776864528656006,z,1.8_1.9_2.0_2.1_2.2
16,3.9494736842105262,4.212105263157895,8,0.234,0.258,672,0.004867433570325375,0.019554410129785538,0.25002169609069824,0.244742751121521,7.492366790771484,z,1.8_1.9_2.0_2.1_2.2
16,3.9494736842105262,4.212105263157895,9,0.258,0.28200000000000003,139,-0.001368061639368534,0.026169009506702423,0.2555505633354187,0.2645863890647888,5.801717281341553,z,1.8_1.9_2.0_2.1_2.2
17,4.212105263157895,4.474736842105263,1,0.0,0.022,272,0.5512707829475403,1.325679898262024,0.08710739016532898,0.013132504187524319,7.192157745361328,z,1.8_1.9_2.0_2.1_2.2
17,4.212105263157895,4.474736842105263,2,0.022,0.044,195,0.3434467315673828,0.6182085871696472,0.12467896938323975,0.03199375420808792,8.82187271118164,z,1.8_1.9_2.0_2.1_2.2
17,4.212105263157895,4.474736842105263,3,0.044,0.066,161,0.27460718154907227,0.3334892690181732,0.15753096342086792,0.054686956107616425,7.422948837280273,z,1.8_1.9_2.0_2.1_2.2
17,4.212105263157895,4.474736842105263,4,0.066,0.088,199,0.1542099118232727,0.2238435447216034,0.16490067541599274,0.07769157737493515,7.138935565948486,z,1.8_1.9_2.0_2.1_2.2
17,4.212105263157895,4.474736842105263,5,0.088,0.11,293,0.1092175841331482,0.14604799449443817,0.17640425264835358,0.09990014135837555,7.371016025543213,z,1.8_1.9_2.0_2.1_2.2
17,4.212105263157895,4.474736842105263,7,0.21000000000000002,0.234,700,0.005735795013606548,0.025806352496147156,0.2301405817270279,0.2221585512161255,8.056363105773926,z,1.8_1.9_2.0_2.1_2.2
17,4.212105263157895,4.474736842105263,8,0.234,0.258,615,0.0042341966181993484,0.018339959904551506,0.24892595410346985,0.24458253383636475,7.808318138122559,z,1.8_1.9_2.0_2.1_2.2
17,4.212105263157895,4.474736842105263,9,0.258,0.28200000000000003,106,-0.004669611342251301,0.02570710889995098,0.2496366798877716,0.26491570472717285,6.344396114349365,z,1.8_1.9_2.0_2.1_2.2
18,4.474736842105263,4.737368421052632,1,0.0,0.022,237,0.6626562476158142,1.3505804538726807,0.09749643504619598,0.012966793030500412,7.612791061401367,z,1.8_1.9_2.0_2.1_2.2
18,4.474736842105263,4.737368421052632,2,0.022,0.044,175,0.3607780933380127,0.5883187055587769,0.12967748939990997,0.031979843974113464,9.338325500488281,z,1.8_1.9_2.0_2.1_2.2
18,4.474736842105263,4.737368421052632,3,0.044,0.066,149,0.28442850708961487,0.3264385759830475,0.16257287561893463,0.054648566991090775,7.670241355895996,z,1.8_1.9_2.0_2.1_2.2
18,4.474736842105263,4.737368421052632,4,0.066,0.088,179,0.15442414581775665,0.21263638138771057,0.168141171336174,0.07757348567247391,7.452118396759033,z,1.8_1.9_2.0_2.1_2.2
18,4.474736842105263,4.737368421052632,5,0.088,0.11,258,0.10625963658094406,0.14371173083782196,0.17804569005966187,0.09981054812669754,7.783011436462402,z,1.8_1.9_2.0_2.1_2.2
18,4.474736842105263,4.737368421052632,7,0.21000000000000002,0.234,661,0.005363375414162874,0.025802385061979294,0.2299613058567047,0.2221624106168747,8.27450180053711,z,1.8_1.9_2.0_2.1_2.2
18,4.474736842105263,4.737368421052632,8,0.234,0.258,580,0.004035229329019785,0.017618751153349876,0.24832868576049805,0.2445109337568283,8.017263412475586,z,1.8_1.9_2.0_2.1_2.2
18,4.474736842105263,4.737368421052632,9,0.258,0.28200000000000003,89,-0.007682534400373697,0.026475690305233,0.24462802708148956,0.2646699845790863,6.725362300872803,z,1.8_1.9_2.0_2.1_2.2
19,4.737368421052632,5.0,1,0.0,0.022,211,0.7525709867477417,1.3454835414886475,0.1055634543299675,0.012877346947789192,7.986286640167236,z,1.8_1.9_2.0_2.1_2.2
19,4.737368421052632,5.0,2,0.022,0.044,160,0.38939934968948364,0.5640565752983093,0.1358606219291687,0.03195404261350632,9.783273696899414,z,1.8_1.9_2.0_2.1_2.2
19,4.737368421052632,5.0,3,0.044,0.066,140,0.2796070873737335,0.3113305866718292,0.16319209337234497,0.05464057996869087,7.867891788482666,z,1.8_1.9_2.0_2.1_2.2
19,4.737368421052632,5.0,4,0.066,0.088,164,0.15036077797412872,0.20335237681865692,0.1695704162120819,0.07752980291843414,7.7109479904174805,z,1.8_1.9_2.0_2.1_2.2
19,4.737368421052632,5.0,5,0.088,0.11,222,0.09703361988067627,0.1294834315776825,0.17694248259067535,0.09977981448173523,8.300704956054688,z,1.8_1.9_2.0_2.1_2.2
19,4.737368421052632,5.0,7,0.21000000000000002,0.234,610,0.004571154247969389,0.02428789623081684,0.229476660490036,0.2221052348613739,8.58033275604248,z,1.8_1.9_2.0_2.1_2.2
19,4.737368421052632,5.0,8,0.234,0.258,544,0.003968258388340473,0.01694192923605442,0.24811331927776337,0.2444770485162735,8.244884490966797,z,1.8_1.9_2.0_2.1_2.2
19,4.737368421052632,5.0,9,0.258,0.28200000000000003,84,-0.008675939403474331,0.026747101917862892,0.24285638332366943,0.2646277844905853,6.853054046630859,z,1.8_1.9_2.0_2.1_2.2
20,5.0,inf,1,0.0,0.022,197,0.732677161693573,1.2264022827148438,0.10615833848714828,0.012995388358831406,8.210634231567383,z,1.8_1.9_2.0_2.1_2.2
20,5.0,inf,2,0.022,0.044,147,0.41264158487319946,0.553786039352417,0.14138920605182648,0.031822241842746735,10.216647148132324,z,1.8_1.9_2.0_2.1_2.2
20,5.0,inf,3,0.044,0.066,132,0.28367742896080017,0.3047231137752533,0.16579768061637878,0.054620418697595596,8.049178123474121,z,1.8_1.9_2.0_2.1_2.2
20,5.0,inf,4,0.066,0.088,150,0.14305801689624786,0.19235379993915558,0.17083464562892914,0.07770160585641861,7.9753923416137695,z,1.8_1.9_2.0_2.1_2.2
20,5.0,inf,5,0.088,0.11,201,0.10182268172502518,0.12757892906665802,0.18147012591362,0.09961922466754913,8.659575462341309,z,1.8_1.9_2.0_2.1_2.2
20,5.0,inf,7,0.21000000000000002,0.234,563,0.003971386235207319,0.023559920489788055,0.22847497463226318,0.22203467786312103,8.89037036895752,z,1.8_1.9_2.0_2.1_2.2
20,5.0,inf,8,0.234,0.258,508,0.0038114890921860933,0.016772689297795296,0.24781812727451324,0.24437478184700012,8.48412799835205,z,1.8_1.9_2.0_2.1_2.2
20,5.0,inf,9,0.258,0.28200000000000003,67,-0.011710875667631626,0.028696570545434952,0.23782014846801758,0.26534098386764526,7.365874290466309,z,1.8_1.9_2.0_2.1_2.2
