total_std_bin,total_std_lo,total_std_hi,pred_bin,pred_lo,pred_hi,n,mean_alpha,std_alpha,mean_GT,mean_pred,mean_total_std,axis,eps
0,0.0,0.0,1,-0.57,-0.45699999999999996,580,-0.03670642152428627,0.3031282126903534,-0.5046257376670837,-0.5061326622962952,0.20642690360546112,x,2.1
0,0.0,0.0,2,-0.45699999999999996,-0.344,7970,0.08990976214408875,0.3852514922618866,-0.36803823709487915,-0.3666214942932129,0.5688904523849487,x,2.1
0,0.0,0.0,3,-0.344,-0.23099999999999998,21758,0.3398590385913849,1.1610525846481323,-0.3203015625476837,-0.2882603406906128,0.9722695350646973,x,2.1
0,0.0,0.0,4,-0.23099999999999998,-0.118,21053,0.9207210540771484,2.6855762004852295,-0.2136441171169281,-0.17358003556728363,0.6484342813491821,x,2.1
0,0.0,0.0,5,-0.118,-0.0050000000000000044,35341,15.5077543258667,58.78748321533203,-0.15733841061592102,-0.0473349429666996,0.4004761576652527,x,2.1
0,0.0,0.0,7,0.095,0.19,14147,1.5852863788604736,4.249384880065918,0.23565377295017242,0.1394965946674347,0.6541675329208374,x,2.1
0,0.0,0.0,8,0.19,0.28500000000000003,8837,-0.13977539539337158,1.1862130165100098,0.242447167634964,0.23512756824493408,0.9328842759132385,x,2.1
0,0.0,0.0,9,0.28500000000000003,0.38,7227,-0.18349339067935944,0.7917041182518005,0.31862813234329224,0.3260844051837921,0.18910138309001923,x,2.1
0,0.0,0.0,10,0.38,0.475,716,0.21478810906410217,0.6928920745849609,0.4285622239112854,0.42032521963119507,0.253397136926651,x,2.1
0,0.0,0.0,11,0.475,0.57,322,0.050177354365587234,0.14677731692790985,0.5152665972709656,0.5098726749420166,0.3499108552932739,x,2.1
1,0.0,0.02631578947368421,1,-0.57,-0.45699999999999996,580,-0.03670642152428627,0.3031282126903534,-0.5046257376670837,-0.5061326622962952,0.20642690360546112,x,2.1
1,0.0,0.02631578947368421,2,-0.45699999999999996,-0.344,7970,0.08990976214408875,0.3852514922618866,-0.36803823709487915,-0.3666214942932129,0.5688904523849487,x,2.1
1,0.0,0.02631578947368421,3,-0.344,-0.23099999999999998,21758,0.3398590385913849,1.1610525846481323,-0.3203015625476837,-0.2882603406906128,0.9722695350646973,x,2.1
1,0.0,0.02631578947368421,4,-0.23099999999999998,-0.118,21053,0.9207210540771484,2.6855762004852295,-0.2136441171169281,-0.17358003556728363,0.6484342813491821,x,2.1
1,0.0,0.02631578947368421,5,-0.118,-0.0050000000000000044,35341,15.5077543258667,58.78748321533203,-0.15733841061592102,-0.0473349429666996,0.4004761576652527,x,2.1
1,0.0,0.02631578947368421,7,0.095,0.19,14147,1.5852863788604736,4.249384880065918,0.23565377295017242,0.1394965946674347,0.6541675329208374,x,2.1
1,0.0,0.02631578947368421,8,0.19,0.28500000000000003,8837,-0.13977539539337158,1.1862130165100098,0.242447167634964,0.23512756824493408,0.9328842759132385,x,2.1
1,0.0,0.02631578947368421,9,0.28500000000000003,0.38,7227,-0.18349339067935944,0.7917041182518005,0.31862813234329224,0.3260844051837921,0.18910138309001923,x,2.1
1,0.0,0.02631578947368421,10,0.38,0.475,716,0.21478810906410217,0.6928920745849609,0.4285622239112854,0.42032521963119507,0.253397136926651,x,2.1
1,0.0,0.02631578947368421,11,0.475,0.57,322,0.050177354365587234,0.14677731692790985,0.5152665972709656,0.5098726749420166,0.3499108552932739,x,2.1
2,0.02631578947368421,0.05263157894736842,1,-0.57,-0.45699999999999996,580,-0.03670642152428627,0.3031282126903534,-0.5046257376670837,-0.5061326622962952,0.20642690360546112,x,2.1
2,0.02631578947368421,0.05263157894736842,2,-0.45699999999999996,-0.344,7707,0.0885540023446083,0.3633132874965668,-0.3681400418281555,-0.36666813492774963,0.5875664949417114,x,2.1
2,0.02631578947368421,0.05263157894736842,3,-0.344,-0.23099999999999998,21584,0.34589797258377075,1.149169683456421,-0.3203350603580475,-0.2879229485988617,0.9799078106880188,x,2.1
2,0.02631578947368421,0.05263157894736842,4,-0.23099999999999998,-0.118,21031,0.9167574048042297,2.6673433780670166,-0.21369709074497223,-0.17362861335277557,0.649085521697998,x,2.1
2,0.02631578947368421,0.05263157894736842,5,-0.118,-0.0050000000000000044,35301,15.520023345947266,58.819087982177734,-0.15739841759204865,-0.047296904027462006,0.40090087056159973,x,2.1
2,0.02631578947368421,0.05263157894736842,7,0.095,0.19,14092,1.6103366613388062,4.225212574005127,0.23604191839694977,0.13940496742725372,0.6566256880760193,x,2.1
2,0.02631578947368421,0.05263157894736842,8,0.19,0.28500000000000003,8824,-0.13716340065002441,1.1646199226379395,0.24255885183811188,0.23518218100070953,0.9342210292816162,x,2.1
2,0.02631578947368421,0.05263157894736842,9,0.28500000000000003,0.38,7156,-0.17427971959114075,0.7853972911834717,0.31822559237480164,0.32564595341682434,0.1907402127981186,x,2.1
2,0.02631578947368421,0.05263157894736842,10,0.38,0.475,713,0.21386702358722687,0.6941676139831543,0.42874613404273987,0.42048898339271545,0.25436386466026306,x,2.1
2,0.02631578947368421,0.05263157894736842,11,0.475,0.57,322,0.050177354365587234,0.14677731692790985,0.5152665972709656,0.5098726749420166,0.3499108552932739,x,2.1
3,0.05263157894736842,0.07894736842105263,1,-0.57,-0.45699999999999996,539,-0.058702562004327774,0.3026922643184662,-0.5029020309448242,-0.5049425959587097,0.2182644009590149,x,2.1
3,0.05263157894736842,0.07894736842105263,2,-0.45699999999999996,-0.344,6984,0.07172808051109314,0.2773502469062805,-0.36727041006088257,-0.36617743968963623,0.6441668272018433,x,2.1
3,0.05263157894736842,0.07894736842105263,3,-0.344,-0.23099999999999998,19239,0.34422630071640015,0.7314903140068054,-0.3255777359008789,-0.28865787386894226,1.0947059392929077,x,2.1
3,0.05263157894736842,0.07894736842105263,4,-0.23099999999999998,-0.118,18051,0.7112445831298828,2.2921388149261475,-0.21753673255443573,-0.17302797734737396,0.7494701147079468,x,2.1
3,0.05263157894736842,0.07894736842105263,5,-0.118,-0.0050000000000000044,32280,16.820037841796875,61.02866744995117,-0.16548402607440948,-0.04645705968141556,0.4345475733280182,x,2.1
3,0.05263157894736842,0.07894736842105263,7,0.095,0.19,11405,2.3259212970733643,4.0144758224487305,0.2599491775035858,0.13861717283725739,0.8014804720878601,x,2.1
3,0.05263157894736842,0.07894736842105263,8,0.19,0.28500000000000003,5898,-0.1159568727016449,0.7558221220970154,0.24654541909694672,0.2341354489326477,1.3778520822525024,x,2.1
3,0.05263157894736842,0.07894736842105263,9,0.28500000000000003,0.38,4234,-0.21848347783088684,0.5556886196136475,0.31503546237945557,0.3268534243106842,0.2935656011104584,x,2.1
3,0.05263157894736842,0.07894736842105263,10,0.38,0.475,581,-0.03912723809480667,0.45153218507766724,0.4268754720687866,0.42195117473602295,0.30305182933807373,x,2.1
3,0.05263157894736842,0.07894736842105263,11,0.475,0.57,322,0.050177354365587234,0.14677731692790985,0.5152665972709656,0.5098726749420166,0.3499108552932739,x,2.1
4,0.07894736842105263,0.10526315789473684,1,-0.57,-0.45699999999999996,346,-0.05743684992194176,0.15078558027744293,-0.5072631239891052,-0.5078651309013367,0.30410367250442505,x,2.1
4,0.07894736842105263,0.10526315789473684,2,-0.45699999999999996,-0.344,6441,0.05735444650053978,0.24478329718112946,-0.3660937249660492,-0.36555173993110657,0.6929551362991333,x,2.1
4,0.07894736842105263,0.10526315789473684,3,-0.344,-0.23099999999999998,17783,0.30720075964927673,0.6051693558692932,-0.3273129165172577,-0.28887730836868286,1.1790292263031006,x,2.1
4,0.07894736842105263,0.10526315789473684,4,-0.23099999999999998,-0.118,16131,0.6834655404090881,2.0012247562408447,-0.2228025197982788,-0.17299917340278625,0.8310282230377197,x,2.1
4,0.07894736842105263,0.10526315789473684,5,-0.118,-0.0050000000000000044,30878,17.54230499267578,62.1522216796875,-0.16907791793346405,-0.04567539319396019,0.451464980840683,x,2.1
4,0.07894736842105263,0.10526315789473684,7,0.095,0.19,10566,2.6559555530548096,3.834045886993408,0.27103278040885925,0.1386011689901352,0.8599851727485657,x,2.1
4,0.07894736842105263,0.10526315789473684,8,0.19,0.28500000000000003,5202,-0.1104535236954689,0.7459887862205505,0.24739839136600494,0.23299814760684967,1.5534765720367432,x,2.1
4,0.07894736842105263,0.10526315789473684,9,0.28500000000000003,0.38,2971,-0.20131143927574158,0.4912036955356598,0.3096505105495453,0.3238722085952759,0.39161959290504456,x,2.1
4,0.07894736842105263,0.10526315789473684,10,0.38,0.475,495,-0.07615045458078384,0.25143975019454956,0.4209224581718445,0.41841745376586914,0.34438610076904297,x,2.1
4,0.07894736842105263,0.10526315789473684,11,0.475,0.57,271,0.04203677549958229,0.11696895956993103,0.5197479128837585,0.5139428377151489,0.40252554416656494,x,2.1
5,0.10526315789473684,0.13157894736842105,1,-0.57,-0.45699999999999996,246,-0.058311522006988525,0.1498541533946991,-0.5050222873687744,-0.5048198103904724,0.3893073499202728,x,2.1
5,0.10526315789473684,0.13157894736842105,2,-0.45699999999999996,-0.344,5892,0.04688654839992523,0.2147713303565979,-0.36450064182281494,-0.3642706573009491,0.7489522695541382,x,2.1
5,0.10526315789473684,0.13157894736842105,3,-0.344,-0.23099999999999998,16855,0.28876879811286926,0.5702177286148071,-0.3284473121166229,-0.2889755964279175,1.2389271259307861,x,2.1
5,0.10526315789473684,0.13157894736842105,4,-0.23099999999999998,-0.118,15394,0.6872475743293762,1.8119053840637207,-0.22554223239421844,-0.1731290966272354,0.866493821144104,x,2.1
5,0.10526315789473684,0.13157894736842105,5,-0.118,-0.0050000000000000044,29941,18.473045349121094,62.77634811401367,-0.17315836250782013,-0.0449744276702404,0.4626769423484802,x,2.1
5,0.10526315789473684,0.13157894736842105,7,0.095,0.19,9903,2.842315912246704,3.7921061515808105,0.27982109785079956,0.13807232677936554,0.91145259141922,x,2.1
5,0.10526315789473684,0.13157894736842105,8,0.19,0.28500000000000003,4714,-0.10523320734500885,0.6983807682991028,0.249475359916687,0.23287835717201233,1.7048355340957642,x,2.1
5,0.10526315789473684,0.13157894736842105,9,0.28500000000000003,0.38,2478,-0.21381616592407227,0.410315603017807,0.30786949396133423,0.3242005705833435,0.4514249265193939,x,2.1
5,0.10526315789473684,0.13157894736842105,10,0.38,0.475,434,-0.0795789435505867,0.19315390288829803,0.41828370094299316,0.41580647230148315,0.37983593344688416,x,2.1
5,0.10526315789473684,0.13157894736842105,11,0.475,0.57,205,0.041794128715991974,0.1016143336892128,0.5247227549552917,0.5180038809776306,0.5028519630432129,x,2.1
6,0.13157894736842105,0.15789473684210525,1,-0.57,-0.45699999999999996,145,-0.05987626314163208,0.15990637242794037,-0.4985012114048004,-0.4959520101547241,0.5788998603820801,x,2.1
6,0.13157894736842105,0.15789473684210525,2,-0.45699999999999996,-0.344,5391,0.03527785465121269,0.18839982151985168,-0.36357012391090393,-0.3639868199825287,0.8075996041297913,x,2.1
6,0.13157894736842105,0.15789473684210525,3,-0.344,-0.23099999999999998,16110,0.27069681882858276,0.5462425351142883,-0.3291625380516052,-0.28903451561927795,1.290766716003418,x,2.1
6,0.13157894736842105,0.15789473684210525,4,-0.23099999999999998,-0.118,14863,0.6965181231498718,1.7763221263885498,-0.22736166417598724,-0.17316874861717224,0.8932113647460938,x,2.1
6,0.13157894736842105,0.15789473684210525,5,-0.118,-0.0050000000000000044,28932,19.433513641357422,63.50612258911133,-0.17782121896743774,-0.0441923625767231,0.47469034790992737,x,2.1
6,0.13157894736842105,0.15789473684210525,7,0.095,0.19,9552,2.9405720233917236,3.7850966453552246,0.2849601209163666,0.13800133764743805,0.9406141042709351,x,2.1
6,0.13157894736842105,0.15789473684210525,8,0.19,0.28500000000000003,4416,-0.10531290620565414,0.64882493019104,0.2515273094177246,0.23320689797401428,1.8119189739227295,x,2.1
6,0.13157894736842105,0.15789473684210525,9,0.28500000000000003,0.38,2107,-0.20553134381771088,0.3810745179653168,0.30574366450309753,0.32330742478370667,0.5101503133773804,x,2.1
6,0.13157894736842105,0.15789473684210525,10,0.38,0.475,362,-0.05556976795196533,0.18326465785503387,0.42107632756233215,0.4162871539592743,0.43193483352661133,x,2.1
6,0.13157894736842105,0.15789473684210525,11,0.475,0.57,162,0.03837285935878754,0.09975552558898926,0.5271334052085876,0.5197542905807495,0.6051049828529358,x,2.1
7,0.15789473684210525,0.18421052631578946,1,-0.57,-0.45699999999999996,92,-0.043366286903619766,0.16729064285755157,-0.5002365708351135,-0.492925763130188,0.8294730186462402,x,2.1
7,0.15789473684210525,0.18421052631578946,2,-0.45699999999999996,-0.344,5003,0.030787929892539978,0.16469202935695648,-0.36308470368385315,-0.3637261390686035,0.8590545654296875,x,2.1
7,0.15789473684210525,0.18421052631578946,3,-0.344,-0.23099999999999998,15582,0.2582477629184723,0.5354340076446533,-0.32955223321914673,-0.28892698884010315,1.3296242952346802,x,2.1
7,0.15789473684210525,0.18421052631578946,4,-0.23099999999999998,-0.118,14394,0.7001440525054932,1.7654017210006714,-0.22906747460365295,-0.17342312633991241,0.9176649451255798,x,2.1
7,0.15789473684210525,0.18421052631578946,5,-0.118,-0.0050000000000000044,28266,20.118152618408203,63.942508697509766,-0.18119743466377258,-0.04381128028035164,0.4824710786342621,x,2.1
7,0.15789473684210525,0.18421052631578946,7,0.095,0.19,9310,3.0207977294921875,3.773634672164917,0.2889160215854645,0.13798072934150696,0.961310088634491,x,2.1
7,0.15789473684210525,0.18421052631578946,8,0.19,0.28500000000000003,4188,-0.10384935140609741,0.6142611503601074,0.25339657068252563,0.23337136209011078,1.9026967287063599,x,2.1
7,0.15789473684210525,0.18421052631578946,9,0.28500000000000003,0.38,1730,-0.2096571922302246,0.35534825921058655,0.30076900124549866,0.32047945261001587,0.5897778272628784,x,2.1
7,0.15789473684210525,0.18421052631578946,10,0.38,0.475,258,-0.01518726535141468,0.1838802844285965,0.43286874890327454,0.4223990738391876,0.5477994084358215,x,2.1
7,0.15789473684210525,0.18421052631578946,11,0.475,0.57,138,0.03257967531681061,0.09750303626060486,0.5281421542167664,0.5205885171890259,0.6852340698242188,x,2.1
8,0.18421052631578946,0.21052631578947367,1,-0.57,-0.45699999999999996,43,-0.010873561725020409,0.1751914769411087,-0.515697181224823,-0.49435994029045105,1.57989501953125,x,2.1
8,0.18421052631578946,0.21052631578947367,2,-0.45699999999999996,-0.344,4597,0.02445133589208126,0.14632774889469147,-0.3617655336856842,-0.36291298270225525,0.919836699962616,x,2.1
8,0.18421052631578946,0.21052631578947367,3,-0.344,-0.23099999999999998,15251,0.2552780210971832,0.5297384858131409,-0.32988280057907104,-0.28874650597572327,1.354788064956665,x,2.1
8,0.18421052631578946,0.21052631578947367,4,-0.23099999999999998,-0.118,14155,0.7077500224113464,1.7601547241210938,-0.23005373775959015,-0.17352694272994995,0.9302884340286255,x,2.1
8,0.18421052631578946,0.21052631578947367,5,-0.118,-0.0050000000000000044,27233,20.976839065551758,64.86763763427734,-0.18612805008888245,-0.0438835546374321,0.49417075514793396,x,2.1
8,0.18421052631578946,0.21052631578947367,7,0.095,0.19,9153,3.0801236629486084,3.7554056644439697,0.29185691475868225,0.1379760205745697,0.9748867750167847,x,2.1
8,0.18421052631578946,0.21052631578947367,8,0.19,0.28500000000000003,4005,-0.0982603058218956,0.5881391763687134,0.2550218403339386,0.2332119345664978,1.9818527698516846,x,2.1
8,0.18421052631578946,0.21052631578947367,9,0.28500000000000003,0.38,1401,-0.23465262353420258,0.3376484811306,0.2960514426231384,0.31928789615631104,0.6882563233375549,x,2.1
8,0.18421052631578946,0.21052631578947367,10,0.38,0.475,202,0.031613267958164215,0.15709668397903442,0.44321057200431824,0.42600876092910767,0.6526991128921509,x,2.1
8,0.18421052631578946,0.21052631578947367,11,0.475,0.57,122,0.02820148505270481,0.09254789352416992,0.528810977935791,0.5211554169654846,0.7528387308120728,x,2.1
9,0.21052631578947367,0.23684210526315788,1,-0.57,-0.45699999999999996,26,0.08492293208837509,0.12018752098083496,-0.5448159575462341,-0.5017248392105103,2.484666347503662,x,2.1
9,0.21052631578947367,0.23684210526315788,2,-0.45699999999999996,-0.344,4195,0.02021794021129608,0.13508549332618713,-0.3594680726528168,-0.3612769544124603,0.9891201257705688,x,2.1
9,0.21052631578947367,0.23684210526315788,3,-0.344,-0.23099999999999998,14978,0.2504383623600006,0.5202347636222839,-0.3299468159675598,-0.2886551320552826,1.3758859634399414,x,2.1
9,0.21052631578947367,0.23684210526315788,4,-0.23099999999999998,-0.118,13966,0.718874990940094,1.7578421831130981,-0.23100434243679047,-0.17364849150180817,0.9402050971984863,x,2.1
9,0.21052631578947367,0.23684210526315788,5,-0.118,-0.0050000000000000044,24211,18.812915802001953,55.85091781616211,-0.18734735250473022,-0.0454530343413353,0.5309785604476929,x,2.1
9,0.21052631578947367,0.23684210526315788,7,0.095,0.19,9036,3.1286191940307617,3.7440364360809326,0.29408544301986694,0.13791602849960327,0.9849888682365417,x,2.1
9,0.21052631578947367,0.23684210526315788,8,0.19,0.28500000000000003,3860,-0.08970542997121811,0.5668352842330933,0.2563328146934509,0.2327202558517456,2.0488860607147217,x,2.1
9,0.21052631578947367,0.23684210526315788,9,0.28500000000000003,0.38,1171,-0.260300874710083,0.30258458852767944,0.2919239401817322,0.3187647759914398,0.7849735617637634,x,2.1
9,0.21052631578947367,0.23684210526315788,10,0.38,0.475,163,0.06083880737423897,0.11070985347032547,0.4537859857082367,0.42936059832572937,0.7615416049957275,x,2.1
9,0.21052631578947367,0.23684210526315788,11,0.475,0.57,110,0.022727278992533684,0.08490785956382751,0.5293025970458984,0.5219863653182983,0.8132111430168152,x,2.1
10,0.23684210526315788,0.2631578947368421,1,-0.57,-0.45699999999999996,18,0.07439734041690826,0.07107594609260559,-0.5605745911598206,-0.5000028014183044,3.4913182258605957,x,2.1
10,0.23684210526315788,0.2631578947368421,2,-0.45699999999999996,-0.344,3804,0.015181277878582478,0.13080069422721863,-0.35721927881240845,-0.35971054434776306,1.06783926486969,x,2.1
10,0.23684210526315788,0.2631578947368421,3,-0.344,-0.23099999999999998,14722,0.24364206194877625,0.513104259967804,-0.3298492729663849,-0.28858688473701477,1.3959285020828247,x,2.1
10,0.23684210526315788,0.2631578947368421,4,-0.23099999999999998,-0.118,13604,0.7063236236572266,1.7547978162765503,-0.2323382943868637,-0.1743267923593521,0.9592518210411072,x,2.1
10,0.23684210526315788,0.2631578947368421,5,-0.118,-0.0050000000000000044,21785,15.346915245056152,49.217044830322266,-0.1830669343471527,-0.047180648893117905,0.5653079748153687,x,2.1
10,0.23684210526315788,0.2631578947368421,7,0.095,0.19,8902,3.1527156829833984,3.7137820720672607,0.2958434224128723,0.13792118430137634,0.9964278936386108,x,2.1
10,0.23684210526315788,0.2631578947368421,8,0.19,0.28500000000000003,3663,-0.0849023312330246,0.5476284623146057,0.2580399513244629,0.23210540413856506,2.1469810009002686,x,2.1
10,0.23684210526315788,0.2631578947368421,9,0.28500000000000003,0.38,1030,-0.278216689825058,0.3015401363372803,0.28961336612701416,0.3187272548675537,0.8619676828384399,x,2.1
10,0.23684210526315788,0.2631578947368421,10,0.38,0.475,143,0.0736081600189209,0.07479441165924072,0.46002426743507385,0.43098142743110657,0.8367043733596802,x,2.1
10,0.23684210526315788,0.2631578947368421,11,0.475,0.57,103,0.02154039964079857,0.0776095986366272,0.529371976852417,0.5221534371376038,0.8534755706787109,x,2.1
11,0.2631578947368421,0.2894736842105263,1,-0.57,-0.45699999999999996,16,0.05896800383925438,0.0682033970952034,-0.5616567134857178,-0.4963443875312805,3.895717144012451,x,2.1
11,0.2631578947368421,0.2894736842105263,2,-0.45699999999999996,-0.344,3560,0.01009786780923605,0.13059280812740326,-0.35581135749816895,-0.3589613735675812,1.1239604949951172,x,2.1
11,0.2631578947368421,0.2894736842105263,3,-0.344,-0.23099999999999998,14490,0.23727217316627502,0.5081122517585754,-0.3297082483768463,-0.2885119915008545,1.4142779111862183,x,2.1
11,0.2631578947368421,0.2894736842105263,4,-0.23099999999999998,-0.118,13098,0.6975786089897156,1.7504559755325317,-0.23399415612220764,-0.17487332224845886,0.9866317510604858,x,2.1
11,0.2631578947368421,0.2894736842105263,5,-0.118,-0.0050000000000000044,18859,10.54306697845459,44.47394561767578,-0.1765090376138687,-0.05053597688674927,0.6141472458839417,x,2.1
11,0.2631578947368421,0.2894736842105263,7,0.095,0.19,8606,3.0270018577575684,3.600595235824585,0.2955104112625122,0.1385711431503296,1.022036075592041,x,2.1
11,0.2631578947368421,0.2894736842105263,8,0.19,0.28500000000000003,3498,-0.07270225882530212,0.5301544070243835,0.259920597076416,0.2313004583120346,2.236450433731079,x,2.1
11,0.2631578947368421,0.2894736842105263,9,0.28500000000000003,0.38,902,-0.28503677248954773,0.2972967028617859,0.2870478928089142,0.3178633749485016,0.9487960934638977,x,2.1
11,0.2631578947368421,0.2894736842105263,10,0.38,0.475,127,0.07672805339097977,0.07083341479301453,0.46230337023735046,0.43022894859313965,0.9108458757400513,x,2.1
11,0.2631578947368421,0.2894736842105263,11,0.475,0.57,94,0.019220324233174324,0.0660933256149292,0.5297824144363403,0.522931694984436,0.911005437374115,x,2.1
12,0.2894736842105263,0.3157894736842105,1,-0.57,-0.45699999999999996,14,0.03386523202061653,0.055305056273937225,-0.5614013075828552,-0.4906851351261139,4.413383960723877,x,2.1
12,0.2894736842105263,0.3157894736842105,2,-0.45699999999999996,-0.344,3404,0.004939456935971975,0.1292153149843216,-0.3546777367591858,-0.3585453927516937,1.1628445386886597,x,2.1
12,0.2894736842105263,0.3157894736842105,3,-0.344,-0.23099999999999998,14209,0.22656255960464478,0.4993102252483368,-0.32917696237564087,-0.2884559631347656,1.4367759227752686,x,2.1
12,0.2894736842105263,0.3157894736842105,4,-0.23099999999999998,-0.118,12624,0.7008072137832642,1.7392592430114746,-0.23522551357746124,-0.1750326156616211,1.0132886171340942,x,2.1
12,0.2894736842105263,0.3157894736842105,5,-0.118,-0.0050000000000000044,15786,8.293846130371094,36.81327438354492,-0.18092486262321472,-0.05414236709475517,0.6800125241279602,x,2.1
12,0.2894736842105263,0.3157894736842105,7,0.095,0.19,6328,1.4777365922927856,2.5839757919311523,0.26861149072647095,0.1444416046142578,1.2898890972137451,x,2.1
12,0.2894736842105263,0.3157894736842105,8,0.19,0.28500000000000003,3295,-0.062036607414484024,0.5208418369293213,0.26213863492012024,0.23029771447181702,2.357217311859131,x,2.1
12,0.2894736842105263,0.3157894736842105,9,0.28500000000000003,0.38,789,-0.29750537872314453,0.2810070216655731,0.2844889163970947,0.31791430711746216,1.0450329780578613,x,2.1
12,0.2894736842105263,0.3157894736842105,10,0.38,0.475,116,0.08231820911169052,0.06425731629133224,0.46553170680999756,0.43049994111061096,0.9715238213539124,x,2.1
12,0.2894736842105263,0.3157894736842105,11,0.475,0.57,88,0.017319506034255028,0.056839559227228165,0.5302721261978149,0.523739218711853,0.9540283679962158,x,2.1
13,0.3157894736842105,0.3421052631578947,1,-0.57,-0.45699999999999996,14,0.03386523202061653,0.055305056273937225,-0.5614013075828552,-0.4906851351261139,4.413383960723877,x,2.1
13,0.3157894736842105,0.3421052631578947,2,-0.45699999999999996,-0.344,3255,0.0002493021311238408,0.12907378375530243,-0.35354360938072205,-0.35810771584510803,1.2022581100463867,x,2.1
13,0.3157894736842105,0.3421052631578947,3,-0.344,-0.23099999999999998,13631,0.19625812768936157,0.472356915473938,-0.3274819850921631,-0.2887260317802429,1.4848257303237915,x,2.1
13,0.3157894736842105,0.3421052631578947,4,-0.23099999999999998,-0.118,12130,0.6961579322814941,1.715755581855774,-0.23543931543827057,-0.1751118302345276,1.0421937704086304,x,2.1
13,0.3157894736842105,0.3421052631578947,5,-0.118,-0.0050000000000000044,13666,7.471929550170898,31.56414222717285,-0.18361498415470123,-0.05574360117316246,0.7388336062431335,x,2.1
13,0.3157894736842105,0.3421052631578947,7,0.095,0.19,5564,1.0326963663101196,2.065488338470459,0.256620317697525,0.14550183713436127,1.4258509874343872,x,2.1
13,0.3157894736842105,0.3421052631578947,8,0.19,0.28500000000000003,3131,-0.051043927669525146,0.516933023929596,0.26399534940719604,0.22916972637176514,2.4648818969726562,x,2.1
13,0.3157894736842105,0.3421052631578947,9,0.28500000000000003,0.38,704,-0.29993003606796265,0.2732478976249695,0.28227776288986206,0.3170393705368042,1.1347498893737793,x,2.1
13,0.3157894736842105,0.3421052631578947,10,0.38,0.475,102,0.08577881008386612,0.05880098044872284,0.4687558710575104,0.429856538772583,1.0636265277862549,x,2.1
13,0.3157894736842105,0.3421052631578947,11,0.475,0.57,83,0.01557459682226181,0.05344540998339653,0.5310274958610535,0.5245392918586731,0.993201494216919,x,2.1
14,0.3421052631578947,0.3684210526315789,1,-0.57,-0.45699999999999996,12,0.03089853748679161,0.00854838453233242,-0.5604628920555115,-0.4833897352218628,5.095001697540283,x,2.1
14,0.3421052631578947,0.3684210526315789,2,-0.45699999999999996,-0.344,3132,-0.002938345307484269,0.12707163393497467,-0.35257822275161743,-0.35779324173927307,1.2365649938583374,x,2.1
14,0.3421052631578947,0.3684210526315789,3,-0.344,-0.23099999999999998,13089,0.17018219828605652,0.45131716132164,-0.32575780153274536,-0.2889099717140198,1.5326915979385376,x,2.1
14,0.3421052631578947,0.3684210526315789,4,-0.23099999999999998,-0.118,11549,0.6468749046325684,1.6621649265289307,-0.23405709862709045,-0.17584577202796936,1.0780502557754517,x,2.1
14,0.3421052631578947,0.3684210526315789,5,-0.118,-0.0050000000000000044,12098,6.68404483795166,26.252971649169922,-0.1801837980747223,-0.05677403137087822,0.7921035885810852,x,2.1
14,0.3421052631578947,0.3684210526315789,7,0.095,0.19,5168,0.8427479267120361,1.865347146987915,0.25008654594421387,0.14540064334869385,1.5099598169326782,x,2.1
14,0.3421052631578947,0.3684210526315789,8,0.19,0.28500000000000003,3007,-0.042590636759996414,0.5096843242645264,0.26607969403266907,0.22872143983840942,2.5529887676239014,x,2.1
14,0.3421052631578947,0.3684210526315789,9,0.28500000000000003,0.38,651,-0.29802337288856506,0.2600161135196686,0.28013890981674194,0.3157886862754822,1.2003549337387085,x,2.1
14,0.3421052631578947,0.3684210526315789,10,0.38,0.475,96,0.08786721527576447,0.0566553957760334,0.47068700194358826,0.42976221442222595,1.1095412969589233,x,2.1
14,0.3421052631578947,0.3684210526315789,11,0.475,0.57,78,0.019486991688609123,0.05211864411830902,0.5314746499061584,0.5240910649299622,1.0356603860855103,x,2.1
15,0.3684210526315789,0.39473684210526316,1,-0.57,-0.45699999999999996,12,0.03089853748679161,0.00854838453233242,-0.5604628920555115,-0.4833897352218628,5.095001697540283,x,2.1
15,0.3684210526315789,0.39473684210526316,2,-0.45699999999999996,-0.344,3018,-0.005907620303332806,0.12452343851327896,-0.35165369510650635,-0.357573539018631,1.2698397636413574,x,2.1
15,0.3684210526315789,0.39473684210526316,3,-0.344,-0.23099999999999998,12582,0.1453811377286911,0.4218086302280426,-0.3239804804325104,-0.28945475816726685,1.5801501274108887,x,2.1
15,0.3684210526315789,0.39473684210526316,4,-0.23099999999999998,-0.118,10774,0.5465816259384155,1.5678858757019043,-0.23083969950675964,-0.17743031680583954,1.1299598217010498,x,2.1
15,0.3684210526315789,0.39473684210526316,5,-0.118,-0.0050000000000000044,10142,5.585666179656982,24.35919761657715,-0.16824543476104736,-0.05708351731300354,0.8761277198791504,x,2.1
15,0.3684210526315789,0.39473684210526316,7,0.095,0.19,4838,0.7409221529960632,1.745429515838623,0.2463872730731964,0.14504367113113403,1.5887542963027954,x,2.1
15,0.3684210526315789,0.39473684210526316,8,0.19,0.28500000000000003,2913,-0.03213390335440636,0.5002257227897644,0.26831501722335815,0.22852067649364471,2.6239089965820312,x,2.1
15,0.3684210526315789,0.39473684210526316,9,0.28500000000000003,0.38,589,-0.29262155294418335,0.2594674229621887,0.2785509526729584,0.3143795430660248,1.2893903255462646,x,2.1
15,0.3684210526315789,0.39473684210526316,10,0.38,0.475,86,0.08929407596588135,0.05397099629044533,0.473507821559906,0.4290558099746704,1.1975116729736328,x,2.1
15,0.3684210526315789,0.39473684210526316,11,0.475,0.57,74,0.014867552556097507,0.048308126628398895,0.5325989723205566,0.5258527994155884,1.0725555419921875,x,2.1
16,0.39473684210526316,0.42105263157894735,1,-0.57,-0.45699999999999996,12,0.03089853748679161,0.00854838453233242,-0.5604628920555115,-0.4833897352218628,5.095001697540283,x,2.1
16,0.39473684210526316,0.42105263157894735,2,-0.45699999999999996,-0.344,2927,-0.008342316374182701,0.12243685126304626,-0.3508872091770172,-0.35741421580314636,1.2974575757980347,x,2.1
16,0.39473684210526316,0.42105263157894735,3,-0.344,-0.23099999999999998,12195,0.12865285575389862,0.3995034396648407,-0.3227105438709259,-0.2899363934993744,1.6182327270507812,x,2.1
16,0.39473684210526316,0.42105263157894735,4,-0.23099999999999998,-0.118,9991,0.4517481327056885,1.4777469635009766,-0.22637759149074554,-0.17815375328063965,1.1886396408081055,x,2.1
16,0.39473684210526316,0.42105263157894735,5,-0.118,-0.0050000000000000044,7969,4.015456676483154,20.846702575683594,-0.15521715581417084,-0.058161698281764984,1.0109888315200806,x,2.1
16,0.39473684210526316,0.42105263157894735,7,0.095,0.19,4575,0.6825680732727051,1.677962064743042,0.2441650927066803,0.1446390450000763,1.6581991910934448,x,2.1
16,0.39473684210526316,0.42105263157894735,8,0.19,0.28500000000000003,2828,-0.02320609614253044,0.4914177358150482,0.27037686109542847,0.22825713455677032,2.691303253173828,x,2.1
16,0.39473684210526316,0.42105263157894735,9,0.28500000000000003,0.38,540,-0.28958600759506226,0.24645456671714783,0.2766541540622711,0.31315022706985474,1.3717502355575562,x,2.1
16,0.39473684210526316,0.42105263157894735,10,0.38,0.475,81,0.08990729600191116,0.05253545939922333,0.47499555349349976,0.4285704493522644,1.2478528022766113,x,2.1
16,0.39473684210526316,0.42105263157894735,11,0.475,0.57,70,0.014644171111285686,0.045519329607486725,0.5332289338111877,0.5262136459350586,1.1121453046798706,x,2.1
17,0.42105263157894735,0.4473684210526315,1,-0.57,-0.45699999999999996,12,0.03089853748679161,0.00854838453233242,-0.5604628920555115,-0.4833897352218628,5.095001697540283,x,2.1
17,0.42105263157894735,0.4473684210526315,2,-0.45699999999999996,-0.344,2845,-0.00996300857514143,0.12012208998203278,-0.35024550557136536,-0.3572418689727783,1.3231183290481567,x,2.1
17,0.42105263157894735,0.4473684210526315,3,-0.344,-0.23099999999999998,11827,0.11468841880559921,0.37046170234680176,-0.32141953706741333,-0.2904638946056366,1.655880093574524,x,2.1
17,0.42105263157894735,0.4473684210526315,4,-0.23099999999999998,-0.118,9248,0.34494152665138245,1.3405624628067017,-0.21990486979484558,-0.17886203527450562,1.2513482570648193,x,2.1
17,0.42105263157894735,0.4473684210526315,5,-0.118,-0.0050000000000000044,6326,2.648460626602173,17.46293067932129,-0.15123310685157776,-0.06015744060277939,1.168094515800476,x,2.1
17,0.42105263157894735,0.4473684210526315,7,0.095,0.19,4359,0.655012309551239,1.647835612297058,0.2435789704322815,0.14430567622184753,1.720172643661499,x,2.1
17,0.42105263157894735,0.4473684210526315,8,0.19,0.28500000000000003,2755,-0.01277488935738802,0.4821343421936035,0.27253663539886475,0.2280823290348053,2.751830577850342,x,2.1
17,0.42105263157894735,0.4473684210526315,9,0.28500000000000003,0.38,492,-0.2845056354999542,0.24079005420207977,0.27519604563713074,0.3117297887802124,1.4658585786819458,x,2.1
17,0.42105263157894735,0.4473684210526315,10,0.38,0.475,75,0.09144804626703262,0.05055925250053406,0.47727951407432556,0.42813950777053833,1.3153537511825562,x,2.1
17,0.42105263157894735,0.4473684210526315,11,0.475,0.57,68,0.014884788542985916,0.046067774295806885,0.5335114598274231,0.5263411998748779,1.1325798034667969,x,2.1
18,0.4473684210526315,0.47368421052631576,1,-0.57,-0.45699999999999996,12,0.03089853748679161,0.00854838453233242,-0.5604628920555115,-0.4833897352218628,5.095001697540283,x,2.1
18,0.4473684210526315,0.47368421052631576,2,-0.45699999999999996,-0.344,2752,-0.01154791098088026,0.11783818900585175,-0.34964877367019653,-0.357102632522583,1.3531709909439087,x,2.1
18,0.4473684210526315,0.47368421052631576,3,-0.344,-0.23099999999999998,11458,0.10111705213785172,0.32879403233528137,-0.3196738660335541,-0.2910858690738678,1.6952134370803833,x,2.1
18,0.4473684210526315,0.47368421052631576,4,-0.23099999999999998,-0.118,8401,0.21680408716201782,1.1724214553833008,-0.21013878285884857,-0.17949087917804718,1.333696961402893,x,2.1
18,0.4473684210526315,0.47368421052631576,5,-0.118,-0.0050000000000000044,5394,1.6583147048950195,15.242956161499023,-0.13489939272403717,-0.0610872283577919,1.2950295209884644,x,2.1
18,0.4473684210526315,0.47368421052631576,7,0.095,0.19,4194,0.6381595730781555,1.6335676908493042,0.24360015988349915,0.14415979385375977,1.7708150148391724,x,2.1
18,0.4473684210526315,0.47368421052631576,8,0.19,0.28500000000000003,2686,-0.003280092729255557,0.47391587495803833,0.27465173602104187,0.22791193425655365,2.8113768100738525,x,2.1
18,0.4473684210526315,0.47368421052631576,9,0.28500000000000003,0.38,446,-0.2779836654663086,0.23921291530132294,0.27340880036354065,0.30957141518592834,1.5723600387573242,x,2.1
18,0.4473684210526315,0.47368421052631576,10,0.38,0.475,68,0.09074845910072327,0.04975591227412224,0.4796614348888397,0.42717257142066956,1.4063291549682617,x,2.1
18,0.4473684210526315,0.47368421052631576,11,0.475,0.57,61,0.015260379761457443,0.041856877505779266,0.5345146059989929,0.5267580151557922,1.2125309705734253,x,2.1
19,0.47368421052631576,0.5,1,-0.57,-0.45699999999999996,12,0.03089853748679161,0.00854838453233242,-0.5604628920555115,-0.4833897352218628,5.095001697540283,x,2.1
19,0.47368421052631576,0.5,2,-0.45699999999999996,-0.344,2679,-0.012830076739192009,0.11460676789283752,-0.3491051197052002,-0.3570220470428467,1.3774969577789307,x,2.1
19,0.47368421052631576,0.5,3,-0.344,-0.23099999999999998,11176,0.09210192412137985,0.2930041551589966,-0.3183573782444,-0.2915545403957367,1.726385235786438,x,2.1
19,0.47368421052631576,0.5,4,-0.23099999999999998,-0.118,7673,0.13985289633274078,1.0442862510681152,-0.2028421014547348,-0.17993666231632233,1.4166889190673828,x,2.1
19,0.47368421052631576,0.5,5,-0.118,-0.0050000000000000044,4699,1.2096693515777588,13.724360466003418,-0.12321968376636505,-0.06122080609202385,1.4184824228286743,x,2.1
19,0.47368421052631576,0.5,7,0.095,0.19,4046,0.6224107146263123,1.539125680923462,0.2445496916770935,0.14410750567913055,1.8187663555145264,x,2.1
19,0.47368421052631576,0.5,8,0.19,0.28500000000000003,2623,0.008143245242536068,0.46562281250953674,0.2769097089767456,0.22767671942710876,2.867863655090332,x,2.1
19,0.47368421052631576,0.5,9,0.28500000000000003,0.38,398,-0.2684864103794098,0.24636101722717285,0.2727019488811493,0.3075992465019226,1.706499695777893,x,2.1
19,0.47368421052631576,0.5,10,0.38,0.475,65,0.09081001579761505,0.04833758622407913,0.4806368350982666,0.42652592062950134,1.4498507976531982,x,2.1
19,0.47368421052631576,0.5,11,0.475,0.57,59,0.012290079146623611,0.03902694210410118,0.5352357029914856,0.5280517935752869,1.2379122972488403,x,2.1
20,0.5,inf,1,-0.57,-0.45699999999999996,12,0.03089853748679161,0.00854838453233242,-0.5604628920555115,-0.4833897352218628,5.095001697540283,x,2.1
20,0.5,inf,2,-0.45699999999999996,-0.344,2622,-0.013262788765132427,0.1126350462436676,-0.3487604260444641,-0.35690537095069885,1.3968478441238403,x,2.1
20,0.5,inf,3,-0.344,-0.23099999999999998,10909,0.08409799635410309,0.27053141593933105,-0.3172411322593689,-0.29191961884498596,1.7567405700683594,x,2.1
20,0.5,inf,4,-0.23099999999999998,-0.118,7190,0.10902155190706253,0.9816756248474121,-0.19943854212760925,-0.18012015521526337,1.4792038202285767,x,2.1
20,0.5,inf,5,-0.118,-0.0050000000000000044,4174,0.8976103067398071,11.388716697692871,-0.11258146911859512,-0.061431754380464554,1.53567636013031,x,2.1
20,0.5,inf,7,0.095,0.19,3925,0.6059609055519104,1.5025380849838257,0.2447993904352188,0.14413823187351227,1.8598238229751587,x,2.1
20,0.5,inf,8,0.19,0.28500000000000003,2560,0.018330395221710205,0.45746946334838867,0.2792629599571228,0.22750969231128693,2.9264540672302246,x,2.1
20,0.5,inf,9,0.28500000000000003,0.38,371,-0.2659704089164734,0.23357640206813812,0.2713317573070526,0.3066920042037964,1.7953989505767822,x,2.1
20,0.5,inf,10,0.38,0.475,60,0.09285449981689453,0.04705895856022835,0.48364776372909546,0.4261746108531952,1.530016303062439,x,2.1
20,0.5,inf,11,0.475,0.57,58,0.011027954518795013,0.03869074955582619,0.5354712009429932,0.5284599661827087,1.2508982419967651,x,2.1
0,0.0,0.0,0,-inf,-0.52,307,-0.04370473697781563,0.10897299647331238,-0.5631701350212097,-0.5654283165931702,1.1499712467193604,y,2.1
0,0.0,0.0,1,-0.52,-0.4146,492,0.16473263502120972,0.13649404048919678,-0.4893870949745178,-0.46463435888290405,1.087441325187683,y,2.1
0,0.0,0.0,2,-0.4146,-0.30920000000000003,4460,0.27756237983703613,0.892562985420227,-0.345016747713089,-0.35003340244293213,0.1612740159034729,y,2.1
0,0.0,0.0,3,-0.30920000000000003,-0.20379999999999998,11636,-0.09559169411659241,1.9268611669540405,-0.25703057646751404,-0.2579832077026367,0.24153831601142883,y,2.1
0,0.0,0.0,4,-0.20379999999999998,-0.09839999999999999,15594,0.7368711829185486,2.6328301429748535,-0.17833995819091797,-0.14652031660079956,0.3795713186264038,y,2.1
0,0.0,0.0,5,-0.09839999999999999,0.006999999999999999,54250,-5.367680549621582,201.12515258789062,0.015909366309642792,-0.03190759941935539,0.29217422008514404,y,2.1
0,0.0,0.0,7,0.10700000000000001,0.2056,17238,0.8134387731552124,2.900343418121338,0.21798643469810486,0.1537221223115921,0.5075604915618896,y,2.1
0,0.0,0.0,8,0.2056,0.3042,15535,0.17512263357639313,1.0744491815567017,0.28089639544487,0.2566218078136444,0.4513079524040222,y,2.1
0,0.0,0.0,9,0.3042,0.40279999999999994,16039,-0.05856623500585556,0.7277141213417053,0.3331248462200165,0.33318421244621277,0.3002604842185974,y,2.1
0,0.0,0.0,10,0.40279999999999994,0.5014,2572,-0.038912296295166016,0.578212320804596,0.45411619544029236,0.4494902193546295,0.26680636405944824,y,2.1
0,0.0,0.0,11,0.5014,0.6,11,0.1540287435054779,0.2250460684299469,0.5085729956626892,0.5021275281906128,0.3340803384780884,y,2.1
1,0.0,0.02631578947368421,0,-inf,-0.52,307,-0.04370473697781563,0.10897299647331238,-0.5631701350212097,-0.5654283165931702,1.1499712467193604,y,2.1
1,0.0,0.02631578947368421,1,-0.52,-0.4146,492,0.16473263502120972,0.13649404048919678,-0.4893870949745178,-0.46463435888290405,1.087441325187683,y,2.1
1,0.0,0.02631578947368421,2,-0.4146,-0.30920000000000003,4460,0.27756237983703613,0.892562985420227,-0.345016747713089,-0.35003340244293213,0.1612740159034729,y,2.1
1,0.0,0.02631578947368421,3,-0.30920000000000003,-0.20379999999999998,11636,-0.09559169411659241,1.9268611669540405,-0.25703057646751404,-0.2579832077026367,0.24153831601142883,y,2.1
1,0.0,0.02631578947368421,4,-0.20379999999999998,-0.09839999999999999,15594,0.7368711829185486,2.6328301429748535,-0.17833995819091797,-0.14652031660079956,0.3795713186264038,y,2.1
1,0.0,0.02631578947368421,5,-0.09839999999999999,0.006999999999999999,54250,-5.367680549621582,201.12515258789062,0.015909366309642792,-0.03190759941935539,0.29217422008514404,y,2.1
1,0.0,0.02631578947368421,7,0.10700000000000001,0.2056,17238,0.8134387731552124,2.900343418121338,0.21798643469810486,0.1537221223115921,0.5075604915618896,y,2.1
1,0.0,0.02631578947368421,8,0.2056,0.3042,15535,0.17512263357639313,1.0744491815567017,0.28089639544487,0.2566218078136444,0.4513079524040222,y,2.1
1,0.0,0.02631578947368421,9,0.3042,0.40279999999999994,16039,-0.05856623500585556,0.7277141213417053,0.3331248462200165,0.33318421244621277,0.3002604842185974,y,2.1
1,0.0,0.02631578947368421,10,0.40279999999999994,0.5014,2572,-0.038912296295166016,0.578212320804596,0.45411619544029236,0.4494902193546295,0.26680636405944824,y,2.1
1,0.0,0.02631578947368421,11,0.5014,0.6,11,0.1540287435054779,0.2250460684299469,0.5085729956626892,0.5021275281906128,0.3340803384780884,y,2.1
2,0.02631578947368421,0.05263157894736842,0,-inf,-0.52,307,-0.04370473697781563,0.10897299647331238,-0.5631701350212097,-0.5654283165931702,1.1499712467193604,y,2.1
2,0.02631578947368421,0.05263157894736842,1,-0.52,-0.4146,492,0.16473263502120972,0.13649404048919678,-0.4893870949745178,-0.46463435888290405,1.087441325187683,y,2.1
2,0.02631578947368421,0.05263157894736842,2,-0.4146,-0.30920000000000003,4001,0.16114234924316406,0.8153843879699707,-0.3412715494632721,-0.3480883836746216,0.1773894876241684,y,2.1
2,0.02631578947368421,0.05263157894736842,3,-0.30920000000000003,-0.20379999999999998,7530,0.02992180734872818,1.7825205326080322,-0.2527545094490051,-0.2531410753726959,0.36584463715553284,y,2.1
2,0.02631578947368421,0.05263157894736842,4,-0.20379999999999998,-0.09839999999999999,15337,0.7444230914115906,2.648467540740967,-0.17815417051315308,-0.14581069350242615,0.38553550839424133,y,2.1
2,0.02631578947368421,0.05263157894736842,5,-0.09839999999999999,0.006999999999999999,54231,-5.3642754554748535,201.15489196777344,0.015916233882308006,-0.03191935643553734,0.29226747155189514,y,2.1
2,0.02631578947368421,0.05263157894736842,7,0.10700000000000001,0.2056,16843,0.8871809840202332,2.878002882003784,0.21920016407966614,0.1532042771577835,0.5188845992088318,y,2.1
2,0.02631578947368421,0.05263157894736842,8,0.2056,0.3042,15307,0.18387746810913086,1.0786856412887573,0.28180167078971863,0.257140189409256,0.45766445994377136,y,2.1
2,0.02631578947368421,0.05263157894736842,9,0.3042,0.40279999999999994,14015,0.053516991436481476,0.6416828632354736,0.3350060284137726,0.3342417776584625,0.3408048152923584,y,2.1
2,0.02631578947368421,0.05263157894736842,10,0.40279999999999994,0.5014,2546,-0.03310612961649895,0.5767943263053894,0.4538274109363556,0.4490799009799957,0.26927295327186584,y,2.1
2,0.02631578947368421,0.05263157894736842,11,0.5014,0.6,11,0.1540287435054779,0.2250460684299469,0.5085729956626892,0.5021275281906128,0.3340803384780884,y,2.1
3,0.05263157894736842,0.07894736842105263,0,-inf,-0.52,307,-0.04370473697781563,0.10897299647331238,-0.5631701350212097,-0.5654283165931702,1.1499712467193604,y,2.1
3,0.05263157894736842,0.07894736842105263,1,-0.52,-0.4146,492,0.16473263502120972,0.13649404048919678,-0.4893870949745178,-0.46463435888290405,1.087441325187683,y,2.1
3,0.05263157894736842,0.07894736842105263,2,-0.4146,-0.30920000000000003,2510,0.13670729100704193,0.7623802423477173,-0.33415502309799194,-0.3465852439403534,0.26024776697158813,y,2.1
3,0.05263157894736842,0.07894736842105263,3,-0.30920000000000003,-0.20379999999999998,6246,0.13586078584194183,1.685869812965393,-0.25224819779396057,-0.25121012330055237,0.433312326669693,y,2.1
3,0.05263157894736842,0.07894736842105263,4,-0.20379999999999998,-0.09839999999999999,12868,0.8646848797798157,2.7664289474487305,-0.18466180562973022,-0.14603263139724731,0.45177125930786133,y,2.1
3,0.05263157894736842,0.07894736842105263,5,-0.09839999999999999,0.006999999999999999,51915,-5.75365686416626,205.49774169921875,0.018825430423021317,-0.031272031366825104,0.30345863103866577,y,2.1
3,0.05263157894736842,0.07894736842105263,7,0.10700000000000001,0.2056,13469,1.5847883224487305,2.736802816390991,0.23727378249168396,0.1522449254989624,0.6387268304824829,y,2.1
3,0.05263157894736842,0.07894736842105263,8,0.2056,0.3042,12154,0.38995012640953064,0.9678809642791748,0.2917690873146057,0.25887981057167053,0.5658858418464661,y,2.1
3,0.05263157894736842,0.07894736842105263,9,0.3042,0.40279999999999994,10990,0.04711094871163368,0.5637273192405701,0.3377276659011841,0.3372286856174469,0.4243306815624237,y,2.1
3,0.05263157894736842,0.07894736842105263,10,0.40279999999999994,0.5014,1467,-0.06017032265663147,0.30642881989479065,0.4546367824077606,0.448710173368454,0.4377307891845703,y,2.1
3,0.05263157894736842,0.07894736842105263,11,0.5014,0.6,6,0.01681429147720337,0.010296420194208622,0.5071007609367371,0.502128541469574,0.579779863357544,y,2.1
4,0.07894736842105263,0.10526315789473684,0,-inf,-0.52,307,-0.04370473697781563,0.10897299647331238,-0.5631701350212097,-0.5654283165931702,1.1499712467193604,y,2.1
4,0.07894736842105263,0.10526315789473684,1,-0.52,-0.4146,405,0.13070008158683777,0.11582639813423157,-0.49980223178863525,-0.47187474370002747,1.3065217733383179,y,2.1
4,0.07894736842105263,0.10526315789473684,2,-0.4146,-0.30920000000000003,1669,0.16554929316043854,0.7666646838188171,-0.32091888785362244,-0.34015321731567383,0.3587905466556549,y,2.1
4,0.07894736842105263,0.10526315789473684,3,-0.30920000000000003,-0.20379999999999998,5658,0.17101988196372986,1.6871185302734375,-0.2532059848308563,-0.25104352831840515,0.47168681025505066,y,2.1
4,0.07894736842105263,0.10526315789473684,4,-0.20379999999999998,-0.09839999999999999,11478,0.884292483329773,2.895841360092163,-0.18766577541828156,-0.14512652158737183,0.4987000823020935,y,2.1
4,0.07894736842105263,0.10526315789473684,5,-0.09839999999999999,0.006999999999999999,50260,-6.052311420440674,208.70423889160156,0.021086640655994415,-0.030842851847410202,0.31131014227867126,y,2.1
4,0.07894736842105263,0.10526315789473684,7,0.10700000000000001,0.2056,12098,1.8834456205368042,2.726853609085083,0.24753659963607788,0.15219642221927643,0.7041492462158203,y,2.1
4,0.07894736842105263,0.10526315789473684,8,0.2056,0.3042,10101,0.46671169996261597,0.9637163877487183,0.2961866855621338,0.2566206157207489,0.6680412888526917,y,2.1
4,0.07894736842105263,0.10526315789473684,9,0.3042,0.40279999999999994,8764,0.033530328422784805,0.4660678505897522,0.3383748531341553,0.33893823623657227,0.5155739784240723,y,2.1
4,0.07894736842105263,0.10526315789473684,10,0.40279999999999994,0.5014,701,0.06379371881484985,0.12950660288333893,0.4773576259613037,0.459276020526886,0.846290647983551,y,2.1
4,0.07894736842105263,0.10526315789473684,11,0.5014,0.6,6,0.01681429147720337,0.010296420194208622,0.5071007609367371,0.502128541469574,0.579779863357544,y,2.1
5,0.10526315789473684,0.13157894736842105,0,-inf,-0.52,307,-0.04370473697781563,0.10897299647331238,-0.5631701350212097,-0.5654283165931702,1.1499712467193604,y,2.1
5,0.10526315789473684,0.13157894736842105,1,-0.52,-0.4146,314,0.09267239272594452,0.06876477599143982,-0.5080764889717102,-0.4757872521877289,1.6586806774139404,y,2.1
5,0.10526315789473684,0.13157894736842105,2,-0.4146,-0.30920000000000003,1179,0.24605892598628998,0.8355544805526733,-0.31221312284469604,-0.3385588526725769,0.47036197781562805,y,2.1
5,0.10526315789473684,0.13157894736842105,3,-0.30920000000000003,-0.20379999999999998,5143,0.1686857044696808,1.735122561454773,-0.254092276096344,-0.2514222264289856,0.5096319317817688,y,2.1
5,0.10526315789473684,0.13157894736842105,4,-0.20379999999999998,-0.09839999999999999,10546,0.9492135643959045,3.00703501701355,-0.1904485821723938,-0.1445791870355606,0.5349060893058777,y,2.1
5,0.10526315789473684,0.13157894736842105,5,-0.09839999999999999,0.006999999999999999,49124,-6.092203140258789,210.8052215576172,0.02251543663442135,-0.03054851107299328,0.3164471983909607,y,2.1
5,0.10526315789473684,0.13157894736842105,7,0.10700000000000001,0.2056,11623,1.9947855472564697,2.6869056224823,0.2521440088748932,0.15228430926799774,0.7291513085365295,y,2.1
5,0.10526315789473684,0.13157894736842105,8,0.2056,0.3042,9456,0.4870263934135437,0.972436785697937,0.29739344120025635,0.2554585635662079,0.7073833346366882,y,2.1
5,0.10526315789473684,0.13157894736842105,9,0.3042,0.40279999999999994,7341,0.03403547778725624,0.45419979095458984,0.33840805292129517,0.3395814597606659,0.5978983640670776,y,2.1
5,0.10526315789473684,0.13157894736842105,10,0.40279999999999994,0.5014,517,0.05033853277564049,0.08699677884578705,0.48502400517463684,0.46175628900527954,1.1153868436813354,y,2.1
5,0.10526315789473684,0.13157894736842105,11,0.5014,0.6,6,0.01681429147720337,0.010296420194208622,0.5071007609367371,0.502128541469574,0.579779863357544,y,2.1
6,0.13157894736842105,0.15789473684210525,0,-inf,-0.52,294,-0.05008608102798462,0.10577155649662018,-0.5642915964126587,-0.566973865032196,1.195358157157898,y,2.1
6,0.13157894736842105,0.15789473684210525,1,-0.52,-0.4146,246,0.0706862211227417,0.054032087326049805,-0.5148004293441772,-0.47631004452705383,2.0846598148345947,y,2.1
6,0.13157894736842105,0.15789473684210525,2,-0.4146,-0.30920000000000003,914,0.24649913609027863,0.9146366119384766,-0.3016597032546997,-0.33794018626213074,0.5724192261695862,y,2.1
6,0.13157894736842105,0.15789473684210525,3,-0.30920000000000003,-0.20379999999999998,4670,0.15947242081165314,1.7991939783096313,-0.2541459798812866,-0.25120171904563904,0.5493166446685791,y,2.1
6,0.13157894736842105,0.15789473684210525,4,-0.20379999999999998,-0.09839999999999999,10164,0.9839267134666443,3.055947780609131,-0.19164717197418213,-0.14424492418766022,0.5505751371383667,y,2.1
6,0.13157894736842105,0.15789473684210525,5,-0.09839999999999999,0.006999999999999999,48481,-5.941848278045654,212.00294494628906,0.023033954203128815,-0.030427221208810806,0.31908220052719116,y,2.1
6,0.13157894736842105,0.15789473684210525,7,0.10700000000000001,0.2056,11301,2.068176031112671,2.6868300437927246,0.25511014461517334,0.15227100253105164,0.7465885281562805,y,2.1
6,0.13157894736842105,0.15789473684210525,8,0.2056,0.3042,8834,0.4970787465572357,0.9807382225990295,0.2975441515445709,0.2536761164665222,0.7488596439361572,y,2.1
6,0.13157894736842105,0.15789473684210525,9,0.3042,0.40279999999999994,6395,0.040381815284490585,0.457205206155777,0.33940017223358154,0.34108373522758484,0.6689478158950806,y,2.1
6,0.13157894736842105,0.15789473684210525,10,0.40279999999999994,0.5014,451,0.04496306926012039,0.06812846660614014,0.4881124198436737,0.4622707962989807,1.2615556716918945,y,2.1
6,0.13157894736842105,0.15789473684210525,11,0.5014,0.6,6,0.01681429147720337,0.010296420194208622,0.5071007609367371,0.502128541469574,0.579779863357544,y,2.1
7,0.15789473684210525,0.18421052631578946,0,-inf,-0.52,248,-0.06468307971954346,0.09583575278520584,-0.5642435550689697,-0.5683133006095886,1.3894401788711548,y,2.1
7,0.15789473684210525,0.18421052631578946,1,-0.52,-0.4146,196,0.059426404535770416,0.03993379324674606,-0.5220425724983215,-0.47575145959854126,2.5800275802612305,y,2.1
7,0.15789473684210525,0.18421052631578946,2,-0.4146,-0.30920000000000003,747,0.23731189966201782,0.9897607564926147,-0.2920686602592468,-0.339022159576416,0.6685113906860352,y,2.1
7,0.15789473684210525,0.18421052631578946,3,-0.30920000000000003,-0.20379999999999998,4142,0.14190295338630676,1.8884027004241943,-0.2528114318847656,-0.2500546872615814,0.6008210182189941,y,2.1
7,0.15789473684210525,0.18421052631578946,4,-0.20379999999999998,-0.09839999999999999,9757,1.0032857656478882,3.0938222408294678,-0.19242532551288605,-0.144034743309021,0.5674692392349243,y,2.1
7,0.15789473684210525,0.18421052631578946,5,-0.09839999999999999,0.006999999999999999,47648,-5.492307662963867,213.20797729492188,0.02379082888364792,-0.030421802774071693,0.32210785150527954,y,2.1
7,0.15789473684210525,0.18421052631578946,7,0.10700000000000001,0.2056,10866,2.1722700595855713,2.6844170093536377,0.2592346966266632,0.15208137035369873,0.7707833647727966,y,2.1
7,0.15789473684210525,0.18421052631578946,8,0.2056,0.3042,8175,0.46388939023017883,0.9511721134185791,0.2967834174633026,0.2525732219219208,0.7976376414299011,y,2.1
7,0.15789473684210525,0.18421052631578946,9,0.3042,0.40279999999999994,5669,0.04695625230669975,0.46669405698776245,0.3396853506565094,0.3417893648147583,0.7361307144165039,y,2.1
7,0.15789473684210525,0.18421052631578946,10,0.40279999999999994,0.5014,418,0.04144851490855217,0.05639992281794548,0.4890729784965515,0.4619174599647522,1.3498272895812988,y,2.1
7,0.15789473684210525,0.18421052631578946,11,0.5014,0.6,6,0.01681429147720337,0.010296420194208622,0.5071007609367371,0.502128541469574,0.579779863357544,y,2.1
8,0.18421052631578946,0.21052631578947367,0,-inf,-0.52,194,-0.06062062829732895,0.08876587450504303,-0.5626055598258972,-0.5657745599746704,1.7288992404937744,y,2.1
8,0.18421052631578946,0.21052631578947367,1,-0.52,-0.4146,175,0.05396892502903938,0.032100994139909744,-0.5249189138412476,-0.4740382730960846,2.8691694736480713,y,2.1
8,0.18421052631578946,0.21052631578947367,2,-0.4146,-0.30920000000000003,639,0.21643483638763428,1.0584756135940552,-0.2827375829219818,-0.34048154950141907,0.7526068687438965,y,2.1
8,0.18421052631578946,0.21052631578947367,3,-0.30920000000000003,-0.20379999999999998,3564,0.12470825016498566,2.0023064613342285,-0.25140246748924255,-0.24918419122695923,0.6705646514892578,y,2.1
8,0.18421052631578946,0.21052631578947367,4,-0.20379999999999998,-0.09839999999999999,9116,0.9540657997131348,3.1415154933929443,-0.1916302591562271,-0.14363107085227966,0.5951992273330688,y,2.1
8,0.18421052631578946,0.21052631578947367,5,-0.09839999999999999,0.006999999999999999,45265,-5.462740898132324,218.1627197265625,0.025954047217965126,-0.030402127653360367,0.32996559143066406,y,2.1
8,0.18421052631578946,0.21052631578947367,7,0.10700000000000001,0.2056,10518,2.1536853313446045,2.700287342071533,0.2590906620025635,0.1513252556324005,0.790519654750824,y,2.1
8,0.18421052631578946,0.21052631578947367,8,0.2056,0.3042,7568,0.43311017751693726,0.8511529564857483,0.29668840765953064,0.25275135040283203,0.8480198979377747,y,2.1
8,0.18421052631578946,0.21052631578947367,9,0.3042,0.40279999999999994,5051,0.046240709722042084,0.4800521731376648,0.33918920159339905,0.3417995274066925,0.8053374290466309,y,2.1
8,0.18421052631578946,0.21052631578947367,10,0.40279999999999994,0.5014,391,0.03931938111782074,0.04565376043319702,0.490011066198349,0.4617035984992981,1.4312900304794312,y,2.1
8,0.18421052631578946,0.21052631578947367,11,0.5014,0.6,6,0.01681429147720337,0.010296420194208622,0.5071007609367371,0.502128541469574,0.579779863357544,y,2.1
9,0.21052631578947367,0.23684210526315788,0,-inf,-0.52,187,-0.05639951303601265,0.08397030830383301,-0.5637041926383972,-0.5662127137184143,1.7864570617675781,y,2.1
9,0.21052631578947367,0.23684210526315788,1,-0.52,-0.4146,166,0.05179290473461151,0.03108295053243637,-0.5261220335960388,-0.4729749858379364,3.014133930206299,y,2.1
9,0.21052631578947367,0.23684210526315788,2,-0.4146,-0.30920000000000003,576,0.20247802138328552,1.108282446861267,-0.2755111753940582,-0.34142106771469116,0.8132840991020203,y,2.1
9,0.21052631578947367,0.23684210526315788,3,-0.30920000000000003,-0.20379999999999998,3041,0.101193867623806,2.0637030601501465,-0.24778451025485992,-0.24904264509677887,0.7520538568496704,y,2.1
9,0.21052631578947367,0.23684210526315788,4,-0.20379999999999998,-0.09839999999999999,8128,0.9270635843276978,3.275261163711548,-0.1935810148715973,-0.1444503515958786,0.6436530351638794,y,2.1
9,0.21052631578947367,0.23684210526315788,5,-0.09839999999999999,0.006999999999999999,42042,-5.589694976806641,225.74887084960938,0.03165123984217644,-0.02921201102435589,0.3401087522506714,y,2.1
9,0.21052631578947367,0.23684210526315788,7,0.10700000000000001,0.2056,10037,2.080000400543213,2.7217025756835938,0.25769364833831787,0.15046456456184387,0.8189880847930908,y,2.1
9,0.21052631578947367,0.23684210526315788,8,0.2056,0.3042,7251,0.42288219928741455,0.8319409489631653,0.29654133319854736,0.2525041401386261,0.8764203190803528,y,2.1
9,0.21052631578947367,0.23684210526315788,9,0.3042,0.40279999999999994,4530,0.042675554752349854,0.4928031265735626,0.33800846338272095,0.34124356508255005,0.875347375869751,y,2.1
9,0.21052631578947367,0.23684210526315788,10,0.40279999999999994,0.5014,370,0.03923162817955017,0.04224962741136551,0.4903617203235626,0.4607642889022827,1.5012774467468262,y,2.1
9,0.21052631578947367,0.23684210526315788,11,0.5014,0.6,6,0.01681429147720337,0.010296420194208622,0.5071007609367371,0.502128541469574,0.579779863357544,y,2.1
10,0.23684210526315788,0.2631578947368421,0,-inf,-0.52,182,-0.05834267660975456,0.08396370708942413,-0.5638747811317444,-0.5664840340614319,1.8293181657791138,y,2.1
10,0.23684210526315788,0.2631578947368421,1,-0.52,-0.4146,159,0.050905991345644,0.031216394156217575,-0.526930570602417,-0.4717874228954315,3.1370742321014404,y,2.1
10,0.23684210526315788,0.2631578947368421,2,-0.4146,-0.30920000000000003,494,0.16396421194076538,1.1834529638290405,-0.2625872790813446,-0.3431185781955719,0.9115716814994812,y,2.1
10,0.23684210526315788,0.2631578947368421,3,-0.30920000000000003,-0.20379999999999998,2650,0.09044880419969559,1.8902968168258667,-0.2507615387439728,-0.24834872782230377,0.8299940824508667,y,2.1
10,0.23684210526315788,0.2631578947368421,4,-0.20379999999999998,-0.09839999999999999,7399,0.8690651655197144,3.3860456943511963,-0.19392575323581696,-0.14505867660045624,0.6850606203079224,y,2.1
10,0.23684210526315788,0.2631578947368421,5,-0.09839999999999999,0.006999999999999999,27659,4.9590229988098145,198.2249298095703,-0.012072822079062462,-0.03134099394083023,0.39845526218414307,y,2.1
10,0.23684210526315788,0.2631578947368421,7,0.10700000000000001,0.2056,9351,1.880975604057312,2.657942295074463,0.2560669779777527,0.15145772695541382,0.8625055551528931,y,2.1
10,0.23684210526315788,0.2631578947368421,8,0.2056,0.3042,6843,0.39888983964920044,0.8068249225616455,0.29582175612449646,0.2523806691169739,0.9153046607971191,y,2.1
10,0.23684210526315788,0.2631578947368421,9,0.3042,0.40279999999999994,4102,0.04132853075861931,0.5019335150718689,0.33710697293281555,0.34090760350227356,0.9433465003967285,y,2.1
10,0.23684210526315788,0.2631578947368421,10,0.40279999999999994,0.5014,353,0.03850831836462021,0.035608258098363876,0.49140432476997375,0.46079114079475403,1.5628880262374878,y,2.1
10,0.23684210526315788,0.2631578947368421,11,0.5014,0.6,6,0.01681429147720337,0.010296420194208622,0.5071007609367371,0.502128541469574,0.579779863357544,y,2.1
11,0.2631578947368421,0.2894736842105263,0,-inf,-0.52,177,-0.06124745309352875,0.08397341519594193,-0.5646929740905762,-0.5674347877502441,1.8739289045333862,y,2.1
11,0.2631578947368421,0.2894736842105263,1,-0.52,-0.4146,154,0.05048585683107376,0.03151567280292511,-0.5275572538375854,-0.47087299823760986,3.2307183742523193,y,2.1
11,0.2631578947368421,0.2894736842105263,2,-0.4146,-0.30920000000000003,458,0.13763685524463654,1.2213069200515747,-0.25466570258140564,-0.3436240553855896,0.9636683464050293,y,2.1
11,0.2631578947368421,0.2894736842105263,3,-0.30920000000000003,-0.20379999999999998,2337,0.09404560178518295,0.8133135437965393,-0.26745086908340454,-0.24858547747135162,0.9078289270401001,y,2.1
11,0.2631578947368421,0.2894736842105263,4,-0.20379999999999998,-0.09839999999999999,6538,0.7532312273979187,3.2935822010040283,-0.19401173293590546,-0.14597393572330475,0.7423253655433655,y,2.1
11,0.2631578947368421,0.2894736842105263,5,-0.09839999999999999,0.006999999999999999,16883,0.9212583303451538,179.98443603515625,-0.038340091705322266,-0.03493256866931915,0.49418899416923523,y,2.1
11,0.2631578947368421,0.2894736842105263,7,0.10700000000000001,0.2056,8096,1.4536501169204712,2.5014538764953613,0.24955156445503235,0.1531519889831543,0.9573240280151367,y,2.1
11,0.2631578947368421,0.2894736842105263,8,0.2056,0.3042,6325,0.34333422780036926,0.7646446824073792,0.29452455043792725,0.2532487213611603,0.9698824882507324,y,2.1
11,0.2631578947368421,0.2894736842105263,9,0.3042,0.40279999999999994,3725,0.03694963827729225,0.5052096247673035,0.33551377058029175,0.3399851322174072,1.0135530233383179,y,2.1
11,0.2631578947368421,0.2894736842105263,10,0.40279999999999994,0.5014,338,0.038523342460393906,0.03327023983001709,0.49170827865600586,0.4599809944629669,1.6211432218551636,y,2.1
11,0.2631578947368421,0.2894736842105263,11,0.5014,0.6,6,0.01681429147720337,0.010296420194208622,0.5071007609367371,0.502128541469574,0.579779863357544,y,2.1
12,0.2894736842105263,0.3157894736842105,0,-inf,-0.52,157,-0.05026853829622269,0.0813765600323677,-0.5659102201461792,-0.5661057233810425,2.077285051345825,y,2.1
12,0.2894736842105263,0.3157894736842105,1,-0.52,-0.4146,153,0.050546955317258835,0.03160626068711281,-0.5276517271995544,-0.47063764929771423,3.249972105026245,y,2.1
12,0.2894736842105263,0.3157894736842105,2,-0.4146,-0.30920000000000003,422,0.10941742360591888,1.263496994972229,-0.24459350109100342,-0.3435979187488556,1.022258996963501,y,2.1
12,0.2894736842105263,0.3157894736842105,3,-0.30920000000000003,-0.20379999999999998,2135,0.09409476071596146,0.7124016880989075,-0.2694888412952423,-0.24844704568386078,0.9676218032836914,y,2.1
12,0.2894736842105263,0.3157894736842105,4,-0.20379999999999998,-0.09839999999999999,5665,0.6854873895645142,2.504855155944824,-0.20584967732429504,-0.1472397893667221,0.8139452934265137,y,2.1
12,0.2894736842105263,0.3157894736842105,5,-0.09839999999999999,0.006999999999999999,10650,6.353616714477539,136.62567138671875,-0.09478682279586792,-0.03646304830908775,0.6224388480186462,y,2.1
12,0.2894736842105263,0.3157894736842105,7,0.10700000000000001,0.2056,6557,0.7817372679710388,1.9237635135650635,0.23372513055801392,0.15661123394966125,1.117487907409668,y,2.1
12,0.2894736842105263,0.3157894736842105,8,0.2056,0.3042,6000,0.318385511636734,0.7405346632003784,0.29342442750930786,0.2534887194633484,1.0074836015701294,y,2.1
12,0.2894736842105263,0.3157894736842105,9,0.3042,0.40279999999999994,3437,0.03447834029793739,0.5079270005226135,0.33447933197021484,0.33921900391578674,1.075366735458374,y,2.1
12,0.2894736842105263,0.3157894736842105,10,0.40279999999999994,0.5014,325,0.03801373019814491,0.029528653249144554,0.49267229437828064,0.46005818247795105,1.674910068511963,y,2.1
12,0.2894736842105263,0.3157894736842105,11,0.5014,0.6,6,0.01681429147720337,0.010296420194208622,0.5071007609367371,0.502128541469574,0.579779863357544,y,2.1
13,0.3157894736842105,0.3421052631578947,0,-inf,-0.52,131,-0.03678588569164276,0.07649048417806625,-0.56840580701828,-0.564364492893219,2.429896354675293,y,2.1
13,0.3157894736842105,0.3421052631578947,1,-0.52,-0.4146,151,0.05090654268860817,0.031725335866212845,-0.5278444290161133,-0.47015199065208435,3.2891623973846436,y,2.1
13,0.3157894736842105,0.3421052631578947,2,-0.4146,-0.30920000000000003,405,0.09131450951099396,1.2847247123718262,-0.23924674093723297,-0.3437691032886505,1.052489995956421,y,2.1
13,0.3157894736842105,0.3421052631578947,3,-0.30920000000000003,-0.20379999999999998,1969,0.09501717984676361,0.6146101355552673,-0.27168208360671997,-0.24816226959228516,1.0237441062927246,y,2.1
13,0.3157894736842105,0.3421052631578947,4,-0.20379999999999998,-0.09839999999999999,4967,0.5651581883430481,1.414160132408142,-0.2122793346643448,-0.14804686605930328,0.8862101435661316,y,2.1
13,0.3157894736842105,0.3421052631578947,5,-0.09839999999999999,0.006999999999999999,7426,6.930628776550293,118.58820343017578,-0.11137816309928894,-0.03577201068401337,0.7619651556015015,y,2.1
13,0.3157894736842105,0.3421052631578947,7,0.10700000000000001,0.2056,5906,0.5911758542060852,1.6290050745010376,0.2274123579263687,0.15761636197566986,1.2074016332626343,y,2.1
13,0.3157894736842105,0.3421052631578947,8,0.2056,0.3042,5735,0.30146336555480957,0.7228997349739075,0.2922811210155487,0.25358420610427856,1.0400605201721191,y,2.1
13,0.3157894736842105,0.3421052631578947,9,0.3042,0.40279999999999994,3202,0.028528401628136635,0.5085358619689941,0.33328747749328613,0.33855462074279785,1.132139801979065,y,2.1
13,0.3157894736842105,0.3421052631578947,10,0.40279999999999994,0.5014,317,0.037926528602838516,0.02742994762957096,0.49320295453071594,0.4599670171737671,1.709519863128662,y,2.1
13,0.3157894736842105,0.3421052631578947,11,0.5014,0.6,6,0.01681429147720337,0.010296420194208622,0.5071007609367371,0.502128541469574,0.579779863357544,y,2.1
14,0.3421052631578947,0.3684210526315789,0,-inf,-0.52,117,-0.025422625243663788,0.07136812061071396,-0.5697848200798035,-0.5621938705444336,2.6813583374023438,y,2.1
14,0.3421052631578947,0.3684210526315789,1,-0.52,-0.4146,149,0.05128822103142738,0.03178033605217934,-0.5280126929283142,-0.4696108400821686,3.3287837505340576,y,2.1
14,0.3421052631578947,0.3684210526315789,2,-0.4146,-0.30920000000000003,392,0.07970776408910751,1.3022841215133667,-0.23469236493110657,-0.34371817111968994,1.0764714479446411,y,2.1
14,0.3421052631578947,0.3684210526315789,3,-0.30920000000000003,-0.20379999999999998,1838,0.09454749524593353,0.4593759775161743,-0.2741481065750122,-0.24776461720466614,1.0733665227890015,y,2.1
14,0.3421052631578947,0.3684210526315789,4,-0.20379999999999998,-0.09839999999999999,4649,0.5479264855384827,1.287058711051941,-0.21291275322437286,-0.14839601516723633,0.9243296384811401,y,2.1
14,0.3421052631578947,0.3684210526315789,5,-0.09839999999999999,0.006999999999999999,6316,5.5850019454956055,80.56472778320312,-0.11830093711614609,-0.03611375018954277,0.838474452495575,y,2.1
14,0.3421052631578947,0.3684210526315789,7,0.10700000000000001,0.2056,5548,0.4973892569541931,1.2585376501083374,0.2205083966255188,0.15788662433624268,1.2641888856887817,y,2.1
14,0.3421052631578947,0.3684210526315789,8,0.2056,0.3042,5485,0.2820764482021332,0.6892600655555725,0.2904297411441803,0.2539025545120239,1.0724563598632812,y,2.1
14,0.3421052631578947,0.3684210526315789,9,0.3042,0.40279999999999994,2963,0.023693617433309555,0.5112853050231934,0.33192726969718933,0.33753666281700134,1.1969927549362183,y,2.1
14,0.3421052631578947,0.3684210526315789,10,0.40279999999999994,0.5014,315,0.03768649697303772,0.026868067681789398,0.49351245164871216,0.46016380190849304,1.7182790040969849,y,2.1
14,0.3421052631578947,0.3684210526315789,11,0.5014,0.6,6,0.01681429147720337,0.010296420194208622,0.5071007609367371,0.502128541469574,0.579779863357544,y,2.1
15,0.3684210526315789,0.39473684210526316,0,-inf,-0.52,108,-0.018106015399098396,0.06623944640159607,-0.5714250802993774,-0.5610499382019043,2.87526535987854,y,2.1
15,0.3684210526315789,0.39473684210526316,1,-0.52,-0.4146,149,0.05128822103142738,0.03178033605217934,-0.5280126929283142,-0.4696108400821686,3.3287837505340576,y,2.1
15,0.3684210526315789,0.39473684210526316,2,-0.4146,-0.30920000000000003,380,0.06472214311361313,1.3192968368530273,-0.23025517165660858,-0.3437125086784363,1.099364995956421,y,2.1
15,0.3684210526315789,0.39473684210526316,3,-0.30920000000000003,-0.20379999999999998,1730,0.09305338561534882,0.3895432949066162,-0.27506572008132935,-0.24736516177654266,1.1182191371917725,y,2.1
15,0.3684210526315789,0.39473684210526316,4,-0.20379999999999998,-0.09839999999999999,4363,0.5460710525512695,1.2005876302719116,-0.21441525220870972,-0.14830981194972992,0.9616665244102478,y,2.1
15,0.3684210526315789,0.39473684210526316,5,-0.09839999999999999,0.006999999999999999,5697,3.6491785049438477,67.55064392089844,-0.10647451877593994,-0.03646314889192581,0.8911463618278503,y,2.1
15,0.3684210526315789,0.39473684210526316,7,0.10700000000000001,0.2056,5395,0.4724887013435364,1.1403353214263916,0.2180507928133011,0.15791469812393188,1.2900028228759766,y,2.1
15,0.3684210526315789,0.39473684210526316,8,0.2056,0.3042,5236,0.2614676058292389,0.6545937657356262,0.2877987325191498,0.2541349530220032,1.1066001653671265,y,2.1
15,0.3684210526315789,0.39473684210526316,9,0.3042,0.40279999999999994,2760,0.01723155379295349,0.5167328715324402,0.330727219581604,0.3368283808231354,1.258974313735962,y,2.1
15,0.3684210526315789,0.39473684210526316,10,0.40279999999999994,0.5014,310,0.03800478205084801,0.02694663405418396,0.4938979744911194,0.46006637811660767,1.7403682470321655,y,2.1
15,0.3684210526315789,0.39473684210526316,11,0.5014,0.6,6,0.01681429147720337,0.010296420194208622,0.5071007609367371,0.502128541469574,0.579779863357544,y,2.1
16,0.39473684210526316,0.42105263157894735,0,-inf,-0.52,97,-0.006656976416707039,0.05656374990940094,-0.5724515318870544,-0.5575276613235474,3.1582818031311035,y,2.1
16,0.39473684210526316,0.42105263157894735,1,-0.52,-0.4146,148,0.05155394971370697,0.031675007194280624,-0.5280836224555969,-0.46930038928985596,3.348705530166626,y,2.1
16,0.39473684210526316,0.42105263157894735,2,-0.4146,-0.30920000000000003,373,0.05912085995078087,1.3292951583862305,-0.22758042812347412,-0.34388622641563416,1.1128836870193481,y,2.1
16,0.39473684210526316,0.42105263157894735,3,-0.30920000000000003,-0.20379999999999998,1645,0.09043227881193161,0.25783902406692505,-0.2762456238269806,-0.24691331386566162,1.1562741994857788,y,2.1
16,0.39473684210526316,0.42105263157894735,4,-0.20379999999999998,-0.09839999999999999,4076,0.5510277152061462,1.1226863861083984,-0.2172175496816635,-0.14812344312667847,1.002457618713379,y,2.1
16,0.39473684210526316,0.42105263157894735,5,-0.09839999999999999,0.006999999999999999,5184,2.2071704864501953,43.36588668823242,-0.09391453862190247,-0.03683250769972801,0.9416401982307434,y,2.1
16,0.39473684210526316,0.42105263157894735,7,0.10700000000000001,0.2056,5265,0.45706963539123535,1.1045397520065308,0.21688303351402283,0.15789563953876495,1.3124380111694336,y,2.1
16,0.39473684210526316,0.42105263157894735,8,0.2056,0.3042,5065,0.2507235109806061,0.6436111330986023,0.2863321602344513,0.2541677951812744,1.1310648918151855,y,2.1
16,0.39473684210526316,0.42105263157894735,9,0.3042,0.40279999999999994,2605,0.015874473378062248,0.5154872536659241,0.3302503526210785,0.3360668122768402,1.3112682104110718,y,2.1
16,0.39473684210526316,0.42105263157894735,10,0.40279999999999994,0.5014,307,0.037911754101514816,0.02623453550040722,0.4942307472229004,0.4601827561855316,1.753699541091919,y,2.1
16,0.39473684210526316,0.42105263157894735,11,0.5014,0.6,6,0.01681429147720337,0.010296420194208622,0.5071007609367371,0.502128541469574,0.579779863357544,y,2.1
17,0.42105263157894735,0.4473684210526315,0,-inf,-0.52,93,-0.00372569658793509,0.05661264806985855,-0.5741915702819824,-0.5580470561981201,3.2765984535217285,y,2.1
17,0.42105263157894735,0.4473684210526315,1,-0.52,-0.4146,148,0.05155394971370697,0.031675007194280624,-0.5280836224555969,-0.46930038928985596,3.348705530166626,y,2.1
17,0.42105263157894735,0.4473684210526315,2,-0.4146,-0.30920000000000003,361,0.06624424457550049,1.1930880546569824,-0.2321936935186386,-0.34437841176986694,1.1363303661346436,y,2.1
17,0.42105263157894735,0.4473684210526315,3,-0.30920000000000003,-0.20379999999999998,1566,0.08817443251609802,0.24813388288021088,-0.2759438455104828,-0.24648268520832062,1.1940124034881592,y,2.1
17,0.42105263157894735,0.4473684210526315,4,-0.20379999999999998,-0.09839999999999999,3854,0.5579841732978821,1.067468523979187,-0.219395250082016,-0.1479690819978714,1.0367563962936401,y,2.1
17,0.42105263157894735,0.4473684210526315,5,-0.09839999999999999,0.006999999999999999,4838,2.0584158897399902,35.680877685546875,-0.09467895328998566,-0.03658642619848251,0.9798398017883301,y,2.1
17,0.42105263157894735,0.4473684210526315,7,0.10700000000000001,0.2056,5168,0.44688841700553894,1.0724152326583862,0.21576447784900665,0.15785226225852966,1.3293898105621338,y,2.1
17,0.42105263157894735,0.4473684210526315,8,0.2056,0.3042,4920,0.2419561892747879,0.6405851244926453,0.28506046533584595,0.25406184792518616,1.152375340461731,y,2.1
17,0.42105263157894735,0.4473684210526315,9,0.3042,0.40279999999999994,2482,0.0144438361749053,0.5165560841560364,0.32999899983406067,0.3356572389602661,1.3559869527816772,y,2.1
17,0.42105263157894735,0.4473684210526315,10,0.40279999999999994,0.5014,306,0.037859149277210236,0.026265926659107208,0.4943561553955078,0.4602264165878296,1.7581332921981812,y,2.1
17,0.42105263157894735,0.4473684210526315,11,0.5014,0.6,6,0.01681429147720337,0.010296420194208622,0.5071007609367371,0.502128541469574,0.579779863357544,y,2.1
18,0.4473684210526315,0.47368421052631576,0,-inf,-0.52,86,0.005643101874738932,0.044804565608501434,-0.5733606815338135,-0.5527690649032593,3.5082600116729736,y,2.1
18,0.4473684210526315,0.47368421052631576,1,-0.52,-0.4146,148,0.05155394971370697,0.031675007194280624,-0.5280836224555969,-0.46930038928985596,3.348705530166626,y,2.1
18,0.4473684210526315,0.47368421052631576,2,-0.4146,-0.30920000000000003,350,0.06267138570547104,1.1728856563568115,-0.23011749982833862,-0.34441938996315,1.1584341526031494,y,2.1
18,0.4473684210526315,0.47368421052631576,3,-0.30920000000000003,-0.20379999999999998,1490,0.08598662912845612,0.24193981289863586,-0.2756563425064087,-0.24600915610790253,1.2327784299850464,y,2.1
18,0.4473684210526315,0.47368421052631576,4,-0.20379999999999998,-0.09839999999999999,3598,0.5457162261009216,1.0018223524093628,-0.22081390023231506,-0.14786367118358612,1.0796269178390503,y,2.1
18,0.4473684210526315,0.47368421052631576,5,-0.09839999999999999,0.006999999999999999,4544,1.9680641889572144,33.6890754699707,-0.0957784429192543,-0.036695096641778946,1.0151925086975098,y,2.1
18,0.4473684210526315,0.47368421052631576,7,0.10700000000000001,0.2056,5053,0.4357554614543915,1.0426244735717773,0.2146061360836029,0.1577693074941635,1.3497601747512817,y,2.1
18,0.4473684210526315,0.47368421052631576,8,0.2056,0.3042,4786,0.23554520308971405,0.6407613158226013,0.28391969203948975,0.25383779406547546,1.1724896430969238,y,2.1
18,0.4473684210526315,0.47368421052631576,9,0.3042,0.40279999999999994,2373,0.01602463610470295,0.5128934383392334,0.33036479353904724,0.33522120118141174,1.3983895778656006,y,2.1
18,0.4473684210526315,0.47368421052631576,10,0.40279999999999994,0.5014,306,0.037859149277210236,0.026265926659107208,0.4943561553955078,0.4602264165878296,1.7581332921981812,y,2.1
18,0.4473684210526315,0.47368421052631576,11,0.5014,0.6,6,0.01681429147720337,0.010296420194208622,0.5071007609367371,0.502128541469574,0.579779863357544,y,2.1
19,0.47368421052631576,0.5,0,-inf,-0.52,85,0.006930762901902199,0.04218748211860657,-0.5732542872428894,-0.5519112348556519,3.544137477874756,y,2.1
19,0.47368421052631576,0.5,1,-0.52,-0.4146,148,0.05155394971370697,0.031675007194280624,-0.5280836224555969,-0.46930038928985596,3.348705530166626,y,2.1
19,0.47368421052631576,0.5,2,-0.4146,-0.30920000000000003,343,0.06884034723043442,1.1123852729797363,-0.23193274438381195,-0.34474173188209534,1.172708511352539,y,2.1
19,0.47368421052631576,0.5,3,-0.30920000000000003,-0.20379999999999998,1407,0.08400492370128632,0.23138001561164856,-0.27551472187042236,-0.245549276471138,1.2783762216567993,y,2.1
19,0.47368421052631576,0.5,4,-0.20379999999999998,-0.09839999999999999,3334,0.5089592337608337,0.9369828104972839,-0.221040740609169,-0.14789120852947235,1.1286100149154663,y,2.1
19,0.47368421052631576,0.5,5,-0.09839999999999999,0.006999999999999999,4233,1.8964871168136597,33.40168762207031,-0.09667191654443741,-0.03653932735323906,1.055954933166504,y,2.1
19,0.47368421052631576,0.5,7,0.10700000000000001,0.2056,4954,0.43092989921569824,1.00931715965271,0.21368646621704102,0.15765775740146637,1.3675038814544678,y,2.1
19,0.47368421052631576,0.5,8,0.2056,0.3042,4682,0.2300686091184616,0.6414099931716919,0.2829374074935913,0.2536552846431732,1.1883041858673096,y,2.1
19,0.47368421052631576,0.5,9,0.3042,0.40279999999999994,2293,0.023825783282518387,0.5037686824798584,0.3319643437862396,0.33480602502822876,1.4310827255249023,y,2.1
19,0.47368421052631576,0.5,10,0.40279999999999994,0.5014,306,0.037859149277210236,0.026265926659107208,0.4943561553955078,0.4602264165878296,1.7581332921981812,y,2.1
19,0.47368421052631576,0.5,11,0.5014,0.6,6,0.01681429147720337,0.010296420194208622,0.5071007609367371,0.502128541469574,0.579779863357544,y,2.1
20,0.5,inf,0,-inf,-0.52,84,0.00823557935655117,0.039655279368162155,-0.573157012462616,-0.55103600025177,3.5804123878479004,y,2.1
20,0.5,inf,1,-0.52,-0.4146,148,0.05155394971370697,0.031675007194280624,-0.5280836224555969,-0.46930038928985596,3.348705530166626,y,2.1
20,0.5,inf,2,-0.4146,-0.30920000000000003,334,0.06393961608409882,1.0904099941253662,-0.230521559715271,-0.345167338848114,1.1912704706192017,y,2.1
20,0.5,inf,3,-0.30920000000000003,-0.20379999999999998,1340,0.08392858505249023,0.2182616889476776,-0.2752901315689087,-0.2450798898935318,1.3178331851959229,y,2.1
20,0.5,inf,4,-0.20379999999999998,-0.09839999999999999,3038,0.45517733693122864,0.8984559178352356,-0.22117511928081512,-0.14816436171531677,1.1910662651062012,y,2.1
20,0.5,inf,5,-0.09839999999999999,0.006999999999999999,3956,1.8767027854919434,32.360652923583984,-0.09877412021160126,-0.03642766550183296,1.0958435535430908,y,2.1
20,0.5,inf,7,0.10700000000000001,0.2056,4831,0.42458969354629517,0.9873130321502686,0.2129337042570114,0.1578362137079239,1.3899201154708862,y,2.1
20,0.5,inf,8,0.2056,0.3042,4571,0.22406922280788422,0.6430855989456177,0.28193506598472595,0.2535187602043152,1.2053616046905518,y,2.1
20,0.5,inf,9,0.3042,0.40279999999999994,2206,0.03074425831437111,0.4896249771118164,0.3341517746448517,0.33464762568473816,1.468321681022644,y,2.1
20,0.5,inf,10,0.40279999999999994,0.5014,306,0.037859149277210236,0.026265926659107208,0.4943561553955078,0.4602264165878296,1.7581332921981812,y,2.1
20,0.5,inf,11,0.5014,0.6,6,0.01681429147720337,0.010296420194208622,0.5071007609367371,0.502128541469574,0.579779863357544,y,2.1
0,0.0,0.0,0,-inf,0.0,24401,-357.8021545410156,346.2197265625,0.00038860668428242207,-0.001625811099074781,0.007620681542903185,z,2.1
0,0.0,0.0,1,0.0,0.022,9371,3.8206517696380615,248.52310180664062,0.023253224790096283,0.008415131829679012,0.5843836665153503,z,2.1
0,0.0,0.0,2,0.022,0.044,4577,1.5406140089035034,8.245362281799316,0.04741011932492256,0.03277615085244179,0.6958496570587158,z,2.1
0,0.0,0.0,3,0.044,0.066,4921,0.9385136365890503,6.002910137176514,0.06386712193489075,0.05527583137154579,0.4845927059650421,z,2.1
0,0.0,0.0,4,0.066,0.088,5471,-0.39434897899627686,5.693098545074463,0.0753716379404068,0.07726691663265228,0.3897324204444885,z,2.1
0,0.0,0.0,5,0.088,0.11,8770,0.6184855699539185,5.511409759521484,0.10902617871761322,0.09999369829893112,0.26349136233329773,z,2.1
0,0.0,0.0,7,0.21000000000000002,0.234,11861,1.3473448753356934,2.373120069503784,0.24942798912525177,0.22040194272994995,0.3133469521999359,z,2.1
0,0.0,0.0,8,0.234,0.258,10396,0.35859453678131104,1.0428565740585327,0.26019614934921265,0.24642089009284973,0.3818885385990143,z,2.1
0,0.0,0.0,9,0.258,0.28200000000000003,8198,0.29553622007369995,0.9160215258598328,0.2792068123817444,0.2684982717037201,0.4447115957736969,z,2.1
0,0.0,0.0,10,0.28200000000000003,0.30600000000000005,5168,0.25503090023994446,0.5304736495018005,0.3043462038040161,0.29332247376441956,0.4818136990070343,z,2.1
0,0.0,0.0,11,0.30600000000000005,0.33,11691,0.07978223264217377,0.22486405074596405,0.3271079957485199,0.3235507607460022,0.19381026923656464,z,2.1
0,0.0,0.0,12,0.33,inf,88,-0.02174321748316288,0.005368779879063368,0.32860204577445984,0.33085334300994873,0.3224792182445526,z,2.1
1,0.0,0.02631578947368421,0,-inf,0.0,24401,-357.8021545410156,346.2197265625,0.00038860668428242207,-0.001625811099074781,0.007620681542903185,z,2.1
1,0.0,0.02631578947368421,1,0.0,0.022,9371,3.8206517696380615,248.52310180664062,0.023253224790096283,0.008415131829679012,0.5843836665153503,z,2.1
1,0.0,0.02631578947368421,2,0.022,0.044,4577,1.5406140089035034,8.245362281799316,0.04741011932492256,0.03277615085244179,0.6958496570587158,z,2.1
1,0.0,0.02631578947368421,3,0.044,0.066,4921,0.9385136365890503,6.002910137176514,0.06386712193489075,0.05527583137154579,0.4845927059650421,z,2.1
1,0.0,0.02631578947368421,4,0.066,0.088,5471,-0.39434897899627686,5.693098545074463,0.0753716379404068,0.07726691663265228,0.3897324204444885,z,2.1
1,0.0,0.02631578947368421,5,0.088,0.11,8770,0.6184855699539185,5.511409759521484,0.10902617871761322,0.09999369829893112,0.26349136233329773,z,2.1
1,0.0,0.02631578947368421,7,0.21000000000000002,0.234,11861,1.3473448753356934,2.373120069503784,0.24942798912525177,0.22040194272994995,0.3133469521999359,z,2.1
1,0.0,0.02631578947368421,8,0.234,0.258,10396,0.35859453678131104,1.0428565740585327,0.26019614934921265,0.24642089009284973,0.3818885385990143,z,2.1
1,0.0,0.02631578947368421,9,0.258,0.28200000000000003,8198,0.29553622007369995,0.9160215258598328,0.2792068123817444,0.2684982717037201,0.4447115957736969,z,2.1
1,0.0,0.02631578947368421,10,0.28200000000000003,0.30600000000000005,5168,0.25503090023994446,0.5304736495018005,0.3043462038040161,0.29332247376441956,0.4818136990070343,z,2.1
1,0.0,0.02631578947368421,11,0.30600000000000005,0.33,11691,0.07978223264217377,0.22486405074596405,0.3271079957485199,0.3235507607460022,0.19381026923656464,z,2.1
1,0.0,0.02631578947368421,12,0.33,inf,88,-0.02174321748316288,0.005368779879063368,0.32860204577445984,0.33085334300994873,0.3224792182445526,z,2.1
2,0.02631578947368421,0.05263157894736842,0,-inf,0.0,1331,-40.46434783935547,24.848234176635742,0.0017530500190332532,-0.0017043944681063294,0.061468455940485,z,2.1
2,0.02631578947368421,0.05263157894736842,1,0.0,0.022,8469,2.22259521484375,165.68154907226562,0.02462036721408367,0.008840121328830719,0.6451536417007446,z,2.1
2,0.02631578947368421,0.05263157894736842,2,0.022,0.044,4266,1.2026739120483398,5.970073223114014,0.047951359301805496,0.032710298895835876,0.7452773451805115,z,2.1
2,0.02631578947368421,0.05263157894736842,3,0.044,0.066,4541,0.5913510918617249,5.424335479736328,0.06410841643810272,0.055290304124355316,0.5235689878463745,z,2.1
2,0.02631578947368421,0.05263157894736842,4,0.066,0.088,5232,-0.625447154045105,5.4553542137146,0.07489535957574844,0.07736629247665405,0.40651798248291016,z,2.1
2,0.02631578947368421,0.05263157894736842,5,0.088,0.11,8767,0.6166768074035645,5.511841297149658,0.10902176797389984,0.09999082237482071,0.26357272267341614,z,2.1
2,0.02631578947368421,0.05263157894736842,7,0.21000000000000002,0.234,11816,1.3510544300079346,2.377164363861084,0.24948439002037048,0.22035951912403107,0.3144567608833313,z,2.1
2,0.02631578947368421,0.05263157894736842,8,0.234,0.258,9900,0.3458620011806488,1.0192055702209473,0.26039886474609375,0.24610444903373718,0.40019288659095764,z,2.1
2,0.02631578947368421,0.05263157894736842,9,0.258,0.28200000000000003,7221,0.23655836284160614,0.6718721389770508,0.28070729970932007,0.2691349685192108,0.5026848316192627,z,2.1
2,0.02631578947368421,0.05263157894736842,10,0.28200000000000003,0.30600000000000005,4893,0.21535682678222656,0.4030890166759491,0.30406731367111206,0.29303282499313354,0.5077316761016846,z,2.1
2,0.02631578947368421,0.05263157894736842,11,0.30600000000000005,0.33,10695,0.07377259433269501,0.22924381494522095,0.3270323574542999,0.3232645094394684,0.2098456621170044,z,2.1
2,0.02631578947368421,0.05263157894736842,12,0.33,inf,88,-0.02174321748316288,0.005368779879063368,0.32860204577445984,0.33085334300994873,0.3224792182445526,z,2.1
3,0.05263157894736842,0.07894736842105263,0,-inf,0.0,377,-30.456092834472656,37.97905731201172,0.0034369847271591425,-0.001483554719015956,0.12434563040733337,z,2.1
3,0.05263157894736842,0.07894736842105263,1,0.0,0.022,7934,1.9015952348709106,92.60074615478516,0.025105856359004974,0.009107171557843685,0.6860846877098083,z,2.1
3,0.05263157894736842,0.07894736842105263,2,0.022,0.044,4193,1.1627988815307617,5.387913227081299,0.04831400513648987,0.032723285257816315,0.7575545310974121,z,2.1
3,0.05263157894736842,0.07894736842105263,3,0.044,0.066,4449,0.5616157650947571,5.225134372711182,0.06428395211696625,0.05526401475071907,0.5335342288017273,z,2.1
3,0.05263157894736842,0.07894736842105263,4,0.066,0.088,4959,-0.8150882720947266,5.343183994293213,0.07415040582418442,0.0773189589381218,0.42669716477394104,z,2.1
3,0.05263157894736842,0.07894736842105263,5,0.088,0.11,8324,0.4195166528224945,5.506884574890137,0.10883226990699768,0.10005809366703033,0.27562302350997925,z,2.1
3,0.05263157894736842,0.07894736842105263,7,0.21000000000000002,0.234,11703,1.3524218797683716,2.3856334686279297,0.24959172308444977,0.2202950417995453,0.31711575388908386,z,2.1
3,0.05263157894736842,0.07894736842105263,8,0.234,0.258,9017,0.31721019744873047,0.9646983742713928,0.2613358795642853,0.24606017768383026,0.4354047179222107,z,2.1
3,0.05263157894736842,0.07894736842105263,9,0.258,0.28200000000000003,6561,0.20568789541721344,0.5334343910217285,0.2815094292163849,0.26927703619003296,0.5495209097862244,z,2.1
3,0.05263157894736842,0.07894736842105263,10,0.28200000000000003,0.30600000000000005,4498,0.17005649209022522,0.2870420515537262,0.3038603663444519,0.29289764165878296,0.5489333271980286,z,2.1
3,0.05263157894736842,0.07894736842105263,11,0.30600000000000005,0.33,8065,0.06571837514638901,0.0764644518494606,0.32683065533638,0.32210448384284973,0.265623539686203,z,2.1
3,0.05263157894736842,0.07894736842105263,12,0.33,inf,88,-0.02174321748316288,0.005368779879063368,0.32860204577445984,0.33085334300994873,0.3224792182445526,z,2.1
4,0.07894736842105263,0.10526315789473684,0,-inf,0.0,125,-32.26814270019531,49.181705474853516,0.005922595039010048,-0.0013426608638837934,0.24644741415977478,z,2.1
4,0.07894736842105263,0.10526315789473684,1,0.0,0.022,7285,1.1249809265136719,59.37959671020508,0.02547251433134079,0.00929338950663805,0.7413480877876282,z,2.1
4,0.07894736842105263,0.10526315789473684,2,0.022,0.044,3836,0.6908815503120422,5.233309745788574,0.048593919724226,0.03271332010626793,0.8217663764953613,z,2.1
4,0.07894736842105263,0.10526315789473684,3,0.044,0.066,4161,0.3337048888206482,5.2669782638549805,0.06433748453855515,0.05536605790257454,0.5660414099693298,z,2.1
4,0.07894736842105263,0.10526315789473684,4,0.066,0.088,4795,-0.8913956880569458,5.391502857208252,0.07389803230762482,0.0773303359746933,0.43901652097702026,z,2.1
4,0.07894736842105263,0.10526315789473684,5,0.088,0.11,8116,0.39816468954086304,5.567815780639648,0.10885629057884216,0.10006824880838394,0.2809874415397644,z,2.1
4,0.07894736842105263,0.10526315789473684,7,0.21000000000000002,0.234,11555,1.351225733757019,2.3882501125335693,0.24973057210445404,0.2202254682779312,0.3203692138195038,z,2.1
4,0.07894736842105263,0.10526315789473684,8,0.234,0.258,8038,0.34709954261779785,0.9121943116188049,0.26358282566070557,0.24620340764522552,0.4805743992328644,z,2.1
4,0.07894736842105263,0.10526315789473684,9,0.258,0.28200000000000003,6242,0.2089000791311264,0.49427303671836853,0.28200197219848633,0.26912274956703186,0.5743986964225769,z,2.1
4,0.07894736842105263,0.10526315789473684,10,0.28200000000000003,0.30600000000000005,4212,0.15049120783805847,0.2671816349029541,0.30405205488204956,0.2929926812648773,0.5819220542907715,z,2.1
4,0.07894736842105263,0.10526315789473684,11,0.30600000000000005,0.33,6549,0.06258577853441238,0.0726574957370758,0.3266060948371887,0.3212167024612427,0.3122285008430481,z,2.1
4,0.07894736842105263,0.10526315789473684,12,0.33,inf,88,-0.02174321748316288,0.005368779879063368,0.32860204577445984,0.33085334300994873,0.3224792182445526,z,2.1
5,0.10526315789473684,0.13157894736842105,0,-inf,0.0,47,-18.729578018188477,47.649070739746094,0.008414287120103836,-0.0012704972177743912,0.5064901113510132,z,2.1
5,0.10526315789473684,0.13157894736842105,1,0.0,0.022,6825,0.8191492557525635,45.25215148925781,0.025721265003085136,0.009516360238194466,0.7851947546005249,z,2.1
5,0.10526315789473684,0.13157894736842105,2,0.022,0.044,3692,0.5751180052757263,5.2222089767456055,0.04878302663564682,0.0326787605881691,0.8503449559211731,z,2.1
5,0.10526315789473684,0.13157894736842105,3,0.044,0.066,3662,0.012181328609585762,4.014805316925049,0.060662005096673965,0.05511043220758438,0.6300463080406189,z,2.1
5,0.10526315789473684,0.13157894736842105,4,0.066,0.088,3994,-1.1959415674209595,4.355246067047119,0.06876394897699356,0.07734071463346481,0.5077474117279053,z,2.1
5,0.10526315789473684,0.13157894736842105,5,0.088,0.11,7378,0.5080392956733704,5.563690662384033,0.11044782400131226,0.10023374855518341,0.2995506227016449,z,2.1
5,0.10526315789473684,0.13157894736842105,7,0.21000000000000002,0.234,11376,1.3598836660385132,2.3935647010803223,0.24995458126068115,0.22018840909004211,0.3239094614982605,z,2.1
5,0.10526315789473684,0.13157894736842105,8,0.234,0.258,7341,0.36252668499946594,0.9135890007019043,0.2645740211009979,0.24614453315734863,0.5173876881599426,z,2.1
5,0.10526315789473684,0.13157894736842105,9,0.258,0.28200000000000003,6023,0.2034008651971817,0.4715665578842163,0.28225192427635193,0.2692175507545471,0.5918080806732178,z,2.1
5,0.10526315789473684,0.13157894736842105,10,0.28200000000000003,0.30600000000000005,4072,0.1443207561969757,0.2606877088546753,0.3041205108165741,0.2930219769477844,0.5988119840621948,z,2.1
5,0.10526315789473684,0.13157894736842105,11,0.30600000000000005,0.33,5612,0.05986785888671875,0.07053067535161972,0.3264123201370239,0.32055556774139404,0.3490648865699768,z,2.1
5,0.10526315789473684,0.13157894736842105,12,0.33,inf,88,-0.02174321748316288,0.005368779879063368,0.32860204577445984,0.33085334300994873,0.3224792182445526,z,2.1
6,0.13157894736842105,0.15789473684210525,0,-inf,0.0,13,-12.026500701904297,6.003349781036377,0.019289225339889526,-0.0012732717441394925,1.5279420614242554,z,2.1
6,0.13157894736842105,0.15789473684210525,1,0.0,0.022,6538,0.7133440971374512,36.76289367675781,0.02573394775390625,0.009668305516242981,0.8144862651824951,z,2.1
6,0.13157894736842105,0.15789473684210525,2,0.022,0.044,3475,0.5104635953903198,4.932864665985107,0.049005504697561264,0.03251732140779495,0.8959618210792542,z,2.1
6,0.13157894736842105,0.15789473684210525,3,0.044,0.066,2947,-0.25239479541778564,3.0591187477111816,0.057560041546821594,0.05486737936735153,0.7543708086013794,z,2.1
6,0.13157894736842105,0.15789473684210525,4,0.066,0.088,2461,-0.9632217884063721,2.874255657196045,0.06840820610523224,0.07688018679618835,0.7512908577919006,z,2.1
6,0.13157894736842105,0.15789473684210525,5,0.088,0.11,3250,-0.2993658483028412,3.774460792541504,0.10213173925876617,0.1005513072013855,0.5283939838409424,z,2.1
6,0.13157894736842105,0.15789473684210525,7,0.21000000000000002,0.234,8579,1.0961744785308838,2.5464606285095215,0.24097155034542084,0.22012236714363098,0.3892447352409363,z,2.1
6,0.13157894736842105,0.15789473684210525,8,0.234,0.258,5753,0.24771979451179504,0.7865153551101685,0.262424111366272,0.2468714565038681,0.6265115141868591,z,2.1
6,0.13157894736842105,0.15789473684210525,9,0.258,0.28200000000000003,5652,0.17959022521972656,0.4262460768222809,0.2817188501358032,0.26931366324424744,0.6227642893791199,z,2.1
6,0.13157894736842105,0.15789473684210525,10,0.28200000000000003,0.30600000000000005,3948,0.1362578421831131,0.2552405297756195,0.3040718138217926,0.29311108589172363,0.6138737797737122,z,2.1
6,0.13157894736842105,0.15789473684210525,11,0.30600000000000005,0.33,4934,0.05841192230582237,0.06875543296337128,0.3262527287006378,0.3200104236602783,0.3808460235595703,z,2.1
6,0.13157894736842105,0.15789473684210525,12,0.33,inf,88,-0.02174321748316288,0.005368779879063368,0.32860204577445984,0.33085334300994873,0.3224792182445526,z,2.1
7,0.15789473684210525,0.18421052631578946,0,-inf,0.0,5,-10.814087867736816,1.6700083017349243,0.04781831428408623,-0.0012185287196189165,3.7470335960388184,z,2.1
7,0.15789473684210525,0.18421052631578946,1,0.0,0.022,6253,0.6623898148536682,29.971813201904297,0.025874273851513863,0.009840265847742558,0.8450327515602112,z,2.1
7,0.15789473684210525,0.18421052631578946,2,0.022,0.044,3225,0.4175494313240051,4.075664520263672,0.04831140488386154,0.03234914317727089,0.9542505741119385,z,2.1
7,0.15789473684210525,0.18421052631578946,3,0.044,0.066,2561,-0.2983608841896057,2.5839664936065674,0.05741508677601814,0.05458301305770874,0.8465017080307007,z,2.1
7,0.15789473684210525,0.18421052631578946,4,0.066,0.088,1916,-0.4991302788257599,2.028642416000366,0.07431257516145706,0.07650861144065857,0.9248427748680115,z,2.1
7,0.15789473684210525,0.18421052631578946,5,0.088,0.11,1576,-0.19940809905529022,1.897240161895752,0.10316552221775055,0.09949524700641632,0.9387900829315186,z,2.1
7,0.15789473684210525,0.18421052631578946,7,0.21000000000000002,0.234,2604,0.32696008682250977,1.9138132333755493,0.23169133067131042,0.22183166444301605,0.9518576264381409,z,2.1
7,0.15789473684210525,0.18421052631578946,8,0.234,0.258,4073,0.09196564555168152,0.5313846468925476,0.2572726011276245,0.24778951704502106,0.8255369663238525,z,2.1
7,0.15789473684210525,0.18421052631578946,9,0.258,0.28200000000000003,5128,0.1489189714193344,0.36672183871269226,0.28080058097839355,0.2695143222808838,0.6715804934501648,z,2.1
7,0.15789473684210525,0.18421052631578946,10,0.28200000000000003,0.30600000000000005,3761,0.12105859816074371,0.23430287837982178,0.30368462204933167,0.29334309697151184,0.6371598839759827,z,2.1
7,0.15789473684210525,0.18421052631578946,11,0.30600000000000005,0.33,4391,0.0577477365732193,0.06769384443759918,0.3261081874370575,0.31952139735221863,0.4100959897041321,z,2.1
7,0.15789473684210525,0.18421052631578946,12,0.33,inf,88,-0.02174321748316288,0.005368779879063368,0.32860204577445984,0.33085334300994873,0.3224792182445526,z,2.1
8,0.18421052631578946,0.21052631578947367,1,0.0,0.022,5997,0.6243273615837097,21.6688175201416,0.02588469721376896,0.009998207911849022,0.873818576335907,z,2.1
8,0.18421052631578946,0.21052631578947367,2,0.022,0.044,3049,0.35497623682022095,3.2774078845977783,0.047654543071985245,0.03229954466223717,0.999519407749176,z,2.1
8,0.18421052631578946,0.21052631578947367,3,0.044,0.066,2304,-0.3542764484882355,2.308344841003418,0.05745856091380119,0.05457870289683342,0.9218400120735168,z,2.1
8,0.18421052631578946,0.21052631578947367,4,0.066,0.088,1684,-0.33170458674430847,1.6567151546478271,0.07826501131057739,0.07663266360759735,1.0288586616516113,z,2.1
8,0.18421052631578946,0.21052631578947367,5,0.088,0.11,1250,-0.05693988874554634,1.5494565963745117,0.10824809223413467,0.09854649752378464,1.1400246620178223,z,2.1
8,0.18421052631578946,0.21052631578947367,7,0.21000000000000002,0.234,1827,0.1679362952709198,0.68011474609375,0.23766569793224335,0.22237491607666016,1.2861968278884888,z,2.1
8,0.18421052631578946,0.21052631578947367,8,0.234,0.258,3211,0.07624195516109467,0.33165645599365234,0.25734710693359375,0.24776992201805115,1.0017943382263184,z,2.1
8,0.18421052631578946,0.21052631578947367,9,0.258,0.28200000000000003,4483,0.1062190905213356,0.29828083515167236,0.27927547693252563,0.2698096036911011,0.743476152420044,z,2.1
8,0.18421052631578946,0.21052631578947367,10,0.28200000000000003,0.30600000000000005,3511,0.10220756381750107,0.21322238445281982,0.30296197533607483,0.29354459047317505,0.6702988147735596,z,2.1
8,0.18421052631578946,0.21052631578947367,11,0.30600000000000005,0.33,3897,0.05806627497076988,0.06774018704891205,0.32595813274383545,0.3189803957939148,0.44043976068496704,z,2.1
8,0.18421052631578946,0.21052631578947367,12,0.33,inf,88,-0.02174321748316288,0.005368779879063368,0.32860204577445984,0.33085334300994873,0.3224792182445526,z,2.1
9,0.21052631578947367,0.23684210526315788,1,0.0,0.022,5770,0.6355891227722168,20.163541793823242,0.026133473962545395,0.010127848945558071,0.9004323482513428,z,2.1
9,0.21052631578947367,0.23684210526315788,2,0.022,0.044,2885,0.2975352704524994,2.878718376159668,0.04726056754589081,0.03221071511507034,1.0451428890228271,z,2.1
9,0.21052631578947367,0.23684210526315788,3,0.044,0.066,2085,-0.34045395255088806,2.053757667541504,0.05863576754927635,0.05457994341850281,0.9980520009994507,z,2.1
9,0.21052631578947367,0.23684210526315788,4,0.066,0.088,1534,-0.26403361558914185,1.499149203300476,0.08080021291971207,0.07672272622585297,1.110242486000061,z,2.1
9,0.21052631578947367,0.23684210526315788,5,0.088,0.11,1099,-0.007985902018845081,1.1857558488845825,0.11301086843013763,0.09844337403774261,1.2696075439453125,z,2.1
9,0.21052631578947367,0.23684210526315788,7,0.21000000000000002,0.234,1631,0.14550995826721191,0.42391446232795715,0.23902097344398499,0.22252754867076874,1.417095422744751,z,2.1
9,0.21052631578947367,0.23684210526315788,8,0.234,0.258,2856,0.06733846664428711,0.22924597561359406,0.257462739944458,0.24777503311634064,1.1018729209899902,z,2.1
9,0.21052631578947367,0.23684210526315788,9,0.258,0.28200000000000003,3903,0.07674988359212875,0.24858908355236053,0.2778313457965851,0.26988551020622253,0.8247525691986084,z,2.1
9,0.21052631578947367,0.23684210526315788,10,0.28200000000000003,0.30600000000000005,3233,0.08165360242128372,0.19202817976474762,0.3019171953201294,0.29370105266571045,0.7109525799751282,z,2.1
9,0.21052631578947367,0.23684210526315788,11,0.30600000000000005,0.33,3452,0.05960483103990555,0.06733329594135284,0.32581329345703125,0.31839630007743835,0.47176799178123474,z,2.1
9,0.21052631578947367,0.23684210526315788,12,0.33,inf,88,-0.02174321748316288,0.005368779879063368,0.32860204577445984,0.33085334300994873,0.3224792182445526,z,2.1
10,0.23684210526315788,0.2631578947368421,1,0.0,0.022,5578,0.6590479016304016,18.78066635131836,0.026370735839009285,0.010245795361697674,0.9237409234046936,z,2.1
10,0.23684210526315788,0.2631578947368421,2,0.022,0.044,2720,0.2573983371257782,2.774949073791504,0.0474419891834259,0.0321456678211689,1.0950080156326294,z,2.1
10,0.23684210526315788,0.2631578947368421,3,0.044,0.066,1961,-0.3080725073814392,1.9578745365142822,0.05987672135233879,0.054492998868227005,1.047044277191162,z,2.1
10,0.23684210526315788,0.2631578947368421,4,0.066,0.088,1413,-0.2313135862350464,1.411529541015625,0.08255278319120407,0.07668805122375488,1.1862162351608276,z,2.1
10,0.23684210526315788,0.2631578947368421,5,0.088,0.11,1015,0.02295825444161892,0.9801638126373291,0.11614951491355896,0.09860728681087494,1.356363296508789,z,2.1
10,0.23684210526315788,0.2631578947368421,7,0.21000000000000002,0.234,1492,0.12874698638916016,0.3585221767425537,0.23957468569278717,0.22250065207481384,1.5284788608551025,z,2.1
10,0.23684210526315788,0.2631578947368421,8,0.234,0.258,2578,0.057797275483608246,0.19290824234485626,0.257177472114563,0.2476879507303238,1.1966850757598877,z,2.1
10,0.23684210526315788,0.2631578947368421,9,0.258,0.28200000000000003,3442,0.05952540785074234,0.2108067125082016,0.276778906583786,0.2697230279445648,0.9053418040275574,z,2.1
10,0.23684210526315788,0.2631578947368421,10,0.28200000000000003,0.30600000000000005,2941,0.06308261305093765,0.16042284667491913,0.30082499980926514,0.29386308789253235,0.7592760324478149,z,2.1
10,0.23684210526315788,0.2631578947368421,11,0.30600000000000005,0.33,3071,0.05848800018429756,0.06197918578982353,0.3257049322128296,0.3181387186050415,0.5025783777236938,z,2.1
10,0.23684210526315788,0.2631578947368421,12,0.33,inf,87,-0.02178235538303852,0.005394128616899252,0.3286014497280121,0.33086156845092773,0.32346946001052856,z,2.1
11,0.2631578947368421,0.2894736842105263,1,0.0,0.022,5340,0.6195650100708008,18.406370162963867,0.026540949940681458,0.010356292128562927,0.9537695646286011,z,2.1
11,0.2631578947368421,0.2894736842105263,2,0.022,0.044,2589,0.2150505781173706,2.6794395446777344,0.04752742499113083,0.032103411853313446,1.137797474861145,z,2.1
11,0.2631578947368421,0.2894736842105263,3,0.044,0.066,1863,-0.2856634557247162,1.7766973972320557,0.06055672839283943,0.05439535528421402,1.089077115058899,z,2.1
11,0.2631578947368421,0.2894736842105263,4,0.066,0.088,1324,-0.19894857704639435,1.329001545906067,0.08424314856529236,0.07664036005735397,1.2492008209228516,z,2.1
11,0.2631578947368421,0.2894736842105263,5,0.088,0.11,976,0.03592541441321373,0.8980711698532104,0.1175658255815506,0.09872530400753021,1.4006515741348267,z,2.1
11,0.2631578947368421,0.2894736842105263,7,0.21000000000000002,0.234,1403,0.12130732089281082,0.33359095454216003,0.23979482054710388,0.22233305871486664,1.6096330881118774,z,2.1
11,0.2631578947368421,0.2894736842105263,8,0.234,0.258,2396,0.055681563913822174,0.17475645244121552,0.25706976652145386,0.24748513102531433,1.2686710357666016,z,2.1
11,0.2631578947368421,0.2894736842105263,9,0.258,0.28200000000000003,3125,0.05207163468003273,0.1937592476606369,0.27648046612739563,0.2695627212524414,0.971856415271759,z,2.1
11,0.2631578947368421,0.2894736842105263,10,0.28200000000000003,0.30600000000000005,2690,0.05289003998041153,0.12919992208480835,0.30038613080978394,0.2940477430820465,0.8068531155586243,z,2.1
11,0.2631578947368421,0.2894736842105263,11,0.30600000000000005,0.33,2683,0.0559590719640255,0.05651302635669708,0.32548919320106506,0.3178742229938507,0.5391206741333008,z,2.1
11,0.2631578947368421,0.2894736842105263,12,0.33,inf,78,-0.021512050181627274,0.005479468032717705,0.32862553000450134,0.3309256434440613,0.3324618339538574,z,2.1
12,0.2894736842105263,0.3157894736842105,1,0.0,0.022,5109,0.6396437287330627,17.919321060180664,0.026837250217795372,0.010438463650643826,0.984420895576477,z,2.1
12,0.2894736842105263,0.3157894736842105,2,0.022,0.044,2468,0.18133637309074402,2.622938632965088,0.04785170033574104,0.032125119119882584,1.1800260543823242,z,2.1
12,0.2894736842105263,0.3157894736842105,3,0.044,0.066,1758,-0.2603518068790436,1.7224249839782715,0.06163395941257477,0.05427867919206619,1.1375421285629272,z,2.1
12,0.2894736842105263,0.3157894736842105,4,0.066,0.088,1240,-0.14908869564533234,1.2444870471954346,0.08644742518663406,0.07665520906448364,1.3151519298553467,z,2.1
12,0.2894736842105263,0.3157894736842105,5,0.088,0.11,939,0.06009737402200699,0.8019197583198547,0.1198374480009079,0.09876192361116409,1.4449518918991089,z,2.1
12,0.2894736842105263,0.3157894736842105,7,0.21000000000000002,0.234,1344,0.11402486264705658,0.3250806927680969,0.23972731828689575,0.22223222255706787,1.6682028770446777,z,2.1
12,0.2894736842105263,0.3157894736842105,8,0.234,0.258,2253,0.055585846304893494,0.1620268076658249,0.25717687606811523,0.2474277764558792,1.331735372543335,z,2.1
12,0.2894736842105263,0.3157894736842105,9,0.258,0.28200000000000003,2851,0.04364663362503052,0.17396919429302216,0.2762027084827423,0.26958411931991577,1.0386871099472046,z,2.1
12,0.2894736842105263,0.3157894736842105,10,0.28200000000000003,0.30600000000000005,2463,0.04541127756237984,0.11178982257843018,0.2997857928276062,0.2940256595611572,0.8558208346366882,z,2.1
12,0.2894736842105263,0.3157894736842105,11,0.30600000000000005,0.33,2355,0.05320020392537117,0.05256693437695503,0.3251456916332245,0.317526638507843,0.5757737755775452,z,2.1
12,0.2894736842105263,0.3157894736842105,12,0.33,inf,66,-0.021167052909731865,0.005347355268895626,0.32865041494369507,0.33098962903022766,0.3423836827278137,z,2.1
13,0.3157894736842105,0.3421052631578947,1,0.0,0.022,4889,0.6388014554977417,11.895938873291016,0.02697582170367241,0.010501731187105179,1.0150879621505737,z,2.1
13,0.3157894736842105,0.3421052631578947,2,0.022,0.044,2362,0.13916385173797607,2.5720772743225098,0.04803954437375069,0.03216898813843727,1.2194557189941406,z,2.1
13,0.3157894736842105,0.3421052631578947,3,0.044,0.066,1674,-0.257261723279953,1.6394208669662476,0.06205110624432564,0.054152581840753555,1.1794794797897339,z,2.1
13,0.3157894736842105,0.3421052631578947,4,0.066,0.088,1167,-0.09675122052431107,1.1629678010940552,0.0889168232679367,0.0767279714345932,1.3785395622253418,z,2.1
13,0.3157894736842105,0.3421052631578947,5,0.088,0.11,903,0.06772502511739731,0.7827855944633484,0.12116341292858124,0.09866604954004288,1.4904918670654297,z,2.1
13,0.3157894736842105,0.3421052631578947,7,0.21000000000000002,0.234,1286,0.11058001965284348,0.26375555992126465,0.24027889966964722,0.22216549515724182,1.7298767566680908,z,2.1
13,0.3157894736842105,0.3421052631578947,8,0.234,0.258,2149,0.05394979938864708,0.15067727863788605,0.2570449113845825,0.24735626578330994,1.3815470933914185,z,2.1
13,0.3157894736842105,0.3421052631578947,9,0.258,0.28200000000000003,2618,0.03917539492249489,0.15432849526405334,0.2760095000267029,0.2695423364639282,1.1042555570602417,z,2.1
13,0.3157894736842105,0.3421052631578947,10,0.28200000000000003,0.30600000000000005,2285,0.038944095373153687,0.1020679920911789,0.2991518974304199,0.293988972902298,0.8989723920822144,z,2.1
13,0.3157894736842105,0.3421052631578947,11,0.30600000000000005,0.33,1991,0.047674644738435745,0.04837663471698761,0.32460421323776245,0.3171728849411011,0.6256195902824402,z,2.1
13,0.3157894736842105,0.3421052631578947,12,0.33,inf,49,-0.020381489768624306,0.005180236417800188,0.3287164866924286,0.33107098937034607,0.35559946298599243,z,2.1
14,0.3421052631578947,0.3684210526315789,1,0.0,0.022,4683,0.6139718294143677,11.527924537658691,0.027048086747527122,0.01052545290440321,1.0453053712844849,z,2.1
14,0.3421052631578947,0.3684210526315789,2,0.022,0.044,2244,0.07662336528301239,2.516294002532959,0.04803743213415146,0.03221816197037697,1.2662912607192993,z,2.1
14,0.3421052631578947,0.3684210526315789,3,0.044,0.066,1572,-0.2382737398147583,1.5443744659423828,0.06299141049385071,0.054106201976537704,1.234661340713501,z,2.1
14,0.3421052631578947,0.3684210526315789,4,0.066,0.088,1109,-0.05211670696735382,1.0975185632705688,0.09118860214948654,0.07676417380571365,1.4334899187088013,z,2.1
14,0.3421052631578947,0.3684210526315789,5,0.088,0.11,864,0.07733871042728424,0.7685906291007996,0.12282544374465942,0.09866253286600113,1.5428810119628906,z,2.1
14,0.3421052631578947,0.3684210526315789,7,0.21000000000000002,0.234,1248,0.10930704325437546,0.255602091550827,0.24043972790241241,0.2221028208732605,1.7725560665130615,z,2.1
14,0.3421052631578947,0.3684210526315789,8,0.234,0.258,2047,0.051068566739559174,0.14013680815696716,0.2568240463733673,0.24730999767780304,1.433916687965393,z,2.1
14,0.3421052631578947,0.3684210526315789,9,0.258,0.28200000000000003,2438,0.0377248115837574,0.13919413089752197,0.27604228258132935,0.2694928050041199,1.1615495681762695,z,2.1
14,0.3421052631578947,0.3684210526315789,10,0.28200000000000003,0.30600000000000005,2095,0.03479461744427681,0.09331569820642471,0.29881182312965393,0.29399141669273376,0.9506548047065735,z,2.1
14,0.3421052631578947,0.3684210526315789,11,0.30600000000000005,0.33,1612,0.042104266583919525,0.04429640620946884,0.32374560832977295,0.31648749113082886,0.6955617666244507,z,2.1
14,0.3421052631578947,0.3684210526315789,12,0.33,inf,34,-0.020113009959459305,0.004652074538171291,0.3287942409515381,0.33118194341659546,0.36671844124794006,z,2.1
15,0.3684210526315789,0.39473684210526316,1,0.0,0.022,4487,0.6292827129364014,10.995123863220215,0.027272449806332588,0.010563346557319164,1.0754514932632446,z,2.1
15,0.3684210526315789,0.39473684210526316,2,0.022,0.044,2180,0.07404355704784393,2.490374803543091,0.048385169357061386,0.03220965340733528,1.2930645942687988,z,2.1
15,0.3684210526315789,0.39473684210526316,3,0.044,0.066,1480,-0.22413578629493713,1.4863779544830322,0.06409653276205063,0.05410167574882507,1.289353370666504,z,2.1
15,0.3684210526315789,0.39473684210526316,4,0.066,0.088,1049,-0.010709606111049652,1.0337817668914795,0.0938972532749176,0.0768369510769844,1.4952750205993652,z,2.1
15,0.3684210526315789,0.39473684210526316,5,0.088,0.11,833,0.08090624213218689,0.7651380300521851,0.12403838336467743,0.09863689541816711,1.5870380401611328,z,2.1
15,0.3684210526315789,0.39473684210526316,7,0.21000000000000002,0.234,1206,0.11067099124193192,0.23040099442005157,0.24093663692474365,0.22214311361312866,1.8219153881072998,z,2.1
15,0.3684210526315789,0.39473684210526316,8,0.234,0.258,1938,0.04915546625852585,0.1323619931936264,0.25673797726631165,0.24727670848369598,1.4945435523986816,z,2.1
15,0.3684210526315789,0.39473684210526316,9,0.258,0.28200000000000003,2286,0.0380709134042263,0.1297571361064911,0.2760995626449585,0.2693577706813812,1.2151520252227783,z,2.1
15,0.3684210526315789,0.39473684210526316,10,0.28200000000000003,0.30600000000000005,1937,0.033674467355012894,0.08790101110935211,0.2989312708377838,0.29406094551086426,0.9992116093635559,z,2.1
15,0.3684210526315789,0.39473684210526316,11,0.30600000000000005,0.33,1341,0.03720998018980026,0.03826098516583443,0.3228904604911804,0.31590408086776733,0.7646716237068176,z,2.1
15,0.3684210526315789,0.39473684210526316,12,0.33,inf,15,-0.0188760943710804,0.0036916607059538364,0.32886117696762085,0.3312126398086548,0.37925177812576294,z,2.1
16,0.39473684210526316,0.42105263157894735,1,0.0,0.022,4282,0.5917004942893982,10.271206855773926,0.027240071445703506,0.010590986348688602,1.108685851097107,z,2.1
16,0.39473684210526316,0.42105263157894735,2,0.022,0.044,2114,0.029300974681973457,2.2984092235565186,0.0475718155503273,0.032173603773117065,1.3215121030807495,z,2.1
16,0.39473684210526316,0.42105263157894735,3,0.044,0.066,1384,-0.18902480602264404,1.407078742980957,0.06582178175449371,0.05405747890472412,1.3523503541946411,z,2.1
16,0.39473684210526316,0.42105263157894735,4,0.066,0.088,999,0.03819696605205536,0.9531617760658264,0.09718161076307297,0.07693081349134445,1.5509884357452393,z,2.1
16,0.39473684210526316,0.42105263157894735,5,0.088,0.11,806,0.08426797389984131,0.7519651055335999,0.1253580003976822,0.09863726049661636,1.62740159034729,z,2.1
16,0.39473684210526316,0.42105263157894735,7,0.21000000000000002,0.234,1176,0.1075998842716217,0.22274041175842285,0.2408636212348938,0.2221866250038147,1.8586878776550293,z,2.1
16,0.39473684210526316,0.42105263157894735,8,0.234,0.258,1854,0.045913174748420715,0.12396359443664551,0.2565821707248688,0.247358500957489,1.5450242757797241,z,2.1
16,0.39473684210526316,0.42105263157894735,9,0.258,0.28200000000000003,2168,0.03557097539305687,0.12101756781339645,0.275804340839386,0.26927652955055237,1.260483980178833,z,2.1
16,0.39473684210526316,0.42105263157894735,10,0.28200000000000003,0.30600000000000005,1756,0.03300006687641144,0.08051706105470657,0.2993394136428833,0.2942018210887909,1.062997817993164,z,2.1
16,0.39473684210526316,0.42105263157894735,11,0.30600000000000005,0.33,1193,0.03447292745113373,0.03495079651474953,0.3222905695438385,0.3154655396938324,0.8123267889022827,z,2.1
17,0.42105263157894735,0.4473684210526315,1,0.0,0.022,4092,0.5533975958824158,10.121453285217285,0.027574680745601654,0.010674118995666504,1.1412286758422852,z,2.1
17,0.42105263157894735,0.4473684210526315,2,0.022,0.044,2054,0.016915213316679,2.24892520904541,0.04763020947575569,0.03220638632774353,1.3482141494750977,z,2.1
17,0.42105263157894735,0.4473684210526315,3,0.044,0.066,1326,-0.16532842814922333,1.4083501100540161,0.06716568768024445,0.05406343191862106,1.3936980962753296,z,2.1
17,0.42105263157894735,0.4473684210526315,4,0.066,0.088,955,0.06453745067119598,0.8988912105560303,0.099782295525074,0.0771179348230362,1.6036369800567627,z,2.1
17,0.42105263157894735,0.4473684210526315,5,0.088,0.11,779,0.09115909785032272,0.7380414605140686,0.1269979178905487,0.09861771017313004,1.669653296470642,z,2.1
17,0.42105263157894735,0.4473684210526315,7,0.21000000000000002,0.234,1140,0.10609164834022522,0.21524907648563385,0.24086028337478638,0.22215314209461212,1.9045448303222656,z,2.1
17,0.42105263157894735,0.4473684210526315,8,0.234,0.258,1761,0.04334564879536629,0.11669854819774628,0.2564123868942261,0.2473369836807251,1.6051090955734253,z,2.1
17,0.42105263157894735,0.4473684210526315,9,0.258,0.28200000000000003,2091,0.03358909487724304,0.1146693229675293,0.27561911940574646,0.2692655622959137,1.2918775081634521,z,2.1
17,0.42105263157894735,0.4473684210526315,10,0.28200000000000003,0.30600000000000005,1631,0.03074365295469761,0.07844653725624084,0.29890722036361694,0.29397937655448914,1.1132843494415283,z,2.1
17,0.42105263157894735,0.4473684210526315,11,0.30600000000000005,0.33,1080,0.03211504593491554,0.03284725174307823,0.321806401014328,0.3151360750198364,0.8545360565185547,z,2.1
18,0.4473684210526315,0.47368421052631576,1,0.0,0.022,3891,0.5329304933547974,8.77430534362793,0.02765640802681446,0.01071083452552557,1.1777604818344116,z,2.1
18,0.4473684210526315,0.47368421052631576,2,0.022,0.044,1986,0.0021217018365859985,2.125743865966797,0.047473154962062836,0.03223106637597084,1.379518747329712,z,2.1
18,0.4473684210526315,0.47368421052631576,3,0.044,0.066,1258,-0.1477978378534317,1.3562471866607666,0.06836477667093277,0.05410592630505562,1.445595622062683,z,2.1
18,0.4473684210526315,0.47368421052631576,4,0.066,0.088,916,0.0806632936000824,0.8713139295578003,0.10179160535335541,0.07719051837921143,1.6534337997436523,z,2.1
18,0.4473684210526315,0.47368421052631576,5,0.088,0.11,751,0.10172419995069504,0.7099377512931824,0.1292773336172104,0.09859573096036911,1.7157280445098877,z,2.1
18,0.4473684210526315,0.47368421052631576,7,0.21000000000000002,0.234,1102,0.10428107529878616,0.2073545753955841,0.2409028857946396,0.22214725613594055,1.955248236656189,z,2.1
18,0.4473684210526315,0.47368421052631576,8,0.234,0.258,1695,0.04050055891275406,0.11243747919797897,0.2562772333621979,0.24737098813056946,1.6507564783096313,z,2.1
18,0.4473684210526315,0.47368421052631576,9,0.258,0.28200000000000003,2012,0.03206412494182587,0.10709250718355179,0.27555036544799805,0.26927703619003296,1.325553297996521,z,2.1
18,0.4473684210526315,0.47368421052631576,10,0.28200000000000003,0.30600000000000005,1527,0.028225520625710487,0.07624085992574692,0.2984519898891449,0.2937889099121094,1.159509301185608,z,2.1
18,0.4473684210526315,0.47368421052631576,11,0.30600000000000005,0.33,995,0.030657779425382614,0.03155844658613205,0.32129967212677,0.31469887495040894,0.8905768990516663,z,2.1
19,0.47368421052631576,0.5,1,0.0,0.022,3697,0.5046409964561462,8.62207317352295,0.02801629714667797,0.010787464678287506,1.2154157161712646,z,2.1
19,0.47368421052631576,0.5,2,0.022,0.044,1925,0.0033583512995392084,2.1178746223449707,0.047992248088121414,0.03224983066320419,1.4086555242538452,z,2.1
19,0.47368421052631576,0.5,3,0.044,0.066,1192,-0.10272464156150818,1.3062824010849,0.07034099847078323,0.054041843861341476,1.5002069473266602,z,2.1
19,0.47368421052631576,0.5,4,0.066,0.088,875,0.0922374278306961,0.8534467816352844,0.10388851165771484,0.07728904485702515,1.7093281745910645,z,2.1
19,0.47368421052631576,0.5,5,0.088,0.11,720,0.11036547273397446,0.6776254773139954,0.13155214488506317,0.0986085906624794,1.7698224782943726,z,2.1
19,0.47368421052631576,0.5,7,0.21000000000000002,0.234,1072,0.10052426904439926,0.20214083790779114,0.24073107540607452,0.2221900373697281,1.9970780611038208,z,2.1
19,0.47368421052631576,0.5,8,0.234,0.258,1628,0.03689362481236458,0.10594134032726288,0.2558792531490326,0.24734808504581451,1.6997675895690918,z,2.1
19,0.47368421052631576,0.5,9,0.258,0.28200000000000003,1932,0.03068382292985916,0.09888254106044769,0.27569580078125,0.2693950831890106,1.361402988433838,z,2.1
19,0.47368421052631576,0.5,10,0.28200000000000003,0.30600000000000005,1427,0.025083832442760468,0.07394719868898392,0.2977863848209381,0.29358047246932983,1.2085496187210083,z,2.1
19,0.47368421052631576,0.5,11,0.30600000000000005,0.33,921,0.029545731842517853,0.030760973691940308,0.320758193731308,0.3142019510269165,0.9251343011856079,z,2.1
20,0.5,inf,1,0.0,0.022,3468,0.4492602050304413,8.42773723602295,0.028368113562464714,0.010864537209272385,1.2635059356689453,z,2.1
20,0.5,inf,2,0.022,0.044,1855,-0.002382552484050393,2.018493890762329,0.0481184683740139,0.032269157469272614,1.4434853792190552,z,2.1
20,0.5,inf,3,0.044,0.066,1132,-0.06393247097730637,1.2995308637619019,0.07257843762636185,0.05411949381232262,1.5539170503616333,z,2.1
20,0.5,inf,4,0.066,0.088,831,0.10083689540624619,0.8364940881729126,0.10570372641086578,0.07731235772371292,1.774132490158081,z,2.1
20,0.5,inf,5,0.088,0.11,697,0.11561546474695206,0.6720597743988037,0.1331031173467636,0.09860021620988846,1.8120838403701782,z,2.1
20,0.5,inf,7,0.21000000000000002,0.234,1036,0.09839914739131927,0.19683532416820526,0.24090921878814697,0.22223247587680817,2.049494504928589,z,2.1
20,0.5,inf,8,0.234,0.258,1571,0.034760840237140656,0.10027231276035309,0.255593866109848,0.2472967803478241,1.7437479496002197,z,2.1
20,0.5,inf,9,0.258,0.28200000000000003,1863,0.029084807261824608,0.0927877128124237,0.2755664885044098,0.26942184567451477,1.393747091293335,z,2.1
20,0.5,inf,10,0.28200000000000003,0.30600000000000005,1325,0.021496107801795006,0.07294198870658875,0.2970885634422302,0.29333826899528503,1.2640877962112427,z,2.1
20,0.5,inf,11,0.30600000000000005,0.33,864,0.028091127052903175,0.029643647372722626,0.32036709785461426,0.313951700925827,0.9540608525276184,z,2.1
