total_std_bin,total_std_lo,total_std_hi,pred_bin,pred_lo,pred_hi,n,mean_alpha,std_alpha,mean_GT,mean_pred,mean_total_std,axis
0,0.0,0.01,1,-0.57,-0.5199999999999999,74,-0.13588061928749084,0.259671688079834,-0.5312343239784241,-0.5342261791229248,0.05483733117580414,x
0,0.0,0.01,2,-0.5199999999999999,-0.46999999999999986,104,-0.3815157115459442,0.2172657549381256,-0.48317721486091614,-0.4949602782726288,0.0653260201215744,x
0,0.0,0.01,3,-0.46999999999999986,-0.4199999999999998,98,-0.5051600337028503,0.16743388772010803,-0.4287615716457367,-0.44458773732185364,0.0714523047208786,x
0,0.0,0.01,4,-0.4199999999999998,-0.3699999999999998,2997,0.2024512141942978,1.6118338108062744,-0.39093586802482605,-0.3771263062953949,0.14706213772296906,x
0,0.0,0.01,5,-0.3699999999999998,-0.31999999999999973,3895,-0.2390279769897461,0.8086379766464233,-0.3316499590873718,-0.35139137506484985,0.5134217739105225,x
0,0.0,0.01,6,-0.31999999999999973,-0.2699999999999997,2094,-0.843592643737793,1.5200181007385254,-0.26158827543258667,-0.29556509852409363,0.7036082744598389,x
0,0.0,0.01,7,-0.2699999999999997,-0.21999999999999964,2701,-0.7027359008789062,2.2503511905670166,-0.21227271854877472,-0.24348314106464386,1.0244060754776,x
0,0.0,0.01,8,-0.21999999999999964,-0.1699999999999996,3640,-0.6184913516044617,2.962681770324707,-0.16782236099243164,-0.1923389583826065,1.3703052997589111,x
0,0.0,0.01,9,-0.1699999999999996,-0.11999999999999955,5294,-0.34593436121940613,3.904710531234741,-0.150241419672966,-0.14413638412952423,1.1632187366485596,x
0,0.0,0.01,10,-0.11999999999999955,-0.06999999999999951,6565,0.5586520433425903,6.394722938537598,-0.1336308717727661,-0.09434421360492706,0.9894917011260986,x
0,0.0,0.01,11,-0.06999999999999951,-0.019999999999999463,5232,-2.9729864597320557,15.749602317810059,-0.02057175152003765,-0.0459795705974102,0.6612493395805359,x
0,0.0,0.01,12,-0.019999999999999463,0.030000000000000582,1734,-14.308502197265625,52.345726013183594,0.037897441536188126,-0.01258150115609169,0.5372392535209656,x
0,0.0,0.01,14,0.08000000000000063,0.13000000000000067,3120,2.1658318042755127,3.440965175628662,0.17571090161800385,0.11147906631231308,0.6157659888267517,x
0,0.0,0.01,15,0.13000000000000067,0.18000000000000071,3168,1.3783156871795654,1.998323678970337,0.20824506878852844,0.1539265364408493,0.6105453968048096,x
0,0.0,0.01,16,0.18000000000000071,0.23000000000000076,2699,0.9299501776695251,1.2379047870635986,0.25737854838371277,0.20502372086048126,0.6321219801902771,x
0,0.0,0.01,17,0.23000000000000076,0.2800000000000008,2677,0.5333457589149475,0.8398739695549011,0.30338796973228455,0.2548670172691345,0.9022278189659119,x
0,0.0,0.01,18,0.2800000000000008,0.33000000000000085,2668,0.186493918299675,0.6854766011238098,0.3361676335334778,0.3061879277229309,0.5391921401023865,x
0,0.0,0.01,19,0.33000000000000085,0.3800000000000009,7046,-0.07386115193367004,0.6889386177062988,0.36685511469841003,0.3667859733104706,0.19985195994377136,x
0,0.0,0.01,20,0.3800000000000009,0.43000000000000094,2890,-0.27255645394325256,0.5180978178977966,0.3858621120452881,0.38655394315719604,0.2696961462497711,x
0,0.0,0.01,21,0.43000000000000094,0.480000000000001,260,-0.008508872240781784,0.36484193801879883,0.4582415521144867,0.4509532153606415,0.3641345798969269,x
0,0.0,0.01,22,0.480000000000001,0.530000000000001,159,0.12999679148197174,0.2703062891960144,0.5059603452682495,0.5034223794937134,0.03568704053759575,x
0,0.0,0.01,23,0.530000000000001,0.5800000000000011,53,-0.16581931710243225,0.15876629948616028,0.5378416776657104,0.5451892018318176,0.12080549448728561,x
1,0.01,0.05,1,-0.57,-0.5199999999999999,74,-0.13588061928749084,0.259671688079834,-0.5312343239784241,-0.5342261791229248,0.05483733117580414,x
1,0.01,0.05,2,-0.5199999999999999,-0.46999999999999986,104,-0.3815157115459442,0.2172657549381256,-0.48317721486091614,-0.4949602782726288,0.0653260201215744,x
1,0.01,0.05,3,-0.46999999999999986,-0.4199999999999998,98,-0.5051600337028503,0.16743388772010803,-0.4287615716457367,-0.44458773732185364,0.0714523047208786,x
1,0.01,0.05,4,-0.4199999999999998,-0.3699999999999998,2997,0.2024512141942978,1.6118338108062744,-0.39093586802482605,-0.3771263062953949,0.14706213772296906,x
1,0.01,0.05,5,-0.3699999999999998,-0.31999999999999973,3895,-0.2390279769897461,0.8086379766464233,-0.3316499590873718,-0.35139137506484985,0.5134217739105225,x
1,0.01,0.05,6,-0.31999999999999973,-0.2699999999999997,2094,-0.843592643737793,1.5200181007385254,-0.26158827543258667,-0.29556509852409363,0.7036082744598389,x
1,0.01,0.05,7,-0.2699999999999997,-0.21999999999999964,2701,-0.7027359008789062,2.2503511905670166,-0.21227271854877472,-0.24348314106464386,1.0244060754776,x
1,0.01,0.05,8,-0.21999999999999964,-0.1699999999999996,3640,-0.6184913516044617,2.962681770324707,-0.16782236099243164,-0.1923389583826065,1.3703052997589111,x
1,0.01,0.05,9,-0.1699999999999996,-0.11999999999999955,5294,-0.34593436121940613,3.904710531234741,-0.150241419672966,-0.14413638412952423,1.1632187366485596,x
1,0.01,0.05,10,-0.11999999999999955,-0.06999999999999951,6565,0.5586520433425903,6.394722938537598,-0.1336308717727661,-0.09434421360492706,0.9894917011260986,x
1,0.01,0.05,11,-0.06999999999999951,-0.019999999999999463,5232,-2.9729864597320557,15.749602317810059,-0.02057175152003765,-0.0459795705974102,0.6612493395805359,x
1,0.01,0.05,12,-0.019999999999999463,0.030000000000000582,1734,-14.308502197265625,52.345726013183594,0.037897441536188126,-0.01258150115609169,0.5372392535209656,x
1,0.01,0.05,14,0.08000000000000063,0.13000000000000067,3120,2.1658318042755127,3.440965175628662,0.17571090161800385,0.11147906631231308,0.6157659888267517,x
1,0.01,0.05,15,0.13000000000000067,0.18000000000000071,3168,1.3783156871795654,1.998323678970337,0.20824506878852844,0.1539265364408493,0.6105453968048096,x
1,0.01,0.05,16,0.18000000000000071,0.23000000000000076,2699,0.9299501776695251,1.2379047870635986,0.25737854838371277,0.20502372086048126,0.6321219801902771,x
1,0.01,0.05,17,0.23000000000000076,0.2800000000000008,2677,0.5333457589149475,0.8398739695549011,0.30338796973228455,0.2548670172691345,0.9022278189659119,x
1,0.01,0.05,18,0.2800000000000008,0.33000000000000085,2668,0.186493918299675,0.6854766011238098,0.3361676335334778,0.3061879277229309,0.5391921401023865,x
1,0.01,0.05,19,0.33000000000000085,0.3800000000000009,6868,-0.06402468681335449,0.694004237651825,0.36675363779067993,0.36664825677871704,0.20479996502399445,x
1,0.01,0.05,20,0.3800000000000009,0.43000000000000094,2890,-0.27255645394325256,0.5180978178977966,0.3858621120452881,0.38655394315719604,0.2696961462497711,x
1,0.01,0.05,21,0.43000000000000094,0.480000000000001,260,-0.008508872240781784,0.36484193801879883,0.4582415521144867,0.4509532153606415,0.3641345798969269,x
1,0.01,0.05,22,0.480000000000001,0.530000000000001,159,0.12999679148197174,0.2703062891960144,0.5059603452682495,0.5034223794937134,0.03568704053759575,x
1,0.01,0.05,23,0.530000000000001,0.5800000000000011,53,-0.16581931710243225,0.15876629948616028,0.5378416776657104,0.5451892018318176,0.12080549448728561,x
2,0.05,0.1,1,-0.57,-0.5199999999999999,66,-0.11723442375659943,0.2677974998950958,-0.5316904783248901,-0.5342706441879272,0.05553095415234566,x
2,0.05,0.1,2,-0.5199999999999999,-0.46999999999999986,104,-0.3815157115459442,0.2172657549381256,-0.48317721486091614,-0.4949602782726288,0.0653260201215744,x
2,0.05,0.1,3,-0.46999999999999986,-0.4199999999999998,98,-0.5051600337028503,0.16743388772010803,-0.4287615716457367,-0.44458773732185364,0.0714523047208786,x
2,0.05,0.1,4,-0.4199999999999998,-0.3699999999999998,2746,0.187087744474411,1.584240436553955,-0.3914497494697571,-0.37706026434898376,0.15637025237083435,x
2,0.05,0.1,5,-0.3699999999999998,-0.31999999999999973,3060,-0.16423144936561584,0.44707250595092773,-0.33029866218566895,-0.35388797521591187,0.6473670601844788,x
2,0.05,0.1,6,-0.31999999999999973,-0.2699999999999997,1303,-0.49675604701042175,0.7046127319335938,-0.24801255762577057,-0.2951910197734833,1.1167064905166626,x
2,0.05,0.1,7,-0.2699999999999997,-0.21999999999999964,2051,-0.2677114009857178,1.0812336206436157,-0.2076566368341446,-0.2429472655057907,1.3418605327606201,x
2,0.05,0.1,8,-0.21999999999999964,-0.1699999999999996,3036,-0.23170247673988342,1.6573424339294434,-0.16673170030117035,-0.19183765351772308,1.637736439704895,x
2,0.05,0.1,9,-0.1699999999999996,-0.11999999999999955,4572,0.23825864493846893,2.524430990219116,-0.1559869945049286,-0.14441271126270294,1.3415189981460571,x
2,0.05,0.1,10,-0.11999999999999955,-0.06999999999999951,5483,1.9642342329025269,3.7076070308685303,-0.14848244190216064,-0.0941728800535202,1.177330732345581,x
2,0.05,0.1,11,-0.06999999999999951,-0.019999999999999463,4239,0.9368812441825867,8.904915809631348,-0.024651745334267616,-0.046198539435863495,0.8074480891227722,x
2,0.05,0.1,12,-0.019999999999999463,0.030000000000000582,1479,-3.712475299835205,41.07112503051758,0.03871005028486252,-0.01245860569179058,0.6227457523345947,x
2,0.05,0.1,14,0.08000000000000063,0.13000000000000067,2759,1.5818729400634766,3.363138437271118,0.18106725811958313,0.11131591349840164,0.6920111775398254,x
2,0.05,0.1,15,0.13000000000000067,0.18000000000000071,2640,0.9827268123626709,1.996436595916748,0.21584396064281464,0.15369021892547607,0.7261137962341309,x
2,0.05,0.1,16,0.18000000000000071,0.23000000000000076,2182,0.7445567846298218,1.2510617971420288,0.267304003238678,0.20493841171264648,0.7743434906005859,x
2,0.05,0.1,17,0.23000000000000076,0.2800000000000008,2041,0.55887770652771,0.8581430315971375,0.3175773620605469,0.25451236963272095,1.173930048942566,x
2,0.05,0.1,18,0.2800000000000008,0.33000000000000085,1826,0.32989275455474854,0.5426991581916809,0.3503129184246063,0.30580103397369385,0.7744926810264587,x
2,0.05,0.1,19,0.33000000000000085,0.3800000000000009,3388,0.03549768775701523,0.48030272126197815,0.3637884557247162,0.36232027411460876,0.38906803727149963,x
2,0.05,0.1,20,0.3800000000000009,0.43000000000000094,1263,-0.12549610435962677,0.22675849497318268,0.39291274547576904,0.38850533962249756,0.5727695822715759,x
2,0.05,0.1,21,0.43000000000000094,0.480000000000001,39,0.05952473729848862,0.06511732190847397,0.48665931820869446,0.43862321972846985,2.267021656036377,x
2,0.05,0.1,22,0.480000000000001,0.530000000000001,19,0.31444206833839417,0.21226175129413605,0.5237134695053101,0.5131435394287109,0.07228036224842072,x
2,0.05,0.1,23,0.530000000000001,0.5800000000000011,44,-0.15286867320537567,0.145557701587677,0.5399373769760132,0.5476051568984985,0.1363316923379898,x
3,0.1,0.2,4,-0.4199999999999998,-0.3699999999999998,1493,0.026592014357447624,0.9097463488578796,-0.38289397954940796,-0.3767152726650238,0.22690056264400482,x
3,0.1,0.2,5,-0.3699999999999998,-0.31999999999999973,2852,-0.18077069520950317,0.4156138598918915,-0.32824406027793884,-0.3538728654384613,0.688818097114563,x
3,0.1,0.2,6,-0.31999999999999973,-0.2699999999999997,1166,-0.5433516502380371,0.586836040019989,-0.2410028576850891,-0.29515790939331055,1.239662528038025,x
3,0.1,0.2,7,-0.2699999999999997,-0.21999999999999964,1897,-0.24135920405387878,1.1099871397018433,-0.20507654547691345,-0.2426847219467163,1.4454779624938965,x
3,0.1,0.2,8,-0.21999999999999964,-0.1699999999999996,2542,0.12082906067371368,1.383487343788147,-0.16931836307048798,-0.1925746351480484,1.9403750896453857,x
3,0.1,0.2,9,-0.1699999999999996,-0.11999999999999955,3845,0.7676289677619934,1.8217190504074097,-0.16438519954681396,-0.14402443170547485,1.5825330018997192,x
3,0.1,0.2,10,-0.11999999999999955,-0.06999999999999951,5029,2.320704221725464,3.3041906356811523,-0.15520474314689636,-0.09418696910142899,1.2775259017944336,x
3,0.1,0.2,11,-0.06999999999999951,-0.019999999999999463,3641,1.8203558921813965,8.045720100402832,-0.024413781240582466,-0.046688567847013474,0.9283886551856995,x
3,0.1,0.2,12,-0.019999999999999463,0.030000000000000582,1201,-0.13396739959716797,33.86695098876953,0.04591808840632439,-0.0123072424903512,0.7495812177658081,x
3,0.1,0.2,14,0.08000000000000063,0.13000000000000067,2410,1.1044389009475708,2.4645373821258545,0.1822930872440338,0.11139323562383652,0.7799654006958008,x
3,0.1,0.2,15,0.13000000000000067,0.18000000000000071,2409,0.9611788392066956,1.8239623308181763,0.21958693861961365,0.15354245901107788,0.7879241108894348,x
3,0.1,0.2,16,0.18000000000000071,0.23000000000000076,1990,0.7844287157058716,1.1887383460998535,0.2730824649333954,0.20508931577205658,0.8421075344085693,x
3,0.1,0.2,17,0.23000000000000076,0.2800000000000008,1914,0.5510706901550293,0.794946551322937,0.32102543115615845,0.25458869338035583,1.2474528551101685,x
3,0.1,0.2,18,0.2800000000000008,0.33000000000000085,1657,0.3443501591682434,0.4396786391735077,0.3539707660675049,0.3055623769760132,0.8468291163444519,x
3,0.1,0.2,19,0.33000000000000085,0.3800000000000009,2587,0.057070594280958176,0.5145955681800842,0.3610367178916931,0.3588283956050873,0.486920028924942,x
3,0.1,0.2,20,0.3800000000000009,0.43000000000000094,520,-0.012410009279847145,0.11596835404634476,0.413943350315094,0.3954642713069916,1.2940499782562256,x
3,0.1,0.2,21,0.43000000000000094,0.480000000000001,39,0.05952473729848862,0.06511732190847397,0.48665931820869446,0.43862321972846985,2.267021656036377,x
3,0.1,0.2,23,0.530000000000001,0.5800000000000011,21,-0.0832967758178711,0.08995472639799118,0.5462178587913513,0.5530394315719604,0.20891563594341278,x
4,0.2,0.3,4,-0.4199999999999998,-0.3699999999999998,532,-0.008372821845114231,0.14341051876544952,-0.3696622848510742,-0.37533411383628845,0.38522833585739136,x
4,0.2,0.3,5,-0.3699999999999998,-0.31999999999999973,2021,-0.14188730716705322,0.29652491211891174,-0.32286086678504944,-0.35076260566711426,0.9081730246543884,x
4,0.2,0.3,6,-0.31999999999999973,-0.2699999999999997,894,-0.44671598076820374,0.38342955708503723,-0.24114328622817993,-0.2960677444934845,1.5680896043777466,x
4,0.2,0.3,7,-0.2699999999999997,-0.21999999999999964,1320,0.13758976757526398,0.9619570374488831,-0.20797690749168396,-0.24240320920944214,2.008697032928467,x
4,0.2,0.3,8,-0.21999999999999964,-0.1699999999999996,1959,0.5270869731903076,1.1743512153625488,-0.17191284894943237,-0.1906052529811859,2.4766902923583984,x
4,0.2,0.3,9,-0.1699999999999996,-0.11999999999999955,3603,0.9191864132881165,1.7372709512710571,-0.16778424382209778,-0.14377878606319427,1.679472804069519,x
4,0.2,0.3,10,-0.11999999999999955,-0.06999999999999951,4902,2.427720069885254,3.2447192668914795,-0.15760184824466705,-0.09413526207208633,1.3069560527801514,x
4,0.2,0.3,11,-0.06999999999999951,-0.019999999999999463,3463,2.0441715717315674,8.110013008117676,-0.024612629786133766,-0.04703749716281891,0.9689703583717346,x
4,0.2,0.3,12,-0.019999999999999463,0.030000000000000582,1080,1.0857789516448975,35.01472091674805,0.050439197570085526,-0.012198235839605331,0.818795382976532,x
4,0.2,0.3,14,0.08000000000000063,0.13000000000000067,2032,1.1091771125793457,2.505722761154175,0.191292405128479,0.11086362600326538,0.9013055562973022,x
4,0.2,0.3,15,0.13000000000000067,0.18000000000000071,1672,0.5861464142799377,1.385955810546875,0.22809863090515137,0.1532842069864273,1.0709710121154785,x
4,0.2,0.3,16,0.18000000000000071,0.23000000000000076,1592,0.5433624386787415,0.7805225849151611,0.2749647796154022,0.20635710656642914,1.0139050483703613,x
4,0.2,0.3,17,0.23000000000000076,0.2800000000000008,1701,0.3961308002471924,0.5685088038444519,0.3186863362789154,0.2547013461589813,1.3839894533157349,x
4,0.2,0.3,18,0.2800000000000008,0.33000000000000085,1523,0.3186967074871063,0.37530702352523804,0.35430946946144104,0.3051782250404358,0.9071024656295776,x
4,0.2,0.3,19,0.33000000000000085,0.3800000000000009,1421,0.06350364536046982,0.48831892013549805,0.35716038942337036,0.3513413667678833,0.7649135589599609,x
4,0.2,0.3,20,0.3800000000000009,0.43000000000000094,382,0.017997631803154945,0.09194949269294739,0.42739343643188477,0.40017473697662354,1.7163516283035278,x
4,0.2,0.3,21,0.43000000000000094,0.480000000000001,39,0.05952473729848862,0.06511732190847397,0.48665931820869446,0.43862321972846985,2.267021656036377,x
4,0.2,0.3,23,0.530000000000001,0.5800000000000011,9,-0.030945105478167534,0.06300588697195053,0.5529178380966187,0.5563017129898071,0.3018609285354614,x
5,0.3,0.4,4,-0.4199999999999998,-0.3699999999999998,220,-0.08991879969835281,0.09583703428506851,-0.3560614287853241,-0.37404224276542664,0.5871670842170715,x
5,0.3,0.4,5,-0.3699999999999998,-0.31999999999999973,1303,-0.13021503388881683,0.2050691694021225,-0.31509459018707275,-0.3474545478820801,1.2735604047775269,x
5,0.3,0.4,6,-0.31999999999999973,-0.2699999999999997,615,-0.30569618940353394,0.23223434388637543,-0.23779381811618805,-0.29636597633361816,2.170685052871704,x
5,0.3,0.4,7,-0.2699999999999997,-0.21999999999999964,1095,0.16479827463626862,0.828515887260437,-0.19901150465011597,-0.24138495326042175,2.368717908859253,x
5,0.3,0.4,8,-0.21999999999999964,-0.1699999999999996,1871,0.6000618934631348,0.9568772912025452,-0.17564697563648224,-0.19019047915935516,2.5821046829223633,x
5,0.3,0.4,9,-0.1699999999999996,-0.11999999999999955,3411,0.8982821702957153,1.6008833646774292,-0.1684848666191101,-0.14418736100196838,1.7590112686157227,x
5,0.3,0.4,10,-0.11999999999999955,-0.06999999999999951,3629,1.8595223426818848,3.245924711227417,-0.15225446224212646,-0.09668128192424774,1.6714547872543335,x
5,0.3,0.4,11,-0.06999999999999951,-0.019999999999999463,1882,-1.0952260494232178,8.477899551391602,0.05116717144846916,-0.04520094767212868,1.5713856220245361,x
5,0.3,0.4,12,-0.019999999999999463,0.030000000000000582,621,-10.902544021606445,38.82818603515625,0.12175674736499786,-0.01228441670536995,1.2472105026245117,x
5,0.3,0.4,14,0.08000000000000063,0.13000000000000067,1387,0.6937371492385864,1.3479958772659302,0.19123001396656036,0.11223702877759933,1.2011067867279053,x
5,0.3,0.4,15,0.13000000000000067,0.18000000000000071,1443,0.49760866165161133,0.9627422094345093,0.22609344124794006,0.15277306735515594,1.2006404399871826,x
5,0.3,0.4,16,0.18000000000000071,0.23000000000000076,1069,0.3642081916332245,0.5951321721076965,0.2801486849784851,0.2048710435628891,1.3938347101211548,x
5,0.3,0.4,17,0.23000000000000076,0.2800000000000008,1185,0.2118186056613922,0.353707492351532,0.3205857574939728,0.2560169994831085,1.8749756813049316,x
5,0.3,0.4,18,0.2800000000000008,0.33000000000000085,1190,0.22901897132396698,0.27600520849227905,0.35251444578170776,0.30492275953292847,1.0904029607772827,x
5,0.3,0.4,19,0.33000000000000085,0.3800000000000009,753,0.05083689093589783,0.38858088850975037,0.3637164533138275,0.3492274284362793,1.225614309310913,x
5,0.3,0.4,20,0.3800000000000009,0.43000000000000094,370,0.022470969706773758,0.09070215374231339,0.429188072681427,0.4007790684700012,1.7641284465789795,x
5,0.3,0.4,21,0.43000000000000094,0.480000000000001,39,0.05952473729848862,0.06511732190847397,0.48665931820869446,0.43862321972846985,2.267021656036377,x
6,0.4,0.5,4,-0.4199999999999998,-0.3699999999999998,105,-0.08958617597818375,0.05361092835664749,-0.34556758403778076,-0.3732035458087921,0.8671392798423767,x
6,0.4,0.5,5,-0.3699999999999998,-0.31999999999999973,1021,-0.11555120348930359,0.1736253798007965,-0.3113641142845154,-0.34581634402275085,1.5299251079559326,x
6,0.4,0.5,6,-0.31999999999999973,-0.2699999999999997,552,-0.27481400966644287,0.20170064270496368,-0.23818407952785492,-0.29631441831588745,2.379711627960205,x
6,0.4,0.5,7,-0.2699999999999997,-0.21999999999999964,796,-0.04513556882739067,0.6868981122970581,-0.16206324100494385,-0.24271810054779053,3.1316027641296387,x
6,0.4,0.5,8,-0.21999999999999964,-0.1699999999999996,1542,0.3914977014064789,0.8526768088340759,-0.14857743680477142,-0.18885615468025208,3.058021306991577,x
6,0.4,0.5,9,-0.1699999999999996,-0.11999999999999955,2568,0.24531610310077667,1.1413140296936035,-0.1291159987449646,-0.14586369693279266,2.21622896194458,x
6,0.4,0.5,10,-0.11999999999999955,-0.06999999999999951,2499,0.42083144187927246,2.3128085136413574,-0.1014263927936554,-0.09639377892017365,2.273470640182495,x
6,0.4,0.5,11,-0.06999999999999951,-0.019999999999999463,1706,-1.4034110307693481,8.53332233428955,0.06555898487567902,-0.04501793533563614,1.698592185974121,x
6,0.4,0.5,12,-0.019999999999999463,0.030000000000000582,576,-10.877129554748535,37.020713806152344,0.12683862447738647,-0.012346366420388222,1.3173397779464722,x
6,0.4,0.5,14,0.08000000000000063,0.13000000000000067,1108,0.509846031665802,0.7758255004882812,0.18876111507415771,0.11165086179971695,1.4179420471191406,x
6,0.4,0.5,15,0.13000000000000067,0.18000000000000071,1284,0.4213474690914154,0.56431645154953,0.22295087575912476,0.15302841365337372,1.3062504529953003,x
6,0.4,0.5,16,0.18000000000000071,0.23000000000000076,948,0.3113798201084137,0.4499168395996094,0.28172358870506287,0.20503202080726624,1.5274896621704102,x
6,0.4,0.5,17,0.23000000000000076,0.2800000000000008,963,0.16697321832180023,0.2687282860279083,0.3244571089744568,0.2545051872730255,2.2293546199798584,x
6,0.4,0.5,18,0.2800000000000008,0.33000000000000085,712,0.1624356210231781,0.1933283507823944,0.3609362542629242,0.3029809892177582,1.5930112600326538,x
6,0.4,0.5,19,0.33000000000000085,0.3800000000000009,373,0.046763841062784195,0.3210107386112213,0.3868938386440277,0.35396578907966614,2.125478506088257,x
6,0.4,0.5,20,0.3800000000000009,0.43000000000000094,364,0.02424153871834278,0.09080085903406143,0.43011999130249023,0.40110552310943604,1.7874289751052856,x
6,0.4,0.5,21,0.43000000000000094,0.480000000000001,39,0.05952473729848862,0.06511732190847397,0.48665931820869446,0.43862321972846985,2.267021656036377,x
7,0.5,0.6,4,-0.4199999999999998,-0.3699999999999998,81,-0.08202438801527023,0.04255819320678711,-0.34329521656036377,-0.3731682300567627,0.9930921196937561,x
7,0.5,0.6,5,-0.3699999999999998,-0.31999999999999973,854,-0.10183317214250565,0.15532061457633972,-0.3090199828147888,-0.34449175000190735,1.7417449951171875,x
7,0.5,0.6,6,-0.31999999999999973,-0.2699999999999997,519,-0.2568342089653015,0.18710604310035706,-0.23946334421634674,-0.2963131368160248,2.5026588439941406,x
7,0.5,0.6,7,-0.2699999999999997,-0.21999999999999964,699,-0.10141373425722122,0.6542211174964905,-0.14658455550670624,-0.24337755143642426,3.502614736557007,x
7,0.5,0.6,8,-0.21999999999999964,-0.1699999999999996,1197,0.140431746840477,0.6838516592979431,-0.10495364665985107,-0.18900108337402344,3.81013560295105,x
7,0.5,0.6,9,-0.1699999999999996,-0.11999999999999955,2115,0.09459850937128067,0.8295857906341553,-0.10150015354156494,-0.14512202143669128,2.5966103076934814,x
7,0.5,0.6,10,-0.11999999999999955,-0.06999999999999951,2169,0.16926462948322296,2.062056064605713,-0.08473451435565948,-0.09675730764865875,2.5506725311279297,x
7,0.5,0.6,11,-0.06999999999999951,-0.019999999999999463,1472,-1.2426161766052246,5.956630706787109,0.06503225862979889,-0.04593120887875557,1.89559805393219,x
7,0.5,0.6,12,-0.019999999999999463,0.030000000000000582,406,-5.96769380569458,22.205928802490234,0.11430474370718002,-0.012454349547624588,1.6849901676177979,x
7,0.5,0.6,14,0.08000000000000063,0.13000000000000067,1010,0.4805235266685486,0.5780516266822815,0.18928062915802002,0.11165011674165726,1.512000560760498,x
7,0.5,0.6,15,0.13000000000000067,0.18000000000000071,1146,0.3528918921947479,0.4124278128147125,0.22137340903282166,0.15298868715763092,1.4100574254989624,x
7,0.5,0.6,16,0.18000000000000071,0.23000000000000076,829,0.2780352830886841,0.33627820014953613,0.286753386259079,0.20478692650794983,1.682352900505066,x
7,0.5,0.6,17,0.23000000000000076,0.2800000000000008,845,0.1644163578748703,0.18127509951591492,0.33266833424568176,0.2544482946395874,2.4779014587402344,x
7,0.5,0.6,18,0.2800000000000008,0.33000000000000085,592,0.13822002708911896,0.1530316323041916,0.36449891328811646,0.30237290263175964,1.8268977403640747,x
7,0.5,0.6,19,0.33000000000000085,0.3800000000000009,296,0.052006568759679794,0.243731290102005,0.4020440876483917,0.3558138310909271,2.5654923915863037,x
7,0.5,0.6,20,0.3800000000000009,0.43000000000000094,357,0.02604208141565323,0.09111577272415161,0.43126919865608215,0.40151023864746094,1.8133403062820435,x
7,0.5,0.6,21,0.43000000000000094,0.480000000000001,39,0.05952473729848862,0.06511732190847397,0.48665931820869446,0.43862321972846985,2.267021656036377,x
8,0.6,0.7,4,-0.4199999999999998,-0.3699999999999998,65,-0.0776333436369896,0.036358725279569626,-0.341392457485199,-0.3732259273529053,1.1024270057678223,x
8,0.6,0.7,5,-0.3699999999999998,-0.31999999999999973,713,-0.08191738277673721,0.1387367844581604,-0.3088909387588501,-0.34395769238471985,1.97797429561615,x
8,0.6,0.7,6,-0.31999999999999973,-0.2699999999999997,492,-0.24441096186637878,0.18078626692295074,-0.24078024923801422,-0.2963427007198334,2.6095516681671143,x
8,0.6,0.7,7,-0.2699999999999997,-0.21999999999999964,575,-0.2681589722633362,0.5590416789054871,-0.10926566272974014,-0.24400006234645844,4.13956880569458,x
8,0.6,0.7,8,-0.21999999999999964,-0.1699999999999996,1101,0.09362541884183884,0.6322134137153625,-0.08809246867895126,-0.18805421888828278,4.095752716064453,x
8,0.6,0.7,9,-0.1699999999999996,-0.11999999999999955,2034,0.08108709752559662,0.806483268737793,-0.09787731617689133,-0.14509055018424988,2.678201913833618,x
8,0.6,0.7,10,-0.11999999999999955,-0.06999999999999951,2048,0.094844289124012,1.9895278215408325,-0.07786019146442413,-0.09696400165557861,2.6690592765808105,x
8,0.6,0.7,11,-0.06999999999999951,-0.019999999999999463,1248,-1.186886191368103,4.973006725311279,0.06753946095705032,-0.04625750333070755,2.138292074203491,x
8,0.6,0.7,12,-0.019999999999999463,0.030000000000000582,333,-4.494511127471924,14.254816055297852,0.1115209236741066,-0.012512622401118279,1.935076355934143,x
8,0.6,0.7,14,0.08000000000000063,0.13000000000000067,944,0.4643460810184479,0.47953513264656067,0.18975427746772766,0.11161401122808456,1.5793261528015137,x
8,0.6,0.7,15,0.13000000000000067,0.18000000000000071,1071,0.324468731880188,0.34633466601371765,0.22045786678791046,0.15302863717079163,1.4710668325424194,x
8,0.6,0.7,16,0.18000000000000071,0.23000000000000076,744,0.2435346394777298,0.2518202066421509,0.2877354025840759,0.20490650832653046,1.8124150037765503,x
8,0.6,0.7,17,0.23000000000000076,0.2800000000000008,787,0.16004060208797455,0.12773270905017853,0.33505117893218994,0.2545408010482788,2.619793653488159,x
8,0.6,0.7,18,0.2800000000000008,0.33000000000000085,534,0.1335415244102478,0.11328373104333878,0.36795565485954285,0.3021320402622223,1.9656113386154175,x
8,0.6,0.7,19,0.33000000000000085,0.3800000000000009,258,0.0524289570748806,0.16569501161575317,0.4124927818775177,0.35687193274497986,2.862449884414673,x
8,0.6,0.7,20,0.3800000000000009,0.43000000000000094,346,0.02890610881149769,0.09166549146175385,0.4331657886505127,0.4021504521369934,1.8536306619644165,x
8,0.6,0.7,21,0.43000000000000094,0.480000000000001,39,0.05952473729848862,0.06511732190847397,0.48665931820869446,0.43862321972846985,2.267021656036377,x
9,0.7,0.8,4,-0.4199999999999998,-0.3699999999999998,55,-0.07704906165599823,0.03432902693748474,-0.3394339382648468,-0.3730887770652771,1.1851930618286133,x
9,0.7,0.8,5,-0.3699999999999998,-0.31999999999999973,610,-0.07061106711626053,0.12491672486066818,-0.30873483419418335,-0.34372416138648987,2.202322483062744,x
9,0.7,0.8,6,-0.31999999999999973,-0.2699999999999997,435,-0.2273108810186386,0.18172308802604675,-0.24230223894119263,-0.29575398564338684,2.8654232025146484,x
9,0.7,0.8,7,-0.2699999999999997,-0.21999999999999964,500,-0.3804829716682434,0.4684251844882965,-0.07778789103031158,-0.2434443235397339,4.663362503051758,x
9,0.7,0.8,8,-0.21999999999999964,-0.1699999999999996,1072,0.08092758804559708,0.613925039768219,-0.0819322019815445,-0.1878165304660797,4.18904447555542,x
9,0.7,0.8,9,-0.1699999999999996,-0.11999999999999955,1968,0.06986607611179352,0.8061647415161133,-0.09531319886445999,-0.1453099250793457,2.7458438873291016,x
9,0.7,0.8,10,-0.11999999999999955,-0.06999999999999951,1867,0.033990900963544846,1.9496136903762817,-0.07204937189817429,-0.09734240919351578,2.863720178604126,x
9,0.7,0.8,11,-0.06999999999999951,-0.019999999999999463,1055,-1.0922068357467651,4.273333549499512,0.06770787388086319,-0.046472594141960144,2.4089691638946533,x
9,0.7,0.8,12,-0.019999999999999463,0.030000000000000582,251,-4.2132248878479,10.991437911987305,0.12045590579509735,-0.01245682593435049,2.35703444480896,x
9,0.7,0.8,14,0.08000000000000063,0.13000000000000067,888,0.448013037443161,0.3951219618320465,0.1892225593328476,0.11156560480594635,1.6380115747451782,x
9,0.7,0.8,15,0.13000000000000067,0.18000000000000071,1019,0.3100644648075104,0.298450231552124,0.21927964687347412,0.15313169360160828,1.5130305290222168,x
9,0.7,0.8,16,0.18000000000000071,0.23000000000000076,713,0.2359444797039032,0.20268790423870087,0.28714147210121155,0.20484988391399384,1.8634006977081299,x
9,0.7,0.8,17,0.23000000000000076,0.2800000000000008,760,0.15707643330097198,0.08974632620811462,0.335318922996521,0.2546396851539612,2.690518617630005,x
9,0.7,0.8,18,0.2800000000000008,0.33000000000000085,494,0.1322525292634964,0.07454437762498856,0.371559202671051,0.301341712474823,2.0727665424346924,x
9,0.7,0.8,19,0.33000000000000085,0.3800000000000009,227,0.052433233708143234,0.0666804313659668,0.42317986488342285,0.35806289315223694,3.1655681133270264,x
9,0.7,0.8,20,0.3800000000000009,0.43000000000000094,335,0.03205595538020134,0.09211307018995285,0.4351974129676819,0.40275898575782776,1.8930974006652832,x
9,0.7,0.8,21,0.43000000000000094,0.480000000000001,39,0.05952473729848862,0.06511732190847397,0.48665931820869446,0.43862321972846985,2.267021656036377,x
10,0.8,0.9,4,-0.4199999999999998,-0.3699999999999998,45,-0.07480651140213013,0.03293376415967941,-0.337620347738266,-0.3729560077190399,1.281954050064087,x
10,0.8,0.9,5,-0.3699999999999998,-0.31999999999999973,532,-0.05959353223443031,0.1105303019285202,-0.309499591588974,-0.34353217482566833,2.415874719619751,x
10,0.8,0.9,6,-0.31999999999999973,-0.2699999999999997,353,-0.18510796129703522,0.16883142292499542,-0.2505849301815033,-0.29655027389526367,3.357780933380127,x
10,0.8,0.9,7,-0.2699999999999997,-0.21999999999999964,430,-0.41823893785476685,0.41414356231689453,-0.05021898075938225,-0.24176934361457825,5.299427509307861,x
10,0.8,0.9,8,-0.21999999999999964,-0.1699999999999996,1041,0.07814392447471619,0.6011178493499756,-0.07734942436218262,-0.18761976063251495,4.291560649871826,x
10,0.8,0.9,9,-0.1699999999999996,-0.11999999999999955,1815,0.03217833489179611,0.8112396001815796,-0.08743657916784286,-0.14553484320640564,2.914177894592285,x
10,0.8,0.9,10,-0.11999999999999955,-0.06999999999999951,1687,-0.0036705927923321724,1.8159514665603638,-0.06963557004928589,-0.09776875376701355,3.0893633365631104,x
10,0.8,0.9,11,-0.06999999999999951,-0.019999999999999463,885,-1.1797349452972412,3.787386894226074,0.0756712257862091,-0.046640995889902115,2.7282044887542725,x
10,0.8,0.9,12,-0.019999999999999463,0.030000000000000582,213,-4.225841045379639,10.387459754943848,0.12965445220470428,-0.012248738668859005,2.6449573040008545,x
10,0.8,0.9,14,0.08000000000000063,0.13000000000000067,718,0.4102865159511566,0.35297057032585144,0.19517502188682556,0.11194715648889542,1.846810221672058,x
10,0.8,0.9,15,0.13000000000000067,0.18000000000000071,871,0.27320536971092224,0.2635881304740906,0.21968591213226318,0.15393035113811493,1.642174482345581,x
10,0.8,0.9,16,0.18000000000000071,0.23000000000000076,689,0.23089060187339783,0.14265647530555725,0.28545457124710083,0.20511005818843842,1.9023746252059937,x
10,0.8,0.9,17,0.23000000000000076,0.2800000000000008,755,0.15655681490898132,0.08237020671367645,0.3353458344936371,0.2546408176422119,2.70342755317688,x
10,0.8,0.9,18,0.2800000000000008,0.33000000000000085,467,0.1308884471654892,0.050099629908800125,0.3734683096408844,0.30047711730003357,2.1489696502685547,x
10,0.8,0.9,19,0.33000000000000085,0.3800000000000009,209,0.05305403470993042,0.06571266800165176,0.42815345525741577,0.3586617708206177,3.373838186264038,x
10,0.8,0.9,20,0.3800000000000009,0.43000000000000094,315,0.03499538451433182,0.09373226016759872,0.4378720223903656,0.4032689929008484,1.9645531177520752,x
10,0.8,0.9,21,0.43000000000000094,0.480000000000001,39,0.05952473729848862,0.06511732190847397,0.48665931820869446,0.43862321972846985,2.267021656036377,x
11,0.9,1.0,4,-0.4199999999999998,-0.3699999999999998,39,-0.07390397787094116,0.03270949423313141,-0.336306095123291,-0.37279653549194336,1.3481268882751465,x
11,0.9,1.0,5,-0.3699999999999998,-0.31999999999999973,474,-0.05127961188554764,0.09702640771865845,-0.3107748031616211,-0.343466579914093,2.6081507205963135,x
11,0.9,1.0,6,-0.31999999999999973,-0.2699999999999997,293,-0.16200672090053558,0.15739382803440094,-0.2572152614593506,-0.2971239686012268,3.873086929321289,x
11,0.9,1.0,7,-0.2699999999999997,-0.21999999999999964,355,-0.4298837184906006,0.36243748664855957,-0.017145510762929916,-0.24051594734191895,6.240360260009766,x
11,0.9,1.0,8,-0.21999999999999964,-0.1699999999999996,1023,0.07077758759260178,0.592576801776886,-0.07307913154363632,-0.1874987930059433,4.3520426750183105,x
11,0.9,1.0,9,-0.1699999999999996,-0.11999999999999955,1644,-0.024592824280261993,0.8224648237228394,-0.07553505897521973,-0.14545118808746338,3.129706382751465,x
11,0.9,1.0,10,-0.11999999999999955,-0.06999999999999951,1547,-0.023613229393959045,1.6772332191467285,-0.06947477906942368,-0.0982685536146164,3.292154312133789,x
11,0.9,1.0,11,-0.06999999999999951,-0.019999999999999463,706,-1.3807297945022583,3.4497127532958984,0.09278795123100281,-0.04762810468673706,3.204106330871582,x
11,0.9,1.0,12,-0.019999999999999463,0.030000000000000582,160,-4.765019416809082,10.182032585144043,0.1585913449525833,-0.012145666405558586,3.2367348670959473,x
11,0.9,1.0,14,0.08000000000000063,0.13000000000000067,590,0.3891943693161011,0.34199467301368713,0.20215915143489838,0.1115814745426178,2.065608024597168,x
11,0.9,1.0,15,0.13000000000000067,0.18000000000000071,742,0.24330683052539825,0.2341431826353073,0.21932221949100494,0.1536264419555664,1.7799921035766602,x
11,0.9,1.0,16,0.18000000000000071,0.23000000000000076,673,0.22725844383239746,0.12262371927499771,0.28533071279525757,0.20553132891654968,1.9268078804016113,x
11,0.9,1.0,17,0.23000000000000076,0.2800000000000008,750,0.1557767540216446,0.07504360377788544,0.3351293206214905,0.25467562675476074,2.7157630920410156,x
11,0.9,1.0,18,0.2800000000000008,0.33000000000000085,441,0.1291954219341278,0.03629597648978233,0.3744150698184967,0.29952362179756165,2.2254638671875,x
11,0.9,1.0,19,0.33000000000000085,0.3800000000000009,196,0.05480610951781273,0.05758849158883095,0.4334355294704437,0.3590202331542969,3.5416083335876465,x
11,0.9,1.0,20,0.3800000000000009,0.43000000000000094,247,0.05231650546193123,0.08758056908845901,0.4490929841995239,0.40177300572395325,2.269934892654419,x
11,0.9,1.0,21,0.43000000000000094,0.480000000000001,36,0.0634191483259201,0.02775820903480053,0.4963865876197815,0.4392790198326111,2.3823938369750977,x
12,1.0,1.1,4,-0.4199999999999998,-0.3699999999999998,32,-0.07188534736633301,0.03125215694308281,-0.3346170485019684,-0.3726223111152649,1.438230276107788,x
12,1.0,1.1,5,-0.3699999999999998,-0.31999999999999973,427,-0.04708639159798622,0.0859093889594078,-0.31105759739875793,-0.34326761960983276,2.79160213470459,x
12,1.0,1.1,6,-0.31999999999999973,-0.2699999999999997,241,-0.1431640088558197,0.15170323848724365,-0.2643530070781708,-0.2975853383541107,4.503917217254639,x
12,1.0,1.1,7,-0.2699999999999997,-0.21999999999999964,301,-0.4298010766506195,0.30684563517570496,0.012586815282702446,-0.23954783380031586,7.189581394195557,x
12,1.0,1.1,8,-0.21999999999999964,-0.1699999999999996,995,0.06348151713609695,0.5855575799942017,-0.06838072091341019,-0.18764084577560425,4.447758674621582,x
12,1.0,1.1,9,-0.1699999999999996,-0.11999999999999955,1534,-0.06696959584951401,0.8311259150505066,-0.06575282663106918,-0.14504219591617584,3.2862489223480225,x
12,1.0,1.1,10,-0.11999999999999955,-0.06999999999999951,1428,-0.04848187789320946,1.5957471132278442,-0.06794724613428116,-0.09876657277345657,3.487393856048584,x
12,1.0,1.1,11,-0.06999999999999951,-0.019999999999999463,543,-1.5717827081680298,3.169877290725708,0.1127796545624733,-0.04887960106134415,3.882700204849243,x
12,1.0,1.1,12,-0.019999999999999463,0.030000000000000582,120,-5.7692694664001465,10.514942169189453,0.20138230919837952,-0.012155399657785892,4.00383996963501,x
12,1.0,1.1,14,0.08000000000000063,0.13000000000000067,525,0.37514129281044006,0.28075549006462097,0.20552252233028412,0.11141865700483322,2.203923463821411,x
12,1.0,1.1,15,0.13000000000000067,0.18000000000000071,632,0.21521326899528503,0.20585164427757263,0.21894411742687225,0.15371425449848175,1.924622893333435,x
12,1.0,1.1,16,0.18000000000000071,0.23000000000000076,582,0.20838198065757751,0.11408974230289459,0.28834155201911926,0.2066287249326706,2.078972578048706,x
12,1.0,1.1,17,0.23000000000000076,0.2800000000000008,746,0.15513256192207336,0.07301759719848633,0.3349412679672241,0.25460803508758545,2.725187301635742,x
12,1.0,1.1,18,0.2800000000000008,0.33000000000000085,426,0.12772396206855774,0.034917499870061874,0.37455353140830994,0.2989502251148224,2.2701094150543213,x
12,1.0,1.1,19,0.33000000000000085,0.3800000000000009,183,0.05687359720468521,0.05368872359395027,0.4388345181941986,0.3594192862510681,3.7254819869995117,x
12,1.0,1.1,20,0.3800000000000009,0.43000000000000094,178,0.0680699422955513,0.08575426042079926,0.4654257297515869,0.40141400694847107,2.783313512802124,x
12,1.0,1.1,21,0.43000000000000094,0.480000000000001,33,0.06413673609495163,0.027429623529314995,0.4999774098396301,0.439765989780426,2.5109407901763916,x
13,1.1,1.2,4,-0.4199999999999998,-0.3699999999999998,27,-0.06591381877660751,0.027864303439855576,-0.33511602878570557,-0.3725341558456421,1.5110914707183838,x
13,1.1,1.2,5,-0.3699999999999998,-0.31999999999999973,393,-0.04458589851856232,0.08061002194881439,-0.3105045557022095,-0.34283533692359924,2.9426209926605225,x
13,1.1,1.2,6,-0.31999999999999973,-0.2699999999999997,197,-0.11233044415712357,0.13896624743938446,-0.2763682007789612,-0.2983844578266144,5.2767744064331055,x
13,1.1,1.2,7,-0.2699999999999997,-0.21999999999999964,253,-0.4121329188346863,0.26172930002212524,0.04164811968803406,-0.23867559432983398,8.354743957519531,x
13,1.1,1.2,8,-0.21999999999999964,-0.1699999999999996,956,0.040665071457624435,0.5810288786888123,-0.059393495321273804,-0.18797145783901215,4.586175441741943,x
13,1.1,1.2,9,-0.1699999999999996,-0.11999999999999955,1446,-0.10344961285591125,0.8369269371032715,-0.056537073105573654,-0.14458458125591278,3.4223761558532715,x
13,1.1,1.2,10,-0.11999999999999955,-0.06999999999999951,1321,-0.0600050650537014,1.53303062915802,-0.06802767515182495,-0.09929609298706055,3.684922933578491,x
13,1.1,1.2,11,-0.06999999999999951,-0.019999999999999463,442,-1.7801642417907715,2.9788601398468018,0.13468380272388458,-0.047547467052936554,4.531266212463379,x
13,1.1,1.2,12,-0.019999999999999463,0.030000000000000582,112,-5.753487586975098,10.14221477508545,0.20940327644348145,-0.012107690796256065,4.21453857421875,x
13,1.1,1.2,14,0.08000000000000063,0.13000000000000067,472,0.3735819160938263,0.24210608005523682,0.21055851876735687,0.11120092868804932,2.3329596519470215,x
13,1.1,1.2,15,0.13000000000000067,0.18000000000000071,554,0.19832749664783478,0.1822517365217209,0.21936266124248505,0.15348149836063385,2.047614097595215,x
13,1.1,1.2,16,0.18000000000000071,0.23000000000000076,496,0.19008301198482513,0.10828327387571335,0.29057183861732483,0.20657730102539062,2.2575161457061768,x
13,1.1,1.2,17,0.23000000000000076,0.2800000000000008,713,0.1500115841627121,0.06863255798816681,0.33603569865226746,0.25533607602119446,2.802255392074585,x
13,1.1,1.2,18,0.2800000000000008,0.33000000000000085,409,0.12604448199272156,0.03304027393460274,0.37469983100891113,0.2984015643596649,2.32069730758667,x
13,1.1,1.2,19,0.33000000000000085,0.3800000000000009,174,0.059358369559049606,0.043438464403152466,0.44379496574401855,0.3596173822879791,3.8644728660583496,x
13,1.1,1.2,20,0.3800000000000009,0.43000000000000094,138,0.08503908663988113,0.07671897858381271,0.48285919427871704,0.4015026390552521,3.2875707149505615,x
13,1.1,1.2,21,0.43000000000000094,0.480000000000001,31,0.062138691544532776,0.027061231434345245,0.5015456080436707,0.44019612669944763,2.6050541400909424,x
14,1.2,1.3,4,-0.4199999999999998,-0.3699999999999998,23,-0.06463672965765,0.0273376926779747,-0.3340299427509308,-0.37236788868904114,1.5759261846542358,x
14,1.2,1.3,5,-0.3699999999999998,-0.31999999999999973,368,-0.04337747395038605,0.07516320049762726,-0.3103315830230713,-0.3426753580570221,3.0654282569885254,x
14,1.2,1.3,6,-0.31999999999999973,-0.2699999999999997,167,-0.08682570606470108,0.1228979304432869,-0.28802746534347534,-0.2989821434020996,6.019307613372803,x
14,1.2,1.3,7,-0.2699999999999997,-0.21999999999999964,224,-0.37697404623031616,0.2578788697719574,0.055614326149225235,-0.23861519992351532,9.287026405334473,x
14,1.2,1.3,8,-0.21999999999999964,-0.1699999999999996,859,-0.0247971098870039,0.5758044123649597,-0.03391961380839348,-0.18885156512260437,4.974144458770752,x
14,1.2,1.3,9,-0.1699999999999996,-0.11999999999999955,1379,-0.13140232861042023,0.8465990424156189,-0.049390364438295364,-0.1443379819393158,3.532768964767456,x
14,1.2,1.3,10,-0.11999999999999955,-0.06999999999999951,1182,-0.08065517991781235,1.4489586353302002,-0.06746622174978256,-0.10016214102506638,3.9835152626037598,x
14,1.2,1.3,11,-0.06999999999999951,-0.019999999999999463,400,-1.7825686931610107,2.757362127304077,0.1395452469587326,-0.04761149361729622,4.887434482574463,x
14,1.2,1.3,12,-0.019999999999999463,0.030000000000000582,103,-5.80802059173584,8.453858375549316,0.21870501339435577,-0.012212319299578667,4.482381820678711,x
14,1.2,1.3,14,0.08000000000000063,0.13000000000000067,425,0.3684082329273224,0.21991920471191406,0.21480615437030792,0.11104132235050201,2.4636037349700928,x
14,1.2,1.3,15,0.13000000000000067,0.18000000000000071,488,0.1954886019229889,0.15759585797786713,0.22221949696540833,0.153511643409729,2.1686346530914307,x
14,1.2,1.3,16,0.18000000000000071,0.23000000000000076,447,0.178890660405159,0.10100283473730087,0.29169100522994995,0.2065179944038391,2.378833532333374,x
14,1.2,1.3,17,0.23000000000000076,0.2800000000000008,664,0.14268092811107635,0.06210681051015854,0.3373512923717499,0.2561783492565155,2.9242191314697266,x
14,1.2,1.3,18,0.2800000000000008,0.33000000000000085,391,0.1244049072265625,0.03224305808544159,0.37485072016716003,0.2977668046951294,2.3742923736572266,x
14,1.2,1.3,19,0.33000000000000085,0.3800000000000009,160,0.06204783171415329,0.043458256870508194,0.4505806863307953,0.36021193861961365,4.102217197418213,x
14,1.2,1.3,20,0.3800000000000009,0.43000000000000094,103,0.09820166230201721,0.056538138538599014,0.5077587962150574,0.40180879831314087,4.015472888946533,x
14,1.2,1.3,21,0.43000000000000094,0.480000000000001,28,0.06226825341582298,0.027014466002583504,0.5049284100532532,0.44033029675483704,2.7619574069976807,x
15,1.3,1.4,4,-0.4199999999999998,-0.3699999999999998,17,-0.05730133503675461,0.021761195734143257,-0.33507081866264343,-0.3721625804901123,1.6963942050933838,x
15,1.3,1.4,5,-0.3699999999999998,-0.31999999999999973,343,-0.04145097732543945,0.07013863325119019,-0.3104311525821686,-0.342538058757782,3.1982531547546387,x
15,1.3,1.4,6,-0.31999999999999973,-0.2699999999999997,143,-0.07019706070423126,0.10155057162046432,-0.3018193542957306,-0.30022671818733215,6.819237232208252,x
15,1.3,1.4,7,-0.2699999999999997,-0.21999999999999964,200,-0.35217538475990295,0.25518378615379333,0.0717109739780426,-0.23794090747833252,10.251276969909668,x
15,1.3,1.4,8,-0.21999999999999964,-0.1699999999999996,774,-0.09659723192453384,0.5631169676780701,-0.004331623204052448,-0.18942004442214966,5.38327169418335,x
15,1.3,1.4,9,-0.1699999999999996,-0.11999999999999955,1329,-0.15330030024051666,0.8516748547554016,-0.04339069128036499,-0.1442369520664215,3.6185476779937744,x
15,1.3,1.4,10,-0.11999999999999955,-0.06999999999999951,1070,-0.11002004146575928,1.4003726243972778,-0.0655399039387703,-0.10069438815116882,4.270099639892578,x
15,1.3,1.4,11,-0.06999999999999951,-0.019999999999999463,366,-1.7051674127578735,2.5919625759124756,0.1395886391401291,-0.04760638624429703,5.2249755859375,x
15,1.3,1.4,12,-0.019999999999999463,0.030000000000000582,96,-5.561956882476807,7.207727909088135,0.22353236377239227,-0.012271207757294178,4.718005657196045,x
15,1.3,1.4,14,0.08000000000000063,0.13000000000000067,391,0.3659566044807434,0.20566155016422272,0.21804407238960266,0.11077313125133514,2.5686542987823486,x
15,1.3,1.4,15,0.13000000000000067,0.18000000000000071,431,0.19855846464633942,0.14273913204669952,0.22732116281986237,0.1538143754005432,2.290168523788452,x
15,1.3,1.4,16,0.18000000000000071,0.23000000000000076,408,0.169943705201149,0.09239640086889267,0.29229041934013367,0.20639163255691528,2.4870967864990234,x
15,1.3,1.4,17,0.23000000000000076,0.2800000000000008,615,0.13582514226436615,0.057774338871240616,0.3384702205657959,0.2567140758037567,3.057443618774414,x
15,1.3,1.4,18,0.2800000000000008,0.33000000000000085,372,0.12280093133449554,0.03132589906454086,0.3751123547554016,0.29723501205444336,2.43149471282959,x
15,1.3,1.4,19,0.33000000000000085,0.3800000000000009,150,0.06519360095262527,0.04326844960451126,0.4556575417518616,0.35996755957603455,4.291480541229248,x
15,1.3,1.4,20,0.3800000000000009,0.43000000000000094,85,0.09645433723926544,0.04450923204421997,0.5223549604415894,0.4021837115287781,4.602721691131592,x
15,1.3,1.4,21,0.43000000000000094,0.480000000000001,26,0.06248902156949043,0.026193231344223022,0.5074899196624756,0.44014087319374084,2.8795740604400635,x
16,1.4,1.5,4,-0.4199999999999998,-0.3699999999999998,15,-0.05942096933722496,0.02249941974878311,-0.33313676714897156,-0.37211593985557556,1.7427585124969482,x
16,1.4,1.5,5,-0.3699999999999998,-0.31999999999999973,319,-0.03952822461724281,0.0664336085319519,-0.3103858530521393,-0.3421700894832611,3.3372929096221924,x
16,1.4,1.5,6,-0.31999999999999973,-0.2699999999999997,124,-0.06063434109091759,0.07505760341882706,-0.31462523341178894,-0.30079811811447144,7.6582207679748535,x
16,1.4,1.5,7,-0.2699999999999997,-0.21999999999999964,181,-0.32829415798187256,0.25807100534439087,0.08691977709531784,-0.23705631494522095,11.185389518737793,x
16,1.4,1.5,8,-0.21999999999999964,-0.1699999999999996,694,-0.17089635133743286,0.5428795218467712,0.029507188126444817,-0.1899408996105194,5.848318099975586,x
16,1.4,1.5,9,-0.1699999999999996,-0.11999999999999955,1273,-0.17800137400627136,0.8592323660850525,-0.036332640796899796,-0.14411872625350952,3.718245267868042,x
16,1.4,1.5,10,-0.11999999999999955,-0.06999999999999951,968,-0.12887287139892578,1.3453377485275269,-0.06496792286634445,-0.10097558051347733,4.5782036781311035,x
16,1.4,1.5,11,-0.06999999999999951,-0.019999999999999463,348,-1.6798853874206543,2.476125955581665,0.13938689231872559,-0.047728296369314194,5.425290584564209,x
16,1.4,1.5,12,-0.019999999999999463,0.030000000000000582,94,-5.272947788238525,7.093014240264893,0.22076454758644104,-0.012209250591695309,4.789088249206543,x
16,1.4,1.5,14,0.08000000000000063,0.13000000000000067,361,0.36380666494369507,0.20113442838191986,0.22163327038288116,0.11075621843338013,2.6699867248535156,x
16,1.4,1.5,15,0.13000000000000067,0.18000000000000071,374,0.19968457520008087,0.12526863813400269,0.23213179409503937,0.1537061333656311,2.4341840744018555,x
16,1.4,1.5,16,0.18000000000000071,0.23000000000000076,378,0.16326291859149933,0.08679933845996857,0.293195903301239,0.20646065473556519,2.5777134895324707,x
16,1.4,1.5,17,0.23000000000000076,0.2800000000000008,581,0.13130046427249908,0.054651934653520584,0.33900997042655945,0.2569263279438019,3.157047986984253,x
16,1.4,1.5,18,0.2800000000000008,0.33000000000000085,355,0.12176691740751266,0.03136231750249863,0.3753405213356018,0.29660916328430176,2.4828622341156006,x
16,1.4,1.5,19,0.33000000000000085,0.3800000000000009,138,0.06981338560581207,0.042691804468631744,0.46265238523483276,0.35955679416656494,4.545942783355713,x
16,1.4,1.5,20,0.3800000000000009,0.43000000000000094,76,0.09161614626646042,0.04456370323896408,0.5293019413948059,0.40301504731178284,4.989076137542725,x
16,1.4,1.5,21,0.43000000000000094,0.480000000000001,23,0.06170490384101868,0.02375730127096176,0.5114301443099976,0.43989571928977966,3.082503318786621,x
17,1.5,1.6,4,-0.4199999999999998,-0.3699999999999998,12,-0.057041481137275696,0.021628035232424736,-0.3328004777431488,-0.37184450030326843,1.8114843368530273,x
17,1.5,1.6,5,-0.3699999999999998,-0.31999999999999973,296,-0.03967456892132759,0.06246813386678696,-0.30973899364471436,-0.34201323986053467,3.4841630458831787,x
17,1.5,1.6,6,-0.31999999999999973,-0.2699999999999997,116,-0.05847679451107979,0.07367701828479767,-0.31812724471092224,-0.30040818452835083,8.086495399475098,x
17,1.5,1.6,7,-0.2699999999999997,-0.21999999999999964,141,-0.2618086040019989,0.264958918094635,0.13023248314857483,-0.23460939526557922,13.948298454284668,x
17,1.5,1.6,8,-0.21999999999999964,-0.1699999999999996,633,-0.2368749976158142,0.5197162628173828,0.061003733426332474,-0.19037196040153503,6.272048473358154,x
17,1.5,1.6,9,-0.1699999999999996,-0.11999999999999955,1219,-0.20774908363819122,0.8669067025184631,-0.028325369581580162,-0.14405608177185059,3.818594455718994,x
17,1.5,1.6,10,-0.11999999999999955,-0.06999999999999951,884,-0.14361491799354553,1.2864859104156494,-0.06461452692747116,-0.1010705754160881,4.875575542449951,x
17,1.5,1.6,11,-0.06999999999999951,-0.019999999999999463,330,-1.6143232583999634,2.4274160861968994,0.13713358342647552,-0.04749469459056854,5.642467975616455,x
17,1.5,1.6,12,-0.019999999999999463,0.030000000000000582,90,-5.556044578552246,7.13348913192749,0.2299170345067978,-0.012256850488483906,4.937869548797607,x
17,1.5,1.6,14,0.08000000000000063,0.13000000000000067,335,0.36436596512794495,0.18508797883987427,0.22460605204105377,0.1106031984090805,2.764691114425659,x
17,1.5,1.6,15,0.13000000000000067,0.18000000000000071,326,0.2015162706375122,0.11990652978420258,0.2383376806974411,0.15346477925777435,2.5793707370758057,x
17,1.5,1.6,16,0.18000000000000071,0.23000000000000076,355,0.15867985785007477,0.08354075253009796,0.29397210478782654,0.2064192295074463,2.6508727073669434,x
17,1.5,1.6,17,0.23000000000000076,0.2800000000000008,544,0.12661556899547577,0.05330570787191391,0.3397197723388672,0.2570456862449646,3.2733240127563477,x
17,1.5,1.6,18,0.2800000000000008,0.33000000000000085,336,0.12048961967229843,0.031213287264108658,0.37563809752464294,0.2960459887981415,2.5412023067474365,x
17,1.5,1.6,19,0.33000000000000085,0.3800000000000009,126,0.07456561177968979,0.04208242893218994,0.46968862414360046,0.358247846364975,4.839835166931152,x
17,1.5,1.6,20,0.3800000000000009,0.43000000000000094,69,0.0854409858584404,0.04282856732606888,0.533660888671875,0.40310177206993103,5.349324703216553,x
17,1.5,1.6,21,0.43000000000000094,0.480000000000001,21,0.06090621277689934,0.023465445265173912,0.5137906670570374,0.4396849274635315,3.2393369674682617,x
18,1.6,1.7,4,-0.4199999999999998,-0.3699999999999998,8,-0.05296215042471886,0.018173493444919586,-0.3333210349082947,-0.37136363983154297,1.9494221210479736,x
18,1.6,1.7,5,-0.3699999999999998,-0.31999999999999973,282,-0.039618492126464844,0.06011693552136421,-0.3097100257873535,-0.34215474128723145,3.580359935760498,x
18,1.6,1.7,6,-0.31999999999999973,-0.2699999999999997,108,-0.052199844270944595,0.06931934505701065,-0.32452520728111267,-0.3000723421573639,8.5711669921875,x
18,1.6,1.7,7,-0.2699999999999997,-0.21999999999999964,128,-0.22899776697158813,0.2595730125904083,0.14830587804317474,-0.23458591103553772,15.208036422729492,x
18,1.6,1.7,8,-0.21999999999999964,-0.1699999999999996,585,-0.2889546751976013,0.49697816371917725,0.08849876374006271,-0.19074185192584991,6.6589508056640625,x
18,1.6,1.7,9,-0.1699999999999996,-0.11999999999999955,1158,-0.24016663432121277,0.8738878965377808,-0.019254891201853752,-0.14405353367328644,3.9380273818969727,x
18,1.6,1.7,10,-0.11999999999999955,-0.06999999999999951,804,-0.1718478798866272,1.2416669130325317,-0.06225864961743355,-0.10110034048557281,5.206342697143555,x
18,1.6,1.7,11,-0.06999999999999951,-0.019999999999999463,315,-1.5260887145996094,2.2208683490753174,0.1330638974905014,-0.04748576134443283,5.837690830230713,x
18,1.6,1.7,12,-0.019999999999999463,0.030000000000000582,83,-5.788623809814453,7.0796942710876465,0.24513913691043854,-0.012298393063247204,5.223818302154541,x
18,1.6,1.7,14,0.08000000000000063,0.13000000000000067,310,0.3628128468990326,0.16809412837028503,0.22724390029907227,0.11054154485464096,2.863058090209961,x
18,1.6,1.7,15,0.13000000000000067,0.18000000000000071,281,0.20386596024036407,0.10711783915758133,0.24417635798454285,0.15333764255046844,2.7440359592437744,x
18,1.6,1.7,16,0.18000000000000071,0.23000000000000076,330,0.15317513048648834,0.07412160933017731,0.2935710549354553,0.20619319379329681,2.734243392944336,x
18,1.6,1.7,17,0.23000000000000076,0.2800000000000008,497,0.12063608318567276,0.0477014034986496,0.3399522006511688,0.2570456862449646,3.4360499382019043,x
18,1.6,1.7,18,0.2800000000000008,0.33000000000000085,311,0.11862104386091232,0.03119170106947422,0.37608230113983154,0.2953912615776062,2.6209115982055664,x
18,1.6,1.7,19,0.33000000000000085,0.3800000000000009,114,0.07947986572980881,0.0404859259724617,0.47806602716445923,0.35693085193634033,5.186495780944824,x
18,1.6,1.7,20,0.3800000000000009,0.43000000000000094,65,0.08116823434829712,0.04167850315570831,0.5366232991218567,0.40344688296318054,5.582817077636719,x
18,1.6,1.7,21,0.43000000000000094,0.480000000000001,18,0.05898338928818703,0.02114144153892994,0.5176082253456116,0.4395352005958557,3.5189757347106934,x
19,1.7,1.8,4,-0.4199999999999998,-0.3699999999999998,8,-0.05296215042471886,0.018173493444919586,-0.3333210349082947,-0.37136363983154297,1.9494221210479736,x
19,1.7,1.8,5,-0.3699999999999998,-0.31999999999999973,264,-0.038572803139686584,0.057491153478622437,-0.30960315465927124,-0.34187406301498413,3.712618112564087,x
19,1.7,1.8,6,-0.31999999999999973,-0.2699999999999997,104,-0.04833603650331497,0.06784667074680328,-0.3285154104232788,-0.30028051137924194,8.836287498474121,x
19,1.7,1.8,7,-0.2699999999999997,-0.21999999999999964,123,-0.21551284193992615,0.25737202167510986,0.15643000602722168,-0.2345496416091919,15.75964641571045,x
19,1.7,1.8,8,-0.21999999999999964,-0.1699999999999996,543,-0.33675670623779297,0.47070974111557007,0.11606235057115555,-0.19106078147888184,7.046247959136963,x
19,1.7,1.8,9,-0.1699999999999996,-0.11999999999999955,1104,-0.2720467150211334,0.8766447901725769,-0.010244963690638542,-0.1441030502319336,4.049953937530518,x
19,1.7,1.8,10,-0.11999999999999955,-0.06999999999999951,742,-0.18227683007717133,1.189821720123291,-0.06215342879295349,-0.10103212296962738,5.503662586212158,x
19,1.7,1.8,11,-0.06999999999999951,-0.019999999999999463,303,-1.4559640884399414,2.1306114196777344,0.1290447860956192,-0.04740175977349281,6.003331184387207,x
19,1.7,1.8,12,-0.019999999999999463,0.030000000000000582,77,-5.729778289794922,5.792333602905273,0.2514335513114929,-0.012363010086119175,5.502091407775879,x
19,1.7,1.8,14,0.08000000000000063,0.13000000000000067,284,0.3626306354999542,0.16158659756183624,0.23088468611240387,0.11031107604503632,2.974135637283325,x
19,1.7,1.8,15,0.13000000000000067,0.18000000000000071,255,0.20084711909294128,0.09801921248435974,0.24727611243724823,0.15388162434101105,2.854963541030884,x
19,1.7,1.8,16,0.18000000000000071,0.23000000000000076,309,0.1496385633945465,0.07342475652694702,0.2942706346511841,0.20598074793815613,2.8079824447631836,x
19,1.7,1.8,17,0.23000000000000076,0.2800000000000008,453,0.11433340609073639,0.046526916325092316,0.3404616117477417,0.2567342519760132,3.6095237731933594,x
19,1.7,1.8,18,0.2800000000000008,0.33000000000000085,281,0.11524766683578491,0.030547570437192917,0.37700507044792175,0.2953406572341919,2.725045680999756,x
19,1.7,1.8,19,0.33000000000000085,0.3800000000000009,101,0.08285249024629593,0.037099990993738174,0.4889920651912689,0.35548144578933716,5.641461372375488,x
19,1.7,1.8,20,0.3800000000000009,0.43000000000000094,61,0.07687244564294815,0.039806969463825226,0.5392289161682129,0.40356507897377014,5.840209484100342,x
19,1.7,1.8,21,0.43000000000000094,0.480000000000001,17,0.056989822536706924,0.01993206888437271,0.5183956027030945,0.43982675671577454,3.6262896060943604,x
20,1.8,1.9,4,-0.4199999999999998,-0.3699999999999998,7,-0.054830338805913925,0.01869591325521469,-0.33140090107917786,-0.3712525963783264,1.9836477041244507,x
20,1.8,1.9,5,-0.3699999999999998,-0.31999999999999973,250,-0.03750799596309662,0.05548594146966934,-0.309749573469162,-0.341739684343338,3.8229176998138428,x
20,1.8,1.9,6,-0.31999999999999973,-0.2699999999999997,98,-0.042340900748968124,0.06415137648582458,-0.33520394563674927,-0.30020514130592346,9.270528793334961,x
20,1.8,1.9,7,-0.2699999999999997,-0.21999999999999964,118,-0.20261849462985992,0.2545396685600281,0.16484686732292175,-0.23467804491519928,16.354206085205078,x
20,1.8,1.9,8,-0.21999999999999964,-0.1699999999999996,505,-0.3769178092479706,0.4462074041366577,0.14289818704128265,-0.19143061339855194,7.444324970245361,x
20,1.8,1.9,9,-0.1699999999999996,-0.11999999999999955,1057,-0.30453068017959595,0.8784852027893066,-0.0008967461762949824,-0.144014373421669,4.15236759185791,x
20,1.8,1.9,10,-0.11999999999999955,-0.06999999999999951,671,-0.1921359896659851,1.114364743232727,-0.06346339732408524,-0.10087109357118607,5.900943756103516,x
20,1.8,1.9,11,-0.06999999999999951,-0.019999999999999463,293,-1.4046825170516968,2.048017978668213,0.12649282813072205,-0.04745424538850784,6.148340225219727,x
20,1.8,1.9,12,-0.019999999999999463,0.030000000000000582,63,-6.681467056274414,5.705844879150391,0.3006448447704315,-0.012704922817647457,6.336776256561279,x
20,1.8,1.9,14,0.08000000000000063,0.13000000000000067,266,0.36403676867485046,0.14233510196208954,0.23312833905220032,0.1101050153374672,3.056814670562744,x
20,1.8,1.9,15,0.13000000000000067,0.18000000000000071,236,0.19904406368732452,0.09265618771314621,0.249418243765831,0.15416119992733002,2.943622350692749,x
20,1.8,1.9,16,0.18000000000000071,0.23000000000000076,289,0.14650577306747437,0.07077876478433609,0.2951883375644684,0.2060229480266571,2.8809266090393066,x
20,1.8,1.9,17,0.23000000000000076,0.2800000000000008,410,0.10735341906547546,0.044815778732299805,0.34052392840385437,0.2561638653278351,3.805030107498169,x
20,1.8,1.9,18,0.2800000000000008,0.33000000000000085,216,0.1059858500957489,0.026014043018221855,0.3800216317176819,0.2962972819805145,3.0180470943450928,x
20,1.8,1.9,19,0.33000000000000085,0.3800000000000009,90,0.0854150801897049,0.030613025650382042,0.5006986260414124,0.35417672991752625,6.117087364196777,x
20,1.8,1.9,20,0.3800000000000009,0.43000000000000094,59,0.07426771521568298,0.03836914524435997,0.5404330492019653,0.40365082025527954,5.979147911071777,x
20,1.8,1.9,21,0.43000000000000094,0.480000000000001,16,0.05585122108459473,0.020267890766263008,0.5195199251174927,0.4394776225090027,3.7437121868133545,x
21,1.9,2.0,5,-0.3699999999999998,-0.31999999999999973,239,-0.036474812775850296,0.05425431206822395,-0.30981165170669556,-0.341357558965683,3.914384126663208,x
21,1.9,2.0,6,-0.31999999999999973,-0.2699999999999997,96,-0.040492355823516846,0.06349743902683258,-0.3376195728778839,-0.3004676401615143,9.425875663757324,x
21,1.9,2.0,7,-0.2699999999999997,-0.21999999999999964,117,-0.1987522691488266,0.253682017326355,0.1662299633026123,-0.2347957044839859,16.478572845458984,x
21,1.9,2.0,8,-0.21999999999999964,-0.1699999999999996,474,-0.4026835560798645,0.42138704657554626,0.16594354808330536,-0.1915517896413803,7.80980920791626,x
21,1.9,2.0,9,-0.1699999999999996,-0.11999999999999955,1001,-0.3261117935180664,0.8765515685081482,0.0060646142810583115,-0.14391425251960754,4.281140327453613,x
21,1.9,2.0,10,-0.11999999999999955,-0.06999999999999951,618,-0.20965568721294403,1.0754766464233398,-0.06390232592821121,-0.10040317475795746,6.248982906341553,x
21,1.9,2.0,11,-0.06999999999999951,-0.019999999999999463,286,-1.3426085710525513,2.025562286376953,0.12262597680091858,-0.047407325357198715,6.253524303436279,x
21,1.9,2.0,12,-0.019999999999999463,0.030000000000000582,62,-6.51784086227417,5.505026817321777,0.2993525266647339,-0.01273752935230732,6.409759044647217,x
21,1.9,2.0,14,0.08000000000000063,0.13000000000000067,248,0.36757898330688477,0.14251437783241272,0.2367868721485138,0.10978766530752182,3.1440927982330322,x
21,1.9,2.0,15,0.13000000000000067,0.18000000000000071,213,0.1944490224123001,0.07382278144359589,0.2518082857131958,0.15489572286605835,3.06133770942688,x
21,1.9,2.0,16,0.18000000000000071,0.23000000000000076,269,0.14218197762966156,0.06500822305679321,0.29478901624679565,0.20579473674297333,2.9569928646087646,x
21,1.9,2.0,17,0.23000000000000076,0.2800000000000008,379,0.10222958028316498,0.04260442405939102,0.34073400497436523,0.25601232051849365,3.9650650024414062,x
21,1.9,2.0,18,0.2800000000000008,0.33000000000000085,189,0.10267690569162369,0.024998292326927185,0.3816382884979248,0.2961469888687134,3.1848137378692627,x
21,1.9,2.0,19,0.33000000000000085,0.3800000000000009,82,0.08523809909820557,0.027058932930231094,0.5090078115463257,0.35356831550598145,6.532332420349121,x
21,1.9,2.0,20,0.3800000000000009,0.43000000000000094,57,0.07217027246952057,0.0374724380671978,0.5416021347045898,0.4034142792224884,6.124602794647217,x
21,1.9,2.0,21,0.43000000000000094,0.480000000000001,15,0.05333661660552025,0.01968085765838623,0.5203233957290649,0.4395662248134613,3.866997480392456,x
22,2.0,2.5,5,-0.3699999999999998,-0.31999999999999973,225,-0.036131151020526886,0.05188196897506714,-0.30988916754722595,-0.341248095035553,4.036437034606934,x
22,2.0,2.5,6,-0.31999999999999973,-0.2699999999999997,93,-0.03764868900179863,0.0621330589056015,-0.3411417603492737,-0.3002224266529083,9.667349815368652,x
22,2.0,2.5,7,-0.2699999999999997,-0.21999999999999964,117,-0.1987522691488266,0.253682017326355,0.1662299633026123,-0.2347957044839859,16.478572845458984,x
22,2.0,2.5,8,-0.21999999999999964,-0.1699999999999996,446,-0.4225307106971741,0.4057198464870453,0.1865004301071167,-0.19173166155815125,8.177586555480957,x
22,2.0,2.5,9,-0.1699999999999996,-0.11999999999999955,940,-0.3459485173225403,0.8677493929862976,0.013364540413022041,-0.14382173120975494,4.4326910972595215,x
22,2.0,2.5,10,-0.11999999999999955,-0.06999999999999951,574,-0.2337399572134018,1.0331000089645386,-0.061867691576480865,-0.09990154951810837,6.578662395477295,x
22,2.0,2.5,11,-0.06999999999999951,-0.019999999999999463,280,-1.2834020853042603,1.9605071544647217,0.11829553544521332,-0.047560688108205795,6.345666885375977,x
22,2.0,2.5,12,-0.019999999999999463,0.030000000000000582,60,-6.297235012054443,5.470276355743408,0.29753202199935913,-0.012693087570369244,6.557365894317627,x
22,2.0,2.5,14,0.08000000000000063,0.13000000000000067,232,0.3685969412326813,0.1249665915966034,0.23905043303966522,0.10953197628259659,3.226308822631836,x
22,2.0,2.5,15,0.13000000000000067,0.18000000000000071,205,0.1938142627477646,0.07464269548654556,0.25372976064682007,0.1553748995065689,3.1051554679870605,x
22,2.0,2.5,16,0.18000000000000071,0.23000000000000076,248,0.13809409737586975,0.06184043735265732,0.2955896258354187,0.20600731670856476,3.042816162109375,x
22,2.0,2.5,17,0.23000000000000076,0.2800000000000008,360,0.09908100217580795,0.041940052062273026,0.3410119414329529,0.25589844584465027,4.071599960327148,x
22,2.0,2.5,18,0.2800000000000008,0.33000000000000085,171,0.1001543402671814,0.024070514366030693,0.38293689489364624,0.29608672857284546,3.315354347229004,x
22,2.0,2.5,19,0.33000000000000085,0.3800000000000009,77,0.08428680151700974,0.027266787365078926,0.5147591233253479,0.35348379611968994,6.829848289489746,x
22,2.0,2.5,20,0.3800000000000009,0.43000000000000094,54,0.06817504018545151,0.034926723688840866,0.5435502529144287,0.4037364423274994,6.357176780700684,x
22,2.0,2.5,21,0.43000000000000094,0.480000000000001,14,0.05334976315498352,0.020365625619888306,0.5221585035324097,0.43900424242019653,4.0015974044799805,x
23,2.5,3.0,5,-0.3699999999999998,-0.31999999999999973,165,-0.03551314398646355,0.04421791806817055,-0.3093411922454834,-0.34019437432289124,4.692203998565674,x
23,2.5,3.0,6,-0.31999999999999973,-0.2699999999999997,78,-0.02241894230246544,0.05698252469301224,-0.3643084168434143,-0.30150461196899414,11.102462768554688,x
23,2.5,3.0,7,-0.2699999999999997,-0.21999999999999964,117,-0.1987522691488266,0.253682017326355,0.1662299633026123,-0.2347957044839859,16.478572845458984,x
23,2.5,3.0,8,-0.21999999999999964,-0.1699999999999996,380,-0.47565439343452454,0.3536631762981415,0.24779938161373138,-0.19370108842849731,9.2124662399292,x
23,2.5,3.0,9,-0.1699999999999996,-0.11999999999999955,602,-0.4135030508041382,0.7748845815658569,0.047882791608572006,-0.14500658214092255,5.654496192932129,x
23,2.5,3.0,10,-0.11999999999999955,-0.06999999999999951,411,-0.33496037125587463,0.9126315712928772,-0.051619961857795715,-0.09730219841003418,8.29987621307373,x
23,2.5,3.0,11,-0.06999999999999951,-0.019999999999999463,237,-0.9649817943572998,1.767642855644226,0.09394185990095139,-0.047681309282779694,7.088714122772217,x
23,2.5,3.0,12,-0.019999999999999463,0.030000000000000582,51,-5.950930118560791,5.510210037231445,0.31166872382164,-0.012563408352434635,7.321469783782959,x
23,2.5,3.0,14,0.08000000000000063,0.13000000000000067,158,0.39238348603248596,0.10150753706693649,0.25728878378868103,0.10716196894645691,3.6912927627563477,x
23,2.5,3.0,15,0.13000000000000067,0.18000000000000071,153,0.1923106163740158,0.07528591901063919,0.2617950439453125,0.15508347749710083,3.395643949508667,x
23,2.5,3.0,16,0.18000000000000071,0.23000000000000076,180,0.12816222012043,0.04812124744057655,0.2982628345489502,0.20625996589660645,3.3464925289154053,x
23,2.5,3.0,17,0.23000000000000076,0.2800000000000008,280,0.08598028123378754,0.033672232180833817,0.34153321385383606,0.25589823722839355,4.598860740661621,x
23,2.5,3.0,18,0.2800000000000008,0.33000000000000085,92,0.08855988085269928,0.02390401065349579,0.39543625712394714,0.2965800166130066,4.253349781036377,x
23,2.5,3.0,19,0.33000000000000085,0.3800000000000009,69,0.07955382764339447,0.02600732259452343,0.522109866142273,0.3531213700771332,7.3588738441467285,x
23,2.5,3.0,20,0.3800000000000009,0.43000000000000094,46,0.05904177948832512,0.026503480970859528,0.5482234954833984,0.40425047278404236,7.07334566116333,x
23,2.5,3.0,21,0.43000000000000094,0.480000000000001,10,0.04792676120996475,0.014811946079134941,0.5279045701026917,0.43926024436950684,4.712616920471191,x
24,3.0,3.5,5,-0.3699999999999998,-0.31999999999999973,121,-0.032256223261356354,0.04019532352685928,-0.3112854063510895,-0.3381328284740448,5.397845268249512,x
24,3.0,3.5,6,-0.31999999999999973,-0.2699999999999997,67,-0.010488137602806091,0.05340917408466339,-0.38748177886009216,-0.30217427015304565,12.4740571975708,x
24,3.0,3.5,7,-0.2699999999999997,-0.21999999999999964,117,-0.1987522691488266,0.253682017326355,0.1662299633026123,-0.2347957044839859,16.478572845458984,x
24,3.0,3.5,8,-0.21999999999999964,-0.1699999999999996,360,-0.4996076226234436,0.31745338439941406,0.27138587832450867,-0.19483265280723572,9.574954986572266,x
24,3.0,3.5,9,-0.1699999999999996,-0.11999999999999955,293,-0.6476883292198181,0.6077951788902283,0.1489216685295105,-0.14831572771072388,8.736727714538574,x
24,3.0,3.5,10,-0.11999999999999955,-0.06999999999999951,323,-0.3316744267940521,0.8167363405227661,-0.06054634228348732,-0.09524095803499222,9.827775955200195,x
24,3.0,3.5,11,-0.06999999999999951,-0.019999999999999463,209,-0.7810649871826172,1.6476384401321411,0.07545346766710281,-0.04705534875392914,7.679020404815674,x
24,3.0,3.5,12,-0.019999999999999463,0.030000000000000582,43,-4.998485088348389,4.847143650054932,0.3047288656234741,-0.012486288323998451,8.179120063781738,x
24,3.0,3.5,14,0.08000000000000063,0.13000000000000067,112,0.3967307209968567,0.09496138989925385,0.27553197741508484,0.10884692519903183,4.078333377838135,x
24,3.0,3.5,15,0.13000000000000067,0.18000000000000071,73,0.21977874636650085,0.07103409618139267,0.2909041941165924,0.1531934142112732,4.103307247161865,x
24,3.0,3.5,16,0.18000000000000071,0.23000000000000076,112,0.12106437981128693,0.04292820766568184,0.30579259991645813,0.2079986333847046,3.709735631942749,x
24,3.0,3.5,17,0.23000000000000076,0.2800000000000008,223,0.07715311646461487,0.029706086963415146,0.34183087944984436,0.25598251819610596,5.074848175048828,x
24,3.0,3.5,18,0.2800000000000008,0.33000000000000085,47,0.07433922588825226,0.027147099375724792,0.4227154850959778,0.3020853102207184,5.748601913452148,x
24,3.0,3.5,19,0.33000000000000085,0.3800000000000009,60,0.07372821122407913,0.02328929305076599,0.5312868356704712,0.35356730222702026,8.053065299987793,x
24,3.0,3.5,20,0.3800000000000009,0.43000000000000094,43,0.055624742060899734,0.024166034534573555,0.5498654246330261,0.40400952100753784,7.379476070404053,x
24,3.0,3.5,21,0.43000000000000094,0.480000000000001,8,0.0434853732585907,0.012071805074810982,0.5301996469497681,0.4392288029193878,5.229256629943848,x
25,3.5,4.0,5,-0.3699999999999998,-0.31999999999999973,87,-0.030564557760953903,0.036936789751052856,-0.3150492310523987,-0.3363133668899536,6.227215766906738,x
25,3.5,4.0,6,-0.31999999999999973,-0.2699999999999997,59,-0.0005950208869762719,0.05025336518883705,-0.40893876552581787,-0.3016497492790222,13.73403263092041,x
25,3.5,4.0,7,-0.2699999999999997,-0.21999999999999964,117,-0.1987522691488266,0.253682017326355,0.1662299633026123,-0.2347957044839859,16.478572845458984,x
25,3.5,4.0,8,-0.21999999999999964,-0.1699999999999996,344,-0.47939160466194153,0.3086262345314026,0.26678285002708435,-0.19562433660030365,9.867199897766113,x
25,3.5,4.0,9,-0.1699999999999996,-0.11999999999999955,195,-0.5152633190155029,0.5231258869171143,0.10518859326839447,-0.14876793324947357,11.513042449951172,x
25,3.5,4.0,10,-0.11999999999999955,-0.06999999999999951,295,-0.25522804260253906,0.7342014908790588,-0.09163711965084076,-0.0956730917096138,10.45721435546875,x
25,3.5,4.0,11,-0.06999999999999951,-0.019999999999999463,192,-0.6763690114021301,1.5505778789520264,0.06314382702112198,-0.04691895842552185,8.064807891845703,x
25,3.5,4.0,12,-0.019999999999999463,0.030000000000000582,40,-4.777281284332275,4.391510963439941,0.30262723565101624,-0.012480330653488636,8.554265975952148,x
25,3.5,4.0,14,0.08000000000000063,0.13000000000000067,72,0.37152352929115295,0.09301045536994934,0.29046767950057983,0.11262781172990799,4.529116153717041,x
25,3.5,4.0,15,0.13000000000000067,0.18000000000000071,62,0.21850721538066864,0.0546492263674736,0.29318293929100037,0.15274032950401306,4.250717639923096,x
25,3.5,4.0,16,0.18000000000000071,0.23000000000000076,50,0.12255658954381943,0.04131481051445007,0.3247950077056885,0.21076957881450653,4.2690110206604,x
25,3.5,4.0,17,0.23000000000000076,0.2800000000000008,177,0.06961210072040558,0.029660575091838837,0.3415050804615021,0.25539207458496094,5.550136566162109,x
25,3.5,4.0,18,0.2800000000000008,0.33000000000000085,32,0.06633522361516953,0.028299376368522644,0.4481865167617798,0.3088068962097168,6.935096740722656,x
25,3.5,4.0,19,0.33000000000000085,0.3800000000000009,56,0.07144928723573685,0.021677037701010704,0.5344399809837341,0.3531196415424347,8.401037216186523,x
25,3.5,4.0,20,0.3800000000000009,0.43000000000000094,37,0.04983603209257126,0.018933428451418877,0.5528706908226013,0.40410783886909485,8.049392700195312,x
25,3.5,4.0,21,0.43000000000000094,0.480000000000001,6,0.03856000676751137,0.00907009094953537,0.5329561829566956,0.4387117624282837,5.922104358673096,x
26,4.0,4.7,5,-0.3699999999999998,-0.31999999999999973,64,-0.029566369950771332,0.035281673073768616,-0.320468008518219,-0.3342580795288086,7.099438667297363,x
26,4.0,4.7,6,-0.31999999999999973,-0.2699999999999997,49,0.014460314996540546,0.045342057943344116,-0.4449532926082611,-0.30053043365478516,15.775374412536621,x
26,4.0,4.7,7,-0.2699999999999997,-0.21999999999999964,117,-0.1987522691488266,0.253682017326355,0.1662299633026123,-0.2347957044839859,16.478572845458984,x
26,4.0,4.7,8,-0.21999999999999964,-0.1699999999999996,310,-0.43533816933631897,0.29997509717941284,0.25537586212158203,-0.19714097678661346,10.541044235229492,x
26,4.0,4.7,9,-0.1699999999999996,-0.11999999999999955,137,-0.2760717272758484,0.4417777359485626,-0.016882319003343582,-0.15091532468795776,14.8037748336792,x
26,4.0,4.7,10,-0.11999999999999955,-0.06999999999999951,268,-0.1968260258436203,0.6671807169914246,-0.12018422782421112,-0.09577274322509766,11.137608528137207,x
26,4.0,4.7,11,-0.06999999999999951,-0.019999999999999463,179,-0.5708044767379761,1.5196402072906494,0.04599515721201897,-0.0465669259428978,8.377445220947266,x
26,4.0,4.7,12,-0.019999999999999463,0.030000000000000582,36,-4.179387092590332,3.8984427452087402,0.29665759205818176,-0.012788038700819016,9.079689979553223,x
26,4.0,4.7,14,0.08000000000000063,0.13000000000000067,19,0.3595409691333771,0.10316644608974457,0.3369525074958801,0.1118922233581543,6.68750524520874,x
26,4.0,4.7,15,0.13000000000000067,0.18000000000000071,28,0.2048349827528,0.043652117252349854,0.31256479024887085,0.1579478532075882,4.823821544647217,x
26,4.0,4.7,16,0.18000000000000071,0.23000000000000076,33,0.11471636593341827,0.033525608479976654,0.3257876932621002,0.2113746702671051,4.537365436553955,x
26,4.0,4.7,17,0.23000000000000076,0.2800000000000008,133,0.0603286437690258,0.027681753039360046,0.3402767777442932,0.2559126019477844,6.150274753570557,x
26,4.0,4.7,18,0.2800000000000008,0.33000000000000085,27,0.06480777263641357,0.027355650439858437,0.4588536024093628,0.3099023997783661,7.520770072937012,x
26,4.0,4.7,19,0.33000000000000085,0.3800000000000009,53,0.0697004646062851,0.020934687927365303,0.5374079346656799,0.3532680571079254,8.667306900024414,x
26,4.0,4.7,20,0.3800000000000009,0.43000000000000094,34,0.04698273167014122,0.015897421166300774,0.5542378425598145,0.40427514910697937,8.420141220092773,x
27,4.7,5.0,5,-0.3699999999999998,-0.31999999999999973,37,-0.021798688918352127,0.03584471344947815,-0.34645166993141174,-0.3326359689235687,9.119569778442383,x
27,4.7,5.0,6,-0.31999999999999973,-0.2699999999999997,39,0.034739039838314056,0.03338361158967018,-0.4987243115901947,-0.29753443598747253,18.70088768005371,x
27,4.7,5.0,7,-0.2699999999999997,-0.21999999999999964,117,-0.1987522691488266,0.253682017326355,0.1662299633026123,-0.2347957044839859,16.478572845458984,x
27,4.7,5.0,8,-0.21999999999999964,-0.1699999999999996,245,-0.34902867674827576,0.2879931330680847,0.21504107117652893,-0.1977027952671051,12.18144416809082,x
27,4.7,5.0,9,-0.1699999999999996,-0.11999999999999955,107,-0.13101708889007568,0.32499292492866516,-0.12517595291137695,-0.15081368386745453,17.754253387451172,x
27,4.7,5.0,10,-0.11999999999999955,-0.06999999999999951,215,-0.009915747679769993,0.570024311542511,-0.22014011442661285,-0.09382150322198868,12.80687141418457,x
27,4.7,5.0,11,-0.06999999999999951,-0.019999999999999463,149,-0.3596371114253998,1.3755725622177124,0.010453448630869389,-0.046398960053920746,9.19896125793457,x
27,4.7,5.0,12,-0.019999999999999463,0.030000000000000582,31,-3.808354377746582,3.9754297733306885,0.288224458694458,-0.01261845976114273,9.8337984085083,x
27,4.7,5.0,14,0.08000000000000063,0.13000000000000067,11,0.31185463070869446,0.10045419633388519,0.3522510230541229,0.1095501109957695,8.455779075622559,x
27,4.7,5.0,15,0.13000000000000067,0.18000000000000071,14,0.21455343067646027,0.03974553570151329,0.330336332321167,0.15580561757087708,5.372891426086426,x
27,4.7,5.0,16,0.18000000000000071,0.23000000000000076,12,0.09844847023487091,0.014736998826265335,0.33479705452919006,0.22257673740386963,4.979726791381836,x
27,4.7,5.0,17,0.23000000000000076,0.2800000000000008,94,0.047786641865968704,0.023859847337007523,0.3353106677532196,0.25622037053108215,6.915943622589111,x
27,4.7,5.0,18,0.2800000000000008,0.33000000000000085,22,0.06702149659395218,0.02705838903784752,0.4799736738204956,0.3137735426425934,8.252111434936523,x
27,4.7,5.0,19,0.33000000000000085,0.3800000000000009,48,0.06652631610631943,0.01994098722934723,0.5417184233665466,0.3537665903568268,9.110553741455078,x
27,4.7,5.0,20,0.3800000000000009,0.43000000000000094,30,0.0441216416656971,0.012735049240291119,0.556036114692688,0.4040427505970001,8.955504417419434,x
28,5.0,inf,5,-0.3699999999999998,-0.31999999999999973,28,-0.014372187666594982,0.03695372864603996,-0.368905246257782,-0.3314012885093689,10.50343132019043,x
28,5.0,inf,6,-0.31999999999999973,-0.2699999999999997,35,0.04109194874763489,0.021642133593559265,-0.5284648537635803,-0.295548677444458,20.282154083251953,x
28,5.0,inf,7,-0.2699999999999997,-0.21999999999999964,111,-0.17279620468616486,0.239036425948143,0.1481536328792572,-0.2351057231426239,17.104934692382812,x
28,5.0,inf,8,-0.21999999999999964,-0.1699999999999996,228,-0.32188519835472107,0.2805834114551544,0.1971459835767746,-0.19773085415363312,12.72922134399414,x
28,5.0,inf,9,-0.1699999999999996,-0.11999999999999955,104,-0.11366663873195648,0.30859291553497314,-0.14253953099250793,-0.15068303048610687,18.126680374145508,x
28,5.0,inf,10,-0.11999999999999955,-0.06999999999999951,209,0.0195196233689785,0.5575025677680969,-0.237339049577713,-0.09344949573278427,13.034464836120605,x
28,5.0,inf,11,-0.06999999999999951,-0.019999999999999463,142,-0.2931339740753174,1.336806297302246,-0.0010387931251898408,-0.04672043025493622,9.414518356323242,x
28,5.0,inf,12,-0.019999999999999463,0.030000000000000582,28,-3.4154322147369385,3.5207090377807617,0.2805941104888916,-0.012907729484140873,10.365312576293945,x
28,5.0,inf,14,0.08000000000000063,0.13000000000000067,9,0.2904103696346283,0.10089131444692612,0.3600262403488159,0.10932143777608871,9.273171424865723,x
28,5.0,inf,15,0.13000000000000067,0.18000000000000071,9,0.21567755937576294,0.040738027542829514,0.3374222218990326,0.1523074507713318,5.70445442199707,x
28,5.0,inf,17,0.23000000000000076,0.2800000000000008,85,0.043993256986141205,0.022604214027523994,0.33375880122184753,0.2566603124141693,7.134677410125732,x
28,5.0,inf,18,0.2800000000000008,0.33000000000000085,18,0.062200356274843216,0.02413341775536537,0.487373411655426,0.3140001595020294,9.005088806152344,x
28,5.0,inf,19,0.33000000000000085,0.3800000000000009,42,0.0626893937587738,0.018791185691952705,0.547191321849823,0.35434478521347046,9.719563484191895,x
28,5.0,inf,20,0.3800000000000009,0.43000000000000094,29,0.04325755313038826,0.012466003187000751,0.5564306974411011,0.4036603569984436,9.096274375915527,x
0,0.0,0.01,0,-inf,-0.52,154,-0.08053352683782578,0.10714017599821091,-0.5582746863365173,-0.5620724558830261,0.09004752337932587,y
0,0.0,0.01,1,-0.52,-0.47000000000000003,92,0.022668857127428055,0.028515486046671867,-0.4961114227771759,-0.4938095808029175,0.23901107907295227,y
0,0.0,0.01,2,-0.47000000000000003,-0.42000000000000004,96,0.04641113802790642,0.018799271434545517,-0.452686071395874,-0.44470539689064026,0.3877703845500946,y
0,0.0,0.01,3,-0.42000000000000004,-0.37000000000000005,149,0.052118346095085144,0.15317963063716888,-0.3862098753452301,-0.3898133337497711,0.3835219740867615,y
0,0.0,0.01,4,-0.37000000000000005,-0.32000000000000006,1114,-0.037171557545661926,0.1972174048423767,-0.32585853338241577,-0.3348802626132965,0.9315351247787476,y
0,0.0,0.01,5,-0.32000000000000006,-0.2700000000000001,1519,-0.12445160001516342,0.3575705885887146,-0.26378458738327026,-0.29741331934928894,0.7987914681434631,y
0,0.0,0.01,6,-0.2700000000000001,-0.22000000000000008,2428,-0.1830446720123291,0.5867131948471069,-0.21964038908481598,-0.2420426607131958,0.4697839319705963,y
0,0.0,0.01,7,-0.22000000000000008,-0.1700000000000001,3099,-0.14898546040058136,0.6391362547874451,-0.17996279895305634,-0.1947532743215561,0.45957130193710327,y
0,0.0,0.01,8,-0.1700000000000001,-0.1200000000000001,3318,-0.08240518718957901,0.7980931997299194,-0.13054008781909943,-0.14461934566497803,0.5573813319206238,y
0,0.0,0.01,9,-0.1200000000000001,-0.07000000000000012,3867,-0.008944693021476269,1.9448620080947876,-0.09158054739236832,-0.09558814018964767,0.6802248954772949,y
0,0.0,0.01,10,-0.07000000000000012,-0.02000000000000013,3515,-2.1197962760925293,11.810341835021973,0.0038227911572903395,-0.04470415040850639,0.5384498834609985,y
0,0.0,0.01,11,-0.02000000000000013,0.029999999999999805,1932,-9.91767692565918,168.82020568847656,0.06034522503614426,-0.0068682399578392506,0.46402856707572937,y
0,0.0,0.01,13,0.07999999999999985,0.1299999999999999,3747,6.649493217468262,4.833944797515869,0.2944320738315582,0.11909402161836624,0.2899862825870514,y
0,0.0,0.01,14,0.1299999999999999,0.17999999999999983,7428,4.175492763519287,3.388680934906006,0.28737422823905945,0.15148140490055084,0.2890610098838806,y
0,0.0,0.01,15,0.17999999999999983,0.22999999999999976,5531,2.004455327987671,2.2997348308563232,0.27730196714401245,0.20205000042915344,0.2917170822620392,y
0,0.0,0.01,16,0.22999999999999976,0.2799999999999998,4410,0.3237113356590271,1.163684606552124,0.27700623869895935,0.25525960326194763,0.3637565076351166,y
0,0.0,0.01,17,0.2799999999999998,0.32999999999999985,13860,-0.280582994222641,1.5071722269058228,0.3102319538593292,0.3116582930088043,0.17564058303833008,y
0,0.0,0.01,18,0.32999999999999985,0.3799999999999998,5103,-0.7843494415283203,1.397730827331543,0.3285563886165619,0.3472058176994324,0.20852652192115784,y
0,0.0,0.01,19,0.3799999999999998,0.4299999999999997,2764,-0.5543854832649231,1.4199942350387573,0.3782741129398346,0.3986772298812866,0.20697864890098572,y
0,0.0,0.01,20,0.4299999999999997,0.47999999999999976,1050,-0.25841107964515686,0.544312059879303,0.45364221930503845,0.4531950354576111,0.30689963698387146,y
0,0.0,0.01,21,0.47999999999999976,0.5299999999999998,496,0.04584401845932007,0.31092214584350586,0.49654442071914673,0.49276724457740784,0.32306116819381714,y
1,0.01,0.05,0,-inf,-0.52,154,-0.08053352683782578,0.10714017599821091,-0.5582746863365173,-0.5620724558830261,0.09004752337932587,y
1,0.01,0.05,1,-0.52,-0.47000000000000003,92,0.022668857127428055,0.028515486046671867,-0.4961114227771759,-0.4938095808029175,0.23901107907295227,y
1,0.01,0.05,2,-0.47000000000000003,-0.42000000000000004,96,0.04641113802790642,0.018799271434545517,-0.452686071395874,-0.44470539689064026,0.3877703845500946,y
1,0.01,0.05,3,-0.42000000000000004,-0.37000000000000005,149,0.052118346095085144,0.15317963063716888,-0.3862098753452301,-0.3898133337497711,0.3835219740867615,y
1,0.01,0.05,4,-0.37000000000000005,-0.32000000000000006,1114,-0.037171557545661926,0.1972174048423767,-0.32585853338241577,-0.3348802626132965,0.9315351247787476,y
1,0.01,0.05,5,-0.32000000000000006,-0.2700000000000001,1519,-0.12445160001516342,0.3575705885887146,-0.26378458738327026,-0.29741331934928894,0.7987914681434631,y
1,0.01,0.05,6,-0.2700000000000001,-0.22000000000000008,2428,-0.1830446720123291,0.5867131948471069,-0.21964038908481598,-0.2420426607131958,0.4697839319705963,y
1,0.01,0.05,7,-0.22000000000000008,-0.1700000000000001,3099,-0.14898546040058136,0.6391362547874451,-0.17996279895305634,-0.1947532743215561,0.45957130193710327,y
1,0.01,0.05,8,-0.1700000000000001,-0.1200000000000001,3318,-0.08240518718957901,0.7980931997299194,-0.13054008781909943,-0.14461934566497803,0.5573813319206238,y
1,0.01,0.05,9,-0.1200000000000001,-0.07000000000000012,3867,-0.008944693021476269,1.9448620080947876,-0.09158054739236832,-0.09558814018964767,0.6802248954772949,y
1,0.01,0.05,10,-0.07000000000000012,-0.02000000000000013,3515,-2.1197962760925293,11.810341835021973,0.0038227911572903395,-0.04470415040850639,0.5384498834609985,y
1,0.01,0.05,11,-0.02000000000000013,0.029999999999999805,1932,-9.91767692565918,168.82020568847656,0.06034522503614426,-0.0068682399578392506,0.46402856707572937,y
1,0.01,0.05,13,0.07999999999999985,0.1299999999999999,3747,6.649493217468262,4.833944797515869,0.2944320738315582,0.11909402161836624,0.2899862825870514,y
1,0.01,0.05,14,0.1299999999999999,0.17999999999999983,7428,4.175492763519287,3.388680934906006,0.28737422823905945,0.15148140490055084,0.2890610098838806,y
1,0.01,0.05,15,0.17999999999999983,0.22999999999999976,5531,2.004455327987671,2.2997348308563232,0.27730196714401245,0.20205000042915344,0.2917170822620392,y
1,0.01,0.05,16,0.22999999999999976,0.2799999999999998,4410,0.3237113356590271,1.163684606552124,0.27700623869895935,0.25525960326194763,0.3637565076351166,y
1,0.01,0.05,17,0.2799999999999998,0.32999999999999985,11936,-0.1053721085190773,1.1867878437042236,0.30933019518852234,0.31058135628700256,0.2027411013841629,y
1,0.01,0.05,18,0.32999999999999985,0.3799999999999998,4012,-0.6138673424720764,1.3417803049087524,0.32869601249694824,0.35122373700141907,0.2629821300506592,y
1,0.01,0.05,19,0.3799999999999998,0.4299999999999997,2764,-0.5543854832649231,1.4199942350387573,0.3782741129398346,0.3986772298812866,0.20697864890098572,y
1,0.01,0.05,20,0.4299999999999997,0.47999999999999976,1050,-0.25841107964515686,0.544312059879303,0.45364221930503845,0.4531950354576111,0.30689963698387146,y
1,0.01,0.05,21,0.47999999999999976,0.5299999999999998,496,0.04584401845932007,0.31092214584350586,0.49654442071914673,0.49276724457740784,0.32306116819381714,y
2,0.05,0.1,0,-inf,-0.52,154,-0.08053352683782578,0.10714017599821091,-0.5582746863365173,-0.5620724558830261,0.09004752337932587,y
2,0.05,0.1,1,-0.52,-0.47000000000000003,92,0.022668857127428055,0.028515486046671867,-0.4961114227771759,-0.4938095808029175,0.23901107907295227,y
2,0.05,0.1,2,-0.47000000000000003,-0.42000000000000004,96,0.04641113802790642,0.018799271434545517,-0.452686071395874,-0.44470539689064026,0.3877703845500946,y
2,0.05,0.1,3,-0.42000000000000004,-0.37000000000000005,149,0.052118346095085144,0.15317963063716888,-0.3862098753452301,-0.3898133337497711,0.3835219740867615,y
2,0.05,0.1,4,-0.37000000000000005,-0.32000000000000006,1114,-0.037171557545661926,0.1972174048423767,-0.32585853338241577,-0.3348802626132965,0.9315351247787476,y
2,0.05,0.1,5,-0.32000000000000006,-0.2700000000000001,1519,-0.12445160001516342,0.3575705885887146,-0.26378458738327026,-0.29741331934928894,0.7987914681434631,y
2,0.05,0.1,6,-0.2700000000000001,-0.22000000000000008,1858,-0.12564025819301605,0.5087052583694458,-0.21451707184314728,-0.24319568276405334,0.6053421497344971,y
2,0.05,0.1,7,-0.22000000000000008,-0.1700000000000001,2475,-0.03694720193743706,0.6146271824836731,-0.1767299771308899,-0.19453956186771393,0.568708062171936,y
2,0.05,0.1,8,-0.1700000000000001,-0.1200000000000001,2734,-0.1859380453824997,0.8128668069839478,-0.12713982164859772,-0.1445791870355606,0.6702629327774048,y
2,0.05,0.1,9,-0.1200000000000001,-0.07000000000000012,3322,-0.27478906512260437,1.8769856691360474,-0.09031045436859131,-0.0956077128648758,0.7873495221138,y
2,0.05,0.1,10,-0.07000000000000012,-0.02000000000000013,2991,-3.5073864459991455,11.156978607177734,0.013797207735478878,-0.04467898979783058,0.6283065676689148,y
2,0.05,0.1,11,-0.02000000000000013,0.029999999999999805,1653,-15.31441879272461,172.10552978515625,0.07360666245222092,-0.00682448223233223,0.5381819605827332,y
2,0.05,0.1,13,0.07999999999999985,0.1299999999999999,3489,7.251414775848389,4.264902591705322,0.30828458070755005,0.11913079023361206,0.3090697228908539,y
2,0.05,0.1,14,0.1299999999999999,0.17999999999999983,6828,4.655639171600342,2.9944021701812744,0.2998924255371094,0.15112659335136414,0.3114404082298279,y
2,0.05,0.1,15,0.17999999999999983,0.22999999999999976,4909,2.394961357116699,2.0924408435821533,0.28761187195777893,0.2016759067773819,0.32462137937545776,y
2,0.05,0.1,16,0.22999999999999976,0.2799999999999998,3789,0.48755574226379395,0.9517419338226318,0.2822814881801605,0.25534239411354065,0.4188752770423889,y
2,0.05,0.1,17,0.2799999999999998,0.32999999999999985,6173,0.0759807601571083,0.5770812630653381,0.30597934126853943,0.30672985315322876,0.3701781630516052,y
2,0.05,0.1,18,0.32999999999999985,0.3799999999999998,2246,-0.1960052102804184,1.0696653127670288,0.32409220933914185,0.3565506339073181,0.45164939761161804,y
2,0.05,0.1,19,0.3799999999999998,0.4299999999999997,1541,-0.30597397685050964,1.4760915040969849,0.37086397409439087,0.39735057950019836,0.3456975817680359,y
2,0.05,0.1,20,0.4299999999999997,0.47999999999999976,508,-0.0600120984017849,0.34034043550491333,0.45771557092666626,0.45129838585853577,0.602811336517334,y
2,0.05,0.1,21,0.47999999999999976,0.5299999999999998,249,0.02625122293829918,0.10774543136358261,0.5006304979324341,0.4947509467601776,0.6125126481056213,y
3,0.1,0.2,0,-inf,-0.52,40,-0.044801976531744,0.0713382363319397,-0.5296418070793152,-0.5329738855361938,0.13927073776721954,y
3,0.1,0.2,1,-0.52,-0.47000000000000003,92,0.022668857127428055,0.028515486046671867,-0.4961114227771759,-0.4938095808029175,0.23901107907295227,y
3,0.1,0.2,2,-0.47000000000000003,-0.42000000000000004,96,0.04641113802790642,0.018799271434545517,-0.452686071395874,-0.44470539689064026,0.3877703845500946,y
3,0.1,0.2,3,-0.42000000000000004,-0.37000000000000005,149,0.052118346095085144,0.15317963063716888,-0.3862098753452301,-0.3898133337497711,0.3835219740867615,y
3,0.1,0.2,4,-0.37000000000000005,-0.32000000000000006,1114,-0.037171557545661926,0.1972174048423767,-0.32585853338241577,-0.3348802626132965,0.9315351247787476,y
3,0.1,0.2,5,-0.32000000000000006,-0.2700000000000001,1519,-0.12445160001516342,0.3575705885887146,-0.26378458738327026,-0.29741331934928894,0.7987914681434631,y
3,0.1,0.2,6,-0.2700000000000001,-0.22000000000000008,1772,-0.1078575998544693,0.5117629170417786,-0.21338534355163574,-0.24311015009880066,0.6313594579696655,y
3,0.1,0.2,7,-0.22000000000000008,-0.1700000000000001,2375,-0.01227568369358778,0.6177994608879089,-0.1763928234577179,-0.19463230669498444,0.5896646976470947,y
3,0.1,0.2,8,-0.1700000000000001,-0.1200000000000001,2574,-0.19851531088352203,0.832726001739502,-0.12612217664718628,-0.14460772275924683,0.7074655890464783,y
3,0.1,0.2,9,-0.1200000000000001,-0.07000000000000012,3168,-0.34957870841026306,1.8904296159744263,-0.08978366106748581,-0.09561049193143845,0.8219225406646729,y
3,0.1,0.2,10,-0.07000000000000012,-0.02000000000000013,2888,-3.7604119777679443,11.18801212310791,0.016357649117708206,-0.044605549424886703,0.6480035781860352,y
3,0.1,0.2,11,-0.02000000000000013,0.029999999999999805,1614,-15.974114418029785,173.86265563964844,0.07590467482805252,-0.006820261478424072,0.5493866205215454,y
3,0.1,0.2,13,0.07999999999999985,0.1299999999999999,3406,7.456722736358643,4.075829982757568,0.31324562430381775,0.11915230751037598,0.3150240480899811,y
3,0.1,0.2,14,0.1299999999999999,0.17999999999999983,6671,4.785055160522461,2.8811471462249756,0.30361586809158325,0.1510556936264038,0.31724879145622253,y
3,0.1,0.2,15,0.17999999999999983,0.22999999999999976,4765,2.489527702331543,2.0552988052368164,0.2904229462146759,0.2016373574733734,0.33237454295158386,y
3,0.1,0.2,16,0.22999999999999976,0.2799999999999998,3670,0.5248996615409851,0.9220696091651917,0.28368058800697327,0.25527331233024597,0.4302917718887329,y
3,0.1,0.2,17,0.2799999999999998,0.32999999999999985,4949,0.0858432948589325,0.45205584168434143,0.3039070665836334,0.3053995668888092,0.44493368268013,y
3,0.1,0.2,18,0.32999999999999985,0.3799999999999998,1568,-0.3325355052947998,1.0393896102905273,0.3084354102611542,0.3563324809074402,0.6166135668754578,y
3,0.1,0.2,19,0.3799999999999998,0.4299999999999997,898,-0.21405288577079773,0.9569922089576721,0.3736780285835266,0.40129390358924866,0.5415388345718384,y
3,0.1,0.2,20,0.4299999999999997,0.47999999999999976,361,0.04104962572455406,0.08587878942489624,0.4674347937107086,0.4526804983615875,0.8221956491470337,y
3,0.1,0.2,21,0.47999999999999976,0.5299999999999998,213,0.018211910501122475,0.04323849081993103,0.5003294348716736,0.4945301115512848,0.7046149373054504,y
4,0.2,0.3,1,-0.52,-0.47000000000000003,60,0.019045012071728706,0.023038798943161964,-0.4898322522640228,-0.487379252910614,0.2782287001609802,y
4,0.2,0.3,2,-0.47000000000000003,-0.42000000000000004,96,0.04641113802790642,0.018799271434545517,-0.452686071395874,-0.44470539689064026,0.3877703845500946,y
4,0.2,0.3,3,-0.42000000000000004,-0.37000000000000005,130,0.034559156745672226,0.15221953392028809,-0.3859558701515198,-0.3917355537414551,0.41224321722984314,y
4,0.2,0.3,4,-0.37000000000000005,-0.32000000000000006,1046,-0.0433964841067791,0.19374391436576843,-0.32405421137809753,-0.33369168639183044,0.9801580905914307,y
4,0.2,0.3,5,-0.32000000000000006,-0.2700000000000001,1483,-0.12823888659477234,0.35447824001312256,-0.26329389214515686,-0.29771336913108826,0.8137245178222656,y
4,0.2,0.3,6,-0.2700000000000001,-0.22000000000000008,1576,-0.1604354977607727,0.483754962682724,-0.20822273194789886,-0.2431965172290802,0.6910761594772339,y
4,0.2,0.3,7,-0.22000000000000008,-0.1700000000000001,1976,-0.10672659426927567,0.6043363213539124,-0.17059548199176788,-0.19489686191082,0.6780755519866943,y
4,0.2,0.3,8,-0.1700000000000001,-0.1200000000000001,2243,-0.15230321884155273,0.8336005210876465,-0.1249576210975647,-0.14437782764434814,0.7881312966346741,y
4,0.2,0.3,9,-0.1200000000000001,-0.07000000000000012,2804,-0.1418592780828476,1.6894934177398682,-0.09401105344295502,-0.095863938331604,0.9079968333244324,y
4,0.2,0.3,10,-0.07000000000000012,-0.02000000000000013,2186,-1.9393606185913086,5.45217752456665,0.0061361831612885,-0.0457749143242836,0.8037031292915344,y
4,0.2,0.3,11,-0.02000000000000013,0.029999999999999805,1050,-5.090123176574707,77.12742614746094,0.05556771531701088,-0.006929988972842693,0.7598052620887756,y
4,0.2,0.3,13,0.07999999999999985,0.1299999999999999,2972,7.259507656097412,3.925774097442627,0.31289172172546387,0.11911515891551971,0.3337053656578064,y
4,0.2,0.3,14,0.1299999999999999,0.17999999999999983,4672,4.256309509277344,2.9400880336761475,0.29370614886283875,0.14777697622776031,0.37623462080955505,y
4,0.2,0.3,15,0.17999999999999983,0.22999999999999976,2456,1.0953481197357178,1.3182778358459473,0.26910197734832764,0.20521719753742218,0.5032455921173096,y
4,0.2,0.3,16,0.22999999999999976,0.2799999999999998,2983,0.4053504467010498,0.7300012707710266,0.27885672450065613,0.25637248158454895,0.49269625544548035,y
4,0.2,0.3,17,0.2799999999999998,0.32999999999999985,4047,0.09853290021419525,0.46787071228027344,0.30269119143486023,0.30460551381111145,0.5103681683540344,y
4,0.2,0.3,18,0.32999999999999985,0.3799999999999998,1051,-0.3335341811180115,0.893568754196167,0.2963499426841736,0.3541301488876343,0.8523744940757751,y
4,0.2,0.3,19,0.3799999999999998,0.4299999999999997,544,-0.0832095593214035,0.4411625266075134,0.3773963749408722,0.40132975578308105,0.8031641840934753,y
4,0.2,0.3,20,0.4299999999999997,0.47999999999999976,346,0.04558269679546356,0.08070823550224304,0.46898359060287476,0.45339155197143555,0.8528690934181213,y
4,0.2,0.3,21,0.47999999999999976,0.5299999999999998,206,0.017366819083690643,0.02392594888806343,0.5002437233924866,0.4943615198135376,0.7245398163795471,y
5,0.3,0.4,1,-0.52,-0.47000000000000003,19,0.01721084676682949,0.017525356262922287,-0.4848221242427826,-0.4816114604473114,0.35363203287124634,y
5,0.3,0.4,2,-0.47000000000000003,-0.42000000000000004,90,0.04577505216002464,0.019077826291322708,-0.45141661167144775,-0.44337373971939087,0.3949585258960724,y
5,0.3,0.4,3,-0.42000000000000004,-0.37000000000000005,80,-0.041516199707984924,0.15623179078102112,-0.37609222531318665,-0.3927377462387085,0.5166676640510559,y
5,0.3,0.4,4,-0.37000000000000005,-0.32000000000000006,923,-0.07050828635692596,0.19143730401992798,-0.32068541646003723,-0.3330078721046448,1.077843189239502,y
5,0.3,0.4,5,-0.32000000000000006,-0.2700000000000001,1350,-0.1571682095527649,0.3554830551147461,-0.25892317295074463,-0.29748857021331787,0.8697195053100586,y
5,0.3,0.4,6,-0.2700000000000001,-0.22000000000000008,1524,-0.16969728469848633,0.48785555362701416,-0.20697738230228424,-0.2432367503643036,0.7063020467758179,y
5,0.3,0.4,7,-0.22000000000000008,-0.1700000000000001,1761,-0.15880374610424042,0.6164374351501465,-0.16684067249298096,-0.19547472894191742,0.7296179533004761,y
5,0.3,0.4,8,-0.1700000000000001,-0.1200000000000001,1986,-0.13104161620140076,0.8486037254333496,-0.12344395369291306,-0.14391577243804932,0.8578036427497864,y
5,0.3,0.4,9,-0.1200000000000001,-0.07000000000000012,2617,-0.08190084248781204,1.498379111289978,-0.09717796742916107,-0.09614783525466919,0.9547455310821533,y
5,0.3,0.4,10,-0.07000000000000012,-0.02000000000000013,1742,-1.0144479274749756,3.2958641052246094,-0.0020150996278971434,-0.046361710876226425,0.9462581872940063,y
5,0.3,0.4,11,-0.02000000000000013,0.029999999999999805,709,-2.9796931743621826,42.0085563659668,0.057377610355615616,-0.007540059741586447,1.0096858739852905,y
5,0.3,0.4,13,0.07999999999999985,0.1299999999999999,466,0.8378291726112366,2.14538836479187,0.16676490008831024,0.11842715740203857,0.8711055517196655,y
5,0.3,0.4,14,0.1299999999999999,0.17999999999999983,1291,1.0311096906661987,2.0564169883728027,0.2193673551082611,0.15673336386680603,0.754204511642456,y
5,0.3,0.4,15,0.17999999999999983,0.22999999999999976,1701,0.7568773627281189,1.2783989906311035,0.2606886923313141,0.2071043699979782,0.6178449988365173,y
5,0.3,0.4,16,0.22999999999999976,0.2799999999999998,2279,0.2749515473842621,0.7547717094421387,0.2694844901561737,0.2555764615535736,0.5664179921150208,y
5,0.3,0.4,17,0.2799999999999998,0.32999999999999985,3095,0.10300235450267792,0.5132328271865845,0.29964709281921387,0.30409887433052063,0.5902625918388367,y
5,0.3,0.4,18,0.32999999999999985,0.3799999999999998,804,-0.1912810355424881,0.6515699028968811,0.3090626299381256,0.35319945216178894,1.0383021831512451,y
5,0.3,0.4,19,0.3799999999999998,0.4299999999999997,443,-0.06985285133123398,0.21933890879154205,0.38595977425575256,0.4015323519706726,0.9286229014396667,y
5,0.3,0.4,20,0.4299999999999997,0.47999999999999976,315,0.04063717648386955,0.0812750980257988,0.47121500968933105,0.45518073439598083,0.9079781770706177,y
5,0.3,0.4,21,0.47999999999999976,0.5299999999999998,181,0.014010143466293812,0.019302288070321083,0.49840953946113586,0.4926501214504242,0.7883955240249634,y
6,0.4,0.5,2,-0.47000000000000003,-0.42000000000000004,37,0.040500130504369736,0.023547621443867683,-0.4536953568458557,-0.44487082958221436,0.4519694149494171,y
6,0.4,0.5,3,-0.42000000000000004,-0.37000000000000005,43,-0.16702955961227417,0.11599999666213989,-0.335060715675354,-0.37604013085365295,0.6693333983421326,y
6,0.4,0.5,4,-0.37000000000000005,-0.32000000000000006,870,-0.08814584463834763,0.1820598691701889,-0.3180530369281769,-0.3326958417892456,1.122378945350647,y
6,0.4,0.5,5,-0.32000000000000006,-0.2700000000000001,1250,-0.1866048276424408,0.327133446931839,-0.25313544273376465,-0.2975551187992096,0.910750687122345,y
6,0.4,0.5,6,-0.2700000000000001,-0.22000000000000008,1358,-0.22644102573394775,0.4708900451660156,-0.19954445958137512,-0.24343398213386536,0.7485520839691162,y
6,0.4,0.5,7,-0.22000000000000008,-0.1700000000000001,1449,-0.2654480040073395,0.6427228450775146,-0.1566292643547058,-0.19496576488018036,0.8111560344696045,y
6,0.4,0.5,8,-0.1700000000000001,-0.1200000000000001,1653,-0.1734144389629364,0.909925103187561,-0.11847198009490967,-0.14371494948863983,0.959639310836792,y
6,0.4,0.5,9,-0.1200000000000001,-0.07000000000000012,2294,-0.03820301592350006,1.3770698308944702,-0.10167931765317917,-0.09662776440382004,1.0396955013275146,y
6,0.4,0.5,10,-0.07000000000000012,-0.02000000000000013,1350,-1.1294069290161133,3.172407865524292,0.003912940621376038,-0.04679414629936218,1.1193909645080566,y
6,0.4,0.5,11,-0.02000000000000013,0.029999999999999805,544,-3.6314995288848877,39.14439010620117,0.07296380400657654,-0.007302128244191408,1.2133203744888306,y
6,0.4,0.5,13,0.07999999999999985,0.1299999999999999,345,0.6386629939079285,1.9538856744766235,0.16054292023181915,0.11882185190916061,1.0570330619812012,y
6,0.4,0.5,14,0.1299999999999999,0.17999999999999983,958,0.5147696137428284,1.5876953601837158,0.18603913486003876,0.15547578036785126,0.8985441327095032,y
6,0.4,0.5,15,0.17999999999999983,0.22999999999999976,1137,0.5662177205085754,1.2721515893936157,0.2406955510377884,0.20591026544570923,0.748506486415863,y
6,0.4,0.5,16,0.22999999999999976,0.2799999999999998,1336,0.14248201251029968,0.8843181133270264,0.2514757513999939,0.25476452708244324,0.7199223637580872,y
6,0.4,0.5,17,0.2799999999999998,0.32999999999999985,1537,0.058461785316467285,0.5438676476478577,0.28766167163848877,0.3041653037071228,0.8337196111679077,y
6,0.4,0.5,18,0.32999999999999985,0.3799999999999998,543,-0.10704433172941208,0.43512603640556335,0.320817768573761,0.3533536195755005,1.3712269067764282,y
6,0.4,0.5,19,0.3799999999999998,0.4299999999999997,311,-0.08970516920089722,0.11609183251857758,0.3830333650112152,0.39870375394821167,1.1764421463012695,y
6,0.4,0.5,20,0.4299999999999997,0.47999999999999976,231,0.04268665984272957,0.05387771874666214,0.4806835651397705,0.46049052476882935,1.113937258720398,y
6,0.4,0.5,21,0.47999999999999976,0.5299999999999998,149,0.014136360026896,0.017324520274996758,0.4963982105255127,0.4900228977203369,0.8834614753723145,y
7,0.5,0.6,3,-0.42000000000000004,-0.37000000000000005,39,-0.16538038849830627,0.1157527044415474,-0.3344931900501251,-0.3761473000049591,0.6892815828323364,y
7,0.5,0.6,4,-0.37000000000000005,-0.32000000000000006,861,-0.08914873749017715,0.18047042191028595,-0.31770601868629456,-0.33254945278167725,1.1295478343963623,y
7,0.5,0.6,5,-0.32000000000000006,-0.2700000000000001,1196,-0.20432201027870178,0.30820104479789734,-0.2499202936887741,-0.2980356812477112,0.9322149753570557,y
7,0.5,0.6,6,-0.2700000000000001,-0.22000000000000008,1223,-0.2756389081478119,0.466509610414505,-0.19306161999702454,-0.24387265741825104,0.7821034789085388,y
7,0.5,0.6,7,-0.22000000000000008,-0.1700000000000001,1306,-0.29664096236228943,0.6590389609336853,-0.15322735905647278,-0.19546735286712646,0.8510457873344421,y
7,0.5,0.6,8,-0.1700000000000001,-0.1200000000000001,1499,-0.18926599621772766,0.9441590905189514,-0.11609876155853271,-0.1437162160873413,1.014407992362976,y
7,0.5,0.6,9,-0.1200000000000001,-0.07000000000000012,2024,0.02688164822757244,1.3466523885726929,-0.10711986571550369,-0.09703884273767471,1.1206125020980835,y
7,0.5,0.6,10,-0.07000000000000012,-0.02000000000000013,1170,-1.084154725074768,3.123810291290283,0.005783767439424992,-0.04632754623889923,1.2247693538665771,y
7,0.5,0.6,11,-0.02000000000000013,0.029999999999999805,504,-3.885514974594116,36.31304931640625,0.07478513568639755,-0.007410888560116291,1.2754061222076416,y
7,0.5,0.6,13,0.07999999999999985,0.1299999999999999,293,0.704527735710144,2.0132546424865723,0.16197964549064636,0.11857535690069199,1.1693233251571655,y
7,0.5,0.6,14,0.1299999999999999,0.17999999999999983,694,0.4281705319881439,1.6607918739318848,0.17232926189899445,0.15535365045070648,1.0663180351257324,y
7,0.5,0.6,15,0.17999999999999983,0.22999999999999976,687,0.19382907450199127,1.262122392654419,0.1927049160003662,0.20543800294399261,0.9458293914794922,y
7,0.5,0.6,16,0.22999999999999976,0.2799999999999998,796,0.08678808063268661,0.7942357659339905,0.24601899087429047,0.25551414489746094,0.9050595760345459,y
7,0.5,0.6,17,0.2799999999999998,0.32999999999999985,775,-0.06483244895935059,0.4530113935470581,0.2668539583683014,0.3039065897464752,1.2257155179977417,y
7,0.5,0.6,18,0.32999999999999985,0.3799999999999998,430,-0.05484970286488533,0.35717883706092834,0.3287840485572815,0.35320845246315,1.6140656471252441,y
7,0.5,0.6,19,0.3799999999999998,0.4299999999999997,230,-0.07638811320066452,0.12102744728326797,0.384265273809433,0.39745602011680603,1.4346908330917358,y
7,0.5,0.6,20,0.4299999999999997,0.47999999999999976,199,0.04059528931975365,0.035903070122003555,0.4839105010032654,0.4618631601333618,1.2211962938308716,y
7,0.5,0.6,21,0.47999999999999976,0.5299999999999998,125,0.014236273244023323,0.016374025493860245,0.4948430061340332,0.48780739307403564,0.9682345986366272,y
8,0.6,0.7,3,-0.42000000000000004,-0.37000000000000005,31,-0.12895753979682922,0.08370603621006012,-0.34152141213417053,-0.3765115439891815,0.7253320813179016,y
8,0.6,0.7,4,-0.37000000000000005,-0.32000000000000006,831,-0.08260075747966766,0.17804862558841705,-0.3187180161476135,-0.3320644497871399,1.1496154069900513,y
8,0.6,0.7,5,-0.32000000000000006,-0.2700000000000001,1177,-0.20793254673480988,0.3095046281814575,-0.2493685930967331,-0.2981850802898407,0.9382116794586182,y
8,0.6,0.7,6,-0.2700000000000001,-0.22000000000000008,905,-0.27150958776474,0.44125398993492126,-0.19075684249401093,-0.24700786173343658,0.8567120432853699,y
8,0.6,0.7,7,-0.22000000000000008,-0.1700000000000001,843,-0.2738615572452545,0.6909889578819275,-0.1465258002281189,-0.19415687024593353,1.014854907989502,y
8,0.6,0.7,8,-0.1700000000000001,-0.1200000000000001,1117,-0.11188463866710663,1.0471352338790894,-0.11459166556596756,-0.14326171576976776,1.17043137550354,y
8,0.6,0.7,9,-0.1200000000000001,-0.07000000000000012,1822,0.19096051156520844,1.2989144325256348,-0.11707320809364319,-0.09697023779153824,1.1820182800292969,y
8,0.6,0.7,10,-0.07000000000000012,-0.02000000000000013,1098,-0.8999215960502625,3.106717824935913,0.0023780972696840763,-0.04613105580210686,1.2690463066101074,y
8,0.6,0.7,11,-0.02000000000000013,0.029999999999999805,483,-3.4837255477905273,34.672672271728516,0.07343525439500809,-0.00748903164640069,1.3071140050888062,y
8,0.6,0.7,13,0.07999999999999985,0.1299999999999999,263,0.5077885389328003,2.0068938732147217,0.14833606779575348,0.11837082356214523,1.2383854389190674,y
8,0.6,0.7,14,0.1299999999999999,0.17999999999999983,503,0.20755164325237274,1.617855191230774,0.1491326242685318,0.1542360484600067,1.2660962343215942,y
8,0.6,0.7,15,0.17999999999999983,0.22999999999999976,415,-0.028018847107887268,1.0682251453399658,0.16040204465389252,0.20513533055782318,1.2116484642028809,y
8,0.6,0.7,16,0.22999999999999976,0.2799999999999998,590,0.020381934940814972,0.6566649079322815,0.23830856382846832,0.25705277919769287,1.0310733318328857,y
8,0.6,0.7,17,0.2799999999999998,0.32999999999999985,566,-0.14197906851768494,0.47518250346183777,0.2515849471092224,0.30510973930358887,1.4809837341308594,y
8,0.6,0.7,18,0.32999999999999985,0.3799999999999998,336,-0.01888892985880375,0.20581163465976715,0.3468875586986542,0.3536197245121002,1.9132208824157715,y
8,0.6,0.7,19,0.3799999999999998,0.4299999999999997,193,-0.059613365679979324,0.12046334892511368,0.38857558369636536,0.3975854516029358,1.6054586172103882,y
8,0.6,0.7,20,0.4299999999999997,0.47999999999999976,182,0.039153143763542175,0.028438324108719826,0.48502153158187866,0.46223214268684387,1.2842087745666504,y
8,0.6,0.7,21,0.47999999999999976,0.5299999999999998,107,0.014227934181690216,0.016896020621061325,0.49377983808517456,0.4861868619918823,1.0398988723754883,y
9,0.7,0.8,3,-0.42000000000000004,-0.37000000000000005,17,-0.07678418606519699,0.0422029085457325,-0.35521388053894043,-0.3779526948928833,0.783506453037262,y
9,0.7,0.8,4,-0.37000000000000005,-0.32000000000000006,683,-0.05081083998084068,0.17140451073646545,-0.3257077932357788,-0.33128494024276733,1.2572470903396606,y
9,0.7,0.8,5,-0.32000000000000006,-0.2700000000000001,625,-0.1938876509666443,0.286134272813797,-0.24789443612098694,-0.3015594780445099,1.1970714330673218,y
9,0.7,0.8,6,-0.2700000000000001,-0.22000000000000008,441,-0.2854933738708496,0.38726720213890076,-0.16918914020061493,-0.24436593055725098,1.0919270515441895,y
9,0.7,0.8,7,-0.22000000000000008,-0.1700000000000001,669,-0.3069486618041992,0.6062451601028442,-0.138503298163414,-0.19367997348308563,1.11069655418396,y
9,0.7,0.8,8,-0.1700000000000001,-0.1200000000000001,913,-0.14231164753437042,1.0596795082092285,-0.10860772430896759,-0.1436433047056198,1.2882630825042725,y
9,0.7,0.8,9,-0.1200000000000001,-0.07000000000000012,1557,0.35835668444633484,1.3172515630722046,-0.12739123404026031,-0.09620712697505951,1.274306058883667,y
9,0.7,0.8,10,-0.07000000000000012,-0.02000000000000013,1028,-0.7517305016517639,3.145803213119507,-0.0005399021320044994,-0.045886121690273285,1.3112163543701172,y
9,0.7,0.8,11,-0.02000000000000013,0.029999999999999805,465,-3.214318037033081,34.167198181152344,0.07234468311071396,-0.007492277771234512,1.3326550722122192,y
9,0.7,0.8,13,0.07999999999999985,0.1299999999999999,211,0.26680731773376465,1.761104941368103,0.13230876624584198,0.1179996132850647,1.3823124170303345,y
9,0.7,0.8,14,0.1299999999999999,0.17999999999999983,414,0.11767135560512543,1.1430838108062744,0.152097687125206,0.1546713411808014,1.400888204574585,y
9,0.7,0.8,15,0.17999999999999983,0.22999999999999976,350,-0.07325989753007889,0.7297409176826477,0.16321368515491486,0.2050808221101761,1.3186849355697632,y
9,0.7,0.8,16,0.22999999999999976,0.2799999999999998,478,-0.09230361133813858,0.5889557003974915,0.21649935841560364,0.25871041417121887,1.1207215785980225,y
9,0.7,0.8,17,0.2799999999999998,0.32999999999999985,510,-0.126345694065094,0.45224544405937195,0.2526354491710663,0.3043902516365051,1.5715742111206055,y
9,0.7,0.8,18,0.32999999999999985,0.3799999999999998,294,-0.001714316662400961,0.12060718238353729,0.3560931384563446,0.3540196716785431,2.0940752029418945,y
9,0.7,0.8,19,0.3799999999999998,0.4299999999999997,165,-0.03830156847834587,0.11713574826717377,0.39482778310775757,0.3976580500602722,1.7681348323822021,y
9,0.7,0.8,20,0.4299999999999997,0.47999999999999976,169,0.03816795349121094,0.023836463689804077,0.4854700565338135,0.46235358715057373,1.333359718322754,y
9,0.7,0.8,21,0.47999999999999976,0.5299999999999998,91,0.014621773734688759,0.017579669132828712,0.49330419301986694,0.4850328862667084,1.1095795631408691,y
10,0.8,0.9,3,-0.42000000000000004,-0.37000000000000005,6,-0.04224008694291115,0.018594928085803986,-0.36658766865730286,-0.3799689710140228,0.8501974940299988,y
10,0.8,0.9,4,-0.37000000000000005,-0.32000000000000006,571,-0.02955183945596218,0.14557458460330963,-0.3343416154384613,-0.33141791820526123,1.357352375984192,y
10,0.8,0.9,5,-0.32000000000000006,-0.2700000000000001,472,-0.18754102289676666,0.22702006995677948,-0.24488747119903564,-0.30238160490989685,1.3437411785125732,y
10,0.8,0.9,6,-0.2700000000000001,-0.22000000000000008,359,-0.28031665086746216,0.3012998104095459,-0.16070152819156647,-0.24338163435459137,1.1697286367416382,y
10,0.8,0.9,7,-0.22000000000000008,-0.1700000000000001,557,-0.28451716899871826,0.5202978253364563,-0.13410130143165588,-0.19368955492973328,1.182957410812378,y
10,0.8,0.9,8,-0.1700000000000001,-0.1200000000000001,800,-0.2266463339328766,1.0357462167739868,-0.09911511093378067,-0.1438511162996292,1.3651455640792847,y
10,0.8,0.9,9,-0.1200000000000001,-0.07000000000000012,1360,0.3980790078639984,1.366232991218567,-0.1308254599571228,-0.09604166448116302,1.350519061088562,y
10,0.8,0.9,10,-0.07000000000000012,-0.02000000000000013,962,-0.6293624043464661,3.2122557163238525,-0.0030698420014232397,-0.04566216468811035,1.3499176502227783,y
10,0.8,0.9,11,-0.02000000000000013,0.029999999999999805,444,-2.9562299251556396,34.148311614990234,0.0712825283408165,-0.007438479922711849,1.3599058389663696,y
10,0.8,0.9,13,0.07999999999999985,0.1299999999999999,175,0.017847293987870216,1.4947434663772583,0.10958743840456009,0.11839530616998672,1.5140618085861206,y
10,0.8,0.9,14,0.1299999999999999,0.17999999999999983,365,0.008473111316561699,1.015286922454834,0.13787998259067535,0.15450915694236755,1.4887909889221191,y
10,0.8,0.9,15,0.17999999999999983,0.22999999999999976,311,-0.1495463103055954,0.6878787279129028,0.14835797250270844,0.20485955476760864,1.3906164169311523,y
10,0.8,0.9,16,0.22999999999999976,0.2799999999999998,380,-0.16687291860580444,0.5267021656036377,0.1971130222082138,0.2595096528530121,1.2164000272750854,y
10,0.8,0.9,17,0.2799999999999998,0.32999999999999985,435,-0.09410767257213593,0.4133623242378235,0.2564082145690918,0.30341285467147827,1.7137656211853027,y
10,0.8,0.9,18,0.32999999999999985,0.3799999999999998,272,0.007813749834895134,0.11420482397079468,0.3583666682243347,0.3534852862358093,2.2028026580810547,y
10,0.8,0.9,19,0.3799999999999998,0.4299999999999997,148,-0.022717805579304695,0.11376827955245972,0.40031012892723083,0.39782747626304626,1.8853586912155151,y
10,0.8,0.9,20,0.4299999999999997,0.47999999999999976,154,0.03672262653708458,0.01786136068403721,0.4854462742805481,0.462199330329895,1.3902573585510254,y
10,0.8,0.9,21,0.47999999999999976,0.5299999999999998,77,0.014998826198279858,0.018562745302915573,0.49318575859069824,0.48430392146110535,1.1748566627502441,y
11,0.9,1.0,4,-0.37000000000000005,-0.32000000000000006,501,-0.019836479797959328,0.132938951253891,-0.33936649560928345,-0.3313722610473633,1.4283605813980103,y
11,0.9,1.0,5,-0.32000000000000006,-0.2700000000000001,397,-0.1597522348165512,0.20371024310588837,-0.2517840266227722,-0.30328431725502014,1.4373204708099365,y
11,0.9,1.0,6,-0.2700000000000001,-0.22000000000000008,306,-0.25091907382011414,0.257721483707428,-0.16121849417686462,-0.24306583404541016,1.2262569665908813,y
11,0.9,1.0,7,-0.22000000000000008,-0.1700000000000001,450,-0.24382515251636505,0.4320620596408844,-0.13200825452804565,-0.19385969638824463,1.2633767127990723,y
11,0.9,1.0,8,-0.1700000000000001,-0.1200000000000001,707,-0.24452655017375946,1.0249615907669067,-0.0945361852645874,-0.1434934437274933,1.4328172206878662,y
11,0.9,1.0,9,-0.1200000000000001,-0.07000000000000012,1177,0.44443801045417786,1.4124232530593872,-0.13508376479148865,-0.09617695212364197,1.4285914897918701,y
11,0.9,1.0,10,-0.07000000000000012,-0.02000000000000013,855,-0.43533560633659363,3.196396589279175,-0.008467117324471474,-0.04542490094900131,1.4114198684692383,y
11,0.9,1.0,11,-0.02000000000000013,0.029999999999999805,415,-2.6815052032470703,32.38981246948242,0.06538686901330948,-0.007586499210447073,1.3948699235916138,y
11,0.9,1.0,13,0.07999999999999985,0.1299999999999999,157,-0.12363073974847794,1.3439308404922485,0.09059518575668335,0.11842244118452072,1.5904544591903687,y
11,0.9,1.0,14,0.1299999999999999,0.17999999999999983,335,-0.05909978970885277,0.9458335041999817,0.128104567527771,0.15448114275932312,1.545779824256897,y
11,0.9,1.0,15,0.17999999999999983,0.22999999999999976,278,-0.21067188680171967,0.6329953670501709,0.13432841002941132,0.20493309199810028,1.4544485807418823,y
11,0.9,1.0,16,0.22999999999999976,0.2799999999999998,316,-0.23467399179935455,0.48841091990470886,0.1773383468389511,0.2595771253108978,1.290747880935669,y
11,0.9,1.0,17,0.2799999999999998,0.32999999999999985,356,-0.018245859071612358,0.3567614257335663,0.27179089188575745,0.3042921721935272,1.9033249616622925,y
11,0.9,1.0,18,0.32999999999999985,0.3799999999999998,262,0.011308204382658005,0.11050760000944138,0.3592245578765869,0.35336610674858093,2.2549638748168945,y
11,0.9,1.0,19,0.3799999999999998,0.4299999999999997,129,0.00026047241408377886,0.10385073721408844,0.41006872057914734,0.39860156178474426,2.037904977798462,y
11,0.9,1.0,20,0.4299999999999997,0.47999999999999976,141,0.03643563389778137,0.015466232784092426,0.4853447377681732,0.461347758769989,1.4402495622634888,y
11,0.9,1.0,21,0.47999999999999976,0.5299999999999998,67,0.015280159190297127,0.01950524002313614,0.4933016300201416,0.48393169045448303,1.2237902879714966,y
12,1.0,1.1,4,-0.37000000000000005,-0.32000000000000006,431,-0.006649000104516745,0.12386318296194077,-0.34604206681251526,-0.33116093277931213,1.505595326423645,y
12,1.0,1.1,5,-0.32000000000000006,-0.2700000000000001,339,-0.15158136188983917,0.18878185749053955,-0.2559712827205658,-0.3052932024002075,1.5204979181289673,y
12,1.0,1.1,6,-0.2700000000000001,-0.22000000000000008,241,-0.24456477165222168,0.23773077130317688,-0.1580207794904709,-0.24259455502033234,1.2996141910552979,y
12,1.0,1.1,7,-0.22000000000000008,-0.1700000000000001,386,-0.22470331192016602,0.38838595151901245,-0.13085901737213135,-0.19371551275253296,1.3157814741134644,y
12,1.0,1.1,8,-0.1700000000000001,-0.1200000000000001,631,-0.2527857720851898,1.0163369178771973,-0.0907956138253212,-0.14286869764328003,1.490900993347168,y
12,1.0,1.1,9,-0.1200000000000001,-0.07000000000000012,1047,0.4569435119628906,1.3801835775375366,-0.13875877857208252,-0.09653658419847488,1.4879943132400513,y
12,1.0,1.1,10,-0.07000000000000012,-0.02000000000000013,719,-0.20071355998516083,2.4744694232940674,-0.023977968841791153,-0.045204803347587585,1.4993996620178223,y
12,1.0,1.1,11,-0.02000000000000013,0.029999999999999805,379,-2.2062747478485107,29.600631713867188,0.0571284294128418,-0.007611420005559921,1.4374945163726807,y
12,1.0,1.1,13,0.07999999999999985,0.1299999999999999,144,-0.18927179276943207,1.2718532085418701,0.08365646004676819,0.1184125617146492,1.6478456258773804,y
12,1.0,1.1,14,0.1299999999999999,0.17999999999999983,308,-0.1359008550643921,0.8834735751152039,0.11422544717788696,0.15462110936641693,1.5986502170562744,y
12,1.0,1.1,15,0.17999999999999983,0.22999999999999976,253,-0.24579787254333496,0.6015017628669739,0.12508051097393036,0.20509997010231018,1.5037426948547363,y
12,1.0,1.1,16,0.22999999999999976,0.2799999999999998,251,-0.3128378093242645,0.4375928044319153,0.15037782490253448,0.2584165632724762,1.3787362575531006,y
12,1.0,1.1,17,0.2799999999999998,0.32999999999999985,301,0.023784706369042397,0.3092324435710907,0.28129199147224426,0.30533015727996826,2.077834129333496,y
12,1.0,1.1,18,0.32999999999999985,0.3799999999999998,251,0.013873876072466373,0.10696665942668915,0.3599718511104584,0.35309675335884094,2.311969518661499,y
12,1.0,1.1,19,0.3799999999999998,0.4299999999999997,124,0.007103943731635809,0.10019727051258087,0.41317903995513916,0.39879167079925537,2.0819220542907715,y
12,1.0,1.1,20,0.4299999999999997,0.47999999999999976,118,0.036137040704488754,0.013263807632029057,0.48390883207321167,0.4583691656589508,1.5368949174880981,y
12,1.0,1.1,21,0.47999999999999976,0.5299999999999998,61,0.01528663095086813,0.020306235179305077,0.4935459792613983,0.4839554727077484,1.2510064840316772,y
13,1.1,1.2,4,-0.37000000000000005,-0.32000000000000006,329,0.024956028908491135,0.10044988244771957,-0.36401933431625366,-0.33144867420196533,1.6465673446655273,y
13,1.1,1.2,5,-0.32000000000000006,-0.2700000000000001,306,-0.1376844346523285,0.18071149289608002,-0.26165616512298584,-0.3062119781970978,1.5714175701141357,y
13,1.1,1.2,6,-0.2700000000000001,-0.22000000000000008,148,-0.33138802647590637,0.19604113698005676,-0.12503843009471893,-0.242548868060112,1.4571079015731812,y
13,1.1,1.2,7,-0.22000000000000008,-0.1700000000000001,302,-0.2235260307788849,0.34530624747276306,-0.12808428704738617,-0.19268012046813965,1.3867188692092896,y
13,1.1,1.2,8,-0.1700000000000001,-0.1200000000000001,536,-0.21973222494125366,0.9015040993690491,-0.09871482849121094,-0.14234983921051025,1.5683282613754272,y
13,1.1,1.2,9,-0.1200000000000001,-0.07000000000000012,925,0.46541041135787964,1.23683500289917,-0.14550599455833435,-0.09638332575559616,1.5456769466400146,y
13,1.1,1.2,10,-0.07000000000000012,-0.02000000000000013,612,-0.08801520615816116,2.5064923763275146,-0.02840276248753071,-0.04475131630897522,1.5779311656951904,y
13,1.1,1.2,11,-0.02000000000000013,0.029999999999999805,332,-1.9311978816986084,28.577177047729492,0.053341250866651535,-0.007530211005359888,1.493481993675232,y
13,1.1,1.2,13,0.07999999999999985,0.1299999999999999,133,-0.27715378999710083,1.19483482837677,0.07006696611642838,0.11834192276000977,1.6964761018753052,y
13,1.1,1.2,14,0.1299999999999999,0.17999999999999983,282,-0.1974826604127884,0.8564789891242981,0.10376306623220444,0.15461879968643188,1.6500457525253296,y
13,1.1,1.2,15,0.17999999999999983,0.22999999999999976,226,-0.28358304500579834,0.5537587404251099,0.11218413710594177,0.20494666695594788,1.5573564767837524,y
13,1.1,1.2,16,0.22999999999999976,0.2799999999999998,174,-0.39244401454925537,0.3971729874610901,0.11641144752502441,0.25642895698547363,1.5247445106506348,y
13,1.1,1.2,17,0.2799999999999998,0.32999999999999985,259,0.05257461965084076,0.26516827940940857,0.2905883491039276,0.3067309260368347,2.2449584007263184,y
13,1.1,1.2,18,0.32999999999999985,0.3799999999999998,247,0.013165420852601528,0.10625429451465607,0.35964342951774597,0.3530906140804291,2.332315444946289,y
13,1.1,1.2,19,0.3799999999999998,0.4299999999999997,117,0.017423924058675766,0.09062904864549637,0.41932159662246704,0.39929503202438354,2.143080711364746,y
13,1.1,1.2,20,0.4299999999999997,0.47999999999999976,98,0.035940952599048615,0.012221320532262325,0.48183920979499817,0.4547293186187744,1.6400480270385742,y
13,1.1,1.2,21,0.47999999999999976,0.5299999999999998,48,0.013545212335884571,0.01905534416437149,0.4937628507614136,0.48452410101890564,1.3032804727554321,y
14,1.2,1.3,4,-0.37000000000000005,-0.32000000000000006,257,0.04735372215509415,0.08674199879169464,-0.3793778717517853,-0.33101919293403625,1.7853530645370483,y
14,1.2,1.3,5,-0.32000000000000006,-0.2700000000000001,253,-0.10906479507684708,0.17542722821235657,-0.2717560827732086,-0.3055166006088257,1.6589540243148804,y
14,1.2,1.3,6,-0.2700000000000001,-0.22000000000000008,103,-0.3707074820995331,0.13280050456523895,-0.10224021971225739,-0.2453768104314804,1.5985585451126099,y
14,1.2,1.3,7,-0.22000000000000008,-0.1700000000000001,223,-0.24408935010433197,0.3060024678707123,-0.1208111122250557,-0.19081415235996246,1.4711740016937256,y
14,1.2,1.3,8,-0.1700000000000001,-0.1200000000000001,457,-0.21722403168678284,0.7877570986747742,-0.10186735540628433,-0.14199091494083405,1.6400971412658691,y
14,1.2,1.3,9,-0.1200000000000001,-0.07000000000000012,797,0.42478010058403015,1.1769040822982788,-0.1453608274459839,-0.09622450917959213,1.609236717224121,y
14,1.2,1.3,10,-0.07000000000000012,-0.02000000000000013,525,0.00024572477559559047,2.499455213546753,-0.03334801271557808,-0.044206179678440094,1.649413824081421,y
14,1.2,1.3,11,-0.02000000000000013,0.029999999999999805,299,-1.9832580089569092,29.8809814453125,0.051517125219106674,-0.007557161618024111,1.5322000980377197,y
14,1.2,1.3,13,0.07999999999999985,0.1299999999999999,120,-0.3520565927028656,1.102968454360962,0.057554952800273895,0.11829973757266998,1.7548282146453857,y
14,1.2,1.3,14,0.1299999999999999,0.17999999999999983,253,-0.23740701377391815,0.8385539054870605,0.09542618691921234,0.15505580604076385,1.7077287435531616,y
14,1.2,1.3,15,0.17999999999999983,0.22999999999999976,198,-0.3037300109863281,0.5376877784729004,0.10458797216415405,0.204544797539711,1.61370849609375,y
14,1.2,1.3,16,0.22999999999999976,0.2799999999999998,124,-0.47072693705558777,0.34278759360313416,0.0792175754904747,0.25372985005378723,1.6790262460708618,y
14,1.2,1.3,17,0.2799999999999998,0.32999999999999985,224,0.048086974769830704,0.23426152765750885,0.2893896698951721,0.3079467713832855,2.4176220893859863,y
14,1.2,1.3,18,0.32999999999999985,0.3799999999999998,237,0.016174521297216415,0.10240195691585541,0.36064964532852173,0.3530732989311218,2.3825771808624268,y
14,1.2,1.3,19,0.3799999999999998,0.4299999999999997,113,0.023239009082317352,0.08728660643100739,0.4224850535392761,0.3995263874530792,2.1780307292938232,y
14,1.2,1.3,20,0.4299999999999997,0.47999999999999976,88,0.03628402575850487,0.01242560800164938,0.4812864363193512,0.45316532254219055,1.69598388671875,y
14,1.2,1.3,21,0.47999999999999976,0.5299999999999998,26,0.014333045110106468,0.0154496468603611,0.49569666385650635,0.48540523648262024,1.433825969696045,y
15,1.3,1.4,4,-0.37000000000000005,-0.32000000000000006,201,0.0661235973238945,0.0829993262887001,-0.39453431963920593,-0.33057689666748047,1.9343278408050537,y
15,1.3,1.4,5,-0.32000000000000006,-0.2700000000000001,205,-0.07777542620897293,0.1663770079612732,-0.28554195165634155,-0.30528539419174194,1.7552520036697388,y
15,1.3,1.4,6,-0.2700000000000001,-0.22000000000000008,90,-0.35849106311798096,0.11502838134765625,-0.10182753950357437,-0.2453397810459137,1.6478303670883179,y
15,1.3,1.4,7,-0.22000000000000008,-0.1700000000000001,155,-0.2876043915748596,0.3085072338581085,-0.10663995891809464,-0.19078238308429718,1.569213628768921,y
15,1.3,1.4,8,-0.1700000000000001,-0.1200000000000001,360,-0.18569041788578033,0.6739994883537292,-0.10900745540857315,-0.14229649305343628,1.743270993232727,y
15,1.3,1.4,9,-0.1200000000000001,-0.07000000000000012,671,0.38261353969573975,1.1481800079345703,-0.14486163854599,-0.09641562402248383,1.6765111684799194,y
15,1.3,1.4,10,-0.07000000000000012,-0.02000000000000013,452,0.06343138962984085,2.3259787559509277,-0.0371735580265522,-0.04399380460381508,1.7135734558105469,y
15,1.3,1.4,11,-0.02000000000000013,0.029999999999999805,245,-2.350600004196167,27.82322120666504,0.058602236211299896,-0.008225466124713421,1.5932632684707642,y
15,1.3,1.4,13,0.07999999999999985,0.1299999999999999,102,-0.29321861267089844,1.1419316530227661,0.06349410116672516,0.1179262325167656,1.843420147895813,y
15,1.3,1.4,14,0.1299999999999999,0.17999999999999983,215,-0.22246864438056946,0.8284093737602234,0.09449846297502518,0.15530811250209808,1.7880994081497192,y
15,1.3,1.4,15,0.17999999999999983,0.22999999999999976,172,-0.33075791597366333,0.5302337408065796,0.09545569866895676,0.20464347302913666,1.668280005455017,y
15,1.3,1.4,16,0.22999999999999976,0.2799999999999998,85,-0.47227489948272705,0.25660353899002075,0.05597100034356117,0.25319939851760864,1.8778835535049438,y
15,1.3,1.4,17,0.2799999999999998,0.32999999999999985,192,0.02976497821509838,0.22788335382938385,0.2767651379108429,0.30855345726013184,2.612222194671631,y
15,1.3,1.4,18,0.32999999999999985,0.3799999999999998,229,0.01529898401349783,0.0995633602142334,0.35998615622520447,0.3532961905002594,2.421609878540039,y
15,1.3,1.4,19,0.3799999999999998,0.4299999999999997,108,0.03023328259587288,0.0806986540555954,0.4275010824203491,0.3999645411968231,2.22064471244812,y
15,1.3,1.4,20,0.4299999999999997,0.47999999999999976,80,0.036737024784088135,0.01237857062369585,0.4809187352657318,0.4517920911312103,1.7423408031463623,y
15,1.3,1.4,21,0.47999999999999976,0.5299999999999998,19,0.012652856297791004,0.013225434347987175,0.495354562997818,0.4856831431388855,1.4997413158416748,y
16,1.4,1.5,4,-0.37000000000000005,-0.32000000000000006,131,0.09477432817220688,0.0824398547410965,-0.4248499870300293,-0.33043643832206726,2.2506768703460693,y
16,1.4,1.5,5,-0.32000000000000006,-0.2700000000000001,156,-0.045787472277879715,0.16690391302108765,-0.30137085914611816,-0.30434247851371765,1.8822293281555176,y
16,1.4,1.5,6,-0.2700000000000001,-0.22000000000000008,77,-0.34540921449661255,0.10148999840021133,-0.10199914127588272,-0.24487319588661194,1.6980971097946167,y
16,1.4,1.5,7,-0.22000000000000008,-0.1700000000000001,107,-0.3437598943710327,0.2695806324481964,-0.08553513884544373,-0.1910652071237564,1.6676654815673828,y
16,1.4,1.5,8,-0.1700000000000001,-0.1200000000000001,274,-0.18418405950069427,0.47628068923950195,-0.11052338778972626,-0.14300277829170227,1.8678359985351562,y
16,1.4,1.5,9,-0.1200000000000001,-0.07000000000000012,510,0.45638641715049744,1.0999441146850586,-0.1574857085943222,-0.0966130867600441,1.7801284790039062,y
16,1.4,1.5,10,-0.07000000000000012,-0.02000000000000013,379,0.08052356541156769,2.1962320804595947,-0.03350619599223137,-0.04347404092550278,1.783266305923462,y
16,1.4,1.5,11,-0.02000000000000013,0.029999999999999805,186,-3.38777494430542,30.244962692260742,0.07049524784088135,-0.009585213847458363,1.6698638200759888,y
16,1.4,1.5,13,0.07999999999999985,0.1299999999999999,87,-0.2810506522655487,1.1592814922332764,0.06370386481285095,0.11850154399871826,1.9303429126739502,y
16,1.4,1.5,14,0.1299999999999999,0.17999999999999983,189,-0.23520779609680176,0.8302722573280334,0.08951010555028915,0.15527862310409546,1.84867525100708,y
16,1.4,1.5,15,0.17999999999999983,0.22999999999999976,145,-0.37294310331344604,0.5316556692123413,0.0830465629696846,0.20400261878967285,1.728046178817749,y
16,1.4,1.5,16,0.22999999999999976,0.2799999999999998,66,-0.46357905864715576,0.1827266812324524,0.03626750037074089,0.25303125381469727,2.029874324798584,y
16,1.4,1.5,17,0.2799999999999998,0.32999999999999985,167,0.009708678349852562,0.21917521953582764,0.2637907564640045,0.3086261749267578,2.8020212650299072,y
16,1.4,1.5,18,0.32999999999999985,0.3799999999999998,219,0.01819416508078575,0.09754461795091629,0.36104023456573486,0.35334235429763794,2.4699440002441406,y
16,1.4,1.5,19,0.3799999999999998,0.4299999999999997,103,0.03823525458574295,0.07533744722604752,0.43248113989830017,0.4004695415496826,2.2632155418395996,y
16,1.4,1.5,20,0.4299999999999997,0.47999999999999976,67,0.03695586323738098,0.012215428985655308,0.4801607131958008,0.4496300220489502,1.8192453384399414,y
16,1.4,1.5,21,0.47999999999999976,0.5299999999999998,13,0.014537379145622253,0.011269781738519669,0.4965335726737976,0.48555877804756165,1.5703710317611694,y
17,1.5,1.6,4,-0.37000000000000005,-0.32000000000000006,101,0.11935874819755554,0.08166589587926865,-0.4488418996334076,-0.3302910625934601,2.490138292312622,y
17,1.5,1.6,5,-0.32000000000000006,-0.2700000000000001,123,-0.009108923375606537,0.16158032417297363,-0.32109707593917847,-0.30489233136177063,1.9983241558074951,y
17,1.5,1.6,6,-0.2700000000000001,-0.22000000000000008,66,-0.33499035239219666,0.09078389406204224,-0.10321296006441116,-0.24548493325710297,1.7395384311676025,y
17,1.5,1.6,7,-0.22000000000000008,-0.1700000000000001,80,-0.3920822739601135,0.239375039935112,-0.07028697431087494,-0.19328437745571136,1.743692398071289,y
17,1.5,1.6,8,-0.1700000000000001,-0.1200000000000001,215,-0.20715492963790894,0.39248141646385193,-0.09629597514867783,-0.14244388043880463,1.9824613332748413,y
17,1.5,1.6,9,-0.1200000000000001,-0.07000000000000012,397,0.40354496240615845,1.0104727745056152,-0.1587969958782196,-0.09767335653305054,1.874976634979248,y
17,1.5,1.6,10,-0.07000000000000012,-0.02000000000000013,301,0.05613481253385544,2.0451748371124268,-0.023689674213528633,-0.042723093181848526,1.8704931735992432,y
17,1.5,1.6,11,-0.02000000000000013,0.029999999999999805,123,-2.559046745300293,29.58311653137207,0.10147964209318161,-0.01054660975933075,1.7807438373565674,y
17,1.5,1.6,13,0.07999999999999985,0.1299999999999999,71,-0.2783491015434265,1.145513653755188,0.06162533164024353,0.11908363550901413,2.037271022796631,y
17,1.5,1.6,14,0.1299999999999999,0.17999999999999983,160,-0.23181948065757751,0.8344086408615112,0.08674325048923492,0.15508651733398438,1.921421766281128,y
17,1.5,1.6,15,0.17999999999999983,0.22999999999999976,114,-0.4472348093986511,0.5386058688163757,0.06231166422367096,0.203114315867424,1.8043733835220337,y
17,1.5,1.6,16,0.22999999999999976,0.2799999999999998,56,-0.4191049337387085,0.16651642322540283,0.04263944551348686,0.2542746365070343,2.134324073791504,y
17,1.5,1.6,17,0.2799999999999998,0.32999999999999985,147,-0.00919117871671915,0.20108795166015625,0.25114938616752625,0.30949485301971436,2.986548900604248,y
17,1.5,1.6,18,0.32999999999999985,0.3799999999999998,206,0.022279292345046997,0.09723252058029175,0.3629859387874603,0.3539506196975708,2.534014940261841,y
17,1.5,1.6,19,0.3799999999999998,0.4299999999999997,99,0.04349493980407715,0.06974092125892639,0.437115877866745,0.4010142683982849,2.2962286472320557,y
17,1.5,1.6,20,0.4299999999999997,0.47999999999999976,58,0.03782746195793152,0.011879811063408852,0.4795418083667755,0.44752416014671326,1.877224087715149,y
17,1.5,1.6,21,0.47999999999999976,0.5299999999999998,8,0.014710931107401848,0.009723513387143612,0.4972194731235504,0.48535412549972534,1.6445600986480713,y
18,1.6,1.7,4,-0.37000000000000005,-0.32000000000000006,83,0.14100714027881622,0.07822119444608688,-0.4703826308250427,-0.3301171362400055,2.6949265003204346,y
18,1.6,1.7,5,-0.32000000000000006,-0.2700000000000001,100,0.0269182026386261,0.15252390503883362,-0.3422256112098694,-0.3067137897014618,2.103309392929077,y
18,1.6,1.7,6,-0.2700000000000001,-0.22000000000000008,56,-0.3211771845817566,0.078694649040699,-0.10559194535017014,-0.2451029121875763,1.7742040157318115,y
18,1.6,1.7,7,-0.22000000000000008,-0.1700000000000001,60,-0.4258635342121124,0.2178368866443634,-0.05980251356959343,-0.19488127529621124,1.8087165355682373,y
18,1.6,1.7,8,-0.1700000000000001,-0.1200000000000001,165,-0.215715691447258,0.3271865248680115,-0.08820431679487228,-0.1425188034772873,2.113682508468628,y
18,1.6,1.7,9,-0.1200000000000001,-0.07000000000000012,320,0.3479853570461273,0.9227057695388794,-0.15960869193077087,-0.09855282306671143,1.9537328481674194,y
18,1.6,1.7,10,-0.07000000000000012,-0.02000000000000013,240,0.08672373741865158,2.0307066440582275,-0.021658379584550858,-0.042172178626060486,1.9537194967269897,y
18,1.6,1.7,11,-0.02000000000000013,0.029999999999999805,76,-2.321296453475952,37.285614013671875,0.13583552837371826,-0.010492648929357529,1.9270035028457642,y
18,1.6,1.7,13,0.07999999999999985,0.1299999999999999,56,-0.5031313300132751,1.176295518875122,0.02409347891807556,0.11918209493160248,2.1722772121429443,y
18,1.6,1.7,14,0.1299999999999999,0.17999999999999983,134,-0.2910201847553253,0.8571266531944275,0.0738629624247551,0.15578413009643555,1.9924917221069336,y
18,1.6,1.7,15,0.17999999999999983,0.22999999999999976,94,-0.5639472007751465,0.5171358585357666,0.030212758108973503,0.20419058203697205,1.8566131591796875,y
18,1.6,1.7,16,0.22999999999999976,0.2799999999999998,39,-0.3592723309993744,0.13342733681201935,0.04376617446541786,0.2565756142139435,2.389042615890503,y
18,1.6,1.7,17,0.2799999999999998,0.32999999999999985,126,-0.03110213577747345,0.19993142783641815,0.2330637276172638,0.3091004192829132,3.226539373397827,y
18,1.6,1.7,18,0.32999999999999985,0.3799999999999998,192,0.02552787959575653,0.09376747906208038,0.3639144003391266,0.35412392020225525,2.6066033840179443,y
18,1.6,1.7,19,0.3799999999999998,0.4299999999999997,93,0.053291939198970795,0.0604727566242218,0.4445324242115021,0.401804655790329,2.3444206714630127,y
18,1.6,1.7,20,0.4299999999999997,0.47999999999999976,46,0.0372234582901001,0.010928129777312279,0.4789237678050995,0.44581952691078186,1.9606248140335083,y
18,1.6,1.7,21,0.47999999999999976,0.5299999999999998,5,0.014860665425658226,0.010046628303825855,0.4975441098213196,0.48512881994247437,1.700580358505249,y
19,1.7,1.8,4,-0.37000000000000005,-0.32000000000000006,72,0.15769872069358826,0.07470738142728806,-0.4883852005004883,-0.33078598976135254,2.855365753173828,y
19,1.7,1.8,5,-0.32000000000000006,-0.2700000000000001,79,0.06660481542348862,0.1390848159790039,-0.36728841066360474,-0.30893653631210327,2.225602865219116,y
19,1.7,1.8,6,-0.2700000000000001,-0.22000000000000008,45,-0.31180986762046814,0.06754427403211594,-0.10685737431049347,-0.24506740272045135,1.8051873445510864,y
19,1.7,1.8,7,-0.22000000000000008,-0.1700000000000001,48,-0.4502258896827698,0.1974644958972931,-0.05327958986163139,-0.19605715572834015,1.8490217924118042,y
19,1.7,1.8,8,-0.1700000000000001,-0.1200000000000001,135,-0.21181854605674744,0.3377050757408142,-0.08869137614965439,-0.14233793318271637,2.2162816524505615,y
19,1.7,1.8,9,-0.1200000000000001,-0.07000000000000012,250,0.3337482213973999,0.7940723896026611,-0.16448573768138885,-0.09943275153636932,2.039219856262207,y
19,1.7,1.8,10,-0.07000000000000012,-0.02000000000000013,186,0.04951414465904236,2.1473612785339355,-0.011254136450588703,-0.04078713431954384,2.042062759399414,y
19,1.7,1.8,11,-0.02000000000000013,0.029999999999999805,41,-2.75173020362854,31.55855941772461,0.19343364238739014,-0.008378555066883564,2.1703784465789795,y
19,1.7,1.8,13,0.07999999999999985,0.1299999999999999,50,-0.5485590100288391,1.1881765127182007,0.01458447240293026,0.11893909424543381,2.2386209964752197,y
19,1.7,1.8,14,0.1299999999999999,0.17999999999999983,104,-0.4397616982460022,0.8740398287773132,0.03669144585728645,0.15587656199932098,2.0932600498199463,y
19,1.7,1.8,15,0.17999999999999983,0.22999999999999976,68,-0.5841643214225769,0.525181233882904,0.01807941310107708,0.20293448865413666,1.9361861944198608,y
19,1.7,1.8,16,0.22999999999999976,0.2799999999999998,31,-0.33143123984336853,0.08448673039674759,0.0454837828874588,0.25833460688591003,2.5856804847717285,y
19,1.7,1.8,17,0.2799999999999998,0.32999999999999985,113,-0.0563400499522686,0.18732847273349762,0.21453474462032318,0.3088388741016388,3.407273530960083,y
19,1.7,1.8,18,0.32999999999999985,0.3799999999999998,181,0.030780769884586334,0.09239430725574493,0.3659522831439972,0.35390228033065796,2.66446590423584,y
19,1.7,1.8,19,0.3799999999999998,0.4299999999999997,90,0.05619627982378006,0.052642352879047394,0.44925686717033386,0.4022895395755768,2.367114543914795,y
19,1.7,1.8,20,0.4299999999999997,0.47999999999999976,36,0.03723930940032005,0.010153175331652164,0.4784223735332489,0.443820595741272,2.042945384979248,y
20,1.8,1.9,4,-0.37000000000000005,-0.32000000000000006,65,0.1712246537208557,0.06929001957178116,-0.5026076436042786,-0.33088189363479614,2.975316047668457,y
20,1.8,1.9,5,-0.32000000000000006,-0.2700000000000001,61,0.09654419869184494,0.10514653474092484,-0.4004672169685364,-0.31256303191185,2.3676199913024902,y
20,1.8,1.9,6,-0.2700000000000001,-0.22000000000000008,26,-0.30616697669029236,0.04967193678021431,-0.10513053834438324,-0.24215713143348694,1.8377877473831177,y
20,1.8,1.9,7,-0.22000000000000008,-0.1700000000000001,35,-0.448976069688797,0.20190954208374023,-0.05331293120980263,-0.194946750998497,1.8881312608718872,y
20,1.8,1.9,8,-0.1700000000000001,-0.1200000000000001,105,-0.19201618432998657,0.34184733033180237,-0.09253299981355667,-0.14152857661247253,2.3503594398498535,y
20,1.8,1.9,9,-0.1200000000000001,-0.07000000000000012,195,0.31802672147750854,0.7624533772468567,-0.1638580858707428,-0.09951461106538773,2.120818614959717,y
20,1.8,1.9,10,-0.07000000000000012,-0.02000000000000013,141,0.04196111857891083,2.1730563640594482,-0.0076024699956178665,-0.04142921417951584,2.1341781616210938,y
20,1.8,1.9,11,-0.02000000000000013,0.029999999999999805,31,-4.136903285980225,33.33913040161133,0.2061929553747177,-0.008359340950846672,2.310643196105957,y
20,1.8,1.9,13,0.07999999999999985,0.1299999999999999,43,-0.4366380274295807,1.212692379951477,0.03646200895309448,0.1186273843050003,2.3158419132232666,y
20,1.8,1.9,14,0.1299999999999999,0.17999999999999983,88,-0.4992523193359375,0.8612027764320374,0.015581781044602394,0.1546841859817505,2.1570539474487305,y
20,1.8,1.9,15,0.17999999999999983,0.22999999999999976,51,-0.6376873254776001,0.4480133652687073,-0.0066723451018333435,0.2015913724899292,1.9976974725723267,y
20,1.8,1.9,16,0.22999999999999976,0.2799999999999998,31,-0.33143123984336853,0.08448673039674759,0.0454837828874588,0.25833460688591003,2.5856804847717285,y
20,1.8,1.9,17,0.2799999999999998,0.32999999999999985,99,-0.07424591481685638,0.17923612892627716,0.19657939672470093,0.3082611560821533,3.64225697517395,y
20,1.8,1.9,18,0.32999999999999985,0.3799999999999998,172,0.03263722360134125,0.09149375557899475,0.3660569190979004,0.3535812199115753,2.7122182846069336,y
20,1.8,1.9,19,0.3799999999999998,0.4299999999999997,87,0.05980795621871948,0.04883435741066933,0.45298025012016296,0.4028804898262024,2.388444662094116,y
20,1.8,1.9,20,0.4299999999999997,0.47999999999999976,32,0.03692970797419548,0.009627126157283783,0.47799021005630493,0.443037211894989,2.0800845623016357,y
21,1.9,2.0,4,-0.37000000000000005,-0.32000000000000006,59,0.1845700889825821,0.0605490580201149,-0.5171652436256409,-0.3307417631149292,3.0905346870422363,y
21,1.9,2.0,5,-0.32000000000000006,-0.2700000000000001,48,0.11427351087331772,0.09336859732866287,-0.42269739508628845,-0.3135974705219269,2.5081663131713867,y
21,1.9,2.0,7,-0.22000000000000008,-0.1700000000000001,10,-0.3346174359321594,0.30045998096466064,-0.0786883756518364,-0.18232056498527527,2.00541615486145,y
21,1.9,2.0,8,-0.1700000000000001,-0.1200000000000001,77,-0.14610832929611206,0.3533346951007843,-0.10447096824645996,-0.140862375497818,2.534120559692383,y
21,1.9,2.0,9,-0.1200000000000001,-0.07000000000000012,144,0.2853071093559265,0.6815890073776245,-0.1613142341375351,-0.09954656660556793,2.215982675552368,y
21,1.9,2.0,10,-0.07000000000000012,-0.02000000000000013,104,-0.0020049894228577614,2.2841567993164062,-0.003182522486895323,-0.04305914789438248,2.2336084842681885,y
21,1.9,2.0,11,-0.02000000000000013,0.029999999999999805,25,-5.4270339012146,36.77422332763672,0.23513895273208618,-0.008547318167984486,2.41695499420166,y
21,1.9,2.0,13,0.07999999999999985,0.1299999999999999,41,-0.3532600998878479,1.2135460376739502,0.048731330782175064,0.11863496899604797,2.3363919258117676,y
21,1.9,2.0,14,0.1299999999999999,0.17999999999999983,78,-0.6299375891685486,0.7869289517402649,-0.0193325225263834,0.154293030500412,2.1958649158477783,y
21,1.9,2.0,15,0.17999999999999983,0.22999999999999976,35,-0.6460479497909546,0.06771952658891678,-0.06350453943014145,0.20048339664936066,2.067310094833374,y
21,1.9,2.0,16,0.22999999999999976,0.2799999999999998,28,-0.3292085826396942,0.08718566596508026,0.04060419276356697,0.25863149762153625,2.663196086883545,y
21,1.9,2.0,17,0.2799999999999998,0.32999999999999985,87,-0.11112190037965775,0.16390268504619598,0.16643638908863068,0.30685892701148987,3.8895761966705322,y
21,1.9,2.0,18,0.32999999999999985,0.3799999999999998,158,0.03408180922269821,0.0893261581659317,0.36590391397476196,0.3538268506526947,2.7896032333374023,y
21,1.9,2.0,19,0.3799999999999998,0.4299999999999997,82,0.06346495449542999,0.04182666540145874,0.45713871717453003,0.402885377407074,2.42227840423584,y
21,1.9,2.0,20,0.4299999999999997,0.47999999999999976,22,0.03563053905963898,0.006185190286487341,0.477155864238739,0.4419396221637726,2.190774440765381,y
22,2.0,2.5,4,-0.37000000000000005,-0.32000000000000006,56,0.19306065142154694,0.054061781615018845,-0.5253711342811584,-0.33061742782592773,3.1526200771331787,y
22,2.0,2.5,5,-0.32000000000000006,-0.2700000000000001,41,0.12853120267391205,0.09626251459121704,-0.43508049845695496,-0.31349220871925354,2.603959321975708,y
22,2.0,2.5,8,-0.1700000000000001,-0.1200000000000001,46,-0.001677206833846867,0.322204053401947,-0.1436671018600464,-0.1397523432970047,2.9257729053497314,y
22,2.0,2.5,9,-0.1200000000000001,-0.07000000000000012,99,0.27658382058143616,0.5878459811210632,-0.1635795533657074,-0.09915483742952347,2.335330009460449,y
22,2.0,2.5,10,-0.07000000000000012,-0.02000000000000013,78,-0.012010772712528706,2.0508227348327637,-0.008991139009594917,-0.04390101879835129,2.3303706645965576,y
22,2.0,2.5,11,-0.02000000000000013,0.029999999999999805,23,-5.267265796661377,38.29389190673828,0.25153571367263794,-0.008829382248222828,2.456076145172119,y
22,2.0,2.5,13,0.07999999999999985,0.1299999999999999,39,-0.37682315707206726,1.1868051290512085,0.04357602074742317,0.118606798350811,2.3553998470306396,y
22,2.0,2.5,14,0.1299999999999999,0.17999999999999983,67,-0.725213348865509,0.7240801453590393,-0.045198746025562286,0.15374867618083954,2.235612154006958,y
22,2.0,2.5,15,0.17999999999999983,0.22999999999999976,16,-0.6325833797454834,0.04217157140374184,-0.07580748200416565,0.1930757611989975,2.207850933074951,y
22,2.0,2.5,16,0.22999999999999976,0.2799999999999998,26,-0.3260408043861389,0.08890677243471146,0.03787016123533249,0.2593241035938263,2.7190771102905273,y
22,2.0,2.5,17,0.2799999999999998,0.32999999999999985,78,-0.12883591651916504,0.15200424194335938,0.14764152467250824,0.30588632822036743,4.113005638122559,y
22,2.0,2.5,18,0.32999999999999985,0.3799999999999998,147,0.03795435652136803,0.08863115310668945,0.36732378602027893,0.3537358343601227,2.852510452270508,y
22,2.0,2.5,19,0.3799999999999998,0.4299999999999997,74,0.0645909458398819,0.03623148798942566,0.46075305342674255,0.4027157127857208,2.4738450050354004,y
22,2.0,2.5,20,0.4299999999999997,0.47999999999999976,17,0.03585396707057953,0.004942993633449078,0.4768739640712738,0.4406742751598358,2.26236629486084,y
23,2.5,3.0,4,-0.37000000000000005,-0.32000000000000006,45,0.1972026228904724,0.03862447664141655,-0.5457332134246826,-0.3315832316875458,3.378932476043701,y
23,2.5,3.0,5,-0.32000000000000006,-0.2700000000000001,19,0.19676123559474945,0.0886373221874237,-0.5002643465995789,-0.31412118673324585,3.0718045234680176,y
23,2.5,3.0,8,-0.1700000000000001,-0.1200000000000001,22,0.147528737783432,0.010729759931564331,-0.22034122049808502,-0.14114898443222046,3.8460991382598877,y
23,2.5,3.0,9,-0.1200000000000001,-0.07000000000000012,16,0.2186196893453598,0.04624846950173378,-0.16751068830490112,-0.09719105064868927,3.309272527694702,y
23,2.5,3.0,10,-0.07000000000000012,-0.02000000000000013,26,-0.5750123858451843,3.078597068786621,0.029909711331129074,-0.045898906886577606,2.742004156112671,y
23,2.5,3.0,11,-0.02000000000000013,0.029999999999999805,9,-14.79538345336914,25.793502807617188,0.4202463924884796,-0.008483093231916428,3.0183491706848145,y
23,2.5,3.0,13,0.07999999999999985,0.1299999999999999,11,0.3694107234477997,1.1167997121810913,0.20187292993068695,0.11755894869565964,2.599062919616699,y
23,2.5,3.0,14,0.1299999999999999,0.17999999999999983,11,-0.7350680828094482,0.08022133260965347,-0.13458269834518433,0.14986608922481537,2.5704591274261475,y
23,2.5,3.0,16,0.22999999999999976,0.2799999999999998,12,-0.2664128243923187,0.06444325298070908,0.0337398536503315,0.2692817747592926,3.29514217376709,y
23,2.5,3.0,17,0.2799999999999998,0.32999999999999985,56,-0.16877152025699615,0.07257595658302307,0.07599066197872162,0.30390140414237976,4.863002300262451,y
23,2.5,3.0,18,0.32999999999999985,0.3799999999999998,69,0.047470565885305405,0.0927976593375206,0.3587193787097931,0.35483938455581665,3.5484282970428467,y
23,2.5,3.0,19,0.3799999999999998,0.4299999999999997,31,0.05926307290792465,0.013056728057563305,0.4697192311286926,0.4021114706993103,2.849313735961914,y
24,3.0,3.5,4,-0.37000000000000005,-0.32000000000000006,33,0.19509395956993103,0.0125521719455719,-0.5666972398757935,-0.33237147331237793,3.616434335708618,y
24,3.0,3.5,5,-0.32000000000000006,-0.2700000000000001,12,0.23545753955841064,0.07209781557321548,-0.5317478775978088,-0.31488037109375,3.2485954761505127,y
24,3.0,3.5,8,-0.1700000000000001,-0.1200000000000001,16,0.144316628575325,0.011028795503079891,-0.22639982402324677,-0.14019790291786194,4.26639461517334,y
24,3.0,3.5,9,-0.1200000000000001,-0.07000000000000012,9,0.2135292887687683,0.0369071289896965,-0.18145574629306793,-0.10118137300014496,3.7909345626831055,y
24,3.0,3.5,11,-0.02000000000000013,0.029999999999999805,5,-9.763927459716797,23.0904598236084,0.48919281363487244,-0.007656186819076538,3.177964687347412,y
24,3.0,3.5,16,0.22999999999999976,0.2799999999999998,8,-0.24657759070396423,0.04150313884019852,0.03500569984316826,0.2724207043647766,3.588639259338379,y
24,3.0,3.5,17,0.2799999999999998,0.32999999999999985,48,-0.16318723559379578,0.034569479525089264,0.0574805848300457,0.30448290705680847,5.228518009185791,y
24,3.0,3.5,18,0.32999999999999985,0.3799999999999998,21,-0.04071313887834549,0.1062074601650238,0.21243984997272491,0.353664368391037,5.494425296783447,y
24,3.0,3.5,19,0.3799999999999998,0.4299999999999997,8,0.058306463062763214,0.01157245971262455,0.46674421429634094,0.39549684524536133,3.1148972511291504,y
25,3.5,4.0,4,-0.37000000000000005,-0.32000000000000006,24,0.19516225159168243,0.013074144721031189,-0.5733293294906616,-0.330686092376709,3.7635021209716797,y
25,3.5,4.0,8,-0.1700000000000001,-0.1200000000000001,13,0.14426261186599731,0.012108449824154377,-0.22806885838508606,-0.1378999799489975,4.517926216125488,y
25,3.5,4.0,9,-0.1200000000000001,-0.07000000000000012,6,0.20809435844421387,0.03947252780199051,-0.18957658112049103,-0.10351526737213135,4.080507278442383,y
25,3.5,4.0,17,0.2799999999999998,0.32999999999999985,42,-0.1564372181892395,0.028386952355504036,0.05314686894416809,0.3059345781803131,5.5190815925598145,y
25,3.5,4.0,18,0.32999999999999985,0.3799999999999998,12,-0.13175451755523682,0.017704354599118233,0.025173842906951904,0.3431704342365265,7.293563365936279,y
26,4.0,4.7,8,-0.1700000000000001,-0.1200000000000001,9,0.14557340741157532,0.01378817018121481,-0.23334701359272003,-0.1365649700164795,4.898744583129883,y
26,4.0,4.7,17,0.2799999999999998,0.32999999999999985,36,-0.1504337340593338,0.024684907868504524,0.04870250076055527,0.30737265944480896,5.819162368774414,y
26,4.0,4.7,18,0.32999999999999985,0.3799999999999998,12,-0.13175451755523682,0.017704354599118233,0.025173842906951904,0.3431704342365265,7.293563365936279,y
27,4.7,5.0,8,-0.1700000000000001,-0.1200000000000001,5,0.14975318312644958,0.015197514556348324,-0.23916080594062805,-0.13494768738746643,5.2002153396606445,y
27,4.7,5.0,17,0.2799999999999998,0.32999999999999985,28,-0.14196063578128815,0.02157258614897728,0.04224017262458801,0.3090192377567291,6.2531561851501465,y
27,4.7,5.0,18,0.32999999999999985,0.3799999999999998,12,-0.13175451755523682,0.017704354599118233,0.025173842906951904,0.3431704342365265,7.293563365936279,y
28,5.0,inf,17,0.2799999999999998,0.32999999999999985,24,-0.13727538287639618,0.020325444638729095,0.03991682827472687,0.30958104133605957,6.480917453765869,y
28,5.0,inf,18,0.32999999999999985,0.3799999999999998,12,-0.13175451755523682,0.017704354599118233,0.025173842906951904,0.3431704342365265,7.293563365936279,y
0,0.0,0.01,0,-inf,0.0,2284,-689.9449462890625,379.07861328125,0.0018597767921164632,-0.0012507484061643481,0.004020032938569784,z
0,0.0,0.01,1,0.0,0.05,9335,22.301029205322266,265.2445068359375,0.050309792160987854,0.01948048174381256,0.20032581686973572,z
0,0.0,0.01,2,0.05,0.1,7233,2.329686403274536,6.245992660522461,0.09914082288742065,0.07512350380420685,0.20704016089439392,z
0,0.0,0.01,3,0.1,0.15000000000000002,1454,1.6904399394989014,3.441147804260254,0.1296287626028061,0.10502231866121292,0.21767336130142212,z
0,0.0,0.01,5,0.2,0.25,8617,1.3467628955841064,1.6320793628692627,0.26381322741508484,0.23107565939426422,0.2747217118740082,z
0,0.0,0.01,6,0.25,0.30000000000000004,10098,0.7012454271316528,1.275773286819458,0.28995174169540405,0.27108967304229736,0.28033408522605896,z
0,0.0,0.01,7,0.30000000000000004,0.35000000000000003,11731,0.1322920024394989,0.4840228855609894,0.3250763416290283,0.3220602869987488,0.17891405522823334,z
1,0.01,0.05,0,-inf,0.0,106,-294.02728271484375,557.7427978515625,0.004903365857899189,-0.0012309948215261102,0.01191055029630661,z
1,0.01,0.05,1,0.0,0.05,8655,18.009462356567383,194.60000610351562,0.05402977764606476,0.020889369770884514,0.21580398082733154,z
1,0.01,0.05,2,0.05,0.1,7233,2.329686403274536,6.245992660522461,0.09914082288742065,0.07512350380420685,0.20704016089439392,z
1,0.01,0.05,3,0.1,0.15000000000000002,1454,1.6904399394989014,3.441147804260254,0.1296287626028061,0.10502231866121292,0.21767336130142212,z
1,0.01,0.05,5,0.2,0.25,8617,1.3467628955841064,1.6320793628692627,0.26381322741508484,0.23107565939426422,0.2747217118740082,z
1,0.01,0.05,6,0.25,0.30000000000000004,10098,0.7012454271316528,1.275773286819458,0.28995174169540405,0.27108967304229736,0.28033408522605896,z
1,0.01,0.05,7,0.30000000000000004,0.35000000000000003,11731,0.1322920024394989,0.4840228855609894,0.3250763416290283,0.3220602869987488,0.17891405522823334,z
2,0.05,0.1,1,0.0,0.05,6610,11.698925018310547,113.35720825195312,0.06127697601914406,0.022558411583304405,0.2740703225135803,z
2,0.05,0.1,2,0.05,0.1,6137,1.610408067703247,6.433645725250244,0.10168594121932983,0.07504406571388245,0.24005579948425293,z
2,0.05,0.1,3,0.1,0.15000000000000002,1188,1.189345359802246,3.3944058418273926,0.13346411287784576,0.1050066277384758,0.2617154121398926,z
2,0.05,0.1,5,0.2,0.25,7062,1.1884080171585083,1.6215389966964722,0.26797136664390564,0.2306177020072937,0.32942020893096924,z
2,0.05,0.1,6,0.25,0.30000000000000004,8027,0.6207173466682434,1.069070816040039,0.29248881340026855,0.2698739767074585,0.3452076017856598,z
2,0.05,0.1,7,0.30000000000000004,0.35000000000000003,8039,0.06659393757581711,0.14640602469444275,0.32565924525260925,0.32296085357666016,0.24721062183380127,z
3,0.1,0.2,1,0.0,0.05,4902,9.300145149230957,51.71010208129883,0.06416855752468109,0.0237991064786911,0.3435254395008087,z
3,0.1,0.2,2,0.05,0.1,5044,1.0222030878067017,4.399975776672363,0.09815311431884766,0.07566999644041061,0.27396807074546814,z
3,0.1,0.2,3,0.1,0.15000000000000002,1043,1.025834560394287,3.587590456008911,0.13416101038455963,0.10500767081975937,0.2860947549343109,z
3,0.1,0.2,5,0.2,0.25,6297,1.277271032333374,1.6523184776306152,0.270255446434021,0.22947773337364197,0.3600967526435852,z
3,0.1,0.2,6,0.25,0.30000000000000004,6854,0.5668489933013916,0.910634458065033,0.2939450144767761,0.2695750296115875,0.3921425938606262,z
3,0.1,0.2,7,0.30000000000000004,0.35000000000000003,4557,0.0609889030456543,0.11851503700017929,0.3236604928970337,0.32064348459243774,0.3833421468734741,z
4,0.2,0.3,1,0.0,0.05,2759,3.620121479034424,17.332874298095703,0.04386921599507332,0.022894516587257385,0.49695801734924316,z
4,0.2,0.3,2,0.05,0.1,2781,0.40928250551223755,1.540101408958435,0.08990184217691422,0.07790988683700562,0.37592247128486633,z
4,0.2,0.3,3,0.1,0.15000000000000002,591,0.23870395123958588,1.2464213371276855,0.1190551370382309,0.10491909831762314,0.39090925455093384,z
4,0.2,0.3,5,0.2,0.25,1927,0.11947325617074966,0.3898780643939972,0.24098829925060272,0.23242506384849548,0.8809477090835571,z
4,0.2,0.3,6,0.25,0.30000000000000004,3628,0.08378126472234726,0.28209352493286133,0.2779211103916168,0.270467609167099,0.6153595447540283,z
4,0.2,0.3,7,0.30000000000000004,0.35000000000000003,3162,0.0543065145611763,0.11780660599470139,0.3215492367744446,0.3191239535808563,0.4898378252983093,z
5,0.3,0.4,1,0.0,0.05,1685,1.5155333280563354,7.814643383026123,0.03324177861213684,0.02138608880341053,0.6590192914009094,z
5,0.3,0.4,2,0.05,0.1,1357,0.5741739273071289,1.1696025133132935,0.09921609610319138,0.07845950871706009,0.508673906326294,z
5,0.3,0.4,3,0.1,0.15000000000000002,308,0.8386033177375793,0.7438173294067383,0.14458438754081726,0.10499922186136246,0.5209965705871582,z
5,0.3,0.4,5,0.2,0.25,1457,0.07013360410928726,0.24782885611057281,0.2403007298707962,0.2321719527244568,1.0829577445983887,z
5,0.3,0.4,6,0.25,0.30000000000000004,2578,0.03976009413599968,0.18630240857601166,0.27326256036758423,0.26858457922935486,0.7660291790962219,z
5,0.3,0.4,7,0.30000000000000004,0.35000000000000003,1927,0.01215763296931982,0.08611449599266052,0.31736183166503906,0.3202976882457733,0.6422373652458191,z
6,0.4,0.5,1,0.0,0.05,909,0.880402684211731,5.990716457366943,0.03007722645998001,0.01930621638894081,0.92320716381073,z
6,0.4,0.5,2,0.05,0.1,685,0.6770919561386108,0.8061800599098206,0.1099340170621872,0.0819503664970398,0.6729689240455627,z
6,0.4,0.5,3,0.1,0.15000000000000002,216,0.7870080471038818,0.6141884326934814,0.14849254488945007,0.10492731630802155,0.5964656472206116,z
6,0.4,0.5,5,0.2,0.25,1086,0.04155772924423218,0.18820631504058838,0.23858506977558136,0.23243357241153717,1.335312008857727,z
6,0.4,0.5,6,0.25,0.30000000000000004,2037,0.019171876832842827,0.14961637556552887,0.2703933119773865,0.2670113146305084,0.8763927817344666,z
6,0.4,0.5,7,0.30000000000000004,0.35000000000000003,1172,-0.02074258401989937,0.08355806767940521,0.3112196624279022,0.3200470209121704,0.8387529253959656,z
7,0.5,0.6,1,0.0,0.05,564,1.1389122009277344,4.785616397857666,0.028816526755690575,0.01563473977148533,1.2158806324005127,z
7,0.5,0.6,2,0.05,0.1,377,0.4289616048336029,0.5444037318229675,0.10470542311668396,0.08069270849227905,0.8589320778846741,z
7,0.5,0.6,3,0.1,0.15000000000000002,150,0.6576773524284363,0.6017253994941711,0.14741607010364532,0.10484316200017929,0.6609706878662109,z
7,0.5,0.6,5,0.2,0.25,828,0.026941794902086258,0.1653396487236023,0.2368747442960739,0.23194611072540283,1.6109222173690796,z
7,0.5,0.6,6,0.25,0.30000000000000004,1615,0.014830712229013443,0.12179356068372726,0.27014249563217163,0.2667281925678253,0.9893365502357483,z
7,0.5,0.6,7,0.30000000000000004,0.35000000000000003,923,-0.028214024379849434,0.0815921351313591,0.3087477385997772,0.32045984268188477,0.9448187947273254,z
8,0.6,0.7,1,0.0,0.05,403,1.379976749420166,3.620570182800293,0.030174806714057922,0.01369514875113964,1.483447551727295,z
8,0.6,0.7,2,0.05,0.1,237,0.27146095037460327,0.43649834394454956,0.09614679217338562,0.07807120680809021,1.0488590002059937,z
8,0.6,0.7,3,0.1,0.15000000000000002,55,0.2571273148059845,0.6104648113250732,0.13477329909801483,0.10499267280101776,0.8559869527816772,z
8,0.6,0.7,5,0.2,0.25,658,0.014026476070284843,0.15244847536087036,0.23469065129756927,0.23099176585674286,1.8877397775650024,z
8,0.6,0.7,6,0.25,0.30000000000000004,1274,0.014257064089179039,0.09791920334100723,0.2703804075717926,0.26689067482948303,1.1067023277282715,z
8,0.6,0.7,7,0.30000000000000004,0.35000000000000003,747,-0.0329749770462513,0.08157593756914139,0.30655109882354736,0.32072892785072327,1.03891122341156,z
9,0.7,0.8,1,0.0,0.05,334,1.308699131011963,2.7841744422912598,0.02981852926313877,0.013549796305596828,1.6575251817703247,z
9,0.7,0.8,2,0.05,0.1,188,0.2553599774837494,0.4442613124847412,0.09686679393053055,0.07867952436208725,1.1531901359558105,z
9,0.7,0.8,3,0.1,0.15000000000000002,40,0.2515156865119934,0.5894669890403748,0.13617977499961853,0.10469521582126617,0.9399360418319702,z
9,0.7,0.8,5,0.2,0.25,575,0.01744680106639862,0.1343931406736374,0.2359926402568817,0.23085008561611176,2.066614866256714,z
9,0.7,0.8,6,0.25,0.30000000000000004,1040,0.009260169230401516,0.08103473484516144,0.2691318094730377,0.2665138244628906,1.210418701171875,z
9,0.7,0.8,7,0.30000000000000004,0.35000000000000003,613,-0.03818138688802719,0.08118138462305069,0.304032564163208,0.3207630515098572,1.1234626770019531,z
10,0.8,0.9,1,0.0,0.05,290,1.1881706714630127,2.52579665184021,0.02915596216917038,0.013651310466229916,1.7958192825317383,z
10,0.8,0.9,2,0.05,0.1,150,0.23400980234146118,0.39586591720581055,0.09442900121212006,0.07887053489685059,1.2548394203186035,z
10,0.8,0.9,3,0.1,0.15000000000000002,28,0.19332829117774963,0.587780773639679,0.13246890902519226,0.10450028628110886,1.0192911624908447,z
10,0.8,0.9,5,0.2,0.25,504,0.017090875655412674,0.11600387841463089,0.23712171614170074,0.230852872133255,2.251587390899658,z
10,0.8,0.9,6,0.25,0.30000000000000004,871,0.006762340199202299,0.07048071175813675,0.2683171331882477,0.26605963706970215,1.2999982833862305,z
10,0.8,0.9,7,0.30000000000000004,0.35000000000000003,514,-0.040670450776815414,0.08143140375614166,0.30179011821746826,0.32024437189102173,1.1949617862701416,z
11,0.9,1.0,1,0.0,0.05,254,1.004201054573059,2.2318031787872314,0.028527695685625076,0.013911928981542587,1.9301745891571045,z
11,0.9,1.0,2,0.05,0.1,113,0.20283111929893494,0.4360278248786926,0.09268199652433395,0.07875651866197586,1.3867766857147217,z
11,0.9,1.0,3,0.1,0.15000000000000002,22,0.16222646832466125,0.5053815245628357,0.12571169435977936,0.10459280759096146,1.0627189874649048,z
11,0.9,1.0,5,0.2,0.25,424,0.01780545711517334,0.09410848468542099,0.23915107548236847,0.23076574504375458,2.5154216289520264,z
11,0.9,1.0,6,0.25,0.30000000000000004,730,0.004659303463995457,0.06623227894306183,0.2669733464717865,0.26531973481178284,1.38737154006958,z
11,0.9,1.0,7,0.30000000000000004,0.35000000000000003,413,-0.04720427468419075,0.08082249760627747,0.29826176166534424,0.31958937644958496,1.279086709022522,z
12,1.0,1.1,1,0.0,0.05,227,0.8951851725578308,1.8583956956863403,0.028275007382035255,0.014182540588080883,2.046799421310425,z
12,1.0,1.1,2,0.05,0.1,83,0.14745180308818817,0.4433573782444,0.08627704530954361,0.07777202874422073,1.54281485080719,z
12,1.0,1.1,3,0.1,0.15000000000000002,16,0.1479773372411728,0.07306762784719467,0.12190976738929749,0.10474759340286255,1.1138858795166016,z
12,1.0,1.1,5,0.2,0.25,331,0.021308597177267075,0.059596624225378036,0.24160876870155334,0.2305285930633545,2.9573938846588135,z
12,1.0,1.1,6,0.25,0.30000000000000004,580,0.0019893543794751167,0.055737968534231186,0.2643304169178009,0.2644508183002472,1.5005124807357788,z
12,1.0,1.1,7,0.30000000000000004,0.35000000000000003,320,-0.06305956095457077,0.07714451849460602,0.2920618951320648,0.3190290331840515,1.372867226600647,z
13,1.1,1.2,1,0.0,0.05,201,0.8329967260360718,1.7613292932510376,0.027991045266389847,0.014375748112797737,2.1768569946289062,z
13,1.1,1.2,2,0.05,0.1,57,0.057110488414764404,0.446313738822937,0.07523047178983688,0.07619279623031616,1.768540859222412,z
13,1.1,1.2,3,0.1,0.15000000000000002,9,0.1432868093252182,0.03637140244245529,0.12272389978170395,0.1052200123667717,1.164352536201477,z
13,1.1,1.2,5,0.2,0.25,290,0.02110373228788376,0.026350829750299454,0.2434854954481125,0.2300954908132553,3.228440761566162,z
13,1.1,1.2,6,0.25,0.30000000000000004,470,0.0028882226906716824,0.050238024443387985,0.26296529173851013,0.26375266909599304,1.6064985990524292,z
13,1.1,1.2,7,0.30000000000000004,0.35000000000000003,255,-0.05379333719611168,0.06927332282066345,0.29318132996559143,0.31868165731430054,1.456666111946106,z
14,1.2,1.3,1,0.0,0.05,176,0.8343791961669922,1.7580018043518066,0.028427617624402046,0.014490252360701561,2.323237419128418,z
14,1.2,1.3,2,0.05,0.1,33,-0.10536666959524155,0.5243582725524902,0.05528290942311287,0.06980971992015839,2.237380027770996,z
14,1.2,1.3,5,0.2,0.25,268,0.019846096634864807,0.02086920663714409,0.24363602697849274,0.2296542525291443,3.399824619293213,z
14,1.2,1.3,6,0.25,0.30000000000000004,360,0.0070993732661008835,0.04321176931262016,0.26253801584243774,0.26154714822769165,1.745593547821045,z
14,1.2,1.3,7,0.30000000000000004,0.35000000000000003,200,-0.044613830745220184,0.06027282774448395,0.2953481376171112,0.3190840482711792,1.542300820350647,z
15,1.3,1.4,1,0.0,0.05,159,0.788334846496582,1.7627854347229004,0.027787797152996063,0.014617320150136948,2.436439275741577,z
15,1.3,1.4,2,0.05,0.1,27,-0.14708243310451508,0.3274012804031372,0.045018892735242844,0.06963706761598587,2.4601972103118896,z
15,1.3,1.4,5,0.2,0.25,259,0.01879565231502056,0.01790441945195198,0.24339868128299713,0.2295670509338379,3.4744160175323486,z
15,1.3,1.4,6,0.25,0.30000000000000004,310,0.007077754940837622,0.03554346412420273,0.26161518692970276,0.2600210905075073,1.8261440992355347,z
15,1.3,1.4,7,0.30000000000000004,0.35000000000000003,164,-0.03996753692626953,0.055235493928194046,0.2966991364955902,0.31980836391448975,1.6081987619400024,z
16,1.4,1.5,1,0.0,0.05,143,0.6620333790779114,1.5708322525024414,0.026501892134547234,0.014564484357833862,2.5568599700927734,z
16,1.4,1.5,2,0.05,0.1,25,-0.15005485713481903,0.3104039132595062,0.044560324400663376,0.06862544268369675,2.545710563659668,z
16,1.4,1.5,5,0.2,0.25,256,0.018474828451871872,0.017171867191791534,0.2432592213153839,0.22950658202171326,3.498979330062866,z
16,1.4,1.5,6,0.25,0.30000000000000004,263,0.005968464072793722,0.030451690778136253,0.26021113991737366,0.25881722569465637,1.9104984998703003,z
16,1.4,1.5,7,0.30000000000000004,0.35000000000000003,132,-0.04275308549404144,0.051359936594963074,0.295311838388443,0.320244163274765,1.6705718040466309,z
17,1.5,1.6,1,0.0,0.05,136,0.6436446309089661,1.591083288192749,0.025999359786510468,0.014491607435047626,2.6130361557006836,z
17,1.5,1.6,2,0.05,0.1,23,-0.15147484838962555,0.2842785120010376,0.04434353485703468,0.06782524287700653,2.6426329612731934,z
17,1.5,1.6,5,0.2,0.25,248,0.017697295174002647,0.015720456838607788,0.24322214722633362,0.22961561381816864,3.5649237632751465,z
17,1.5,1.6,6,0.25,0.30000000000000004,223,0.003352046012878418,0.02859220653772354,0.25886398553848267,0.25848615169525146,1.9927436113357544,z
17,1.5,1.6,7,0.30000000000000004,0.35000000000000003,104,-0.047260697931051254,0.04797711595892906,0.2933301031589508,0.3212842345237732,1.7282685041427612,z
18,1.6,1.7,1,0.0,0.05,124,0.5672206282615662,1.3893243074417114,0.026225248351693153,0.015058026649057865,2.7168447971343994,z
18,1.6,1.7,2,0.05,0.1,21,-0.18885643780231476,0.26014578342437744,0.03987770900130272,0.06835301965475082,2.743913412094116,z
18,1.6,1.7,5,0.2,0.25,243,0.017048191279172897,0.014872202649712563,0.2430986911058426,0.22963187098503113,3.6063175201416016,z
18,1.6,1.7,6,0.25,0.30000000000000004,197,0.0009612365392968059,0.02746063470840454,0.2576774060726166,0.25841131806373596,2.0503382682800293,z
18,1.6,1.7,7,0.30000000000000004,0.35000000000000003,82,-0.05483412742614746,0.04683014750480652,0.29070425033569336,0.322745144367218,1.7742903232574463,z
19,1.7,1.8,1,0.0,0.05,115,0.5621989965438843,1.3038135766983032,0.02600758522748947,0.015008268877863884,2.8012752532958984,z
19,1.7,1.8,2,0.05,0.1,20,-0.16905350983142853,0.25073063373565674,0.04176447540521622,0.06864089518785477,2.797240734100342,z
19,1.7,1.8,5,0.2,0.25,238,0.01653124950826168,0.013441761024296284,0.2430453598499298,0.22978486120700836,3.647444725036621,z
19,1.7,1.8,6,0.25,0.30000000000000004,170,0.00025558689958415926,0.026101185008883476,0.2570909857749939,0.2581356167793274,2.116041421890259,z
19,1.7,1.8,7,0.30000000000000004,0.35000000000000003,60,-0.06353908032178879,0.04485121741890907,0.286556601524353,0.3238561451435089,1.8227362632751465,z
20,1.8,1.9,1,0.0,0.05,104,0.4370659589767456,1.0000680685043335,0.025970807299017906,0.015848642215132713,2.9119043350219727,z
20,1.8,1.9,2,0.05,0.1,18,-0.16584977507591248,0.2176244556903839,0.041164856404066086,0.0687308982014656,2.9130759239196777,z
20,1.8,1.9,5,0.2,0.25,233,0.016292765736579895,0.013310525566339493,0.24282854795455933,0.22955065965652466,3.6878509521484375,z
20,1.8,1.9,6,0.25,0.30000000000000004,140,-0.00042730444693006575,0.02491024322807789,0.25643396377563477,0.2577592432498932,2.1945838928222656,z
20,1.8,1.9,7,0.30000000000000004,0.35000000000000003,31,-0.07198363542556763,0.04150963947176933,0.28177011013031006,0.3255411982536316,1.8867735862731934,z
21,1.9,2.0,1,0.0,0.05,97,0.3952716886997223,0.7960276007652283,0.025874320417642593,0.016231287270784378,2.9888267517089844,z
21,1.9,2.0,2,0.05,0.1,17,-0.14696194231510162,0.2077867090702057,0.0433712862432003,0.06777115911245346,2.9731128215789795,z
21,1.9,2.0,5,0.2,0.25,226,0.015668749809265137,0.012124701403081417,0.24273847043514252,0.22965969145298004,3.744891405105591,z
21,1.9,2.0,6,0.25,0.30000000000000004,115,1.5955295111780288e-06,0.0233609676361084,0.25622451305389404,0.25725504755973816,2.2715847492218018,z
21,1.9,2.0,7,0.30000000000000004,0.35000000000000003,9,-0.0758134201169014,0.04229404404759407,0.27587735652923584,0.325567364692688,1.984945297241211,z
22,2.0,2.5,1,0.0,0.05,88,0.3664408326148987,0.7629818916320801,0.02509107068181038,0.01622016727924347,3.0957448482513428,z
22,2.0,2.5,2,0.05,0.1,16,-0.12565110623836517,0.19609315693378448,0.0457843542098999,0.06655439734458923,3.03729510307312,z
22,2.0,2.5,5,0.2,0.25,221,0.015405385755002499,0.011688732542097569,0.24235689640045166,0.2293580025434494,3.7856345176696777,z
22,2.0,2.5,6,0.25,0.30000000000000004,89,-0.0028237986844033003,0.02215004898607731,0.25451362133026123,0.2569645643234253,2.3645644187927246,z
23,2.5,3.0,1,0.0,0.05,64,0.24381564557552338,0.5656571984291077,0.022920355200767517,0.01644834503531456,3.4318580627441406,z
23,2.5,3.0,2,0.05,0.1,11,-0.04332241415977478,0.13634178042411804,0.056894756853580475,0.06760130822658539,3.373098850250244,z
23,2.5,3.0,5,0.2,0.25,190,0.013267390429973602,0.008378389291465282,0.2415875345468521,0.2293003648519516,4.0385026931762695,z
23,2.5,3.0,6,0.25,0.30000000000000004,23,-0.004568235017359257,0.022771179676055908,0.2514529526233673,0.2553902268409729,2.660964250564575,z
24,3.0,3.5,1,0.0,0.05,47,0.15928788483142853,0.3922621011734009,0.020864572376012802,0.016179881989955902,3.683612585067749,z
24,3.0,3.5,2,0.05,0.1,8,-0.010294712148606777,0.044728752225637436,0.06719619035720825,0.0722028985619545,3.6006295680999756,z
24,3.0,3.5,5,0.2,0.25,153,0.011230135336518288,0.005909276194870472,0.23911181092262268,0.22762002050876617,4.354104042053223,z
25,3.5,4.0,1,0.0,0.05,27,0.17295242846012115,0.40239858627319336,0.01993030682206154,0.01647137850522995,4.049833297729492,z
25,3.5,4.0,2,0.05,0.1,5,-0.028879687190055847,0.03291207179427147,0.06439311802387238,0.07399468123912811,3.7740402221679688,z
25,3.5,4.0,5,0.2,0.25,124,0.010281525552272797,0.00498226098716259,0.23758545517921448,0.22637833654880524,4.615041732788086,z
26,4.0,4.7,1,0.0,0.05,10,0.22345000505447388,0.33126845955848694,0.009175813756883144,0.008041503839194775,4.593564033508301,z
26,4.0,4.7,5,0.2,0.25,96,0.009497102349996567,0.0037013862747699022,0.23599809408187866,0.22529761493206024,4.865851879119873,z
27,4.7,5.0,5,0.2,0.25,55,0.008494957350194454,0.0015992308035492897,0.233653724193573,0.22372031211853027,5.242527008056641,z
28,5.0,inf,5,0.2,0.25,38,0.008358119055628777,0.0013360362499952316,0.23229992389678955,0.22223018109798431,5.431758880615234,z
