axis,gt_lo,gt_hi,mean_GT,total_std_lo,total_std_hi,mean_total_std,n,mean_bias_DER,med_bias_DER,mean_bias_gs,med_bias_gs
x,-0.57,-0.5199999999999999,-0.5434289574623108,0.005664600059390068,0.019518284499645235,0.014033377170562744,25100,0.27460119128227234,0.17304430902004242,0.31081560254096985,0.18589869141578674
x,-0.57,-0.5199999999999999,-0.5434289574623108,0.019518284499645235,0.03815350010991097,0.02753198891878128,25099,0.3455398678779602,0.1754629909992218,0.432830274105072,0.5159895420074463
x,-0.57,-0.5199999999999999,-0.5434289574623108,0.03815350010991097,0.0862165093421936,0.05889720097184181,25099,0.4978676736354828,0.47363176941871643,0.53047114610672,0.5455794930458069
x,-0.57,-0.5199999999999999,-0.5434289574623108,0.0862165093421936,0.18082391619682325,0.12882597744464874,25100,0.6070161461830139,0.8393158912658691,0.5427023768424988,0.5456225872039795
x,-0.57,-0.5199999999999999,-0.5434289574623108,0.18082391619682325,0.345356822013855,0.2556624114513397,25099,0.6139387488365173,0.8447855710983276,0.5379818081855774,0.5452074408531189
x,-0.57,-0.5199999999999999,-0.5434289574623108,0.345356822013855,0.6458612203598022,0.4793274402618408,25099,0.5999855995178223,0.8360391855239868,0.5409613251686096,0.5462883114814758
x,-0.57,-0.5199999999999999,-0.5434289574623108,0.6458612203598022,1.2588229894638043,0.9167272448539734,25100,0.6041231751441956,0.8223370909690857,0.5458740592002869,0.5461922883987427
x,-0.57,-0.5199999999999999,-0.5434289574623108,1.2588229894638043,2.6564772129058847,1.8510576486587524,25099,0.5838472843170166,0.7625489830970764,0.5456048250198364,0.546074628829956
x,-0.57,-0.5199999999999999,-0.5434289574623108,2.6564772129058847,6.922464799880985,4.372212886810303,25099,0.5881329774856567,0.6569276452064514,0.538741946220398,0.5463387370109558
x,-0.57,-0.5199999999999999,-0.5434289574623108,6.922464799880985,464.6460876464844,18.834802627563477,25099,0.5844759941101074,0.6073777675628662,0.5477152466773987,0.5484310984611511
x,-0.5199999999999999,-0.46999999999999986,-0.4947798550128937,0.005829584319144487,0.013495056144893169,0.010705022141337395,26942,0.2230982482433319,0.10627073049545288,0.2566693425178528,0.12838301062583923
x,-0.5199999999999999,-0.46999999999999986,-0.4947798550128937,0.013495056144893169,0.02142562307417393,0.016958385705947876,26942,0.3308020234107971,0.15741966664791107,0.3970738351345062,0.4262903034687042
x,-0.5199999999999999,-0.46999999999999986,-0.4947798550128937,0.02142562307417393,0.04080697968602179,0.02961486391723156,26942,0.4091329276561737,0.2740173935890198,0.46731361746788025,0.4899548292160034
x,-0.5199999999999999,-0.46999999999999986,-0.4947798550128937,0.04080697968602179,0.08792331069707872,0.06177426502108574,26942,0.4641890525817871,0.44039851427078247,0.4876047372817993,0.49609434604644775
x,-0.5199999999999999,-0.46999999999999986,-0.4947798550128937,0.08792331069707872,0.1794053167104721,0.12984520196914673,26941,0.49959439039230347,0.5933802127838135,0.49058207869529724,0.49571865797042847
x,-0.5199999999999999,-0.46999999999999986,-0.4947798550128937,0.1794053167104721,0.3372809410095214,0.2499215304851532,26942,0.525217592716217,0.7385374307632446,0.4900885224342346,0.495050311088562
x,-0.5199999999999999,-0.46999999999999986,-0.4947798550128937,0.3372809410095214,0.6531128168106078,0.47825416922569275,26942,0.5591952204704285,0.7833324670791626,0.4923464059829712,0.4969547390937805
x,-0.5199999999999999,-0.46999999999999986,-0.4947798550128937,0.6531128168106078,1.418718028068543,0.9683628678321838,26942,0.5632451772689819,0.7701517343521118,0.4960474371910095,0.49749046564102173
x,-0.5199999999999999,-0.46999999999999986,-0.4947798550128937,1.418718028068543,3.8863735198974636,2.404395341873169,26942,0.5914494395256042,0.7431778907775879,0.4944939613342285,0.4971579611301422
x,-0.5199999999999999,-0.46999999999999986,-0.4947798550128937,3.8863735198974636,203.58152770996094,11.468441009521484,26941,0.5895280838012695,0.6466875672340393,0.49146151542663574,0.498139351606369
x,-0.46999999999999986,-0.4199999999999998,-0.4427582621574402,0.00540845887735486,0.010885188356041908,0.009175131097435951,31730,0.2295685112476349,0.08165131509304047,0.24516978859901428,0.10061457753181458
x,-0.46999999999999986,-0.4199999999999998,-0.4427582621574402,0.010885188356041908,0.01480359211564064,0.012669496238231659,31730,0.2977680265903473,0.16253234446048737,0.32694000005722046,0.2505607604980469
x,-0.46999999999999986,-0.4199999999999998,-0.4427582621574402,0.01480359211564064,0.022243397310376167,0.018113745376467705,31730,0.3427416682243347,0.22049739956855774,0.3847629427909851,0.40701931715011597
x,-0.46999999999999986,-0.4199999999999998,-0.4427582621574402,0.022243397310376167,0.037568967789411545,0.02883480302989483,31730,0.36300763487815857,0.2780625820159912,0.41142538189888,0.43546444177627563
x,-0.46999999999999986,-0.4199999999999998,-0.4427582621574402,0.037568967789411545,0.07471086829900742,0.05377430096268654,31730,0.3742186725139618,0.2791357934474945,0.41141602396965027,0.43657344579696655
x,-0.46999999999999986,-0.4199999999999998,-0.4427582621574402,0.07471086829900742,0.14849789440631866,0.10799122601747513,31730,0.4142359793186188,0.368747353553772,0.42326435446739197,0.44215333461761475
x,-0.46999999999999986,-0.4199999999999998,-0.4427582621574402,0.14849789440631866,0.30346909165382385,0.21629463136196136,31730,0.47312289476394653,0.5905963182449341,0.4372532367706299,0.4447110891342163
x,-0.46999999999999986,-0.4199999999999998,-0.4427582621574402,0.30346909165382385,0.7148272395133972,0.4726942479610443,31730,0.5237988233566284,0.7069344520568848,0.4402453899383545,0.4457767605781555
x,-0.46999999999999986,-0.4199999999999998,-0.4427582621574402,0.7148272395133972,2.24935245513916,1.2756191492080688,31730,0.5517219305038452,0.7200082540512085,0.44095948338508606,0.44475802779197693
x,-0.46999999999999986,-0.4199999999999998,-0.4427582621574402,2.24935245513916,91.06682586669922,7.98709774017334,31730,0.5834183096885681,0.6760923266410828,0.440249502658844,0.44779571890830994
x,-0.4199999999999998,-0.3699999999999998,-0.3804151713848114,0.00502388970926404,0.008837469667196274,0.007775792386382818,765369,0.11097308248281479,0.002712935209274292,0.111155204474926,0.003420501947402954
x,-0.4199999999999998,-0.3699999999999998,-0.3804151713848114,0.008837469667196274,0.010623139142990113,0.009737600572407246,765368,0.18056721985340118,0.011863648891448975,0.18126843869686127,0.0135202556848526
x,-0.4199999999999998,-0.3699999999999998,-0.3804151713848114,0.010623139142990113,0.012571089714765548,0.011576458811759949,765369,0.19291973114013672,0.025044649839401245,0.19425295293331146,0.038851797580718994
x,-0.4199999999999998,-0.3699999999999998,-0.3804151713848114,0.012571089714765548,0.015287964418530465,0.013813686557114124,765368,0.21438218653202057,0.07637545466423035,0.21609514951705933,0.09801113605499268
x,-0.4199999999999998,-0.3699999999999998,-0.3804151713848114,0.015287964418530465,0.019844338297843933,0.017344782128930092,765368,0.22530995309352875,0.11366155743598938,0.22943896055221558,0.15567265450954437
x,-0.4199999999999998,-0.3699999999999998,-0.3804151713848114,0.019844338297843933,0.028712066262960433,0.023669537156820297,765369,0.24203355610370636,0.15199807286262512,0.24321508407592773,0.20714068412780762
x,-0.4199999999999998,-0.3699999999999998,-0.3804151713848114,0.028712066262960433,0.05334203988313675,0.03871309012174606,765368,0.2724258005619049,0.20466575026512146,0.26475706696510315,0.2902958393096924
x,-0.4199999999999998,-0.3699999999999998,-0.3804151713848114,0.05334203988313675,0.14762492179870607,0.08906175941228867,765369,0.3320816159248352,0.2920299768447876,0.3014751374721527,0.3711118996143341
x,-0.4199999999999998,-0.3699999999999998,-0.3804151713848114,0.14762492179870607,0.6491473674774179,0.3269616365432739,765368,0.3912127912044525,0.3857206702232361,0.33414170145988464,0.3763074576854706
x,-0.4199999999999998,-0.3699999999999998,-0.3804151713848114,0.6491473674774179,482.031982421875,4.055058479309082,765368,0.40577423572540283,0.39745432138442993,0.34139153361320496,0.377042680978775
x,-0.3699999999999998,-0.31999999999999973,-0.34529978036880493,0.0052161128260195255,0.009213105961680413,0.00809930544346571,358623,0.2571435868740082,0.1876692920923233,0.2573300898075104,0.1901921033859253
x,-0.3699999999999998,-0.31999999999999973,-0.34529978036880493,0.009213105961680413,0.011079099774360657,0.010126442648470402,358623,0.263227641582489,0.1754474639892578,0.26365530490875244,0.18289697170257568
x,-0.3699999999999998,-0.31999999999999973,-0.34529978036880493,0.011079099774360657,0.01340534295886755,0.012174353003501892,358623,0.26173877716064453,0.1905214935541153,0.2626394033432007,0.20396848022937775
x,-0.3699999999999998,-0.31999999999999973,-0.34529978036880493,0.01340534295886755,0.01694764569401741,0.015038062818348408,358623,0.27895939350128174,0.22619524598121643,0.27821698784828186,0.24918389320373535
x,-0.3699999999999998,-0.31999999999999973,-0.34529978036880493,0.01694764569401741,0.02335134893655777,0.019773701205849648,358622,0.2897301912307739,0.24492621421813965,0.2851000428199768,0.2864256501197815
x,-0.3699999999999998,-0.31999999999999973,-0.34529978036880493,0.02335134893655777,0.03742976337671279,0.02939991094172001,358623,0.3121859133243561,0.2843228578567505,0.3013157248497009,0.3273877799510956
x,-0.3699999999999998,-0.31999999999999973,-0.34529978036880493,0.03742976337671279,0.0742581456899642,0.05265452712774277,358623,0.3402583599090576,0.32901591062545776,0.32368940114974976,0.34085962176322937
x,-0.3699999999999998,-0.31999999999999973,-0.34529978036880493,0.0742581456899642,0.19016318619251257,0.12054239213466644,358623,0.3676031231880188,0.4071083962917328,0.33999672532081604,0.3447488248348236
x,-0.3699999999999998,-0.31999999999999973,-0.34529978036880493,0.19016318619251257,0.7237040638923653,0.3792215585708618,358623,0.3812461197376251,0.43510282039642334,0.34526607394218445,0.3467380404472351
x,-0.3699999999999998,-0.31999999999999973,-0.34529978036880493,0.7237040638923653,510.8359680175781,4.355130195617676,358622,0.4117249548435211,0.4906567931175232,0.34880220890045166,0.34747761487960815
x,-0.31999999999999973,-0.2699999999999997,-0.29503628611564636,0.005415064748376608,0.00898684486746788,0.007951919920742512,344871,0.22154416143894196,0.16541479527950287,0.22182796895503998,0.16801446676254272
x,-0.31999999999999973,-0.2699999999999997,-0.29503628611564636,0.00898684486746788,0.010571122728288173,0.009779142215847969,344870,0.23269230127334595,0.15713712573051453,0.2328849881887436,0.16244280338287354
x,-0.31999999999999973,-0.2699999999999997,-0.29503628611564636,0.010571122728288173,0.012375776842236518,0.011430938728153706,344871,0.22621458768844604,0.16808365285396576,0.22693970799446106,0.17397943139076233
x,-0.31999999999999973,-0.2699999999999997,-0.29503628611564636,0.012375776842236518,0.014914792031049728,0.013559574261307716,344869,0.23733636736869812,0.19816704094409943,0.23694419860839844,0.20736472308635712
x,-0.31999999999999973,-0.2699999999999997,-0.29503628611564636,0.014914792031049728,0.019051747396588326,0.016792627051472664,344871,0.24528641998767853,0.19787417352199554,0.24216380715370178,0.21590496599674225
x,-0.31999999999999973,-0.2699999999999997,-0.29503628611564636,0.019051747396588326,0.027117436751723286,0.022533031180500984,344871,0.25540024042129517,0.2192944586277008,0.24764633178710938,0.24780744314193726
x,-0.31999999999999973,-0.2699999999999997,-0.29503628611564636,0.027117436751723286,0.04747956991195677,0.03569638729095459,344870,0.28620806336402893,0.26945340633392334,0.2734382152557373,0.2871316075325012
x,-0.31999999999999973,-0.2699999999999997,-0.29503628611564636,0.04747956991195677,0.11304628998041158,0.07311609387397766,344871,0.3196149468421936,0.3345472514629364,0.2959194779396057,0.2961413860321045
x,-0.31999999999999973,-0.2699999999999997,-0.29503628611564636,0.11304628998041158,0.46496127247810376,0.23413066565990448,344870,0.32809945940971375,0.3584827184677124,0.2977057099342346,0.2970603108406067
x,-0.31999999999999973,-0.2699999999999997,-0.29503628611564636,0.46496127247810376,397.6875,3.356477737426758,344870,0.3600584864616394,0.41813358664512634,0.3016824424266815,0.2983412444591522
x,-0.2699999999999997,-0.21999999999999964,-0.24498027563095093,0.00527203781530261,0.008831798657774925,0.007867580279707909,346004,0.19007164239883423,0.15137207508087158,0.19033756852149963,0.1524883657693863
x,-0.2699999999999997,-0.21999999999999964,-0.24498027563095093,0.008831798657774925,0.010317841544747353,0.009584026411175728,346003,0.19190683960914612,0.12600700557231903,0.19198058545589447,0.12909597158432007
x,-0.2699999999999997,-0.21999999999999964,-0.24498027563095093,0.010317841544747353,0.011900207959115505,0.011077911593019962,346004,0.18636266887187958,0.13327375054359436,0.18643616139888763,0.13568904995918274
x,-0.2699999999999997,-0.21999999999999964,-0.24498027563095093,0.011900207959115505,0.013978599011898041,0.012889525853097439,346003,0.19557589292526245,0.15911220014095306,0.1950494796037674,0.1637374460697174
x,-0.2699999999999997,-0.21999999999999964,-0.24498027563095093,0.013978599011898041,0.01708950102329254,0.015396599657833576,346003,0.2046041041612625,0.16974224150180817,0.2030956745147705,0.17758841812610626
x,-0.2699999999999997,-0.21999999999999964,-0.24498027563095093,0.01708950102329254,0.022640415281057355,0.019579239189624786,346004,0.20972664654254913,0.16958928108215332,0.20529544353485107,0.18299639225006104
x,-0.2699999999999997,-0.21999999999999964,-0.24498027563095093,0.022640415281057355,0.03590897396206856,0.02832040563225746,346003,0.23349271714687347,0.20808765292167664,0.22301310300827026,0.22799904644489288
x,-0.2699999999999997,-0.21999999999999964,-0.24498027563095093,0.03590897396206856,0.07706343829631809,0.051979564130306244,346004,0.2635638415813446,0.2580341696739197,0.24499012529850006,0.24427899718284607
x,-0.2699999999999997,-0.21999999999999964,-0.24498027563095093,0.07706343829631809,0.318260008096695,0.15712787210941315,346003,0.2789231240749359,0.2965727150440216,0.24849165976047516,0.24592182040214539
x,-0.2699999999999997,-0.21999999999999964,-0.24498027563095093,0.318260008096695,253.18609619140625,2.684622287750244,346003,0.30292052030563354,0.33843159675598145,0.2535761296749115,0.24811121821403503
x,-0.21999999999999964,-0.1699999999999996,-0.1950223445892334,0.005316904280334711,0.00876207547262311,0.007826480083167553,345279,0.15204638242721558,0.11905760318040848,0.1522854119539261,0.11997240036725998
x,-0.21999999999999964,-0.1699999999999996,-0.1950223445892334,0.00876207547262311,0.010223187506198883,0.009504301473498344,345277,0.15639816224575043,0.10652703791856766,0.15614308416843414,0.1076691597700119
x,-0.21999999999999964,-0.1699999999999996,-0.1950223445892334,0.010223187506198883,0.01171905742958188,0.01095370389521122,345281,0.14966385066509247,0.09952391684055328,0.14952562749385834,0.10072937607765198
x,-0.21999999999999964,-0.1699999999999996,-0.1950223445892334,0.01171905742958188,0.013580771908164025,0.012615347281098366,345279,0.15572963654994965,0.12297310680150986,0.15519511699676514,0.1256445199251175
x,-0.21999999999999964,-0.1699999999999996,-0.1950223445892334,0.013580771908164025,0.016216854564845562,0.014810928143560886,345279,0.16584953665733337,0.1366184502840042,0.16386117041110992,0.13992848992347717
x,-0.21999999999999964,-0.1699999999999996,-0.1950223445892334,0.016216854564845562,0.020770744234323502,0.01827973686158657,345279,0.1738959401845932,0.1382976472377777,0.17086875438690186,0.1443239152431488
x,-0.21999999999999964,-0.1699999999999996,-0.1950223445892334,0.020770744234323502,0.030633699335157867,0.024956855922937393,345279,0.187709242105484,0.15882815420627594,0.17977583408355713,0.17066903412342072
x,-0.21999999999999964,-0.1699999999999996,-0.1950223445892334,0.030633699335157867,0.059820031374692925,0.04203488677740097,345279,0.20593631267547607,0.18789570033550262,0.1927199363708496,0.19040489196777344
x,-0.21999999999999964,-0.1699999999999996,-0.1950223445892334,0.059820031374692925,0.23226298391819022,0.11716410517692566,345279,0.22614890336990356,0.22981074452400208,0.2015533745288849,0.19599153101444244
x,-0.21999999999999964,-0.1699999999999996,-0.1950223445892334,0.23226298391819022,319.5972900390625,2.454893112182617,345278,0.24907413125038147,0.2686461806297302,0.20452454686164856,0.19794122874736786
x,-0.1699999999999996,-0.11999999999999955,-0.14500699937343597,0.0051542180590331554,0.008734997175633908,0.007809966802597046,344151,0.11063890159130096,0.0834144875407219,0.110999695956707,0.08409187197685242
x,-0.1699999999999996,-0.11999999999999955,-0.14500699937343597,0.008734997175633908,0.010171142220497132,0.009462155401706696,344151,0.11742769926786423,0.07651609927415848,0.11720089614391327,0.07747304439544678
x,-0.1699999999999996,-0.11999999999999955,-0.14500699937343597,0.010171142220497132,0.011663031112402678,0.010904166847467422,344151,0.11455735564231873,0.07789389044046402,0.1146121397614479,0.07924787700176239
x,-0.1699999999999996,-0.11999999999999955,-0.14500699937343597,0.011663031112402678,0.013388028368353844,0.012496179901063442,344149,0.11481348425149918,0.0811065137386322,0.11423299461603165,0.08219477534294128
x,-0.1699999999999996,-0.11999999999999955,-0.14500699937343597,0.013388028368353844,0.01573400106281042,0.014486794359982014,344152,0.12182611972093582,0.09619541466236115,0.1203487440943718,0.09772531688213348
x,-0.1699999999999996,-0.11999999999999955,-0.14500699937343597,0.01573400106281042,0.01964255757629871,0.017483100295066833,344151,0.13123194873332977,0.10360527783632278,0.12922720611095428,0.10549745708703995
x,-0.1699999999999996,-0.11999999999999955,-0.14500699937343597,0.01964255757629871,0.027571993879973885,0.023060809820890427,344150,0.14272837340831757,0.11392524838447571,0.13768760859966278,0.11980506777763367
x,-0.1699999999999996,-0.11999999999999955,-0.14500699937343597,0.027571993879973885,0.0501560002565384,0.036498021334409714,344151,0.15380190312862396,0.13079851865768433,0.14459237456321716,0.13672944903373718
x,-0.1699999999999996,-0.11999999999999955,-0.14500699937343597,0.0501560002565384,0.18940180242061644,0.09568535536527634,344151,0.16773474216461182,0.16291941702365875,0.1471305787563324,0.14507396519184113
x,-0.1699999999999996,-0.11999999999999955,-0.14500699937343597,0.18940180242061644,304.05255126953125,2.0181102752685547,344150,0.19339174032211304,0.2019692063331604,0.1544877290725708,0.146867573261261
x,-0.11999999999999955,-0.06999999999999951,-0.0949023887515068,0.0051116375252604485,0.008720380999147893,0.007794210687279701,344308,0.06759702414274216,0.049243588000535965,0.0678265243768692,0.05007152631878853
x,-0.11999999999999955,-0.06999999999999951,-0.0949023887515068,0.008720380999147893,0.010156606882810592,0.009444530121982098,344307,0.07264348119497299,0.04141383618116379,0.07225218415260315,0.041695162653923035
x,-0.11999999999999955,-0.06999999999999951,-0.0949023887515068,0.010156606882810592,0.011616806127130985,0.010873952880501747,344307,0.0782940462231636,0.05209355056285858,0.07823923975229263,0.053379498422145844
x,-0.11999999999999955,-0.06999999999999951,-0.0949023887515068,0.011616806127130985,0.01328943129628897,0.012416333891451359,344308,0.07124838978052139,0.045483388006687164,0.07068315148353577,0.04638870805501938
x,-0.11999999999999955,-0.06999999999999951,-0.0949023887515068,0.01328943129628897,0.015502260066568851,0.014336959458887577,344307,0.07419902086257935,0.04883013665676117,0.0728820264339447,0.05004183202981949
x,-0.11999999999999955,-0.06999999999999951,-0.0949023887515068,0.015502260066568851,0.019020849466323847,0.017070051282644272,344307,0.08804664760828018,0.06662651151418686,0.08627451956272125,0.06896615773439407
x,-0.11999999999999955,-0.06999999999999951,-0.0949023887515068,0.019020849466323847,0.025944337248802178,0.02204272523522377,344308,0.09719628840684891,0.07405554503202438,0.09282063692808151,0.07750370353460312
x,-0.11999999999999955,-0.06999999999999951,-0.0949023887515068,0.025944337248802178,0.044910317659378106,0.0334501750767231,344307,0.10809142142534256,0.08520004153251648,0.10132018476724625,0.08878219127655029
x,-0.11999999999999955,-0.06999999999999951,-0.0949023887515068,0.044910317659378106,0.15973966270685241,0.08179032057523727,344307,0.11100029945373535,0.09735298901796341,0.09472230076789856,0.09205422550439835
x,-0.11999999999999955,-0.06999999999999951,-0.0949023887515068,0.15973966270685241,145.2421417236328,1.7089247703552246,344307,0.1385214775800705,0.13825657963752747,0.10156011581420898,0.09599391371011734
x,-0.06999999999999951,-0.019999999999999463,-0.044670235365629196,0.005459710489958525,0.008737259544432163,0.00781081710010767,358345,0.0280186515301466,0.019022783264517784,0.02803655155003071,0.019449125975370407
x,-0.06999999999999951,-0.019999999999999463,-0.044670235365629196,0.008737259544432163,0.01016392931342125,0.009459471330046654,358345,0.042029548436403275,0.028893640264868736,0.041491925716400146,0.028169766068458557
x,-0.06999999999999951,-0.019999999999999463,-0.044670235365629196,0.01016392931342125,0.011616687290370464,0.010884019546210766,358345,0.04124408960342407,0.026267431676387787,0.04073379188776016,0.026286758482456207
x,-0.06999999999999951,-0.019999999999999463,-0.044670235365629196,0.011616687290370464,0.013254891149699688,0.012401801533997059,358345,0.036976538598537445,0.020716840401291847,0.0361451655626297,0.020077025517821312
x,-0.06999999999999951,-0.019999999999999463,-0.044670235365629196,0.013254891149699688,0.015481679700314999,0.014300691895186901,358345,0.041351158171892166,0.0245237834751606,0.03978043422102928,0.024211272597312927
x,-0.06999999999999951,-0.019999999999999463,-0.044670235365629196,0.015481679700314999,0.018847091123461723,0.01698937453329563,358345,0.04862183332443237,0.02954358421266079,0.04638868197798729,0.03064149245619774
x,-0.06999999999999951,-0.019999999999999463,-0.044670235365629196,0.018847091123461723,0.02548489160835743,0.021754691377282143,358345,0.058402515947818756,0.043740853667259216,0.05510898679494858,0.04359899461269379
x,-0.06999999999999951,-0.019999999999999463,-0.044670235365629196,0.02548489160835743,0.04370375722646713,0.03273005783557892,358345,0.06539960205554962,0.04958837479352951,0.05920040234923363,0.046501316130161285
x,-0.06999999999999951,-0.019999999999999463,-0.044670235365629196,0.04370375722646713,0.1517350673675537,0.07906919717788696,358345,0.0658208355307579,0.05656703934073448,0.051910050213336945,0.04520596191287041
x,-0.06999999999999951,-0.019999999999999463,-0.044670235365629196,0.1517350673675537,188.4728546142578,1.778629183769226,358345,0.08650707453489304,0.09409423172473907,0.05316143482923508,0.04599609598517418
x,-0.019999999999999463,0.030000000000000582,0.004853405058383942,0.00491000059992075,0.00875876359641552,0.007837905548512936,361166,-0.015612275339663029,-0.01324468944221735,-0.016013888642191887,-0.012756949290633202
x,-0.019999999999999463,0.030000000000000582,0.004853405058383942,0.00875876359641552,0.010162494890391827,0.009471832774579525,361165,0.004744852427393198,0.004186428152024746,0.004101877566426992,0.0034830551594495773
x,-0.019999999999999463,0.030000000000000582,0.004853405058383942,0.010162494890391827,0.011587584763765335,0.01086665689945221,361166,0.004502032417804003,0.004982321057468653,0.0037399320863187313,0.004569882992655039
x,-0.019999999999999463,0.030000000000000582,0.004853405058383942,0.011587584763765335,0.013238690234720707,0.012374583631753922,361165,0.00407068757340312,0.0013737156987190247,0.003136678831651807,0.0007343217730522156
x,-0.019999999999999463,0.030000000000000582,0.004853405058383942,0.013238690234720707,0.015428682789206505,0.014276704750955105,361165,0.003417409025132656,-0.0005841348320245743,0.00198900094255805,0.00034489110112190247
x,-0.019999999999999463,0.030000000000000582,0.004853405058383942,0.015428682789206505,0.018697374686598777,0.01691317744553089,361166,0.008168421685695648,0.00279935821890831,0.006370889022946358,0.002204813528805971
x,-0.019999999999999463,0.030000000000000582,0.004853405058383942,0.018697374686598777,0.025035979971289632,0.0214843712747097,361165,0.018372824415564537,0.011237267404794693,0.015362637117505074,0.008959520608186722
x,-0.019999999999999463,0.030000000000000582,0.004853405058383942,0.025035979971289632,0.042462059110403086,0.032044924795627594,361166,0.023714791983366013,0.016695037484169006,0.018506210297346115,0.009037446230649948
x,-0.019999999999999463,0.030000000000000582,0.004853405058383942,0.042462059110403086,0.14148947596549993,0.07455794513225555,361165,0.02311386726796627,0.022561056539416313,0.013326438143849373,0.003653897438198328
x,-0.019999999999999463,0.030000000000000582,0.004853405058383942,0.14148947596549993,153.1547088623047,1.6955019235610962,361165,0.0329701229929924,0.04391039162874222,0.007007239852100611,-0.0009509902447462082
x,0.030000000000000582,0.08000000000000063,0.05490455403923988,0.005215397570282221,0.008759189024567604,0.007836583070456982,354951,-0.05456184595823288,-0.04549329727888107,-0.05518379062414169,-0.04472218081355095
x,0.030000000000000582,0.08000000000000063,0.05490455403923988,0.008759189024567604,0.010179751738905908,0.009475071914494038,354950,-0.031204603612422943,-0.014706075191497803,-0.03199300915002823,-0.01627933606505394
x,0.030000000000000582,0.08000000000000063,0.05490455403923988,0.010179751738905908,0.011547117494046688,0.010856244713068008,354951,-0.03359055146574974,-0.020177841186523438,-0.03467199578881264,-0.02094220370054245
x,0.030000000000000582,0.08000000000000063,0.05490455403923988,0.011547117494046688,0.013196724094450473,0.01234193705022335,354950,-0.031008170917630196,-0.018421880900859833,-0.03231536224484444,-0.020140932872891426
x,0.030000000000000582,0.08000000000000063,0.05490455403923988,0.013196724094450473,0.01536317728459835,0.014231793582439423,354950,-0.029976602643728256,-0.015795104205608368,-0.031283266842365265,-0.017683174461126328
x,0.030000000000000582,0.08000000000000063,0.05490455403923988,0.01536317728459835,0.018679924681782718,0.01687525026500225,354951,-0.02864517830312252,-0.018360944464802742,-0.03097589686512947,-0.022225860506296158
x,0.030000000000000582,0.08000000000000063,0.05490455403923988,0.018679924681782718,0.024784814193844783,0.02134658955037594,354950,-0.019893789663910866,-0.014605484902858734,-0.022615255787968636,-0.019751226529479027
x,0.030000000000000582,0.08000000000000063,0.05490455403923988,0.024784814193844783,0.0418975278735161,0.031683292239904404,354951,-0.019637415185570717,-0.014610210433602333,-0.023910298943519592,-0.02715250477194786
x,0.030000000000000582,0.08000000000000063,0.05490455403923988,0.0418975278735161,0.1337619930505754,0.07209977507591248,354950,-0.024388544261455536,-0.009216458536684513,-0.029319198802113533,-0.038907241076231
x,0.030000000000000582,0.08000000000000063,0.05490455403923988,0.1337619930505754,149.0575408935547,1.6548696756362915,354950,-0.019777847453951836,-0.0071516335010528564,-0.03944404050707817,-0.05094628036022186
x,0.08000000000000063,0.13000000000000067,0.10496304929256439,0.00520344078540802,0.008751243352890015,0.007822414860129356,344302,-0.09897489100694656,-0.08301933109760284,-0.09950362145900726,-0.08265967667102814
x,0.08000000000000063,0.13000000000000067,0.10496304929256439,0.008751243352890015,0.010159280523657799,0.009464719332754612,344304,-0.07472670078277588,-0.045146241784095764,-0.07536076009273529,-0.04626546800136566
x,0.08000000000000063,0.13000000000000067,0.10496304929256439,0.010159280523657799,0.011516920663416386,0.010828952305018902,344303,-0.07229214161634445,-0.04433678090572357,-0.07339181005954742,-0.04685857146978378
x,0.08000000000000063,0.13000000000000067,0.10496304929256439,0.011516920663416386,0.013169625587761403,0.012312013655900955,344302,-0.0725129246711731,-0.046388108283281326,-0.07369635254144669,-0.04970402643084526
x,0.08000000000000063,0.13000000000000067,0.10496304929256439,0.013169625587761403,0.015339074190706015,0.014189465902745724,344303,-0.07203119248151779,-0.04676784574985504,-0.07330042868852615,-0.050460927188396454
x,0.08000000000000063,0.13000000000000067,0.10496304929256439,0.015339074190706015,0.018736790493130685,0.016902722418308258,344303,-0.06672801077365875,-0.04270174354314804,-0.06931351870298386,-0.04770248010754585
x,0.08000000000000063,0.13000000000000067,0.10496304929256439,0.018736790493130685,0.02493838258087635,0.021434469148516655,344302,-0.05847475305199623,-0.04319743067026138,-0.06217912212014198,-0.05041962489485741
x,0.08000000000000063,0.13000000000000067,0.10496304929256439,0.02493838258087635,0.042357143759727475,0.03195268660783768,344303,-0.06598352640867233,-0.04799821972846985,-0.0716109648346901,-0.06561091542243958
x,0.08000000000000063,0.13000000000000067,0.10496304929256439,0.042357143759727475,0.13564277589321141,0.07269859313964844,344303,-0.06912991404533386,-0.042845793068408966,-0.07412894815206528,-0.08494208753108978
x,0.08000000000000063,0.13000000000000067,0.10496304929256439,0.13564277589321141,174.1014404296875,1.743720293045044,344302,-0.07250098139047623,-0.05528333783149719,-0.08639805018901825,-0.10069500654935837
x,0.13000000000000067,0.18000000000000071,0.15499819815158844,0.005277366377413273,0.008785191271454097,0.007841984741389751,343784,-0.14612869918346405,-0.12670791149139404,-0.14672338962554932,-0.12624257802963257
x,0.13000000000000067,0.18000000000000071,0.15499819815158844,0.008785191271454097,0.01015550158917904,0.009480188600718975,343784,-0.11489861458539963,-0.07423211634159088,-0.11566399037837982,-0.0757189691066742
x,0.13000000000000067,0.18000000000000071,0.15499819815158844,0.01015550158917904,0.011553005408495664,0.01083544921129942,343784,-0.1177711933851242,-0.08158351480960846,-0.11828304827213287,-0.08383425325155258
x,0.13000000000000067,0.18000000000000071,0.15499819815158844,0.011553005408495664,0.013274473138153553,0.012371007353067398,343783,-0.11243590712547302,-0.07498400658369064,-0.11334628611803055,-0.07827440649271011
x,0.13000000000000067,0.18000000000000071,0.15499819815158844,0.013274473138153553,0.015599526930600405,0.014355670660734177,343785,-0.11258174479007721,-0.08086927980184555,-0.11415333300828934,-0.08452826738357544
x,0.13000000000000067,0.18000000000000071,0.15499819815158844,0.015599526930600405,0.019306036829948425,0.01731055974960327,343784,-0.11128474026918411,-0.07991516590118408,-0.11358984559774399,-0.08650502562522888
x,0.13000000000000067,0.18000000000000071,0.15499819815158844,0.019306036829948425,0.026369067840278135,0.022339139133691788,343784,-0.11061862856149673,-0.08543126285076141,-0.11341913044452667,-0.09731489419937134
x,0.13000000000000067,0.18000000000000071,0.15499819815158844,0.026369067840278135,0.04601645842194559,0.034295883029699326,343784,-0.11334052681922913,-0.08431223034858704,-0.11820453405380249,-0.11103770136833191
x,0.13000000000000067,0.18000000000000071,0.15499819815158844,0.04601645842194559,0.15439190417528162,0.0813860148191452,343784,-0.11690716445446014,-0.08530095219612122,-0.1236334890127182,-0.13782885670661926
x,0.13000000000000067,0.18000000000000071,0.15499819815158844,0.15439190417528162,162.9691619873047,1.8085918426513672,343783,-0.12290974706411362,-0.09845174849033356,-0.1341221034526825,-0.15016140043735504
x,0.18000000000000071,0.23000000000000076,0.20489975810050964,0.005388480611145496,0.008815162815153599,0.007886912673711777,343503,-0.18643946945667267,-0.1651584804058075,-0.18710027635097504,-0.16410323977470398
x,0.18000000000000071,0.23000000000000076,0.20489975810050964,0.008815162815153599,0.01018795371055603,0.009508036077022552,343503,-0.15887506306171417,-0.10916822403669357,-0.15954020619392395,-0.11130782216787338
x,0.18000000000000071,0.23000000000000076,0.20489975810050964,0.01018795371055603,0.01164077129215002,0.01090308465063572,343503,-0.15842130780220032,-0.1190335750579834,-0.1590568572282791,-0.12136629223823547
x,0.18000000000000071,0.23000000000000076,0.20489975810050964,0.01164077129215002,0.01347270142287016,0.012512078508734703,343503,-0.1509290337562561,-0.1106393039226532,-0.15254203975200653,-0.11468145996332169
x,0.18000000000000071,0.23000000000000076,0.20489975810050964,0.01347270142287016,0.016040997579693794,0.014663769863545895,343503,-0.14773114025592804,-0.10320281982421875,-0.14931589365005493,-0.10972374677658081
x,0.18000000000000071,0.23000000000000076,0.20489975810050964,0.016040997579693794,0.020240793004631996,0.017948921769857407,343503,-0.1564592570066452,-0.12269126623868942,-0.1579982340335846,-0.13231149315834045
x,0.18000000000000071,0.23000000000000076,0.20489975810050964,0.020240793004631996,0.028730733320116997,0.023890536278486252,343502,-0.15502457320690155,-0.12340179830789566,-0.15730023384094238,-0.1441289186477661
x,0.18000000000000071,0.23000000000000076,0.20489975810050964,0.028730733320116997,0.05229127034544945,0.03824279457330704,343504,-0.15898962318897247,-0.12198539078235626,-0.1636395901441574,-0.16526086628437042
x,0.18000000000000071,0.23000000000000076,0.20489975810050964,0.05229127034544945,0.18667440116405487,0.09647630900144577,343503,-0.1594608724117279,-0.12424342334270477,-0.17016059160232544,-0.19166894257068634
x,0.18000000000000071,0.23000000000000076,0.20489975810050964,0.18667440116405487,181.4652557373047,1.924343466758728,343503,-0.17596247792243958,-0.14656341075897217,-0.17981231212615967,-0.19966165721416473
x,0.23000000000000076,0.2800000000000008,0.2552017271518707,0.005158006213605404,0.008896711841225624,0.007955186069011688,344011,-0.22769777476787567,-0.20710429549217224,-0.22875894606113434,-0.20634442567825317
x,0.23000000000000076,0.2800000000000008,0.2552017271518707,0.008896711841225624,0.010326439514756203,0.009611894376575947,344009,-0.2041250467300415,-0.1496608853340149,-0.20480039715766907,-0.15208686888217926
x,0.23000000000000076,0.2800000000000008,0.2552017271518707,0.010326439514756203,0.011845999956130981,0.011062532663345337,344011,-0.19973182678222656,-0.15207736194133759,-0.20084019005298615,-0.1552351862192154
x,0.23000000000000076,0.2800000000000008,0.2552017271518707,0.011845999956130981,0.01385906618088484,0.012796049937605858,344010,-0.1914367973804474,-0.146670863032341,-0.19321925938129425,-0.15360993146896362
x,0.23000000000000076,0.2800000000000008,0.2552017271518707,0.01385906618088484,0.01692366786301136,0.015287383459508419,344010,-0.19386404752731323,-0.14815571904182434,-0.1956481784582138,-0.16076064109802246
x,0.23000000000000076,0.2800000000000008,0.2552017271518707,0.01692366786301136,0.022129955887794494,0.01927271857857704,344011,-0.20256388187408447,-0.16584883630275726,-0.2053760588169098,-0.1863250434398651
x,0.23000000000000076,0.2800000000000008,0.2552017271518707,0.022129955887794494,0.0332237310707569,0.0268342774361372,344010,-0.20099329948425293,-0.15463405847549438,-0.20317669212818146,-0.19666019082069397
x,0.23000000000000076,0.2800000000000008,0.2552017271518707,0.0332237310707569,0.06581356972455982,0.046168938279151917,344010,-0.20676006376743317,-0.16081076860427856,-0.21314437687397003,-0.2309984415769577
x,0.23000000000000076,0.2800000000000008,0.2552017271518707,0.06581356972455982,0.2563793182373056,0.12954284250736237,344010,-0.21213895082473755,-0.17128925025463104,-0.22388465702533722,-0.24606463313102722
x,0.23000000000000076,0.2800000000000008,0.2552017271518707,0.2563793182373056,241.45877075195312,2.3746449947357178,344010,-0.2294323593378067,-0.1964605748653412,-0.23251913487911224,-0.25236648321151733
x,0.2800000000000008,0.33000000000000085,0.305156946182251,0.0049052732065320015,0.009247849322855472,0.008187931030988693,428868,-0.2806173861026764,-0.26546746492385864,-0.2812936007976532,-0.2641631066799164
x,0.2800000000000008,0.33000000000000085,0.305156946182251,0.009247849322855472,0.010969099588692188,0.010100572369992733,428867,-0.2602604925632477,-0.20669730007648468,-0.260565847158432,-0.21064196527004242
x,0.2800000000000008,0.33000000000000085,0.305156946182251,0.010969099588692188,0.013136690855026245,0.011991793289780617,428868,-0.24693703651428223,-0.1964665949344635,-0.2468530833721161,-0.20567874610424042
x,0.2800000000000008,0.33000000000000085,0.305156946182251,0.013136690855026245,0.016434883698821068,0.0146583067253232,428866,-0.24821388721466064,-0.20173385739326477,-0.248285710811615,-0.22157573699951172
x,0.2800000000000008,0.33000000000000085,0.305156946182251,0.016434883698821068,0.02218915894627571,0.019024640321731567,428868,-0.2477375715970993,-0.19892483949661255,-0.24839366972446442,-0.23673459887504578
x,0.2800000000000008,0.33000000000000085,0.305156946182251,0.02218915894627571,0.034203016012907025,0.02736884355545044,428868,-0.2525967061519623,-0.20125362277030945,-0.25449705123901367,-0.2692236304283142
x,0.2800000000000008,0.33000000000000085,0.305156946182251,0.034203016012907025,0.0644297674298285,0.04664630815386772,428867,-0.25566819310188293,-0.1925731599330902,-0.26216554641723633,-0.2902659475803375
x,0.2800000000000008,0.33000000000000085,0.305156946182251,0.0644297674298285,0.17851722836494474,0.10815693438053131,428868,-0.253075510263443,-0.16985589265823364,-0.27570196986198425,-0.29831016063690186
x,0.2800000000000008,0.33000000000000085,0.305156946182251,0.17851722836494474,0.7802249670028687,0.3888337016105652,428867,-0.26831501722335815,-0.18821483850479126,-0.2903278172016144,-0.3028970956802368
x,0.2800000000000008,0.33000000000000085,0.305156946182251,0.7802249670028687,1610.6002197265625,5.1084794998168945,428867,-0.2782869338989258,-0.23177781701087952,-0.29287415742874146,-0.3035612106323242
x,0.33000000000000085,0.3800000000000009,0.3646432161331177,0.005114398896694183,0.009231539443135262,0.00827495101839304,925331,-0.1949494630098343,-0.03214505314826965,-0.19720111787319183,-0.040866076946258545
x,0.33000000000000085,0.3800000000000009,0.3646432161331177,0.009231539443135262,0.010756726376712322,0.00998594518750906,925330,-0.18512745201587677,-0.015177130699157715,-0.18703995645046234,-0.026085257530212402
x,0.33000000000000085,0.3800000000000009,0.3646432161331177,0.010756726376712322,0.0125918323174119,0.011634187772870064,925332,-0.19000178575515747,-0.04147951304912567,-0.19339688122272491,-0.054755792021751404
x,0.33000000000000085,0.3800000000000009,0.3646432161331177,0.0125918323174119,0.015104852616786957,0.013768242672085762,925331,-0.19956649839878082,-0.0589752197265625,-0.2051330804824829,-0.08161228895187378
x,0.33000000000000085,0.3800000000000009,0.3646432161331177,0.015104852616786957,0.01911766640841961,0.016940932720899582,925331,-0.2013368457555771,-0.08308261632919312,-0.21105140447616577,-0.1251085102558136
x,0.33000000000000085,0.3800000000000009,0.3646432161331177,0.01911766640841961,0.026656007394194603,0.022446997463703156,925331,-0.21121090650558472,-0.11649709939956665,-0.2227514386177063,-0.1775139570236206
x,0.33000000000000085,0.3800000000000009,0.3646432161331177,0.026656007394194603,0.043552279472351074,0.033786069601774216,925331,-0.2322089672088623,-0.1517135202884674,-0.24660931527614594,-0.25011706352233887
x,0.33000000000000085,0.3800000000000009,0.3646432161331177,0.043552279472351074,0.10221416503190994,0.06564794480800629,925331,-0.262704461812973,-0.18429404497146606,-0.27857789397239685,-0.3283998370170593
x,0.33000000000000085,0.3800000000000009,0.3646432161331177,0.10221416503190994,0.44764018058776855,0.2195984423160553,925331,-0.3050653636455536,-0.2424919605255127,-0.31759437918663025,-0.35574865341186523
x,0.33000000000000085,0.3800000000000009,0.3646432161331177,0.44764018058776855,618.69189453125,3.5963099002838135,925331,-0.33746644854545593,-0.30474454164505005,-0.3299405872821808,-0.3636877238750458
x,0.3800000000000009,0.43000000000000094,0.38972148299217224,0.005343963857740164,0.009202244225889444,0.008354926481842995,166469,-0.15843933820724487,-0.013211309909820557,-0.16135390102863312,-0.017040252685546875
x,0.3800000000000009,0.43000000000000094,0.38972148299217224,0.009202244225889444,0.010594286024570465,0.009875045157968998,166469,-0.14542004466056824,-0.01374080777168274,-0.1478644609451294,-0.017081499099731445
x,0.3800000000000009,0.43000000000000094,0.38972148299217224,0.010594286024570465,0.012367861345410345,0.01145113818347454,166469,-0.1699989289045334,-0.017795026302337646,-0.17263272404670715,-0.02171987295150757
x,0.3800000000000009,0.43000000000000094,0.38972148299217224,0.012367861345410345,0.014636371470987798,0.013443580828607082,166468,-0.1765688806772232,-0.0203658789396286,-0.18196366727352142,-0.027164533734321594
x,0.3800000000000009,0.43000000000000094,0.38972148299217224,0.014636371470987798,0.0181437861174345,0.016233021393418312,166469,-0.17958886921405792,-0.026468217372894287,-0.18899676203727722,-0.050651341676712036
x,0.3800000000000009,0.43000000000000094,0.38972148299217224,0.0181437861174345,0.024050380289554592,0.02071778103709221,166469,-0.20541717112064362,-0.10782811045646667,-0.2196042835712433,-0.16737599670886993
x,0.3800000000000009,0.43000000000000094,0.38972148299217224,0.024050380289554592,0.03759484887123106,0.029772039502859116,166468,-0.21887342631816864,-0.12463836371898651,-0.23587080836296082,-0.2083919793367386
x,0.3800000000000009,0.43000000000000094,0.38972148299217224,0.03759484887123106,0.08522261381149293,0.05544951185584068,166469,-0.24918805062770844,-0.13983944058418274,-0.268732488155365,-0.3040616512298584
x,0.3800000000000009,0.43000000000000094,0.38972148299217224,0.08522261381149293,0.37755472064018264,0.1832917034626007,166469,-0.3093737065792084,-0.21387751400470734,-0.32358303666114807,-0.38363468647003174
x,0.3800000000000009,0.43000000000000094,0.38972148299217224,0.37755472064018264,260.3474426269531,3.079050064086914,166468,-0.3638121783733368,-0.3332495093345642,-0.34817156195640564,-0.3885537385940552
x,0.43000000000000094,0.480000000000001,0.45463764667510986,0.0058615501038730145,0.012483416497707367,0.01009661890566349,33480,-0.35186767578125,-0.16993066668510437,-0.3548943102359772,-0.21260973811149597
x,0.43000000000000094,0.480000000000001,0.45463764667510986,0.012483416497707367,0.018827015161514284,0.015273951925337315,33479,-0.30014723539352417,-0.12993988394737244,-0.3263445496559143,-0.27626627683639526
x,0.43000000000000094,0.480000000000001,0.45463764667510986,0.018827015161514284,0.0312682956457138,0.024416042491793633,33480,-0.32306477427482605,-0.1467733234167099,-0.38209420442581177,-0.4317678213119507
x,0.43000000000000094,0.480000000000001,0.45463764667510986,0.0312682956457138,0.05497308671474458,0.04160483926534653,33479,-0.3085044324398041,-0.13153886795043945,-0.3897198736667633,-0.44010764360427856
x,0.43000000000000094,0.480000000000001,0.45463764667510986,0.05497308671474458,0.10120369493961334,0.07508506625890732,33479,-0.3365917205810547,-0.1623958945274353,-0.40456560254096985,-0.4464879035949707
x,0.43000000000000094,0.480000000000001,0.45463764667510986,0.10120369493961334,0.19907650053501127,0.1451483815908432,33480,-0.3830513060092926,-0.21093857288360596,-0.4284588098526001,-0.4511989653110504
x,0.43000000000000094,0.480000000000001,0.45463764667510986,0.19907650053501127,0.41514497995376587,0.2913531959056854,33479,-0.4018256962299347,-0.24975226819515228,-0.43584954738616943,-0.4533795714378357
x,0.43000000000000094,0.480000000000001,0.45463764667510986,0.41514497995376587,0.9355041027069096,0.6338936686515808,33480,-0.4161517322063446,-0.2656934857368469,-0.43924951553344727,-0.45454078912734985
x,0.43000000000000094,0.480000000000001,0.45463764667510986,0.9355041027069096,2.774906778335575,1.6403688192367554,33479,-0.4480638802051544,-0.38218390941619873,-0.4422733783721924,-0.45485466718673706
x,0.43000000000000094,0.480000000000001,0.45463764667510986,2.774906778335575,1657.0870361328125,13.861689567565918,33479,-0.47524771094322205,-0.45176932215690613,-0.44955766201019287,-0.4556603729724884
x,0.480000000000001,0.530000000000001,0.504337728023529,0.006179765332490206,0.015193416364490986,0.011709444224834442,29417,-0.3253481984138489,-0.1488935947418213,-0.334631085395813,-0.1874764859676361
x,0.480000000000001,0.530000000000001,0.504337728023529,0.015193416364490986,0.027287538722157483,0.02017827332019806,29417,-0.29577556252479553,-0.13770976662635803,-0.3399403989315033,-0.3346412181854248
x,0.480000000000001,0.530000000000001,0.504337728023529,0.027287538722157483,0.05723086521029472,0.04004121571779251,29417,-0.3527511656284332,-0.16253679990768433,-0.433590829372406,-0.48631858825683594
x,0.480000000000001,0.530000000000001,0.504337728023529,0.05723086521029472,0.11546731442213062,0.08334416151046753,29417,-0.3579029440879822,-0.19231167435646057,-0.45380938053131104,-0.4944601356983185
x,0.480000000000001,0.530000000000001,0.504337728023529,0.11546731442213062,0.21197327971458435,0.15909382700920105,29416,-0.39991602301597595,-0.21611669659614563,-0.4803214967250824,-0.501022219657898
x,0.480000000000001,0.530000000000001,0.504337728023529,0.21197327971458435,0.39443726539611806,0.2931017279624939,29417,-0.425355464220047,-0.2267943024635315,-0.48883092403411865,-0.5026777386665344
x,0.480000000000001,0.530000000000001,0.504337728023529,0.39443726539611806,0.7772183775901791,0.5603073835372925,29417,-0.43285393714904785,-0.23168686032295227,-0.4922921657562256,-0.5033226609230042
x,0.480000000000001,0.530000000000001,0.504337728023529,0.7772183775901791,1.687871289253236,1.1681289672851562,29417,-0.43146002292633057,-0.26274746656417847,-0.49352455139160156,-0.5035480260848999
x,0.480000000000001,0.530000000000001,0.504337728023529,1.687871289253236,4.550175285339358,2.7882206439971924,29417,-0.4579915702342987,-0.34786635637283325,-0.49570319056510925,-0.5035682916641235
x,0.480000000000001,0.530000000000001,0.504337728023529,4.550175285339358,2003.0628662109375,23.141719818115234,29416,-0.4984915852546692,-0.48482221364974976,-0.4872550964355469,-0.5033068656921387
x,0.530000000000001,0.5800000000000011,0.5456923842430115,0.006282432470470667,0.01862233001738787,0.013982939533889294,15234,-0.294990599155426,-0.1771552860736847,-0.30844950675964355,-0.1908084899187088
x,0.530000000000001,0.5800000000000011,0.5456923842430115,0.01862233001738787,0.03625109493732453,0.0254993699491024,15233,-0.32632625102996826,-0.18151846528053284,-0.3870815336704254,-0.41928306221961975
x,0.530000000000001,0.5800000000000011,0.5456923842430115,0.03625109493732453,0.08820343762636185,0.05833173543214798,15233,-0.4072255492210388,-0.22070452570915222,-0.47838976979255676,-0.5348366498947144
x,0.530000000000001,0.5800000000000011,0.5456923842430115,0.08820343762636185,0.17666694521903994,0.13104446232318878,15234,-0.4294552803039551,-0.24248605966567993,-0.5117691159248352,-0.5403923988342285
x,0.530000000000001,0.5800000000000011,0.5456923842430115,0.17666694521903994,0.3108271062374115,0.23892676830291748,15233,-0.4531096816062927,-0.2500058114528656,-0.5295870304107666,-0.5422835350036621
x,0.530000000000001,0.5800000000000011,0.5456923842430115,0.3108271062374115,0.5422688484191895,0.4167846739292145,15233,-0.4330599308013916,-0.24857106804847717,-0.5287091135978699,-0.5423447489738464
x,0.530000000000001,0.5800000000000011,0.5456923842430115,0.5422688484191895,1.028537583351135,0.7446773052215576,15234,-0.43849125504493713,-0.25463053584098816,-0.5255222320556641,-0.5426356792449951
x,0.530000000000001,0.5800000000000011,0.5456923842430115,1.028537583351135,2.239213943481446,1.5491588115692139,15233,-0.4734308123588562,-0.29949286580085754,-0.5250216126441956,-0.5427478551864624
x,0.530000000000001,0.5800000000000011,0.5456923842430115,2.239213943481446,5.974288129806523,3.6692922115325928,15233,-0.48361608386039734,-0.36602020263671875,-0.5332111120223999,-0.5433807373046875
x,0.530000000000001,0.5800000000000011,0.5456923842430115,5.974288129806523,1167.7484130859375,21.643905639648438,15233,-0.5245887637138367,-0.5074356198310852,-0.5214702486991882,-0.5425240397453308
y,-0.52,-0.47000000000000003,-0.4946967661380768,0.005954529624432325,0.011647111177444458,0.009587058797478676,22843,0.46745404601097107,0.4084745943546295,0.46455445885658264,0.41617995500564575
y,-0.52,-0.47000000000000003,-0.4946967661380768,0.011647111177444458,0.01661098934710026,0.013929273933172226,22843,0.4534004032611847,0.42729124426841736,0.4433084726333618,0.45653629302978516
y,-0.52,-0.47000000000000003,-0.4946967661380768,0.01661098934710026,0.025709967687726022,0.02071482501924038,22842,0.4749102294445038,0.4617782235145569,0.46096280217170715,0.48421794176101685
y,-0.52,-0.47000000000000003,-0.4946967661380768,0.025709967687726022,0.04392337873578075,0.033670973032712936,22843,0.44570639729499817,0.3816845417022705,0.4466629922389984,0.4808182418346405
y,-0.52,-0.47000000000000003,-0.4946967661380768,0.04392337873578075,0.08149656653404236,0.06040284037590027,22842,0.44710102677345276,0.3715667128562927,0.45604655146598816,0.48606210947036743
y,-0.52,-0.47000000000000003,-0.4946967661380768,0.08149656653404236,0.17216261029243476,0.12090038508176804,22843,0.4938146471977234,0.4603920876979828,0.4747028648853302,0.4913620352745056
y,-0.52,-0.47000000000000003,-0.4946967661380768,0.17216261029243476,0.3999315559864041,0.26858004927635193,22843,0.5510802865028381,0.6168602108955383,0.4850141406059265,0.494338721036911
y,-0.52,-0.47000000000000003,-0.4946967661380768,0.3999315559864041,1.0547593832015993,0.6689207553863525,22842,0.5674967765808105,0.699829638004303,0.4736970365047455,0.4922412633895874
y,-0.52,-0.47000000000000003,-0.4946967661380768,1.0547593832015993,3.237659692764282,1.8922393321990967,22843,0.5885089635848999,0.761905312538147,0.47613421082496643,0.49343863129615784
y,-0.52,-0.47000000000000003,-0.4946967661380768,3.237659692764282,131.03738403320312,10.839607238769531,22842,0.6052860021591187,0.8070013523101807,0.4751666486263275,0.49303674697875977
y,-0.47000000000000003,-0.42000000000000004,-0.4453124403953552,0.005972246173769236,0.010284181218594313,0.008796818554401398,23397,0.41027194261550903,0.3670986294746399,0.4092346429824829,0.3690757155418396
y,-0.47000000000000003,-0.42000000000000004,-0.4453124403953552,0.010284181218594313,0.013361431658267975,0.01170299295336008,23396,0.432672381401062,0.4181537628173828,0.42769521474838257,0.42219364643096924
y,-0.47000000000000003,-0.42000000000000004,-0.4453124403953552,0.013361431658267975,0.018432981334626675,0.01564180850982666,23397,0.4283120036125183,0.4207233786582947,0.4160488545894623,0.427372545003891
y,-0.47000000000000003,-0.42000000000000004,-0.4453124403953552,0.018432981334626675,0.02739938721060753,0.022344090044498444,23396,0.39339569211006165,0.34943127632141113,0.3980002999305725,0.4151872992515564
y,-0.47000000000000003,-0.42000000000000004,-0.4453124403953552,0.02739938721060753,0.04462864249944687,0.03518517315387726,23397,0.34858381748199463,0.2612016201019287,0.3716849684715271,0.4201819896697998
y,-0.47000000000000003,-0.42000000000000004,-0.4453124403953552,0.04462864249944687,0.08795721083879471,0.06214164197444916,23396,0.40715330839157104,0.3502821922302246,0.41566500067710876,0.43912869691848755
y,-0.47000000000000003,-0.42000000000000004,-0.4453124403953552,0.08795721083879471,0.21312935650348663,0.14011462032794952,23397,0.45640233159065247,0.44771772623062134,0.4272759258747101,0.44134241342544556
y,-0.47000000000000003,-0.42000000000000004,-0.4453124403953552,0.21312935650348663,0.5633584856987,0.3568150997161865,23396,0.5211875438690186,0.6405631303787231,0.42552104592323303,0.4412228465080261
y,-0.47000000000000003,-0.42000000000000004,-0.4453124403953552,0.5633584856987,2.0438308715820312,1.1103719472885132,23397,0.5879477262496948,0.7615644335746765,0.4332923889160156,0.4451659023761749
y,-0.47000000000000003,-0.42000000000000004,-0.4453124403953552,2.0438308715820312,137.94769287109375,8.411328315734863,23396,0.5565882921218872,0.7819586396217346,0.4264332056045532,0.4437043070793152
y,-0.42000000000000004,-0.37000000000000005,-0.38415250182151794,0.005396687891334295,0.00948564289137721,0.008362233638763428,176149,0.2644536793231964,0.12790143489837646,0.263681024312973,0.12837308645248413
y,-0.42000000000000004,-0.37000000000000005,-0.38415250182151794,0.00948564289137721,0.011415872722864151,0.010416514240205288,176148,0.2797136902809143,0.15628749132156372,0.27962130308151245,0.16511310636997223
y,-0.42000000000000004,-0.37000000000000005,-0.38415250182151794,0.011415872722864151,0.01414087601006031,0.012693915516138077,176149,0.2898033559322357,0.17084857821464539,0.2884646952152252,0.19471333920955658
y,-0.42000000000000004,-0.37000000000000005,-0.38415250182151794,0.01414087601006031,0.01815594546496868,0.015982868149876595,176148,0.29549551010131836,0.19202721118927002,0.2911096215248108,0.2348436564207077
y,-0.42000000000000004,-0.37000000000000005,-0.38415250182151794,0.01815594546496868,0.024931037798523903,0.021156588569283485,176149,0.29070615768432617,0.19390717148780823,0.2804998457431793,0.2605302035808563
y,-0.42000000000000004,-0.37000000000000005,-0.38415250182151794,0.024931037798523903,0.03943689912557602,0.031183194369077682,176148,0.31004756689071655,0.22084778547286987,0.2941869795322418,0.3291998505592346
y,-0.42000000000000004,-0.37000000000000005,-0.38415250182151794,0.03943689912557602,0.07638241723179817,0.05497022345662117,176149,0.3531379699707031,0.29929840564727783,0.3179493248462677,0.37219423055648804
y,-0.42000000000000004,-0.37000000000000005,-0.38415250182151794,0.07638241723179817,0.19984665513038635,0.1240471675992012,176148,0.41751477122306824,0.4397018551826477,0.3347897231578827,0.3785795569419861
y,-0.42000000000000004,-0.37000000000000005,-0.38415250182151794,0.19984665513038635,0.8345795571804047,0.42680203914642334,176149,0.48540031909942627,0.6059024930000305,0.3604709804058075,0.3812233805656433
y,-0.42000000000000004,-0.37000000000000005,-0.38415250182151794,0.8345795571804047,365.5549011230469,5.169322490692139,176148,0.5056970119476318,0.645471453666687,0.3545457422733307,0.3803423047065735
y,-0.37000000000000005,-0.32000000000000006,-0.34747347235679626,0.005288165993988514,0.009213980939239265,0.008153650909662247,293004,0.23314064741134644,0.10470947623252869,0.231651172041893,0.10474072396755219
y,-0.37000000000000005,-0.32000000000000006,-0.34747347235679626,0.009213980939239265,0.010880683735013007,0.010031131096184254,293004,0.2581395208835602,0.16025255620479584,0.2576552927494049,0.16578245162963867
y,-0.37000000000000005,-0.32000000000000006,-0.34747347235679626,0.010880683735013007,0.013044906221330164,0.011896815150976181,293004,0.26352667808532715,0.17148420214653015,0.26262369751930237,0.18358823657035828
y,-0.37000000000000005,-0.32000000000000006,-0.34747347235679626,0.013044906221330164,0.01604696698486805,0.014453130774199963,293004,0.26603707671165466,0.18885895609855652,0.2622127830982208,0.2087058424949646
y,-0.37000000000000005,-0.32000000000000006,-0.34747347235679626,0.01604696698486805,0.02111311350017786,0.01833585649728775,293004,0.25796806812286377,0.17645098268985748,0.25246772170066833,0.2121606171131134
y,-0.37000000000000005,-0.32000000000000006,-0.34747347235679626,0.02111311350017786,0.031195886060595496,0.025499412789940834,293004,0.26879769563674927,0.18874353170394897,0.258948415517807,0.2508627474308014
y,-0.37000000000000005,-0.32000000000000006,-0.34747347235679626,0.031195886060595496,0.05671360716223716,0.041677866131067276,293004,0.3127927780151367,0.2586008906364441,0.2863866686820984,0.3245556652545929
y,-0.37000000000000005,-0.32000000000000006,-0.34747347235679626,0.05671360716223716,0.1448143750429155,0.0907093957066536,293004,0.3715033233165741,0.3756123185157776,0.30534130334854126,0.33884331583976746
y,-0.37000000000000005,-0.32000000000000006,-0.34747347235679626,0.1448143750429155,0.619901567697525,0.3088664412498474,293004,0.43896999955177307,0.5494729280471802,0.3261823058128357,0.3445931375026703
y,-0.37000000000000005,-0.32000000000000006,-0.34747347235679626,0.619901567697525,510.8359680175781,4.785538196563721,293003,0.4620111584663391,0.6296771168708801,0.32220059633255005,0.3441818356513977
y,-0.32000000000000006,-0.2700000000000001,-0.2892802059650421,0.00520344078540802,0.009015942644327878,0.008029025048017502,463230,0.17153383791446686,0.0384780615568161,0.16992254555225372,0.03761865943670273
y,-0.32000000000000006,-0.2700000000000001,-0.2892802059650421,0.009015942644327878,0.010498319938778878,0.009753611870110035,463230,0.1864619106054306,0.06836877763271332,0.18457646667957306,0.06826774775981903
y,-0.32000000000000006,-0.2700000000000001,-0.2892802059650421,0.010498319938778878,0.012164970766752959,0.011308826506137848,463230,0.18349958956241608,0.0823872834444046,0.18143817782402039,0.08505645394325256
y,-0.32000000000000006,-0.2700000000000001,-0.2892802059650421,0.012164970766752959,0.01429010834544897,0.013178085908293724,463230,0.17852801084518433,0.08406242728233337,0.1768539994955063,0.09118618816137314
y,-0.32000000000000006,-0.2700000000000001,-0.2892802059650421,0.01429010834544897,0.01729510072618723,0.01568458415567875,463230,0.17278310656547546,0.07845331728458405,0.17080453038215637,0.08965576440095901
y,-0.32000000000000006,-0.2700000000000001,-0.2892802059650421,0.01729510072618723,0.022462622821331022,0.019611608237028122,463230,0.17281675338745117,0.087281733751297,0.1682121604681015,0.10593671351671219
y,-0.32000000000000006,-0.2700000000000001,-0.2892802059650421,0.022462622821331022,0.033637951314449306,0.027255794033408165,463230,0.1911649852991104,0.11129476875066757,0.17837339639663696,0.1405443549156189
y,-0.32000000000000006,-0.2700000000000001,-0.2892802059650421,0.033637951314449306,0.06733458191156391,0.04693659022450447,463230,0.2293800413608551,0.141485333442688,0.19742394983768463,0.20656169950962067
y,-0.32000000000000006,-0.2700000000000001,-0.2892802059650421,0.06733458191156391,0.2652586817741395,0.1321336179971695,463230,0.2883487045764923,0.22857913374900818,0.2235439568758011,0.27533823251724243
y,-0.32000000000000006,-0.2700000000000001,-0.2892802059650421,0.2652586817741395,486.62152099609375,2.499985456466675,463229,0.33718663454055786,0.3114473819732666,0.23319780826568604,0.2825620174407959
y,-0.2700000000000001,-0.22000000000000008,-0.2543008625507355,0.005335009191185236,0.009169822558760643,0.008109459653496742,727553,0.1426476687192917,0.010911121964454651,0.14142240583896637,0.010393381118774414
y,-0.2700000000000001,-0.22000000000000008,-0.2543008625507355,0.009169822558760643,0.010916600190103053,0.010039488784968853,727554,0.15249423682689667,0.04407705366611481,0.15086445212364197,0.04545532912015915
y,-0.2700000000000001,-0.22000000000000008,-0.2543008625507355,0.010916600190103053,0.012896637618541717,0.011868677102029324,727553,0.15511560440063477,0.059944942593574524,0.1534830778837204,0.06526292860507965
y,-0.2700000000000001,-0.22000000000000008,-0.2543008625507355,0.012896637618541717,0.015537762828171254,0.014139825478196144,727553,0.15392446517944336,0.06495781242847443,0.15158498287200928,0.07454967498779297
y,-0.2700000000000001,-0.22000000000000008,-0.2543008625507355,0.015537762828171254,0.019652786664664745,0.01742713898420334,727553,0.15398474037647247,0.06636032462120056,0.1494532823562622,0.08141317963600159
y,-0.2700000000000001,-0.22000000000000008,-0.2543008625507355,0.019652786664664745,0.026847103610634793,0.022845381870865822,727553,0.16553908586502075,0.08257409930229187,0.15627016127109528,0.10763899981975555
y,-0.2700000000000001,-0.22000000000000008,-0.2543008625507355,0.026847103610634793,0.043010782450437546,0.03376530483365059,727552,0.1885310709476471,0.10626718401908875,0.1697225570678711,0.15629945695400238
y,-0.2700000000000001,-0.22000000000000008,-0.2543008625507355,0.043010782450437546,0.09355337321758303,0.06249184533953667,727554,0.22760191559791565,0.1653093844652176,0.18827857077121735,0.2244691103696823
y,-0.2700000000000001,-0.22000000000000008,-0.2543008625507355,0.09355337321758303,0.40083873271942194,0.19852638244628906,727553,0.28404247760772705,0.26884031295776367,0.21443206071853638,0.24611639976501465
y,-0.2700000000000001,-0.22000000000000008,-0.2543008625507355,0.40083873271942194,467.6054382324219,3.3245770931243896,727553,0.2937995493412018,0.27401143312454224,0.21705956757068634,0.2510133981704712
y,-0.22000000000000008,-0.1700000000000001,-0.1949939727783203,0.005316904280334711,0.008837382309138775,0.007882763631641865,359343,0.16784153878688812,0.1290435642004013,0.16559936106204987,0.12507548928260803
y,-0.22000000000000008,-0.1700000000000001,-0.1949939727783203,0.008837382309138775,0.0103406997397542,0.009584520012140274,359344,0.1724017858505249,0.1313745677471161,0.1687174141407013,0.12725630402565002
y,-0.22000000000000008,-0.1700000000000001,-0.1949939727783203,0.0103406997397542,0.011930768005549907,0.011116640642285347,359343,0.16324375569820404,0.11824339628219604,0.15827509760856628,0.11492236703634262
y,-0.22000000000000008,-0.1700000000000001,-0.1949939727783203,0.011930768005549907,0.013935325480997563,0.012875678949058056,359343,0.16576799750328064,0.13248059153556824,0.15976642072200775,0.13245037198066711
y,-0.22000000000000008,-0.1700000000000001,-0.1949939727783203,0.013935325480997563,0.017056619748473167,0.015374045819044113,359343,0.17357224225997925,0.1298314929008484,0.16285908222198486,0.13240820169448853
y,-0.22000000000000008,-0.1700000000000001,-0.1949939727783203,0.017056619748473167,0.022680844739079473,0.019551418721675873,359344,0.17910850048065186,0.13330426812171936,0.16144897043704987,0.14165674149990082
y,-0.22000000000000008,-0.1700000000000001,-0.1949939727783203,0.022680844739079473,0.03558459356427192,0.028148267418146133,359343,0.20003415644168854,0.1562747210264206,0.16926750540733337,0.17009636759757996
y,-0.22000000000000008,-0.1700000000000001,-0.1949939727783203,0.03558459356427192,0.07626351416110992,0.05116358771920204,359343,0.22489190101623535,0.2018064260482788,0.1797240525484085,0.18626169860363007
y,-0.22000000000000008,-0.1700000000000001,-0.1949939727783203,0.07626351416110992,0.3140383183956149,0.15718773007392883,359343,0.25390809774398804,0.2817174792289734,0.1941363662481308,0.1940910667181015
y,-0.22000000000000008,-0.1700000000000001,-0.1949939727783203,0.3140383183956149,422.49566650390625,2.9537353515625,359343,0.24096645414829254,0.27952319383621216,0.19319668412208557,0.19349592924118042
y,-0.1700000000000001,-0.1200000000000001,-0.1450064331293106,0.004946983885020018,0.008747192285954952,0.007819872349500656,358688,0.13445121049880981,0.10975363850593567,0.13203133642673492,0.10556391626596451
y,-0.1700000000000001,-0.1200000000000001,-0.1450064331293106,0.008747192285954952,0.010197975300252437,0.009482827968895435,358687,0.1425955891609192,0.1115119457244873,0.138489231467247,0.10626360774040222
y,-0.1700000000000001,-0.1200000000000001,-0.1450064331293106,0.010197975300252437,0.011662805080413818,0.010918756015598774,358687,0.12434178590774536,0.08756908774375916,0.11907513439655304,0.08357152342796326
y,-0.1700000000000001,-0.1200000000000001,-0.1450064331293106,0.011662805080413818,0.013403998129069805,0.012485588900744915,358687,0.12877210974693298,0.09750790894031525,0.12218093872070312,0.09403672814369202
y,-0.1700000000000001,-0.1200000000000001,-0.1450064331293106,0.013403998129069805,0.01597651094198227,0.014585724100470543,358687,0.13406944274902344,0.09814275056123734,0.12454421073198318,0.09723535180091858
y,-0.1700000000000001,-0.1200000000000001,-0.1450064331293106,0.01597651094198227,0.02037884257733822,0.017971856519579887,358687,0.13960951566696167,0.09745201468467712,0.12551455199718475,0.10052657127380371
y,-0.1700000000000001,-0.1200000000000001,-0.1450064331293106,0.02037884257733822,0.030198535509407494,0.024537617340683937,358687,0.14960221946239471,0.11208459734916687,0.126597061753273,0.11779174208641052
y,-0.1700000000000001,-0.1200000000000001,-0.1450064331293106,0.030198535509407494,0.05858700275421143,0.04136238619685173,358687,0.17166684567928314,0.1462230682373047,0.1420629471540451,0.13676556944847107
y,-0.1700000000000001,-0.1200000000000001,-0.1450064331293106,0.05858700275421143,0.23211554437875725,0.11548885703086853,358687,0.1898290514945984,0.1891661435365677,0.14713045954704285,0.14382393658161163
y,-0.1700000000000001,-0.1200000000000001,-0.1450064331293106,0.23211554437875725,384.0329895019531,2.395498752593994,358687,0.1896349936723709,0.2165946066379547,0.1525753289461136,0.14425581693649292
y,-0.1200000000000001,-0.07000000000000012,-0.09500595182180405,0.0049052732065320015,0.008697941433638334,0.007780320942401886,358710,0.09769680351018906,0.07899650931358337,0.09514372050762177,0.07576318085193634
y,-0.1200000000000001,-0.07000000000000012,-0.09500595182180405,0.008697941433638334,0.010102694109082221,0.00941586121916771,358710,0.10508005321025848,0.08242548257112503,0.10098113864660263,0.07794629037380219
y,-0.1200000000000001,-0.07000000000000012,-0.09500595182180405,0.010102694109082221,0.011497852765023707,0.010788979008793831,358710,0.08906109631061554,0.06145620718598366,0.08393749594688416,0.05661372095346451
y,-0.1200000000000001,-0.07000000000000012,-0.09500595182180405,0.011497852765023707,0.013084502145648002,0.01226519513875246,358709,0.09059444814920425,0.06633275747299194,0.08402599394321442,0.06108378246426582
y,-0.1200000000000001,-0.07000000000000012,-0.09500595182180405,0.013084502145648002,0.0153858563862741,0.014134821482002735,358710,0.09473388642072678,0.06746552884578705,0.08650173246860504,0.06342624127864838
y,-0.1200000000000001,-0.07000000000000012,-0.09500595182180405,0.0153858563862741,0.019237479940056798,0.017144083976745605,358710,0.10038469731807709,0.06592393666505814,0.08904722332954407,0.06462585180997849
y,-0.1200000000000001,-0.07000000000000012,-0.09500595182180405,0.019237479940056798,0.02700091246515512,0.02255619689822197,358709,0.09994162619113922,0.06684239953756332,0.08499018102884293,0.06875061243772507
y,-0.1200000000000001,-0.07000000000000012,-0.09500595182180405,0.02700091246515512,0.04924219921231271,0.03593360632658005,358710,0.11785000562667847,0.09139222651720047,0.09864582866430283,0.08684874325990677
y,-0.1200000000000001,-0.07000000000000012,-0.09500595182180405,0.04924219921231271,0.18494410812854772,0.09240376204252243,358710,0.13025698065757751,0.12447856366634369,0.10350783914327621,0.0946912169456482
y,-0.1200000000000001,-0.07000000000000012,-0.09500595182180405,0.18494410812854772,255.34738159179688,1.9703303575515747,358709,0.13211971521377563,0.14359697699546814,0.10444360971450806,0.09385570883750916
y,-0.07000000000000012,-0.02000000000000013,-0.04499172791838646,0.005142597481608391,0.008676613122224808,0.0077535598538815975,358460,0.058442123234272,0.04498167335987091,0.05568151921033859,0.04236963391304016
y,-0.07000000000000012,-0.02000000000000013,-0.04499172791838646,0.008676613122224808,0.010038454458117485,0.00937048438936472,358459,0.06459292024374008,0.05126066505908966,0.06065087392926216,0.04712548106908798
y,-0.07000000000000012,-0.02000000000000013,-0.04499172791838646,0.010038454458117485,0.011378602497279644,0.010698092170059681,358460,0.05614133179187775,0.03838652744889259,0.05106735974550247,0.033315155655145645
y,-0.07000000000000012,-0.02000000000000013,-0.04499172791838646,0.011378602497279644,0.012925947271287442,0.012135094031691551,358459,0.052714504301548004,0.03536790609359741,0.04724292829632759,0.030807944014668465
y,-0.07000000000000012,-0.02000000000000013,-0.04499172791838646,0.012925947271287442,0.01511856447905302,0.013933422043919563,358459,0.05560138449072838,0.03900694102048874,0.049415912479162216,0.034206997603178024
y,-0.07000000000000012,-0.02000000000000013,-0.04499172791838646,0.01511856447905302,0.018790087848901744,0.016800574958324432,358460,0.060899510979652405,0.0397077351808548,0.052808985114097595,0.03519820421934128
y,-0.07000000000000012,-0.02000000000000013,-0.04499172791838646,0.018790087848901744,0.0257673542946577,0.0218009352684021,358459,0.0628967210650444,0.04315389692783356,0.05195532366633415,0.036170344799757004
y,-0.07000000000000012,-0.02000000000000013,-0.04499172791838646,0.0257673542946577,0.04529526308178902,0.03359539434313774,358460,0.07279983162879944,0.053649187088012695,0.0583207942545414,0.04185492545366287
y,-0.07000000000000012,-0.02000000000000013,-0.04499172791838646,0.04529526308178902,0.16290048956871045,0.08247709274291992,358459,0.08188670128583908,0.08209151029586792,0.061829082667827606,0.048272840678691864
y,-0.07000000000000012,-0.02000000000000013,-0.04499172791838646,0.16290048956871045,126.69116973876953,1.7754511833190918,358459,0.07387910038232803,0.0768456682562828,0.05646181479096413,0.043860238045454025
y,-0.02000000000000013,0.029999999999999805,0.005001044366508722,0.0051116375252604485,0.008650876116007566,0.007730156183242798,360451,0.015130662359297276,0.014763528481125832,0.012557811103761196,0.012624514289200306
y,-0.02000000000000013,0.029999999999999805,0.005001044366508722,0.008650876116007566,0.010012003593146801,0.009346544742584229,360450,0.018818141892552376,0.01717386022210121,0.015481870621442795,0.014510935172438622
y,-0.02000000000000013,0.029999999999999805,0.005001044366508722,0.010012003593146801,0.011331453919410706,0.010660727508366108,360451,0.018463134765625,0.013600903563201427,0.01464584469795227,0.00994093343615532
y,-0.02000000000000013,0.029999999999999805,0.005001044366508722,0.011331453919410706,0.012871029786765575,0.012072570621967316,360450,0.0158486757427454,0.009968781843781471,0.011212124489247799,0.005651962012052536
y,-0.02000000000000013,0.029999999999999805,0.005001044366508722,0.012871029786765575,0.01507452828809619,0.013887173496186733,360451,0.013036129996180534,0.01049298606812954,0.007973349653184414,0.006123598664999008
y,-0.02000000000000013,0.029999999999999805,0.005001044366508722,0.01507452828809619,0.018586309626698494,0.016677265986800194,360450,0.020337482914328575,0.017197635024785995,0.0143128028139472,0.0121596809476614
y,-0.02000000000000013,0.029999999999999805,0.005001044366508722,0.018586309626698494,0.025434487499296665,0.021571287885308266,360451,0.022677628323435783,0.017266688868403435,0.01448249164968729,0.006657259538769722
y,-0.02000000000000013,0.029999999999999805,0.005001044366508722,0.025434487499296665,0.043989405035972595,0.0329330675303936,360450,0.02475939318537712,0.020616328343749046,0.014081154949963093,0.003574182279407978
y,-0.02000000000000013,0.029999999999999805,0.005001044366508722,0.043989405035972595,0.15495429188013077,0.07937709987163544,360451,0.02480793558061123,0.03142291307449341,0.013609539717435837,0.0031665340065956116
y,-0.02000000000000013,0.029999999999999805,0.005001044366508722,0.15495429188013077,174.1014404296875,1.7519257068634033,360450,0.016144931316375732,0.021817568689584732,0.005882085766643286,-0.0046396031975746155
y,0.029999999999999805,0.07999999999999985,0.05498956888914108,0.005375247448682785,0.008623086661100388,0.0077202171087265015,360089,-0.028691481798887253,-0.014947373420000076,-0.031111277639865875,-0.017429277300834656
y,0.029999999999999805,0.07999999999999985,0.05498956888914108,0.008623086661100388,0.009983712434768676,0.009320647455751896,360088,-0.019873378798365593,-0.0061963144689798355,-0.02296101674437523,-0.009455189108848572
y,0.029999999999999805,0.07999999999999985,0.05498956888914108,0.009983712434768676,0.011319644935429096,0.010632895864546299,360088,-0.022153688594698906,-0.012724820524454117,-0.025652939453721046,-0.01667356677353382
y,0.029999999999999805,0.07999999999999985,0.05498956888914108,0.011319644935429096,0.012892430275678636,0.012076075188815594,360088,-0.024249503389000893,-0.014539893716573715,-0.028353437781333923,-0.018025513738393784
y,0.029999999999999805,0.07999999999999985,0.05498956888914108,0.012892430275678636,0.01506694545969367,0.013911734335124493,360088,-0.022632749751210213,-0.011439939960837364,-0.0274043045938015,-0.01624523289501667
y,0.029999999999999805,0.07999999999999985,0.05498956888914108,0.01506694545969367,0.018599617481231692,0.0166661087423563,360088,-0.01801927201449871,-0.005705570802092552,-0.022946322336792946,-0.011969632469117641
y,0.029999999999999805,0.07999999999999985,0.05498956888914108,0.018599617481231692,0.02542209886014461,0.021581094712018967,360088,-0.021025661379098892,-0.009304901584982872,-0.02803894691169262,-0.02157440409064293
y,0.029999999999999805,0.07999999999999985,0.05498956888914108,0.02542209886014461,0.04340594708919528,0.03264978900551796,360088,-0.020687540993094444,-0.005598047748208046,-0.02744325064122677,-0.02959592640399933
y,0.029999999999999805,0.07999999999999985,0.05498956888914108,0.04340594708919528,0.152748443186283,0.07858052104711533,360088,-0.02721434459090233,-0.008005701005458832,-0.03339952975511551,-0.04356442764401436
y,0.029999999999999805,0.07999999999999985,0.05498956888914108,0.152748443186283,262.1106872558594,1.790974736213684,360088,-0.04325959458947182,-0.03125082701444626,-0.043615542352199554,-0.053581178188323975
y,0.07999999999999985,0.1299999999999999,0.10510505735874176,0.005368595942854881,0.008629063423722983,0.007726607378572226,360987,-0.07157894223928452,-0.045777879655361176,-0.0739637017250061,-0.047813840210437775
y,0.07999999999999985,0.1299999999999999,0.10510505735874176,0.008629063423722983,0.009969627857208252,0.009314153343439102,360986,-0.0642809048295021,-0.043412383645772934,-0.06721220165491104,-0.045754168182611465
y,0.07999999999999985,0.1299999999999999,0.10510505735874176,0.009969627857208252,0.011354925297200679,0.010644109919667244,360986,-0.06597390025854111,-0.04384970664978027,-0.06933321803808212,-0.04724665731191635
y,0.07999999999999985,0.1299999999999999,0.10510505735874176,0.011354925297200679,0.012966425344347955,0.012130389921367168,360986,-0.06375489383935928,-0.04064825177192688,-0.06730146706104279,-0.04447202757000923
y,0.07999999999999985,0.1299999999999999,0.10510505735874176,0.012966425344347955,0.015183350071310997,0.014012481085956097,360986,-0.0641624927520752,-0.03939847648143768,-0.06765671819448471,-0.0444495715200901
y,0.07999999999999985,0.1299999999999999,0.10510505735874176,0.015183350071310997,0.018773036450147627,0.016785837709903717,360986,-0.06077658012509346,-0.03285609185695648,-0.06502525508403778,-0.04074806347489357
y,0.07999999999999985,0.1299999999999999,0.10510505735874176,0.018773036450147627,0.02579993214458226,0.021831799298524857,360986,-0.06395421922206879,-0.03736768662929535,-0.06975264847278595,-0.052085258066654205
y,0.07999999999999985,0.1299999999999999,0.10510505735874176,0.02579993214458226,0.0447266429662705,0.033496513962745667,360986,-0.06151055917143822,-0.030367538332939148,-0.06782934069633484,-0.060144808143377304
y,0.07999999999999985,0.1299999999999999,0.10510505735874176,0.0447266429662705,0.16252355575561517,0.08275206387042999,360986,-0.0811307355761528,-0.0521540641784668,-0.08257985860109329,-0.09476230293512344
y,0.07999999999999985,0.1299999999999999,0.10510505735874176,0.16252355575561517,236.43304443359375,1.823063611984253,360986,-0.09875142574310303,-0.07668647170066833,-0.09346365183591843,-0.10425189137458801
y,0.1299999999999999,0.17999999999999983,0.15490086376667023,0.00529994023963809,0.0086695053614676,0.007756949868053198,361124,-0.10938962548971176,-0.07162365317344666,-0.11176396161317825,-0.07243061065673828
y,0.1299999999999999,0.17999999999999983,0.15490086376667023,0.0086695053614676,0.010045657865703106,0.009363515302538872,361123,-0.10092168301343918,-0.06946401298046112,-0.10375595837831497,-0.07120358198881149
y,0.1299999999999999,0.17999999999999983,0.15490086376667023,0.010045657865703106,0.011434030253440142,0.010727944783866405,361124,-0.10333535075187683,-0.07401303946971893,-0.10675299912691116,-0.07686896622180939
y,0.1299999999999999,0.17999999999999983,0.15490086376667023,0.011434030253440142,0.013146926648914814,0.012250453233718872,361123,-0.09970297664403915,-0.06943980604410172,-0.10350994020700455,-0.07386914640665054
y,0.1299999999999999,0.17999999999999983,0.15490086376667023,0.013146926648914814,0.015472734812647104,0.014252589084208012,361124,-0.09583929181098938,-0.060894642025232315,-0.09970495104789734,-0.06647470593452454
y,0.1299999999999999,0.17999999999999983,0.15490086376667023,0.015472734812647104,0.019288241863250732,0.01716114953160286,361123,-0.0926733985543251,-0.06017842888832092,-0.09791511297225952,-0.07354454696178436
y,0.1299999999999999,0.17999999999999983,0.15490086376667023,0.019288241863250732,0.027187886647880077,0.02269034832715988,361124,-0.09111344814300537,-0.05230259895324707,-0.09785134345293045,-0.07404030859470367
y,0.1299999999999999,0.17999999999999983,0.15490086376667023,0.027187886647880077,0.04999987781047821,0.03618350997567177,361123,-0.0990910455584526,-0.05243183672428131,-0.10632024705410004,-0.10050388425588608
y,0.1299999999999999,0.17999999999999983,0.15490086376667023,0.04999987781047821,0.19515714794397354,0.09713362157344818,361124,-0.11848531663417816,-0.08158314228057861,-0.12180578708648682,-0.14429855346679688
y,0.1299999999999999,0.17999999999999983,0.15490086376667023,0.19515714794397354,124.65077209472656,1.9978245496749878,361123,-0.14336925745010376,-0.10608731210231781,-0.13325943052768707,-0.153122678399086
y,0.17999999999999983,0.22999999999999976,0.2053557187318802,0.005264570936560631,0.008706350065767764,0.007789763621985912,361082,-0.15385928750038147,-0.10653036087751389,-0.15658710896968842,-0.1068839281797409
y,0.17999999999999983,0.22999999999999976,0.2053557187318802,0.008706350065767764,0.010113834217190743,0.00941317155957222,361081,-0.14663022756576538,-0.1035330668091774,-0.1495688259601593,-0.10450288653373718
y,0.17999999999999983,0.22999999999999976,0.2053557187318802,0.010113834217190743,0.011543040815740823,0.0108088543638587,361081,-0.15517447888851166,-0.12281045317649841,-0.1581476926803589,-0.12459639459848404
y,0.17999999999999983,0.22999999999999976,0.2053557187318802,0.011543040815740823,0.013364444486796856,0.012410852126777172,361081,-0.14723768830299377,-0.10826149582862854,-0.15031905472278595,-0.11264795064926147
y,0.17999999999999983,0.22999999999999976,0.2053557187318802,0.013364444486796856,0.015886547975242138,0.014551057480275631,361082,-0.14889073371887207,-0.11201994121074677,-0.15242259204387665,-0.11895041167736053
y,0.17999999999999983,0.22999999999999976,0.2053557187318802,0.015886547975242138,0.02021173574030399,0.017789633944630623,361081,-0.1435219645500183,-0.10012887418270111,-0.14771082997322083,-0.1137758195400238
y,0.17999999999999983,0.22999999999999976,0.2053557187318802,0.02021173574030399,0.029813224636018276,0.024299997836351395,361082,-0.140555739402771,-0.09232950210571289,-0.14650173485279083,-0.121452197432518
y,0.17999999999999983,0.22999999999999976,0.2053557187318802,0.029813224636018276,0.060221045464277284,0.041644029319286346,361081,-0.1541070193052292,-0.10411959886550903,-0.16311901807785034,-0.17582470178604126
y,0.17999999999999983,0.22999999999999976,0.2053557187318802,0.060221045464277284,0.25360198616981555,0.12244728952646255,361081,-0.17139583826065063,-0.13701695203781128,-0.1802673190832138,-0.20006927847862244
y,0.17999999999999983,0.22999999999999976,0.2053557187318802,0.25360198616981555,354.7027893066406,2.4247214794158936,361081,-0.1901444047689438,-0.1565784215927124,-0.19140468537807465,-0.20665180683135986
y,0.22999999999999976,0.2799999999999998,0.2545107901096344,0.00502388970926404,0.008803611621260643,0.007862742990255356,366812,-0.19276607036590576,-0.14316000044345856,-0.19579899311065674,-0.1440104991197586
y,0.22999999999999976,0.2799999999999998,0.2545107901096344,0.008803611621260643,0.010231716558337212,0.009524399414658546,366811,-0.18325285613536835,-0.13612236082553864,-0.1861075907945633,-0.13799458742141724
y,0.22999999999999976,0.2799999999999998,0.2545107901096344,0.010231716558337212,0.01178313884884119,0.01097763329744339,366811,-0.19004133343696594,-0.15065866708755493,-0.1928262710571289,-0.15303432941436768
y,0.22999999999999976,0.2799999999999998,0.2545107901096344,0.01178313884884119,0.01381088886409998,0.012748894281685352,366812,-0.17807456851005554,-0.13109944760799408,-0.18082231283187866,-0.13758210837841034
y,0.22999999999999976,0.2799999999999998,0.2545107901096344,0.01381088886409998,0.016747004352509975,0.015173417516052723,366812,-0.17869558930397034,-0.13732025027275085,-0.18153947591781616,-0.14850324392318726
y,0.22999999999999976,0.2799999999999998,0.2545107901096344,0.016747004352509975,0.022214222699403763,0.019161349162459373,366811,-0.17160922288894653,-0.1165766716003418,-0.1766795963048935,-0.13748981058597565
y,0.22999999999999976,0.2799999999999998,0.2545107901096344,0.022214222699403763,0.035474980250000954,0.027705572545528412,366812,-0.17541798949241638,-0.12214551866054535,-0.18484127521514893,-0.1757470965385437
y,0.22999999999999976,0.2799999999999998,0.2545107901096344,0.035474980250000954,0.08191552758216858,0.05314517766237259,366811,-0.18381281197071075,-0.11693178117275238,-0.19590742886066437,-0.22853298485279083
y,0.22999999999999976,0.2799999999999998,0.2545107901096344,0.08191552758216858,0.36569468677043915,0.17689502239227295,366812,-0.20452268421649933,-0.1470499187707901,-0.2220831960439682,-0.24779857695102692
y,0.22999999999999976,0.2799999999999998,0.2545107901096344,0.36569468677043915,187.9597625732422,2.991460084915161,366811,-0.22508633136749268,-0.18109390139579773,-0.23335795104503632,-0.25309842824935913
y,0.2799999999999998,0.32999999999999985,0.3103199601173401,0.00491000059992075,0.009103400260210037,0.008095472119748592,873502,-0.1396976262331009,-0.010535672307014465,-0.14263349771499634,-0.013306573033332825
y,0.2799999999999998,0.32999999999999985,0.3103199601173401,0.009103400260210037,0.010711267590522766,0.009903455153107643,873500,-0.13806667923927307,-0.0147172212600708,-0.141250878572464,-0.018117159605026245
y,0.2799999999999998,0.32999999999999985,0.3103199601173401,0.010711267590522766,0.012525144964456558,0.011581894010305405,873501,-0.13815931975841522,-0.016521990299224854,-0.1417405754327774,-0.020740270614624023
y,0.2799999999999998,0.32999999999999985,0.3103199601173401,0.012525144964456558,0.014843632653355603,0.013631792739033699,873502,-0.13583360612392426,-0.020766139030456543,-0.13964253664016724,-0.030611112713813782
y,0.2799999999999998,0.32999999999999985,0.3103199601173401,0.014843632653355603,0.01818278804421425,0.016395336017012596,873501,-0.13528187572956085,-0.03262597322463989,-0.1405625194311142,-0.04885479807853699
y,0.2799999999999998,0.32999999999999985,0.3103199601173401,0.01818278804421425,0.023934364318847656,0.020751314237713814,873501,-0.13523444533348083,-0.039161860942840576,-0.14294153451919556,-0.06228730082511902
y,0.2799999999999998,0.32999999999999985,0.3103199601173401,0.023934364318847656,0.0377380684018135,0.029635882005095482,873502,-0.13559359312057495,-0.04053197801113129,-0.1469423472881317,-0.07932122051715851
y,0.2799999999999998,0.32999999999999985,0.3103199601173401,0.0377380684018135,0.0877548024058342,0.05688345432281494,873501,-0.1518428474664688,-0.04707351326942444,-0.16678331792354584,-0.13030044734477997
y,0.2799999999999998,0.32999999999999985,0.3103199601173401,0.0877548024058342,0.3879614114761348,0.1901351511478424,873501,-0.201176717877388,-0.10124467313289642,-0.21511109173297882,-0.2880604565143585
y,0.2799999999999998,0.32999999999999985,0.3103199601173401,0.3879614114761348,181.4652557373047,2.761782646179199,873501,-0.2558756470680237,-0.19598153233528137,-0.23514816164970398,-0.304042786359787
y,0.32999999999999985,0.3799999999999998,0.3509954512119293,0.005353644955903292,0.009016737341880798,0.00805774424225092,356490,-0.21759910881519318,-0.09564632177352905,-0.22089679539203644,-0.10280242562294006
y,0.32999999999999985,0.3799999999999998,0.3509954512119293,0.009016737341880798,0.010533858463168145,0.009771395474672318,356492,-0.21492555737495422,-0.11344090104103088,-0.21888375282287598,-0.12494693696498871
y,0.32999999999999985,0.3799999999999998,0.3509954512119293,0.010533858463168145,0.012243869341909885,0.011349877342581749,356491,-0.21695420145988464,-0.13611851632595062,-0.22146841883659363,-0.15114711225032806
y,0.32999999999999985,0.3799999999999998,0.3509954512119293,0.012243869341909885,0.014490100368857386,0.013315562158823013,356491,-0.21142710745334625,-0.13713103532791138,-0.21687836945056915,-0.15592443943023682
y,0.32999999999999985,0.3799999999999998,0.3509954512119293,0.014490100368857386,0.017867757007479668,0.016052259132266045,356489,-0.19789952039718628,-0.11218854784965515,-0.20609413087368011,-0.14186789095401764
y,0.32999999999999985,0.3799999999999998,0.3509954512119293,0.017867757007479668,0.023953669145703314,0.020576663315296173,356492,-0.19667017459869385,-0.12127449363470078,-0.20964257419109344,-0.16700290143489838
y,0.32999999999999985,0.3799999999999998,0.3509954512119293,0.023953669145703314,0.03956624120473857,0.03046564571559429,356491,-0.1999083012342453,-0.11790621280670166,-0.21724721789360046,-0.18455316126346588
y,0.32999999999999985,0.3799999999999998,0.3509954512119293,0.03956624120473857,0.09114486724138274,0.06008061021566391,356491,-0.21453750133514404,-0.1202077865600586,-0.23914144933223724,-0.2684301733970642
y,0.32999999999999985,0.3799999999999998,0.3509954512119293,0.09114486724138274,0.372305071353913,0.18834583461284637,356491,-0.2594681680202484,-0.16531454026699066,-0.28459206223487854,-0.3392348289489746
y,0.32999999999999985,0.3799999999999998,0.3509954512119293,0.372305071353913,618.69189453125,2.969918966293335,356490,-0.31548845767974854,-0.25558918714523315,-0.3012743592262268,-0.34844109416007996
y,0.3799999999999998,0.4299999999999997,0.3999008536338806,0.005702741909772158,0.009705563075840473,0.00854335818439722,232167,-0.2921820282936096,-0.1876853108406067,-0.29654043912887573,-0.2017875611782074
y,0.3799999999999998,0.4299999999999997,0.3999008536338806,0.009705563075840473,0.0118360985070467,0.010748358443379402,232167,-0.26589545607566833,-0.15712395310401917,-0.2709200084209442,-0.18049028515815735
y,0.3799999999999998,0.4299999999999997,0.3999008536338806,0.0118360985070467,0.01451872382313013,0.013113531284034252,232167,-0.27173537015914917,-0.1953992247581482,-0.281022846698761,-0.23910030722618103
y,0.3799999999999998,0.4299999999999997,0.3999008536338806,0.01451872382313013,0.018640995025634766,0.016399355605244637,232167,-0.2581266164779663,-0.17120224237442017,-0.2757231295108795,-0.24138978123664856
y,0.3799999999999998,0.4299999999999997,0.3999008536338806,0.018640995025634766,0.0263394583016634,0.022040678188204765,232167,-0.2511503994464874,-0.16705402731895447,-0.2834819555282593,-0.2846648693084717
y,0.3799999999999998,0.4299999999999997,0.3999008536338806,0.0263394583016634,0.04279317706823349,0.03349619358778,232167,-0.2519811987876892,-0.16329486668109894,-0.29920804500579834,-0.33990591764450073
y,0.3799999999999998,0.4299999999999997,0.3999008536338806,0.04279317706823349,0.08425040543079376,0.060065556317567825,232167,-0.2577596604824066,-0.15067017078399658,-0.3176528215408325,-0.3820599913597107
y,0.3799999999999998,0.4299999999999997,0.3999008536338806,0.08425040543079376,0.21332070231437683,0.13576695322990417,232167,-0.299899160861969,-0.18339963257312775,-0.3521019518375397,-0.39248135685920715
y,0.3799999999999998,0.4299999999999997,0.3999008536338806,0.21332070231437683,0.7834534049034119,0.41841089725494385,232167,-0.33159321546554565,-0.2221127450466156,-0.36785799264907837,-0.3981325924396515
y,0.3799999999999998,0.4299999999999997,0.3999008536338806,0.7834534049034119,1630.5673828125,5.01566743850708,232167,-0.3770005702972412,-0.33845436573028564,-0.3772640526294708,-0.4019979238510132
y,0.4299999999999997,0.47999999999999976,0.45354846119880676,0.005664600059390068,0.011817886494100094,0.009759431704878807,122824,-0.3270263969898224,-0.17987407743930817,-0.33092015981674194,-0.2204723060131073
y,0.4299999999999997,0.47999999999999976,0.45354846119880676,0.011817886494100094,0.016813995689153673,0.014089174568653107,122824,-0.29837507009506226,-0.15618029236793518,-0.31849783658981323,-0.2503091096878052
y,0.4299999999999997,0.47999999999999976,0.45354846119880676,0.016813995689153673,0.026714945584535597,0.021121878176927567,122823,-0.3136734366416931,-0.16719257831573486,-0.3580566942691803,-0.4046240448951721
y,0.4299999999999997,0.47999999999999976,0.45354846119880676,0.026714945584535597,0.048810851573944096,0.03631838038563728,122824,-0.331080824136734,-0.18985453248023987,-0.39641761779785156,-0.44211345911026
y,0.4299999999999997,0.47999999999999976,0.45354846119880676,0.048810851573944096,0.09642714262008667,0.06982980668544769,122823,-0.3524847626686096,-0.20304793119430542,-0.4238734245300293,-0.4510864317417145
y,0.4299999999999997,0.47999999999999976,0.45354846119880676,0.09642714262008667,0.19501509964466088,0.14041370153427124,122824,-0.38378891348838806,-0.22345492243766785,-0.4348766505718231,-0.4549258351325989
y,0.4299999999999997,0.47999999999999976,0.45354846119880676,0.19501509964466088,0.40387821197509766,0.28456324338912964,122824,-0.4153710603713989,-0.28927087783813477,-0.4444790780544281,-0.4569772481918335
y,0.4299999999999997,0.47999999999999976,0.45354846119880676,0.40387821197509766,0.9378863573074343,0.6236340403556824,122823,-0.43025168776512146,-0.31363651156425476,-0.44782254099845886,-0.457943320274353
y,0.4299999999999997,0.47999999999999976,0.45354846119880676,0.9378863573074343,2.895487070083624,1.6827633380889893,122824,-0.43856021761894226,-0.3533674478530884,-0.44795626401901245,-0.45898035168647766
y,0.4299999999999997,0.47999999999999976,0.45354846119880676,2.895487070083624,2003.0628662109375,13.579909324645996,122823,-0.4571617543697357,-0.46434399485588074,-0.4529434144496918,-0.459542840719223
y,0.47999999999999976,0.5299999999999998,0.49520161747932434,0.006333672907203436,0.018458946235477926,0.013595004566013813,47953,-0.3084242045879364,-0.1785588562488556,-0.31758156418800354,-0.19584918022155762
y,0.47999999999999976,0.5299999999999998,0.49520161747932434,0.018458946235477926,0.036155210435390474,0.02585611864924431,47953,-0.2869008481502533,-0.13808760046958923,-0.3544212281703949,-0.4243505597114563
y,0.47999999999999976,0.5299999999999998,0.49520161747932434,0.036155210435390474,0.08157710656523702,0.055890511721372604,47953,-0.41690438985824585,-0.21581536531448364,-0.45647332072257996,-0.49186718463897705
y,0.47999999999999976,0.5299999999999998,0.49520161747932434,0.08157710656523702,0.1624690294265747,0.11948534101247787,47953,-0.48710089921951294,-0.27760887145996094,-0.4829694926738739,-0.4946693181991577
y,0.47999999999999976,0.5299999999999998,0.49520161747932434,0.1624690294265747,0.29756148159503937,0.22428101301193237,47953,-0.4920445680618286,-0.2988518476486206,-0.4879693388938904,-0.4952576160430908
y,0.47999999999999976,0.5299999999999998,0.49520161747932434,0.29756148159503937,0.5446042299270629,0.40688323974609375,47953,-0.4970870018005371,-0.3420029282569885,-0.49020978808403015,-0.49624329805374146
y,0.47999999999999976,0.5299999999999998,0.49520161747932434,0.5446042299270629,1.0571539282798765,0.7660560607910156,47953,-0.46232178807258606,-0.2839871644973755,-0.4857217073440552,-0.49553045630455017
y,0.47999999999999976,0.5299999999999998,0.49520161747932434,1.0571539282798765,2.238099813461304,1.564419150352478,47953,-0.45775479078292847,-0.31182989478111267,-0.48461970686912537,-0.495339035987854
y,0.47999999999999976,0.5299999999999998,0.49520161747932434,2.238099813461304,5.864687776565553,3.675138235092163,47953,-0.4451865553855896,-0.33310529589653015,-0.4899318814277649,-0.4962877333164215
y,0.47999999999999976,0.5299999999999998,0.49520161747932434,5.864687776565553,1243.57861328125,17.155420303344727,47952,-0.45917633175849915,-0.4161977767944336,-0.49273279309272766,-0.4977523684501648
z,0.0,0.05,0.010249322280287743,0.00491000059992075,0.009510251693427563,0.008275644853711128,1317504,0.06776894629001617,0.008353449404239655,0.06909281760454178,0.010382823646068573
z,0.0,0.05,0.010249322280287743,0.009510251693427563,0.011531154811382293,0.010523836128413677,1317506,0.08277422934770584,0.01616157963871956,0.08231700211763382,0.01663140393793583
z,0.0,0.05,0.010249322280287743,0.011531154811382293,0.013804124481976033,0.012627879157662392,1317504,0.08279543370008469,0.009060561656951904,0.07996578514575958,0.00982191413640976
z,0.0,0.05,0.010249322280287743,0.013804124481976033,0.016793275624513628,0.015209659934043884,1317505,0.08756119757890701,0.008975330740213394,0.08055545389652252,0.008060272783041
z,0.0,0.05,0.010249322280287743,0.016793275624513628,0.02131401002407074,0.01888950541615486,1317504,0.09146758168935776,0.008605854585766792,0.07766392827033997,0.005172728095203638
z,0.0,0.05,0.010249322280287743,0.02131401002407074,0.029203764349222183,0.024807745590806007,1317505,0.09773698449134827,0.01992572471499443,0.07270405441522598,0.004792495630681515
z,0.0,0.05,0.010249322280287743,0.029203764349222183,0.04705366492271423,0.036763887852430344,1317504,0.11264026165008545,0.04727169871330261,0.06756659597158432,0.00379085261374712
z,0.0,0.05,0.010249322280287743,0.04705366492271423,0.10613424926996232,0.0699225589632988,1317505,0.13599883019924164,0.11648458242416382,0.061024654656648636,0.0026372908614575863
z,0.0,0.05,0.010249322280287743,0.10613424926996232,0.45222340226173435,0.2267724573612213,1317505,0.16194772720336914,0.19687795639038086,0.04702756553888321,0.0008636036654934287
z,0.0,0.05,0.010249322280287743,0.45222340226173435,400.98260498046875,3.051595449447632,1317504,0.17941881716251373,0.22075031697750092,0.02669527567923069,-0.0021842666901648045
z,0.05,0.1,0.07476792484521866,0.005083206109702587,0.009224744699895381,0.008124930784106255,495284,0.046748191118240356,0.023258812725543976,0.04891121760010719,0.024644501507282257
z,0.05,0.1,0.07476792484521866,0.009224744699895381,0.011016018502414227,0.010113358497619629,495283,0.06150604411959648,0.03954669088125229,0.06286440789699554,0.040115706622600555
z,0.05,0.1,0.07476792484521866,0.011016018502414227,0.013002733886241912,0.011974401772022247,495283,0.0598619170486927,0.035419102758169174,0.060456786304712296,0.03638770431280136
z,0.05,0.1,0.07476792484521866,0.013002733886241912,0.015566749684512616,0.014209846965968609,495283,0.06204836815595627,0.03574695065617561,0.0606556311249733,0.03355199098587036
z,0.05,0.1,0.07476792484521866,0.015566749684512616,0.019526328891515732,0.017372485250234604,495283,0.06536032259464264,0.03726298362016678,0.061269890516996384,0.03207475692033768
z,0.05,0.1,0.07476792484521866,0.019526328891515732,0.026814883202314375,0.022736823186278343,495284,0.06499890983104706,0.03507869690656662,0.054700758308172226,0.022424444556236267
z,0.05,0.1,0.07476792484521866,0.026814883202314375,0.04389786943793297,0.03394802659749985,495283,0.07145451009273529,0.049423761665821075,0.04925732687115669,0.014208085834980011
z,0.05,0.1,0.07476792484521866,0.04389786943793297,0.10523366183042532,0.06732255965471268,495283,0.0939122885465622,0.10119359195232391,0.0444682352244854,0.003628671169281006
z,0.05,0.1,0.07476792484521866,0.10523366183042532,0.4547187268733975,0.22828060388565063,495283,0.12197060883045197,0.15760008990764618,0.01971064880490303,-0.042290158569812775
z,0.05,0.1,0.07476792484521866,0.4547187268733975,292.24761962890625,2.7113499641418457,495283,0.1296158730983734,0.16334126889705658,-0.0025237463414669037,-0.055459313094615936
z,0.1,0.15000000000000002,0.12481219321489334,0.005343963857740164,0.009019164182245732,0.008013548329472542,477261,0.02178635634481907,0.007833585143089294,0.02473473735153675,0.011107653379440308
z,0.1,0.15000000000000002,0.12481219321489334,0.009019164182245732,0.01057425569742918,0.009784601628780365,477260,0.03744075074791908,0.022294018417596817,0.040138062089681625,0.025863386690616608
z,0.1,0.15000000000000002,0.12481219321489334,0.01057425569742918,0.012305452674627303,0.011419079266488552,477261,0.040055517107248306,0.027034752070903778,0.042280010879039764,0.0304294154047966
z,0.1,0.15000000000000002,0.12481219321489334,0.012305452674627303,0.014446411468088626,0.013318508863449097,477260,0.03718755021691322,0.023691263049840927,0.03818881884217262,0.025227606296539307
z,0.1,0.15000000000000002,0.12481219321489334,0.014446411468088626,0.017507733777165413,0.01587960496544838,477260,0.037764884531497955,0.026576709002256393,0.0370880626142025,0.026847925037145615
z,0.1,0.15000000000000002,0.12481219321489334,0.017507733777165413,0.022231055051088335,0.019643917679786682,477261,0.036576952785253525,0.027216240763664246,0.0341438427567482,0.02690519392490387
z,0.1,0.15000000000000002,0.12481219321489334,0.022231055051088335,0.03262807354331017,0.02660914696753025,477260,0.039559099823236465,0.03509019687771797,0.030858872458338737,0.023186858743429184
z,0.1,0.15000000000000002,0.12481219321489334,0.03262807354331017,0.06431258320808411,0.045164335519075394,477261,0.04802842438220978,0.05338470637798309,0.024191388860344887,0.014734968543052673
z,0.1,0.15000000000000002,0.12481219321489334,0.06431258320808411,0.2555636584758766,0.12700651586055756,477260,0.06489136815071106,0.086295485496521,0.00822590384632349,-0.010796796530485153
z,0.1,0.15000000000000002,0.12481219321489334,0.2555636584758766,467.6054382324219,2.066565990447998,477260,0.07282619178295135,0.09870016574859619,-0.01837186887860298,-0.06514983624219894
z,0.15000000000000002,0.2,0.1746682971715927,0.005335009191185236,0.008923190273344516,0.007958391681313515,454366,-0.0017795253079384565,-0.008803404867649078,0.001782832550816238,-0.004126057028770447
z,0.15000000000000002,0.2,0.1746682971715927,0.008923190273344516,0.010411766357719898,0.009670935571193695,454364,0.013136225752532482,0.0070702508091926575,0.016396433115005493,0.011641807854175568
z,0.15000000000000002,0.2,0.1746682971715927,0.010411766357719898,0.01204378241673112,0.01120701339095831,454366,0.014926894567906857,0.010128013789653778,0.017549071460962296,0.0147952139377594
z,0.15000000000000002,0.2,0.1746682971715927,0.01204378241673112,0.0140203595161438,0.012982644140720367,454366,0.014249425381422043,0.012026987969875336,0.016316445544362068,0.01748199760913849
z,0.15000000000000002,0.2,0.1746682971715927,0.0140203595161438,0.01674824208021164,0.015311596915125847,454365,0.009488875977694988,0.007647454738616943,0.010632356628775597,0.012409254908561707
z,0.15000000000000002,0.2,0.1746682971715927,0.01674824208021164,0.02086096964776516,0.0186296533793211,454365,0.009203450754284859,0.01178915798664093,0.008765441365540028,0.014177262783050537
z,0.15000000000000002,0.2,0.1746682971715927,0.02086096964776516,0.028843368776142585,0.024307871237397194,454366,0.006085296161472797,0.012441746890544891,0.0027363791596144438,0.011625483632087708
z,0.15000000000000002,0.2,0.1746682971715927,0.028843368776142585,0.051510754972696304,0.03789117559790611,454364,0.011538301594555378,0.02797195315361023,0.0007100203074514866,0.015333443880081177
z,0.15000000000000002,0.2,0.1746682971715927,0.051510754972696304,0.19412567317485813,0.09681623429059982,454366,0.014463991858065128,0.036329932510852814,-0.02021644078195095,-0.00961817055940628
z,0.15000000000000002,0.2,0.1746682971715927,0.19412567317485813,321.70947265625,1.9682499170303345,454365,0.015396429225802422,0.03174114227294922,-0.04768640175461769,-0.057157643139362335
z,0.2,0.25,0.2289804369211197,0.005353644955903292,0.009373585041612387,0.008273237384855747,585447,-0.04456828907132149,-0.035033032298088074,-0.04139968007802963,-0.0297105610370636
z,0.2,0.25,0.2289804369211197,0.009373585041612387,0.01118287853896618,0.010265431366860867,585446,-0.03566839173436165,-0.01947954297065735,-0.03343557193875313,-0.015504144132137299
z,0.2,0.25,0.2289804369211197,0.01118287853896618,0.01332823559641838,0.012214193120598793,585445,-0.03516233712434769,-0.013246789574623108,-0.035163260996341705,-0.0105353444814682
z,0.2,0.25,0.2289804369211197,0.01332823559641838,0.016325732693076134,0.014729498885571957,585448,-0.0376032330095768,-0.01213124394416809,-0.0417228527367115,-0.013774514198303223
z,0.2,0.25,0.2289804369211197,0.016325732693076134,0.02093698550015688,0.018440227955579758,585446,-0.04196234047412872,-0.012692540884017944,-0.05197302997112274,-0.02243819087743759
z,0.2,0.25,0.2289804369211197,0.02093698550015688,0.029418560862541198,0.02464560605585575,585446,-0.040659841150045395,-0.006379812955856323,-0.062013592571020126,-0.031690023839473724
z,0.2,0.25,0.2289804369211197,0.029418560862541198,0.04994186274707308,0.03797905147075653,585447,-0.03817965090274811,0.0004723966121673584,-0.07897757738828659,-0.06484942138195038
z,0.2,0.25,0.2289804369211197,0.04994186274707308,0.1277745246887208,0.07897631824016571,585446,-0.030688045546412468,0.007346682250499725,-0.1054563894867897,-0.13926200568675995
z,0.2,0.25,0.2289804369211197,0.1277745246887208,0.5913446366786959,0.28622403740882874,585446,-0.024658139795064926,0.011223085224628448,-0.1411905586719513,-0.2142045944929123
z,0.2,0.25,0.2289804369211197,0.5913446366786959,2003.0628662109375,4.55961799621582,585446,-0.025088561698794365,0.009377233684062958,-0.16549375653266907,-0.23127874732017517
z,0.25,0.30000000000000004,0.2735637426376343,0.0053344243206083775,0.009667836129665375,0.008476522751152515,905497,-0.09599156677722931,-0.0843285322189331,-0.09363602846860886,-0.07898983359336853
z,0.25,0.30000000000000004,0.2735637426376343,0.009667836129665375,0.01177945826202631,0.010710461996495724,905497,-0.08634405583143234,-0.05014747381210327,-0.08610479533672333,-0.04930804669857025
z,0.25,0.30000000000000004,0.2735637426376343,0.01177945826202631,0.014378669671714306,0.013015116564929485,905497,-0.08659288287162781,-0.041719913482666016,-0.09014129638671875,-0.04667159914970398
z,0.25,0.30000000000000004,0.2735637426376343,0.014378669671714306,0.018206220120191574,0.016137350350618362,905497,-0.09353173524141312,-0.04713624715805054,-0.10303175449371338,-0.06225600838661194
z,0.25,0.30000000000000004,0.2735637426376343,0.018206220120191574,0.024930717423558235,0.02122371271252632,905497,-0.09351024031639099,-0.04481348395347595,-0.11285359412431717,-0.08282473683357239
z,0.25,0.30000000000000004,0.2735637426376343,0.024930717423558235,0.03889808431267738,0.03099524974822998,905497,-0.09195117652416229,-0.04317609965801239,-0.12906141579151154,-0.13185101747512817
z,0.25,0.30000000000000004,0.2735637426376343,0.03889808431267738,0.07718758285045624,0.0545148029923439,905497,-0.08582760393619537,-0.038150906562805176,-0.14941024780273438,-0.1975342333316803
z,0.25,0.30000000000000004,0.2735637426376343,0.07718758285045624,0.2158362716436386,0.1311044842004776,905497,-0.07800103724002838,-0.03303179144859314,-0.18223948776721954,-0.25327086448669434
z,0.25,0.30000000000000004,0.2735637426376343,0.2158362716436386,0.9010476469993591,0.45547279715538025,905497,-0.07213622331619263,-0.031380534172058105,-0.20768913626670837,-0.2617744207382202
z,0.25,0.30000000000000004,0.2735637426376343,0.9010476469993591,1843.343994140625,6.042145729064941,905497,-0.06518328189849854,-0.03131037950515747,-0.22764591872692108,-0.26659733057022095
z,0.30000000000000004,0.35000000000000003,0.32626548409461975,0.00520344078540802,0.008350365236401558,0.007569038309156895,2211749,-0.03538814187049866,-0.0019656717777252197,-0.03294346481561661,0.0004984736442565918
z,0.30000000000000004,0.35000000000000003,0.32626548409461975,0.008350365236401558,0.00950765609741211,0.008942564018070698,2211746,-0.040394559502601624,-0.0020439624786376953,-0.03852120041847229,0.00016483664512634277
z,0.30000000000000004,0.35000000000000003,0.32626548409461975,0.00950765609741211,0.010610736906528473,0.01005632895976305,2211751,-0.03709464892745018,-0.0020262598991394043,-0.03590882942080498,0.00012120604515075684
z,0.30000000000000004,0.35000000000000003,0.32626548409461975,0.010610736906528473,0.011867072992026807,0.011216750368475914,2211749,-0.03419201448559761,-0.0021032989025115967,-0.0336875282227993,0.00011017918586730957
z,0.30000000000000004,0.35000000000000003,0.32626548409461975,0.011867072992026807,0.013535520061850548,0.012646983377635479,2211749,-0.034718792885541916,-0.00221329927444458,-0.03557145223021507,1.1354684829711914e-05
z,0.30000000000000004,0.35000000000000003,0.32626548409461975,0.013535520061850548,0.016187280789017676,0.014736220240592957,2211749,-0.0410933792591095,-0.0024139583110809326,-0.04473059996962547,-0.00030812621116638184
z,0.30000000000000004,0.35000000000000003,0.32626548409461975,0.016187280789017676,0.022129187919199447,0.018666023388504982,2211748,-0.053936947137117386,-0.0029861032962799072,-0.06458154320716858,-0.0012319684028625488
z,0.30000000000000004,0.35000000000000003,0.32626548409461975,0.022129187919199447,0.04582946002483371,0.030962543562054634,2211749,-0.07990667968988419,-0.01755988597869873,-0.11236803978681564,-0.046608567237854004
z,0.30000000000000004,0.35000000000000003,0.32626548409461975,0.04582946002483371,0.2055361285805703,0.09805332869291306,2211749,-0.11433803290128708,-0.074756920337677,-0.19620265066623688,-0.2620682418346405
z,0.30000000000000004,0.35000000000000003,0.32626548409461975,0.2055361285805703,618.69189453125,2.701998233795166,2211748,-0.12582837045192719,-0.09089542180299759,-0.26547348499298096,-0.32432878017425537
