total_std_bin,total_std_lo,total_std_hi,pred_bin,pred_lo,pred_hi,n,mean_alpha,std_alpha,mean_GT,mean_pred,mean_total_std,axis
0,0.0050119683146476746,0.007179124001413584,16,-0.4199999999999998,-0.4099999999999998,9,-20.883529663085938,24.04121971130371,-0.3530343174934387,-0.41437652707099915,0.007135265506803989,x
0,0.0050119683146476746,0.007179124001413584,17,-0.4099999999999998,-0.3999999999999998,12,-70.73564147949219,60.76707458496094,-0.20158542692661285,-0.4045853614807129,0.007107704412192106,x
0,0.0050119683146476746,0.007179124001413584,18,-0.3999999999999998,-0.3899999999999998,1536,-74.83466339111328,99.92589569091797,-0.20063942670822144,-0.39322853088378906,0.006599499378353357,x
0,0.0050119683146476746,0.007179124001413584,19,-0.3899999999999998,-0.3799999999999998,4396,-73.82002258300781,91.56509399414062,-0.19200481474399567,-0.38460832834243774,0.0067283459939062595,x
0,0.0050119683146476746,0.007179124001413584,20,-0.3799999999999998,-0.3699999999999998,8098,-43.22264099121094,74.12071990966797,-0.2655344009399414,-0.37606051564216614,0.0067566619254648685,x
0,0.0050119683146476746,0.007179124001413584,21,-0.3699999999999998,-0.35999999999999976,1072,-75.15178680419922,86.43262481689453,-0.18125952780246735,-0.3654116690158844,0.00664234533905983,x
0,0.0050119683146476746,0.007179124001413584,22,-0.35999999999999976,-0.34999999999999976,775,-97.2165756225586,101.64728546142578,-0.12245460599660873,-0.3550279438495636,0.00663203839212656,x
0,0.0050119683146476746,0.007179124001413584,23,-0.34999999999999976,-0.33999999999999975,745,-106.78023529052734,108.53685760498047,-0.09261179715394974,-0.34494850039482117,0.006793636828660965,x
0,0.0050119683146476746,0.007179124001413584,24,-0.33999999999999975,-0.32999999999999974,657,-117.94786834716797,116.49380493164062,-0.06536293029785156,-0.33501312136650085,0.006816300097852945,x
0,0.0050119683146476746,0.007179124001413584,25,-0.32999999999999974,-0.31999999999999973,725,-120.76679229736328,116.49430847167969,-0.05945035070180893,-0.3248259425163269,0.006762271746993065,x
0,0.0050119683146476746,0.007179124001413584,26,-0.31999999999999973,-0.3099999999999997,869,-117.78866577148438,116.01251983642578,-0.06530594080686569,-0.3148380219936371,0.006733861286193132,x
0,0.0050119683146476746,0.007179124001413584,27,-0.3099999999999997,-0.2999999999999997,985,-118.3541259765625,117.38076782226562,-0.06365899741649628,-0.30488529801368713,0.0067071691155433655,x
0,0.0050119683146476746,0.007179124001413584,28,-0.2999999999999997,-0.2899999999999997,1059,-118.9663314819336,120.2784652709961,-0.06079603731632233,-0.2949363887310028,0.006719798780977726,x
0,0.0050119683146476746,0.007179124001413584,29,-0.2899999999999997,-0.2799999999999997,1129,-122.66568756103516,122.50560760498047,-0.05197812244296074,-0.28498223423957825,0.00671985000371933,x
0,0.0050119683146476746,0.007179124001413584,30,-0.2799999999999997,-0.2699999999999997,1148,-130.9353485107422,126.83267211914062,-0.034823592752218246,-0.274973601102829,0.006741160526871681,x
0,0.0050119683146476746,0.007179124001413584,31,-0.2699999999999997,-0.2599999999999997,1218,-134.9560546875,128.79356384277344,-0.025529984384775162,-0.26497501134872437,0.006773136090487242,x
0,0.0050119683146476746,0.007179124001413584,32,-0.2599999999999997,-0.24999999999999967,1213,-147.34007263183594,129.2349090576172,-0.0022619771771132946,-0.25498130917549133,0.006792974192649126,x
0,0.0050119683146476746,0.007179124001413584,33,-0.24999999999999967,-0.23999999999999966,1280,-154.05337524414062,127.52543640136719,0.010255762375891209,-0.24506333470344543,0.00681221392005682,x
0,0.0050119683146476746,0.007179124001413584,34,-0.23999999999999966,-0.22999999999999965,1339,-156.00027465820312,128.11399841308594,0.013691071420907974,-0.2350257784128189,0.0068315924145281315,x
0,0.0050119683146476746,0.007179124001413584,35,-0.22999999999999965,-0.21999999999999964,1330,-160.2804718017578,131.2644500732422,0.020170509815216064,-0.2249409407377243,0.006847774609923363,x
0,0.0050119683146476746,0.007179124001413584,36,-0.21999999999999964,-0.20999999999999963,1328,-163.22348022460938,136.376708984375,0.024059243500232697,-0.21487770974636078,0.006866270676255226,x
0,0.0050119683146476746,0.007179124001413584,37,-0.20999999999999963,-0.19999999999999962,1384,-163.2361602783203,142.32891845703125,0.023995263502001762,-0.20491169393062592,0.006895856931805611,x
0,0.0050119683146476746,0.007179124001413584,38,-0.19999999999999962,-0.1899999999999996,1403,-157.71084594726562,149.22549438476562,0.01621398515999317,-0.1950005739927292,0.006920206360518932,x
0,0.0050119683146476746,0.007179124001413584,39,-0.1899999999999996,-0.1799999999999996,1413,-154.60427856445312,157.01136779785156,0.011547334492206573,-0.1850261092185974,0.006925614085048437,x
0,0.0050119683146476746,0.007179124001413584,40,-0.1799999999999996,-0.1699999999999996,1439,-144.51260375976562,166.5509490966797,-0.0013865947257727385,-0.17500217258930206,0.006917659193277359,x
0,0.0050119683146476746,0.007179124001413584,41,-0.1699999999999996,-0.1599999999999996,1484,-136.27027893066406,174.83612060546875,-0.01081277709454298,-0.1649717390537262,0.00690060667693615,x
0,0.0050119683146476746,0.007179124001413584,42,-0.1599999999999996,-0.14999999999999958,1561,-114.11795043945312,187.68919372558594,-0.034175317734479904,-0.15494483709335327,0.006884386297315359,x
0,0.0050119683146476746,0.007179124001413584,43,-0.14999999999999958,-0.13999999999999957,1659,-92.94149017333984,198.2542266845703,-0.05362364277243614,-0.14498679339885712,0.006869820412248373,x
0,0.0050119683146476746,0.007179124001413584,44,-0.13999999999999957,-0.12999999999999956,1709,-78.32597351074219,206.80224609375,-0.06355885416269302,-0.1349848061800003,0.006852243561297655,x
0,0.0050119683146476746,0.007179124001413584,45,-0.12999999999999956,-0.11999999999999955,1753,-70.97188568115234,220.67886352539062,-0.065030537545681,-0.1249874010682106,0.00683386716991663,x
0,0.0050119683146476746,0.007179124001413584,46,-0.11999999999999955,-0.10999999999999954,1763,-65.46064758300781,237.81710815429688,-0.06387832015752792,-0.11497817188501358,0.006805435288697481,x
0,0.0050119683146476746,0.007179124001413584,47,-0.10999999999999954,-0.09999999999999953,1802,-64.17501068115234,260.08056640625,-0.05882904306054115,-0.10497105121612549,0.00676814466714859,x
0,0.0050119683146476746,0.007179124001413584,48,-0.09999999999999953,-0.08999999999999952,1770,-60.259769439697266,292.9833984375,-0.05533299967646599,-0.09506304562091827,0.006724701263010502,x
0,0.0050119683146476746,0.007179124001413584,49,-0.08999999999999952,-0.07999999999999952,1670,-44.438236236572266,334.560546875,-0.057816315442323685,-0.0850166529417038,0.006686510052531958,x
0,0.0050119683146476746,0.007179124001413584,50,-0.07999999999999952,-0.06999999999999951,1664,-33.629173278808594,385.5032653808594,-0.055580709129571915,-0.07495757937431335,0.006672048941254616,x
0,0.0050119683146476746,0.007179124001413584,51,-0.06999999999999951,-0.0599999999999995,1765,7.891988277435303,449.39410400390625,-0.0658314973115921,-0.06504211574792862,0.006645245011895895,x
0,0.0050119683146476746,0.007179124001413584,52,-0.0599999999999995,-0.04999999999999949,1805,23.458236694335938,544.6771240234375,-0.060450825840234756,-0.054970793426036835,0.006673036143183708,x
0,0.0050119683146476746,0.007179124001413584,53,-0.04999999999999949,-0.03999999999999948,1925,67.92543029785156,674.8905029296875,-0.06209031492471695,-0.044975753873586655,0.00670086033642292,x
0,0.0050119683146476746,0.007179124001413584,54,-0.03999999999999948,-0.02999999999999947,1765,84.25182342529297,884.372802734375,-0.05194641649723053,-0.03509931266307831,0.00671997619792819,x
0,0.0050119683146476746,0.007179124001413584,55,-0.02999999999999947,-0.019999999999999463,1682,85.0314712524414,1229.6253662109375,-0.036357052624225616,-0.025001056492328644,0.0067513324320316315,x
0,0.0050119683146476746,0.007179124001413584,56,-0.019999999999999463,-0.009999999999999454,1777,287.649169921875,2124.407470703125,-0.04108181968331337,-0.015028257854282856,0.006758223287761211,x
0,0.0050119683146476746,0.007179124001413584,57,-0.009999999999999454,5.551115123125783e-16,1542,1235.2662353515625,9608.4521484375,-0.03767926245927811,-0.005561079829931259,0.006754605565220118,x
0,0.0050119683146476746,0.007179124001413584,58,5.551115123125783e-16,0.010000000000000564,1479,-1243.38037109375,9715.51953125,-0.02712542563676834,0.005489259958267212,0.006751310080289841,x
0,0.0050119683146476746,0.007179124001413584,59,0.010000000000000564,0.020000000000000573,1637,-448.20379638671875,2188.84521484375,-0.027341317385435104,0.014942451380193233,0.0067525580525398254,x
0,0.0050119683146476746,0.007179124001413584,60,0.020000000000000573,0.030000000000000582,1588,-305.7931213378906,1283.8133544921875,-0.02505934238433838,0.024965235963463783,0.006754516623914242,x
0,0.0050119683146476746,0.007179124001413584,61,0.030000000000000582,0.04000000000000059,1578,-289.4598083496094,909.9445190429688,-0.03222952038049698,0.03499032184481621,0.006762543227523565,x
0,0.0050119683146476746,0.007179124001413584,62,0.04000000000000059,0.0500000000000006,1550,-248.83042907714844,708.856201171875,-0.02932341769337654,0.04492395371198654,0.006770292297005653,x
0,0.0050119683146476746,0.007179124001413584,63,0.0500000000000006,0.06000000000000061,1523,-220.29620361328125,581.7206420898438,-0.025994936004281044,0.0549486018717289,0.00678505003452301,x
0,0.0050119683146476746,0.007179124001413584,64,0.06000000000000061,0.07000000000000062,1523,-204.19119262695312,493.6544189453125,-0.023943394422531128,0.06500702351331711,0.006792389787733555,x
0,0.0050119683146476746,0.007179124001413584,65,0.07000000000000062,0.08000000000000063,1544,-188.80801391601562,424.007080078125,-0.020044945180416107,0.07500369846820831,0.006803206633776426,x
0,0.0050119683146476746,0.007179124001413584,66,0.08000000000000063,0.09000000000000064,1588,-175.63534545898438,372.79705810546875,-0.015520568937063217,0.08499649167060852,0.006817363668233156,x
0,0.0050119683146476746,0.007179124001413584,67,0.09000000000000064,0.10000000000000064,1608,-187.2545928955078,339.8153076171875,-0.026303360238671303,0.09499004483222961,0.006827241275459528,x
0,0.0050119683146476746,0.007179124001413584,68,0.10000000000000064,0.11000000000000065,1548,-195.29661560058594,313.3461608886719,-0.03553704917430878,0.10501708090305328,0.006828767713159323,x
0,0.0050119683146476746,0.007179124001413584,69,0.11000000000000065,0.12000000000000066,1491,-182.9762725830078,287.7941589355469,-0.029003072530031204,0.11497996747493744,0.0068289414048194885,x
0,0.0050119683146476746,0.007179124001413584,70,0.12000000000000066,0.13000000000000067,1348,-172.15357971191406,266.9112548828125,-0.02172222174704075,0.12500862777233124,0.006818781141191721,x
0,0.0050119683146476746,0.007179124001413584,71,0.13000000000000067,0.14000000000000068,1209,-169.74981689453125,253.7379913330078,-0.021474773064255714,0.13494299352169037,0.00680495286360383,x
0,0.0050119683146476746,0.007179124001413584,72,0.14000000000000068,0.1500000000000007,1089,-168.13796997070312,241.84637451171875,-0.02136377803981304,0.1448703110218048,0.006785791367292404,x
0,0.0050119683146476746,0.007179124001413584,73,0.1500000000000007,0.1600000000000007,942,-156.85496520996094,233.14306640625,-0.010095898061990738,0.15487143397331238,0.006737483199685812,x
0,0.0050119683146476746,0.007179124001413584,74,0.1600000000000007,0.1700000000000007,852,-147.00253295898438,219.91331481933594,-0.00012484347098506987,0.16497468948364258,0.006717495154589415,x
0,0.0050119683146476746,0.007179124001413584,75,0.1700000000000007,0.18000000000000071,764,-122.3779067993164,209.3438262939453,0.03018251806497574,0.17484623193740845,0.006676023360341787,x
0,0.0050119683146476746,0.007179124001413584,76,0.18000000000000071,0.19000000000000072,677,-96.4140396118164,197.31544494628906,0.06611956655979156,0.18499957025051117,0.006633540149778128,x
0,0.0050119683146476746,0.007179124001413584,77,0.19000000000000072,0.20000000000000073,652,-79.16813659667969,175.9237823486328,0.09305205196142197,0.1950535625219345,0.006607139017432928,x
0,0.0050119683146476746,0.007179124001413584,78,0.20000000000000073,0.21000000000000074,643,-74.1949462890625,158.1582794189453,0.10432782024145126,0.20496414601802826,0.006601075641810894,x
0,0.0050119683146476746,0.007179124001413584,79,0.21000000000000074,0.22000000000000075,688,-71.944091796875,142.94017028808594,0.11281371861696243,0.21501682698726654,0.006610616575926542,x
0,0.0050119683146476746,0.007179124001413584,80,0.22000000000000075,0.23000000000000076,706,-81.47148895263672,142.4610137939453,0.10328276455402374,0.22503484785556793,0.006617214996367693,x
0,0.0050119683146476746,0.007179124001413584,81,0.23000000000000076,0.24000000000000077,746,-87.52989959716797,142.76171875,0.09908604621887207,0.23501652479171753,0.006599383894354105,x
0,0.0050119683146476746,0.007179124001413584,82,0.24000000000000077,0.2500000000000008,792,-91.21292877197266,143.31008911132812,0.09749873727560043,0.2450713962316513,0.0066057238727808,x
0,0.0050119683146476746,0.007179124001413584,83,0.2500000000000008,0.2600000000000008,817,-91.47221374511719,138.71298217773438,0.10213249921798706,0.25510793924331665,0.006596237421035767,x
0,0.0050119683146476746,0.007179124001413584,84,0.2600000000000008,0.2700000000000008,859,-99.43296813964844,139.4013214111328,0.09374583512544632,0.2650173604488373,0.006576466374099255,x
0,0.0050119683146476746,0.007179124001413584,85,0.2700000000000008,0.2800000000000008,843,-102.5854721069336,137.6370391845703,0.09165746718645096,0.2750503718852997,0.006567955017089844,x
0,0.0050119683146476746,0.007179124001413584,86,0.2800000000000008,0.2900000000000008,848,-111.7842788696289,138.93609619140625,0.07759292423725128,0.28504255414009094,0.006568803917616606,x
0,0.0050119683146476746,0.007179124001413584,87,0.2900000000000008,0.3000000000000008,803,-97.5120849609375,127.20025634765625,0.10812447965145111,0.29495078325271606,0.006569352932274342,x
0,0.0050119683146476746,0.007179124001413584,88,0.3000000000000008,0.31000000000000083,778,-94.41007232666016,122.84486389160156,0.1185045838356018,0.3050108850002289,0.006571988575160503,x
0,0.0050119683146476746,0.007179124001413584,89,0.31000000000000083,0.32000000000000084,770,-90.47443389892578,119.03852081298828,0.12999677658081055,0.31501784920692444,0.00659054284915328,x
0,0.0050119683146476746,0.007179124001413584,90,0.32000000000000084,0.33000000000000085,760,-79.91356658935547,113.15889739990234,0.15740633010864258,0.3250059485435486,0.0065955063328146935,x
0,0.0050119683146476746,0.007179124001413584,91,0.33000000000000085,0.34000000000000086,763,-78.5079574584961,108.09829711914062,0.16512227058410645,0.3350016176700592,0.006577424239367247,x
0,0.0050119683146476746,0.007179124001413584,92,0.34000000000000086,0.35000000000000087,718,-75.87730407714844,104.35045623779297,0.17704415321350098,0.3448455333709717,0.006523044779896736,x
0,0.0050119683146476746,0.007179124001413584,93,0.35000000000000087,0.3600000000000009,711,-75.90555572509766,102.94698333740234,0.18026122450828552,0.354868620634079,0.006526830140501261,x
0,0.0050119683146476746,0.007179124001413584,94,0.3600000000000009,0.3700000000000009,874,-37.10430145263672,70.17852783203125,0.27537858486175537,0.365908682346344,0.006614904850721359,x
0,0.0050119683146476746,0.007179124001413584,95,0.3700000000000009,0.3800000000000009,11146,-33.211368560791016,68.66130065917969,0.29089853167533875,0.3755183219909668,0.0066625019535422325,x
0,0.0050119683146476746,0.007179124001413584,96,0.3800000000000009,0.3900000000000009,5469,-36.840476989746094,60.73170471191406,0.2887483835220337,0.38407912850379944,0.0067154960706830025,x
0,0.0050119683146476746,0.007179124001413584,97,0.3900000000000009,0.4000000000000009,1485,-20.5625057220459,24.226945877075195,0.3376377820968628,0.39228421449661255,0.006782722659409046,x
1,0.007179124001413584,0.00774543983861804,12,-0.45999999999999985,-0.44999999999999984,18,-165.39573669433594,87.28923034667969,0.12097236514091492,-0.4538889527320862,0.00765528529882431,x
1,0.007179124001413584,0.00774543983861804,13,-0.44999999999999984,-0.43999999999999984,24,-169.06532287597656,86.03019714355469,0.12439098209142685,-0.4443471431732178,0.007576202508062124,x
1,0.007179124001413584,0.00774543983861804,14,-0.43999999999999984,-0.4299999999999998,57,-124.07198333740234,103.79917907714844,-0.029402075335383415,-0.4343761205673218,0.007551541551947594,x
1,0.007179124001413584,0.00774543983861804,15,-0.4299999999999998,-0.4199999999999998,92,-120.77354431152344,104.85444641113281,-0.04131501913070679,-0.42515963315963745,0.007478721905499697,x
1,0.007179124001413584,0.00774543983861804,16,-0.4199999999999998,-0.4099999999999998,85,-124.27718353271484,104.07479858398438,-0.027626579627394676,-0.41537225246429443,0.0074762036092579365,x
1,0.007179124001413584,0.00774543983861804,17,-0.4099999999999998,-0.3999999999999998,62,-66.83354949951172,87.67247772216797,-0.20207270979881287,-0.40528109669685364,0.00746113108471036,x
1,0.007179124001413584,0.00774543983861804,18,-0.3999999999999998,-0.3899999999999998,1239,-67.12055206298828,74.83854675292969,-0.19477516412734985,-0.3934151232242584,0.0074578761123120785,x
1,0.007179124001413584,0.00774543983861804,19,-0.3899999999999998,-0.3799999999999998,4329,-73.91585540771484,83.78959655761719,-0.17153052985668182,-0.38433000445365906,0.00747857429087162,x
1,0.007179124001413584,0.00774543983861804,20,-0.3799999999999998,-0.3699999999999998,9390,-72.81038665771484,83.61603546142578,-0.17116059362888336,-0.3758998215198517,0.007471946068108082,x
1,0.007179124001413584,0.00774543983861804,21,-0.3699999999999998,-0.35999999999999976,673,-118.92147064208984,90.66087341308594,-0.040656834840774536,-0.3654935657978058,0.0074640787206590176,x
1,0.007179124001413584,0.00774543983861804,22,-0.35999999999999976,-0.34999999999999976,637,-102.11720275878906,83.9920654296875,-0.08341548591852188,-0.3547755777835846,0.007493170443922281,x
1,0.007179124001413584,0.00774543983861804,23,-0.34999999999999976,-0.33999999999999975,756,-100.6860122680664,82.8304672241211,-0.08533474057912827,-0.3447909951210022,0.007469127420336008,x
1,0.007179124001413584,0.00774543983861804,24,-0.33999999999999975,-0.32999999999999974,1059,-107.91414642333984,85.0181655883789,-0.06464201211929321,-0.3347914218902588,0.007473853882402182,x
1,0.007179124001413584,0.00774543983861804,25,-0.32999999999999974,-0.31999999999999973,1119,-111.26612854003906,87.09447479248047,-0.05438551679253578,-0.3250919580459595,0.007474929094314575,x
1,0.007179124001413584,0.00774543983861804,26,-0.31999999999999973,-0.3099999999999997,1169,-124.97750854492188,87.52295684814453,-0.01990598812699318,-0.3149847388267517,0.007478881161659956,x
1,0.007179124001413584,0.00774543983861804,27,-0.3099999999999997,-0.2999999999999997,1294,-129.22857666015625,89.7169189453125,-0.009219394065439701,-0.30489179491996765,0.0074946642853319645,x
1,0.007179124001413584,0.00774543983861804,28,-0.2999999999999997,-0.2899999999999997,1413,-132.3115997314453,93.65543365478516,-0.0021233190782368183,-0.2948843836784363,0.0075037917122244835,x
1,0.007179124001413584,0.00774543983861804,29,-0.2899999999999997,-0.2799999999999997,1554,-134.63868713378906,95.88733673095703,0.0030708264093846083,-0.2848733365535736,0.007511930074542761,x
1,0.007179124001413584,0.00774543983861804,30,-0.2799999999999997,-0.2699999999999997,1723,-133.83714294433594,96.77395629882812,0.0011310488916933537,-0.2749400734901428,0.0075072660110890865,x
1,0.007179124001413584,0.00774543983861804,31,-0.2699999999999997,-0.2599999999999997,1758,-134.2297821044922,98.13054656982422,0.0012824347941204906,-0.26493895053863525,0.007493253331631422,x
1,0.007179124001413584,0.00774543983861804,32,-0.2599999999999997,-0.24999999999999967,1879,-123.63002014160156,103.46060180664062,-0.019576994702219963,-0.25491851568222046,0.007480265107005835,x
1,0.007179124001413584,0.00774543983861804,33,-0.24999999999999967,-0.23999999999999966,1906,-115.81048583984375,108.90684509277344,-0.03338593244552612,-0.24500136077404022,0.007484243717044592,x
1,0.007179124001413584,0.00774543983861804,34,-0.23999999999999966,-0.22999999999999965,1952,-110.20108032226562,113.61419677734375,-0.042236875742673874,-0.23500457406044006,0.007471916731446981,x
1,0.007179124001413584,0.00774543983861804,35,-0.22999999999999965,-0.21999999999999964,2045,-101.72805786132812,116.16216278076172,-0.05485108122229576,-0.22494976222515106,0.00745547516271472,x
1,0.007179124001413584,0.00774543983861804,36,-0.21999999999999964,-0.20999999999999963,2092,-94.35670471191406,119.53609466552734,-0.06446965783834457,-0.21495212614536285,0.0074411132372915745,x
1,0.007179124001413584,0.00774543983861804,37,-0.20999999999999963,-0.19999999999999962,2115,-89.55855560302734,126.50482940673828,-0.06860024482011795,-0.20496006309986115,0.007436204236000776,x
1,0.007179124001413584,0.00774543983861804,38,-0.19999999999999962,-0.1899999999999996,2159,-83.86790466308594,131.7429962158203,-0.07367897778749466,-0.19495703279972076,0.007427270524203777,x
1,0.007179124001413584,0.00774543983861804,39,-0.1899999999999996,-0.1799999999999996,2185,-84.53997802734375,137.82977294921875,-0.06905454397201538,-0.18499068915843964,0.007419134024530649,x
1,0.007179124001413584,0.00774543983861804,40,-0.1799999999999996,-0.1699999999999996,2164,-80.46102142333984,144.1239776611328,-0.07036546617746353,-0.17504137754440308,0.007409776095300913,x
1,0.007179124001413584,0.00774543983861804,41,-0.1699999999999996,-0.1599999999999996,2165,-85.03309631347656,152.2221221923828,-0.060122448951005936,-0.16503335535526276,0.007413974031805992,x
1,0.007179124001413584,0.00774543983861804,42,-0.1599999999999996,-0.14999999999999958,1949,-98.17401885986328,160.00869750976562,-0.041110560297966,-0.15507301688194275,0.0074239615350961685,x
1,0.007179124001413584,0.00774543983861804,43,-0.14999999999999958,-0.13999999999999957,1782,-114.48385620117188,176.05612182617188,-0.020499030128121376,-0.14508186280727386,0.007443600334227085,x
1,0.007179124001413584,0.00774543983861804,44,-0.13999999999999957,-0.12999999999999956,1625,-125.16536712646484,191.9002685546875,-0.008067606948316097,-0.1350715458393097,0.007454879116266966,x
1,0.007179124001413584,0.00774543983861804,45,-0.12999999999999956,-0.11999999999999955,1396,-129.4927215576172,211.6699981689453,-0.0034203161485493183,-0.12501370906829834,0.007463154383003712,x
1,0.007179124001413584,0.00774543983861804,46,-0.11999999999999955,-0.10999999999999954,1333,-124.56057739257812,233.00277709960938,-0.00740530202165246,-0.1150289922952652,0.0074761128053069115,x
1,0.007179124001413584,0.00774543983861804,47,-0.10999999999999954,-0.09999999999999953,1248,-133.54786682128906,250.75120544433594,0.00011050395551137626,-0.10503125935792923,0.007478075101971626,x
1,0.007179124001413584,0.00774543983861804,48,-0.09999999999999953,-0.08999999999999952,1230,-130.42710876464844,268.5408630371094,-0.0024215031880885363,-0.09501390904188156,0.007467031013220549,x
1,0.007179124001413584,0.00774543983861804,49,-0.08999999999999952,-0.07999999999999952,1141,-154.91253662109375,297.60528564453125,0.013220531865954399,-0.08506514132022858,0.0074504767544567585,x
1,0.007179124001413584,0.00774543983861804,50,-0.07999999999999952,-0.06999999999999951,1254,-153.0916748046875,355.0418701171875,0.011759969405829906,-0.07489019632339478,0.007459988817572594,x
1,0.007179124001413584,0.00774543983861804,51,-0.06999999999999951,-0.0599999999999995,1325,-135.5382843017578,426.8042297363281,0.0012197300093248487,-0.06493884325027466,0.007459831889718771,x
1,0.007179124001413584,0.00774543983861804,52,-0.0599999999999995,-0.04999999999999949,1401,-142.88986206054688,500.1767578125,0.003763634478673339,-0.05499282106757164,0.00745851406827569,x
1,0.007179124001413584,0.00774543983861804,53,-0.04999999999999949,-0.03999999999999948,1435,-183.81785583496094,581.0543212890625,0.016079211607575417,-0.045079927891492844,0.007464704569429159,x
1,0.007179124001413584,0.00774543983861804,54,-0.03999999999999948,-0.02999999999999947,1308,-236.93707275390625,729.7380981445312,0.026293708011507988,-0.03504973649978638,0.007461699657142162,x
1,0.007179124001413584,0.00774543983861804,55,-0.02999999999999947,-0.019999999999999463,1259,-380.9237060546875,987.9247436523438,0.04505102336406708,-0.025052383542060852,0.007483315654098988,x
1,0.007179124001413584,0.00774543983861804,56,-0.019999999999999463,-0.009999999999999454,1153,-720.5009765625,1768.5537109375,0.06308271735906601,-0.014957750216126442,0.0074768937192857265,x
1,0.007179124001413584,0.00774543983861804,57,-0.009999999999999454,5.551115123125783e-16,990,-2287.98779296875,7967.04736328125,0.06114071607589722,-0.005533733405172825,0.007473577745258808,x
1,0.007179124001413584,0.00774543983861804,58,5.551115123125783e-16,0.010000000000000564,965,2145.31787109375,8342.845703125,0.06571890413761139,0.0054963333532214165,0.007462525274604559,x
1,0.007179124001413584,0.00774543983861804,59,0.010000000000000564,0.020000000000000573,1128,406.1802978515625,1779.785888671875,0.05807163566350937,0.015028891153633595,0.0074584027752280235,x
1,0.007179124001413584,0.00774543983861804,60,0.020000000000000573,0.030000000000000582,1185,138.8358154296875,1007.5362548828125,0.05064286291599274,0.025040896609425545,0.007456348743289709,x
1,0.007179124001413584,0.00774543983861804,61,0.030000000000000582,0.04000000000000059,1166,90.32740783691406,689.7450561523438,0.058168910443782806,0.03498995676636696,0.007460393011569977,x
1,0.007179124001413584,0.00774543983861804,62,0.04000000000000059,0.0500000000000006,1161,38.40476989746094,536.1298217773438,0.0574360266327858,0.044957827776670456,0.007452800404280424,x
1,0.007179124001413584,0.00774543983861804,63,0.0500000000000006,0.06000000000000061,1162,5.155786037445068,445.5418395996094,0.056873664259910583,0.055039409548044205,0.007454553619027138,x
1,0.007179124001413584,0.00774543983861804,64,0.06000000000000061,0.07000000000000062,1223,-12.657923698425293,382.8145751953125,0.0588386207818985,0.0650709941983223,0.007468333467841148,x
1,0.007179124001413584,0.00774543983861804,65,0.07000000000000062,0.08000000000000063,1263,-43.11977767944336,352.7206115722656,0.05014943331480026,0.07497091591358185,0.007473170291632414,x
1,0.007179124001413584,0.00774543983861804,66,0.08000000000000063,0.09000000000000064,1260,-89.77278900146484,324.4654235839844,0.027034318074584007,0.08495622128248215,0.0074638379737734795,x
1,0.007179124001413584,0.00774543983861804,67,0.09000000000000064,0.10000000000000064,1268,-100.95512390136719,280.6886901855469,0.022729868069291115,0.0950828567147255,0.007463561836630106,x
1,0.007179124001413584,0.00774543983861804,68,0.10000000000000064,0.11000000000000065,1309,-91.30313110351562,246.29946899414062,0.03307177126407623,0.10512447357177734,0.0074652680195868015,x
1,0.007179124001413584,0.00774543983861804,69,0.11000000000000065,0.12000000000000066,1328,-107.79374694824219,234.9908447265625,0.022900808602571487,0.11506875604391098,0.007456650026142597,x
1,0.007179124001413584,0.00774543983861804,70,0.12000000000000066,0.13000000000000067,1402,-125.43060302734375,225.63929748535156,0.008983593434095383,0.1250523328781128,0.007443353068083525,x
1,0.007179124001413584,0.00774543983861804,71,0.13000000000000067,0.14000000000000068,1545,-132.43312072753906,209.75563049316406,0.002337615704163909,0.13510867953300476,0.007438579574227333,x
1,0.007179124001413584,0.00774543983861804,72,0.14000000000000068,0.1500000000000007,1643,-131.4889678955078,195.37570190429688,0.0031312580686062574,0.14515061676502228,0.0074433921836316586,x
1,0.007179124001413584,0.00774543983861804,73,0.1500000000000007,0.1600000000000007,1730,-134.80172729492188,184.88938903808594,-0.00046745475265197456,0.15508736670017242,0.007436820771545172,x
1,0.007179124001413584,0.00774543983861804,74,0.1600000000000007,0.1700000000000007,1761,-131.5341796875,174.4871368408203,0.0033398985397070646,0.1649923175573349,0.007446766830980778,x
1,0.007179124001413584,0.00774543983861804,75,0.1700000000000007,0.18000000000000071,1762,-131.78143310546875,165.83331298828125,0.0032544725108891726,0.17499352991580963,0.007455893326550722,x
1,0.007179124001413584,0.00774543983861804,76,0.18000000000000071,0.19000000000000072,1630,-137.8710479736328,160.65594482421875,-0.005264099687337875,0.18485963344573975,0.007473751902580261,x
1,0.007179124001413584,0.00774543983861804,77,0.19000000000000072,0.20000000000000073,1432,-142.87265014648438,156.63658142089844,-0.01323588378727436,0.19479405879974365,0.007490283343940973,x
1,0.007179124001413584,0.00774543983861804,78,0.20000000000000073,0.21000000000000074,1281,-146.41822814941406,150.30743408203125,-0.02014225535094738,0.2048730105161667,0.0075082615949213505,x
1,0.007179124001413584,0.00774543983861804,79,0.21000000000000074,0.22000000000000075,1123,-138.74549865722656,146.27590942382812,-0.00859022792428732,0.21492157876491547,0.007509136572480202,x
1,0.007179124001413584,0.00774543983861804,80,0.22000000000000075,0.23000000000000076,1016,-119.49144744873047,142.0940399169922,0.02399623766541481,0.22496384382247925,0.007503616623580456,x
1,0.007179124001413584,0.00774543983861804,81,0.23000000000000076,0.24000000000000077,936,-108.89686584472656,136.9999237060547,0.04379983991384506,0.2349315881729126,0.0074904668144881725,x
1,0.007179124001413584,0.00774543983861804,82,0.24000000000000077,0.2500000000000008,872,-119.56556701660156,135.56207275390625,0.026196012273430824,0.24489766359329224,0.007473956327885389,x
1,0.007179124001413584,0.00774543983861804,83,0.2500000000000008,0.2600000000000008,844,-136.26918029785156,134.16067504882812,-0.004234399646520615,0.2549743056297302,0.007467653136700392,x
1,0.007179124001413584,0.00774543983861804,84,0.2600000000000008,0.2700000000000008,714,-131.89939880371094,133.91073608398438,0.004115725867450237,0.26487138867378235,0.007473439443856478,x
1,0.007179124001413584,0.00774543983861804,85,0.2700000000000008,0.2800000000000008,665,-131.12350463867188,132.00779724121094,0.006308871321380138,0.2748474180698395,0.007469549309462309,x
1,0.007179124001413584,0.00774543983861804,86,0.2800000000000008,0.2900000000000008,586,-124.48661804199219,124.22142791748047,0.020219124853610992,0.2847558856010437,0.007489411160349846,x
1,0.007179124001413584,0.00774543983861804,87,0.2900000000000008,0.3000000000000008,427,-114.49510955810547,120.12885284423828,0.041872069239616394,0.29459723830223083,0.007515923585742712,x
1,0.007179124001413584,0.00774543983861804,88,0.3000000000000008,0.31000000000000083,342,-101.4684066772461,110.36713409423828,0.07257247716188431,0.30504587292671204,0.007497718557715416,x
1,0.007179124001413584,0.00774543983861804,89,0.31000000000000083,0.32000000000000084,350,-98.9184341430664,109.42220306396484,0.08073369413614273,0.31503307819366455,0.0074885012581944466,x
1,0.007179124001413584,0.00774543983861804,90,0.32000000000000084,0.33000000000000085,349,-106.21154022216797,104.98639678955078,0.06662305444478989,0.3248678147792816,0.007493163924664259,x
1,0.007179124001413584,0.00774543983861804,91,0.33000000000000085,0.34000000000000086,322,-103.77983093261719,105.58122253417969,0.07463810592889786,0.3349631726741791,0.007507758215069771,x
1,0.007179124001413584,0.00774543983861804,92,0.34000000000000086,0.35000000000000087,309,-95.28455352783203,96.88798522949219,0.09857403486967087,0.3451074957847595,0.007461258675903082,x
1,0.007179124001413584,0.00774543983861804,93,0.35000000000000087,0.3600000000000009,341,-77.78803253173828,91.5155258178711,0.14800438284873962,0.3550538420677185,0.0074581485241651535,x
1,0.007179124001413584,0.00774543983861804,94,0.3600000000000009,0.3700000000000009,576,-49.582271575927734,78.0738296508789,0.23091141879558563,0.36647096276283264,0.007467812858521938,x
1,0.007179124001413584,0.00774543983861804,95,0.3700000000000009,0.3800000000000009,9988,-33.24528884887695,61.70832061767578,0.2811484932899475,0.3742521405220032,0.007456676568835974,x
1,0.007179124001413584,0.00774543983861804,96,0.3800000000000009,0.3900000000000009,3045,-30.0497989654541,63.05791091918945,0.2970001995563507,0.38400042057037354,0.0074836015701293945,x
1,0.007179124001413584,0.00774543983861804,97,0.3900000000000009,0.4000000000000009,708,-89.35420989990234,104.91153717041016,0.1297958791255951,0.3921353220939636,0.007484599016606808,x
2,0.00774543983861804,0.008263768441975117,9,-0.4899999999999999,-0.47999999999999987,22,-140.9902801513672,75.32298278808594,0.06765039265155792,-0.4847431182861328,0.008119290694594383,x
2,0.00774543983861804,0.008263768441975117,10,-0.47999999999999987,-0.46999999999999986,36,-108.34976196289062,86.27923583984375,-0.06262382119894028,-0.4750930964946747,0.008054796606302261,x
2,0.00774543983861804,0.008263768441975117,11,-0.46999999999999986,-0.45999999999999985,53,-121.05521392822266,86.10002136230469,-0.01521137822419405,-0.4653998017311096,0.008014289662241936,x
2,0.00774543983861804,0.008263768441975117,12,-0.45999999999999985,-0.44999999999999984,56,-114.31342315673828,85.39278411865234,-0.039719291031360626,-0.4552776515483856,0.008021119050681591,x
2,0.00774543983861804,0.008263768441975117,13,-0.44999999999999984,-0.43999999999999984,74,-89.21501922607422,81.25521087646484,-0.12597261369228363,-0.4450906813144684,0.008024977520108223,x
2,0.00774543983861804,0.008263768441975117,14,-0.43999999999999984,-0.4299999999999998,68,-74.96018981933594,83.33773803710938,-0.17427977919578552,-0.4354906380176544,0.00801234133541584,x
2,0.00774543983861804,0.008263768441975117,15,-0.4299999999999998,-0.4199999999999998,69,-90.06034088134766,94.61512756347656,-0.12003644555807114,-0.4251710772514343,0.007993827573955059,x
2,0.00774543983861804,0.008263768441975117,16,-0.4199999999999998,-0.4099999999999998,69,-104.23760986328125,99.04447174072266,-0.07028304785490036,-0.41513222455978394,0.007984450086951256,x
2,0.00774543983861804,0.008263768441975117,17,-0.4099999999999998,-0.3999999999999998,71,-112.12628936767578,99.05171203613281,-0.04094963148236275,-0.4053525924682617,0.008003009483218193,x
2,0.00774543983861804,0.008263768441975117,18,-0.3999999999999998,-0.3899999999999998,1659,-90.81494903564453,71.19621276855469,-0.10838291794061661,-0.39359375834465027,0.007997006177902222,x
2,0.00774543983861804,0.008263768441975117,19,-0.3899999999999998,-0.3799999999999998,4035,-63.430416107177734,76.98877716064453,-0.19027799367904663,-0.38466718792915344,0.007985594682395458,x
2,0.00774543983861804,0.008263768441975117,20,-0.3799999999999998,-0.3699999999999998,9107,-64.93766021728516,81.58397674560547,-0.18076319992542267,-0.3759554922580719,0.00800064206123352,x
2,0.00774543983861804,0.008263768441975117,21,-0.3699999999999998,-0.35999999999999976,675,-115.1303482055664,87.92327880859375,-0.029109282419085503,-0.3650449514389038,0.007995318621397018,x
2,0.00774543983861804,0.008263768441975117,22,-0.35999999999999976,-0.34999999999999976,896,-99.97377014160156,75.80811309814453,-0.07052896171808243,-0.35459139943122864,0.008029854856431484,x
2,0.00774543983861804,0.008263768441975117,23,-0.34999999999999976,-0.33999999999999975,1078,-112.33174896240234,85.0995101928711,-0.034567952156066895,-0.34481683373451233,0.008027486503124237,x
2,0.00774543983861804,0.008263768441975117,24,-0.33999999999999975,-0.32999999999999974,1234,-105.93614959716797,88.87584686279297,-0.051800068467855453,-0.33478406071662903,0.008015220053493977,x
2,0.00774543983861804,0.008263768441975117,25,-0.32999999999999974,-0.31999999999999973,1409,-102.69764709472656,90.6717300415039,-0.058980103582143784,-0.32479751110076904,0.007991215214133263,x
2,0.00774543983861804,0.008263768441975117,26,-0.31999999999999973,-0.3099999999999997,1559,-103.38154602050781,92.7634048461914,-0.055197764188051224,-0.3149607181549072,0.007981029339134693,x
2,0.00774543983861804,0.008263768441975117,27,-0.3099999999999997,-0.2999999999999997,1604,-105.27108001708984,97.69923400878906,-0.0487564317882061,-0.30492454767227173,0.00797875877469778,x
2,0.00774543983861804,0.008263768441975117,28,-0.2999999999999997,-0.2899999999999997,1695,-104.78541564941406,101.85590362548828,-0.04863407835364342,-0.2949887812137604,0.007973546162247658,x
2,0.00774543983861804,0.008263768441975117,29,-0.2899999999999997,-0.2799999999999997,1653,-98.66297149658203,105.8499526977539,-0.06059717386960983,-0.2850111126899719,0.00798326637595892,x
2,0.00774543983861804,0.008263768441975117,30,-0.2799999999999997,-0.2699999999999997,1606,-92.50562286376953,111.19229888916016,-0.07166080176830292,-0.2749449610710144,0.007989930920302868,x
2,0.00774543983861804,0.008263768441975117,31,-0.2699999999999997,-0.2599999999999997,1589,-86.96466064453125,112.29882049560547,-0.08050797134637833,-0.264960378408432,0.007987666875123978,x
2,0.00774543983861804,0.008263768441975117,32,-0.2599999999999997,-0.24999999999999967,1574,-86.62543487548828,116.95329284667969,-0.07839430868625641,-0.2550244927406311,0.007982395589351654,x
2,0.00774543983861804,0.008263768441975117,33,-0.24999999999999967,-0.23999999999999966,1473,-88.357666015625,121.52120971679688,-0.07159563153982162,-0.24501396715641022,0.007983180694282055,x
2,0.00774543983861804,0.008263768441975117,34,-0.23999999999999966,-0.22999999999999965,1452,-90.35022735595703,126.74844360351562,-0.06514672189950943,-0.23506572842597961,0.007992587052285671,x
2,0.00774543983861804,0.008263768441975117,35,-0.22999999999999965,-0.21999999999999964,1379,-95.5113296508789,131.04034423828125,-0.0531548447906971,-0.22509557008743286,0.008014118298888206,x
2,0.00774543983861804,0.008263768441975117,36,-0.21999999999999964,-0.20999999999999963,1253,-109.96937561035156,138.74978637695312,-0.025977617129683495,-0.21505576372146606,0.008017059415578842,x
2,0.00774543983861804,0.008263768441975117,37,-0.20999999999999963,-0.19999999999999962,1139,-120.20960998535156,144.66702270507812,-0.007568660657852888,-0.20504793524742126,0.008018704131245613,x
2,0.00774543983861804,0.008263768441975117,38,-0.19999999999999962,-0.1899999999999996,1099,-134.69349670410156,151.86343383789062,0.01550289150327444,-0.19519412517547607,0.008019884116947651,x
2,0.00774543983861804,0.008263768441975117,39,-0.1899999999999996,-0.1799999999999996,1070,-141.49728393554688,161.1750946044922,0.024534229189157486,-0.185045525431633,0.00801544263958931,x
2,0.00774543983861804,0.008263768441975117,40,-0.1799999999999996,-0.1699999999999996,1109,-138.6707305908203,169.93878173828125,0.019121244549751282,-0.1749945878982544,0.008016497828066349,x
2,0.00774543983861804,0.008263768441975117,41,-0.1699999999999996,-0.1599999999999996,1115,-142.20919799804688,181.02183532714844,0.022814761847257614,-0.16496975719928741,0.008016491308808327,x
2,0.00774543983861804,0.008263768441975117,42,-0.1599999999999996,-0.14999999999999958,1213,-131.47671508789062,192.66851806640625,0.008010816760361195,-0.15495716035366058,0.008011750876903534,x
2,0.00774543983861804,0.008263768441975117,43,-0.14999999999999958,-0.13999999999999957,1274,-134.16510009765625,197.44261169433594,0.010461516678333282,-0.1449594497680664,0.008009222336113453,x
2,0.00774543983861804,0.008263768441975117,44,-0.13999999999999957,-0.12999999999999956,1329,-138.93736267089844,209.5172119140625,0.014640895649790764,-0.13486537337303162,0.008010029792785645,x
2,0.00774543983861804,0.008263768441975117,45,-0.12999999999999956,-0.11999999999999955,1400,-135.5676727294922,223.05859375,0.010269750840961933,-0.1250009983778,0.008012705482542515,x
2,0.00774543983861804,0.008263768441975117,46,-0.11999999999999955,-0.10999999999999954,1406,-143.37649536132812,243.34950256347656,0.017306335270404816,-0.1150338277220726,0.008031698875129223,x
2,0.00774543983861804,0.008263768441975117,47,-0.10999999999999954,-0.09999999999999953,1436,-140.162109375,281.58380126953125,0.01305881142616272,-0.10502077639102936,0.008031223900616169,x
2,0.00774543983861804,0.008263768441975117,48,-0.09999999999999953,-0.08999999999999952,1394,-171.49087524414062,312.4480285644531,0.03535110503435135,-0.09498011320829391,0.00801320094615221,x
2,0.00774543983861804,0.008263768441975117,49,-0.08999999999999952,-0.07999999999999952,1381,-164.09381103515625,352.5288391113281,0.02628408744931221,-0.08510233461856842,0.008001822978258133,x
2,0.00774543983861804,0.008263768441975117,50,-0.07999999999999952,-0.06999999999999951,1307,-115.45012664794922,410.9637451171875,-0.005531929899007082,-0.07503940910100937,0.007994887419044971,x
2,0.00774543983861804,0.008263768441975117,51,-0.06999999999999951,-0.0599999999999995,1181,-137.64358520507812,466.2554931640625,0.0064941393211483955,-0.0651264488697052,0.007998332381248474,x
2,0.00774543983861804,0.008263768441975117,52,-0.0599999999999995,-0.04999999999999949,1091,-164.85874938964844,549.9957885742188,0.01743091084063053,-0.0550638847053051,0.008000819943845272,x
2,0.00774543983861804,0.008263768441975117,53,-0.04999999999999949,-0.03999999999999948,1191,-131.01239013671875,692.8729248046875,0.00259227491915226,-0.04486139863729477,0.007999423891305923,x
2,0.00774543983861804,0.008263768441975117,54,-0.03999999999999948,-0.02999999999999947,1304,-58.53268051147461,868.4601440429688,-0.01744171977043152,-0.03491898998618126,0.007997391745448112,x
2,0.00774543983861804,0.008263768441975117,55,-0.02999999999999947,-0.019999999999999463,1365,10.908482551574707,1193.62255859375,-0.025874529033899307,-0.0248832106590271,0.008000395260751247,x
2,0.00774543983861804,0.008263768441975117,56,-0.019999999999999463,-0.009999999999999454,1606,-11.307158470153809,1878.0489501953125,-0.014362895861268044,-0.014990478754043579,0.008002351969480515,x
2,0.00774543983861804,0.008263768441975117,57,-0.009999999999999454,5.551115123125783e-16,1356,-3.7005438804626465,8011.29296875,-0.006237152498215437,-0.005539963487535715,0.00800346303731203,x
2,0.00774543983861804,0.008263768441975117,58,5.551115123125783e-16,0.010000000000000564,1313,-211.47190856933594,7965.27197265625,-0.002433012705296278,0.0054612536914646626,0.008001045323908329,x
2,0.00774543983861804,0.008263768441975117,59,0.010000000000000564,0.020000000000000573,1415,-76.9690170288086,1789.474853515625,0.005453760735690594,0.014925593510270119,0.008001823909580708,x
2,0.00774543983861804,0.008263768441975117,60,0.020000000000000573,0.030000000000000582,1422,-112.36805725097656,1043.3177490234375,0.00227578217163682,0.024969160556793213,0.008007952943444252,x
2,0.00774543983861804,0.008263768441975117,61,0.030000000000000582,0.04000000000000059,1435,-135.8865203857422,753.6953735351562,-0.0030718334019184113,0.034990161657333374,0.008004196919500828,x
2,0.00774543983861804,0.008263768441975117,62,0.04000000000000059,0.0500000000000006,1409,-133.86434936523438,586.8283081054688,-0.003305691760033369,0.0449657142162323,0.008007303811609745,x
2,0.00774543983861804,0.008263768441975117,63,0.0500000000000006,0.06000000000000061,1377,-130.22125244140625,469.00775146484375,-0.0027513359673321247,0.05488327145576477,0.008004209958016872,x
2,0.00774543983861804,0.008263768441975117,64,0.06000000000000061,0.07000000000000062,1317,-135.31100463867188,390.1197814941406,-0.005725478287786245,0.06496695429086685,0.00800986960530281,x
2,0.00774543983861804,0.008263768441975117,65,0.07000000000000062,0.08000000000000063,1318,-129.1905059814453,325.5751953125,-0.002334376098588109,0.07501569390296936,0.008010480552911758,x
2,0.00774543983861804,0.008263768441975117,66,0.08000000000000063,0.09000000000000064,1464,-99.7564926147461,283.07086181640625,0.016904275864362717,0.08508282899856567,0.008007711730897427,x
2,0.00774543983861804,0.008263768441975117,67,0.09000000000000064,0.10000000000000064,1544,-80.26976776123047,249.05670166015625,0.03376632556319237,0.09499597549438477,0.008001207374036312,x
2,0.00774543983861804,0.008263768441975117,68,0.10000000000000064,0.11000000000000065,1496,-83.54623413085938,225.45616149902344,0.034719422459602356,0.10491421073675156,0.008000456728041172,x
2,0.00774543983861804,0.008263768441975117,69,0.11000000000000065,0.12000000000000066,1510,-85.2388916015625,203.0248565673828,0.03655892610549927,0.11498105525970459,0.008007992058992386,x
2,0.00774543983861804,0.008263768441975117,70,0.12000000000000066,0.13000000000000067,1526,-84.66818237304688,187.32530212402344,0.040391575545072556,0.1250426322221756,0.008007477968931198,x
2,0.00774543983861804,0.008263768441975117,71,0.13000000000000067,0.14000000000000068,1539,-81.69647216796875,175.6072235107422,0.0466948077082634,0.13501888513565063,0.008011028170585632,x
2,0.00774543983861804,0.008263768441975117,72,0.14000000000000068,0.1500000000000007,1539,-85.46772766113281,166.83120727539062,0.04573230445384979,0.14501571655273438,0.008019624277949333,x
2,0.00774543983861804,0.008263768441975117,73,0.1500000000000007,0.1600000000000007,1542,-88.53585052490234,158.87222290039062,0.045058950781822205,0.1549486666917801,0.00802887137979269,x
2,0.00774543983861804,0.008263768441975117,74,0.1600000000000007,0.1700000000000007,1477,-105.49272155761719,157.4228973388672,0.0254604984074831,0.16500452160835266,0.008031404577195644,x
2,0.00774543983861804,0.008263768441975117,75,0.1700000000000007,0.18000000000000071,1441,-118.51962280273438,153.97042846679688,0.008367174305021763,0.1750476062297821,0.00803137943148613,x
2,0.00774543983861804,0.008263768441975117,76,0.18000000000000071,0.19000000000000072,1397,-107.5694580078125,144.38229370117188,0.025118136778473854,0.18497073650360107,0.008024439215660095,x
2,0.00774543983861804,0.008263768441975117,77,0.19000000000000072,0.20000000000000073,1330,-100.13733673095703,139.5073699951172,0.038282815366983414,0.19496890902519226,0.008014309220016003,x
2,0.00774543983861804,0.008263768441975117,78,0.20000000000000073,0.21000000000000074,1301,-94.31282806396484,132.5093231201172,0.04978223890066147,0.20498020946979523,0.008012347854673862,x
2,0.00774543983861804,0.008263768441975117,79,0.21000000000000074,0.22000000000000075,1309,-98.96668243408203,133.9386749267578,0.044802743941545486,0.215018630027771,0.007999897003173828,x
2,0.00774543983861804,0.008263768441975117,80,0.22000000000000075,0.23000000000000076,1410,-110.63078308105469,134.5580596923828,0.02611212432384491,0.2250046283006668,0.008001206442713737,x
2,0.00774543983861804,0.008263768441975117,81,0.23000000000000076,0.24000000000000077,1476,-112.64198303222656,131.5987548828125,0.023129723966121674,0.23507165908813477,0.008013383485376835,x
2,0.00774543983861804,0.008263768441975117,82,0.24000000000000077,0.2500000000000008,1468,-110.04376983642578,126.10880279541016,0.029012540355324745,0.24486294388771057,0.008014379069209099,x
2,0.00774543983861804,0.008263768441975117,83,0.2500000000000008,0.2600000000000008,1303,-96.58267211914062,119.34687042236328,0.05765736475586891,0.2548516094684601,0.008016003295779228,x
2,0.00774543983861804,0.008263768441975117,84,0.2600000000000008,0.2700000000000008,1191,-99.27949523925781,112.63861846923828,0.05362642556428909,0.2649155855178833,0.008022771216928959,x
2,0.00774543983861804,0.008263768441975117,85,0.2700000000000008,0.2800000000000008,1089,-98.6584701538086,110.48978424072266,0.0574009045958519,0.2749687135219574,0.00802209135144949,x
2,0.00774543983861804,0.008263768441975117,86,0.2800000000000008,0.2900000000000008,978,-105.3646011352539,113.90293884277344,0.043871235102415085,0.28488340973854065,0.0080247288569808,x
2,0.00774543983861804,0.008263768441975117,87,0.2900000000000008,0.3000000000000008,883,-103.31061553955078,112.35726928710938,0.051366791129112244,0.29487258195877075,0.007995188236236572,x
2,0.00774543983861804,0.008263768441975117,88,0.3000000000000008,0.31000000000000083,778,-108.90570831298828,108.45185089111328,0.03963768109679222,0.30486810207366943,0.008001293987035751,x
2,0.00774543983861804,0.008263768441975117,89,0.31000000000000083,0.32000000000000084,648,-109.07221984863281,102.03596496582031,0.03922213613986969,0.31480246782302856,0.008021189831197262,x
2,0.00774543983861804,0.008263768441975117,90,0.32000000000000084,0.33000000000000085,483,-111.0416488647461,99.68111419677734,0.03403244540095329,0.3247803747653961,0.008053245022892952,x
2,0.00774543983861804,0.008263768441975117,91,0.33000000000000085,0.34000000000000086,393,-106.62794494628906,102.01720428466797,0.04862861707806587,0.3349008858203888,0.007998296990990639,x
2,0.00774543983861804,0.008263768441975117,92,0.34000000000000086,0.35000000000000087,330,-86.88894653320312,97.90336608886719,0.10497189313173294,0.3447977304458618,0.008010411635041237,x
2,0.00774543983861804,0.008263768441975117,93,0.35000000000000087,0.3600000000000009,266,-102.30943298339844,103.0479965209961,0.06386403739452362,0.35515230894088745,0.008015465922653675,x
2,0.00774543983861804,0.008263768441975117,94,0.3600000000000009,0.3700000000000009,695,-84.42255401611328,103.72077941894531,0.11908239126205444,0.36703166365623474,0.008019114844501019,x
2,0.00774543983861804,0.008263768441975117,95,0.3700000000000009,0.3800000000000009,9497,-49.23222351074219,76.02886962890625,0.22715160250663757,0.3741948902606964,0.008005565963685513,x
2,0.00774543983861804,0.008263768441975117,96,0.3800000000000009,0.3900000000000009,3584,-40.30870819091797,62.18659210205078,0.260663777589798,0.3841423988342285,0.008009037934243679,x
2,0.00774543983861804,0.008263768441975117,97,0.3900000000000009,0.4000000000000009,892,-27.044038772583008,56.02247619628906,0.307495653629303,0.39225491881370544,0.008047794923186302,x
2,0.00774543983861804,0.008263768441975117,98,0.4000000000000009,0.4100000000000009,33,-61.57330322265625,57.19346618652344,0.20261435210704803,0.4042738080024719,0.008060715161263943,x
2,0.00774543983861804,0.008263768441975117,99,0.4100000000000009,0.42000000000000093,9,-37.754119873046875,7.547728061676025,0.28539302945137024,0.41236674785614014,0.008142966777086258,x
2,0.00774543983861804,0.008263768441975117,101,0.43000000000000094,0.44000000000000095,6,-211.8611602783203,0.3877204358577728,-0.32435324788093567,0.4354890286922455,0.008235549554228783,x
2,0.00774543983861804,0.008263768441975117,102,0.44000000000000095,0.45000000000000095,6,-213.482177734375,0.7996444702148438,-0.33559730648994446,0.4458620846271515,0.00821003969758749,x
2,0.00774543983861804,0.008263768441975117,103,0.45000000000000095,0.46000000000000096,6,-214.66302490234375,0.8434547185897827,-0.3463979959487915,0.45603108406066895,0.00819703284651041,x
3,0.008263768441975117,0.00878702886402607,7,-0.5099999999999999,-0.4999999999999999,5,-103.4296875,74.14117431640625,-0.04840688779950142,-0.5022229552268982,0.008715586736798286,x
3,0.008263768441975117,0.00878702886402607,8,-0.4999999999999999,-0.4899999999999999,38,-77.98827362060547,74.56836700439453,-0.16635534167289734,-0.4941422939300537,0.008556471206247807,x
3,0.008263768441975117,0.00878702886402607,9,-0.4899999999999999,-0.47999999999999987,47,-61.39750289916992,75.88716888427734,-0.2301042377948761,-0.48429957032203674,0.008532159961760044,x
3,0.008263768441975117,0.00878702886402607,10,-0.47999999999999987,-0.46999999999999986,51,-74.54108428955078,83.88166809082031,-0.1753896325826645,-0.4748310148715973,0.008493566885590553,x
3,0.008263768441975117,0.00878702886402607,11,-0.46999999999999986,-0.45999999999999985,61,-53.52088928222656,71.55445098876953,-0.2532576024532318,-0.4647584557533264,0.008545556105673313,x
3,0.008263768441975117,0.00878702886402607,12,-0.45999999999999985,-0.44999999999999984,75,-55.47246170043945,68.38738250732422,-0.2412862926721573,-0.45475733280181885,0.008530981838703156,x
3,0.008263768441975117,0.00878702886402607,13,-0.44999999999999984,-0.43999999999999984,87,-55.95846176147461,66.57523345947266,-0.2329970896244049,-0.4449535608291626,0.008504430763423443,x
3,0.008263768441975117,0.00878702886402607,14,-0.43999999999999984,-0.4299999999999998,93,-61.42070770263672,64.79345703125,-0.20757998526096344,-0.4350750744342804,0.008530964143574238,x
3,0.008263768441975117,0.00878702886402607,15,-0.4299999999999998,-0.4199999999999998,74,-58.22439956665039,78.74021911621094,-0.21342387795448303,-0.42560404539108276,0.00857484620064497,x
3,0.008263768441975117,0.00878702886402607,16,-0.4199999999999998,-0.4099999999999998,61,-53.7021484375,80.26229858398438,-0.22680719196796417,-0.4151298701763153,0.008538447320461273,x
3,0.008263768441975117,0.00878702886402607,17,-0.4099999999999998,-0.3999999999999998,62,-112.26030731201172,93.62635040283203,-0.02024812065064907,-0.40468254685401917,0.008481117896735668,x
3,0.008263768441975117,0.00878702886402607,18,-0.3999999999999998,-0.3899999999999998,938,-66.74293518066406,66.86730194091797,-0.17027582228183746,-0.3936578333377838,0.008473200723528862,x
3,0.008263768441975117,0.00878702886402607,19,-0.3899999999999998,-0.3799999999999998,2345,-81.80087280273438,74.11006164550781,-0.11612772941589355,-0.38446182012557983,0.008526699617505074,x
3,0.008263768441975117,0.00878702886402607,20,-0.3799999999999998,-0.3699999999999998,8701,-58.349430084228516,70.98575592041016,-0.18902261555194855,-0.375568151473999,0.008521812036633492,x
3,0.008263768441975117,0.00878702886402607,21,-0.3699999999999998,-0.35999999999999976,930,-91.5669174194336,83.93079376220703,-0.08017170429229736,-0.3645646572113037,0.008531000465154648,x
3,0.008263768441975117,0.00878702886402607,22,-0.35999999999999976,-0.34999999999999976,1395,-91.27796936035156,83.29035186767578,-0.07871703058481216,-0.35463932156562805,0.008529452607035637,x
3,0.008263768441975117,0.00878702886402607,23,-0.34999999999999976,-0.33999999999999975,1012,-98.34490203857422,84.98329162597656,-0.05609073489904404,-0.3453132212162018,0.008507799357175827,x
3,0.008263768441975117,0.00878702886402607,24,-0.33999999999999975,-0.32999999999999974,975,-114.47020721435547,88.53253936767578,-0.007238264661282301,-0.3352592885494232,0.008535951375961304,x
3,0.008263768441975117,0.00878702886402607,25,-0.32999999999999974,-0.31999999999999973,949,-122.40768432617188,97.29029083251953,0.014275171793997288,-0.32507559657096863,0.008525751531124115,x
3,0.008263768441975117,0.00878702886402607,26,-0.31999999999999973,-0.3099999999999997,938,-117.3938217163086,105.87989044189453,5.911967309657484e-05,-0.31493741273880005,0.00853109173476696,x
3,0.008263768441975117,0.00878702886402607,27,-0.3099999999999997,-0.2999999999999997,1033,-102.53446197509766,105.95956420898438,-0.038252174854278564,-0.3048486113548279,0.008546547032892704,x
3,0.008263768441975117,0.00878702886402607,28,-0.2999999999999997,-0.2899999999999997,1137,-94.76287078857422,107.21331787109375,-0.05667327716946602,-0.2949163317680359,0.008536722511053085,x
3,0.008263768441975117,0.00878702886402607,29,-0.2899999999999997,-0.2799999999999997,1182,-86.34778594970703,109.45582580566406,-0.07533546537160873,-0.28495103120803833,0.008527703583240509,x
3,0.008263768441975117,0.00878702886402607,30,-0.2799999999999997,-0.2699999999999997,1233,-82.16449737548828,111.87773895263672,-0.08277055621147156,-0.27496397495269775,0.00853021815419197,x
3,0.008263768441975117,0.00878702886402607,31,-0.2699999999999997,-0.2599999999999997,1277,-81.16339874267578,117.68417358398438,-0.08160562068223953,-0.2649458348751068,0.008542383089661598,x
3,0.008263768441975117,0.00878702886402607,32,-0.2599999999999997,-0.24999999999999967,1351,-84.29521942138672,123.03590393066406,-0.07118767499923706,-0.2549932301044464,0.008553590625524521,x
3,0.008263768441975117,0.00878702886402607,33,-0.24999999999999967,-0.23999999999999966,1422,-86.53467559814453,126.26606750488281,-0.06377586722373962,-0.24496595561504364,0.008539320901036263,x
3,0.008263768441975117,0.00878702886402607,34,-0.23999999999999966,-0.22999999999999965,1475,-84.63702392578125,130.26486206054688,-0.06474320590496063,-0.23493875563144684,0.008535445667803288,x
3,0.008263768441975117,0.00878702886402607,35,-0.22999999999999965,-0.21999999999999964,1519,-83.89559173583984,133.7484893798828,-0.063869908452034,-0.22496835887432098,0.008537116460502148,x
3,0.008263768441975117,0.00878702886402607,36,-0.21999999999999964,-0.20999999999999963,1562,-81.10185241699219,138.45130920410156,-0.06646382808685303,-0.2149834781885147,0.008527740836143494,x
3,0.008263768441975117,0.00878702886402607,37,-0.20999999999999963,-0.19999999999999962,1588,-81.2569351196289,143.61293029785156,-0.06353236734867096,-0.2050137221813202,0.008522304706275463,x
3,0.008263768441975117,0.00878702886402607,38,-0.19999999999999962,-0.1899999999999996,1614,-88.34654998779297,150.17918395996094,-0.048568613827228546,-0.19492442905902863,0.008525719866156578,x
3,0.008263768441975117,0.00878702886402607,39,-0.1899999999999996,-0.1799999999999996,1632,-87.18175506591797,158.5470733642578,-0.04755634814500809,-0.1849489063024521,0.008542089723050594,x
3,0.008263768441975117,0.00878702886402607,40,-0.1799999999999996,-0.1699999999999996,1560,-93.0443115234375,169.53778076171875,-0.03620612621307373,-0.17501157522201538,0.00854701828211546,x
3,0.008263768441975117,0.00878702886402607,41,-0.1699999999999996,-0.1599999999999996,1464,-95.28118896484375,175.3232879638672,-0.030587803572416306,-0.16502676904201508,0.00854943785816431,x
3,0.008263768441975117,0.00878702886402607,42,-0.1599999999999996,-0.14999999999999958,1361,-98.94136810302734,186.90261840820312,-0.024447983130812645,-0.15503908693790436,0.008537723682820797,x
3,0.008263768441975117,0.00878702886402607,43,-0.14999999999999958,-0.13999999999999957,1285,-96.70670318603516,199.72422790527344,-0.025786802172660828,-0.14500001072883606,0.00852440856397152,x
3,0.008263768441975117,0.00878702886402607,44,-0.13999999999999957,-0.12999999999999956,1251,-104.41390228271484,212.2443389892578,-0.01535444613546133,-0.13495998084545135,0.00852055661380291,x
3,0.008263768441975117,0.00878702886402607,45,-0.12999999999999956,-0.11999999999999955,1307,-119.29086303710938,228.13064575195312,0.0018375356448814273,-0.12500375509262085,0.00852778647094965,x
3,0.008263768441975117,0.00878702886402607,46,-0.11999999999999955,-0.10999999999999954,1389,-125.15127563476562,239.02224731445312,0.007452765014022589,-0.11499453336000443,0.008531362749636173,x
3,0.008263768441975117,0.00878702886402607,47,-0.10999999999999954,-0.09999999999999953,1456,-121.7148666381836,244.173828125,0.003731947625055909,-0.10496940463781357,0.008533553220331669,x
3,0.008263768441975117,0.00878702886402607,48,-0.09999999999999953,-0.08999999999999952,1577,-94.28483581542969,258.76068115234375,-0.019039519131183624,-0.095011867582798,0.008517940528690815,x
3,0.008263768441975117,0.00878702886402607,49,-0.08999999999999952,-0.07999999999999952,1532,-106.52334594726562,278.7860107421875,-0.008712816052138805,-0.08505446463823318,0.008514277637004852,x
3,0.008263768441975117,0.00878702886402607,50,-0.07999999999999952,-0.06999999999999951,1472,-98.48641204833984,321.7423400878906,-0.012990482151508331,-0.075104720890522,0.008516534231603146,x
3,0.008263768441975117,0.00878702886402607,51,-0.06999999999999951,-0.0599999999999995,1310,-128.97987365722656,385.2768249511719,0.006063429173082113,-0.06506595760583878,0.008513755165040493,x
3,0.008263768441975117,0.00878702886402607,52,-0.0599999999999995,-0.04999999999999949,1354,-94.62193298339844,447.7369079589844,-0.010644450783729553,-0.05494651570916176,0.008520272560417652,x
3,0.008263768441975117,0.00878702886402607,53,-0.04999999999999949,-0.03999999999999948,1484,-128.7423095703125,564.3151245117188,0.004112730268388987,-0.04494626447558403,0.008529719896614552,x
3,0.008263768441975117,0.00878702886402607,54,-0.03999999999999948,-0.02999999999999947,1500,-136.3636932373047,735.6448974609375,0.005324212368577719,-0.03507377579808235,0.008533794432878494,x
3,0.008263768441975117,0.00878702886402607,55,-0.02999999999999947,-0.019999999999999463,1439,-151.80087280273438,1023.1292114257812,0.007147870492190123,-0.025047514587640762,0.008533998392522335,x
3,0.008263768441975117,0.00878702886402607,56,-0.019999999999999463,-0.009999999999999454,1356,-78.73066711425781,1840.928466796875,-0.0037665648851543665,-0.01508689671754837,0.008528078906238079,x
3,0.008263768441975117,0.00878702886402607,57,-0.009999999999999454,5.551115123125783e-16,1162,-434.7867431640625,8326.53515625,0.00436420738697052,-0.005539193283766508,0.008531428873538971,x
3,0.008263768441975117,0.00878702886402607,58,5.551115123125783e-16,0.010000000000000564,1121,295.3786315917969,8646.06640625,0.009827559813857079,0.005520432256162167,0.008531371131539345,x
3,0.008263768441975117,0.00878702886402607,59,0.010000000000000564,0.020000000000000573,1248,-104.87552642822266,1883.5224609375,0.0020833993330597878,0.015007438138127327,0.008520894683897495,x
3,0.008263768441975117,0.00878702886402607,60,0.020000000000000573,0.030000000000000582,1216,-39.10554122924805,1028.9815673828125,0.01732734777033329,0.02488729916512966,0.008516518399119377,x
3,0.008263768441975117,0.00878702886402607,61,0.030000000000000582,0.04000000000000059,1219,-70.08087158203125,681.9923706054688,0.014212535694241524,0.03494918718934059,0.008521750569343567,x
3,0.008263768441975117,0.00878702886402607,62,0.04000000000000059,0.0500000000000006,1168,-94.15587615966797,518.9969482421875,0.008833065629005432,0.04497873783111572,0.00852229818701744,x
3,0.008263768441975117,0.00878702886402607,63,0.0500000000000006,0.06000000000000061,1206,-90.05226135253906,434.68896484375,0.012854032218456268,0.055020809173583984,0.008522117510437965,x
3,0.008263768441975117,0.00878702886402607,64,0.06000000000000061,0.07000000000000062,1168,-82.30895233154297,357.2018127441406,0.019589118659496307,0.06511183828115463,0.008520414121448994,x
3,0.008263768441975117,0.00878702886402607,65,0.07000000000000062,0.08000000000000063,1221,-81.50286865234375,311.6597900390625,0.023222699761390686,0.07507506757974625,0.00851750373840332,x
3,0.008263768441975117,0.00878702886402607,66,0.08000000000000063,0.09000000000000064,1133,-86.16496276855469,279.14617919921875,0.02313988283276558,0.0848894938826561,0.008510647341609001,x
3,0.008263768441975117,0.00878702886402607,67,0.09000000000000064,0.10000000000000064,1155,-85.62723541259766,255.32000732421875,0.025811748579144478,0.09497644007205963,0.008528806269168854,x
3,0.008263768441975117,0.00878702886402607,68,0.10000000000000064,0.11000000000000065,1225,-92.77336883544922,229.90541076660156,0.02226484939455986,0.10506270080804825,0.008516470901668072,x
3,0.008263768441975117,0.00878702886402607,69,0.11000000000000065,0.12000000000000066,1313,-96.3794174194336,211.39895629882812,0.02090800367295742,0.11512590199708939,0.00851766113191843,x
3,0.008263768441975117,0.00878702886402607,70,0.12000000000000066,0.13000000000000067,1359,-97.29962158203125,189.03663635253906,0.021450890228152275,0.12503564357757568,0.00851617380976677,x
3,0.008263768441975117,0.00878702886402607,71,0.13000000000000067,0.14000000000000068,1382,-101.9818344116211,177.67337036132812,0.01779964193701744,0.13498015701770782,0.008520865812897682,x
3,0.008263768441975117,0.00878702886402607,72,0.14000000000000068,0.1500000000000007,1410,-109.39227294921875,166.69610595703125,0.01006891019642353,0.1449890285730362,0.008516119793057442,x
3,0.008263768441975117,0.00878702886402607,73,0.1500000000000007,0.1600000000000007,1424,-111.42646026611328,155.9169921875,0.008120043203234673,0.1551114171743393,0.008507076650857925,x
3,0.008263768441975117,0.00878702886402607,74,0.1600000000000007,0.1700000000000007,1528,-100.54491424560547,145.2435760498047,0.0237467922270298,0.16503454744815826,0.008509202860295773,x
3,0.008263768441975117,0.00878702886402607,75,0.1700000000000007,0.18000000000000071,1541,-100.2995834350586,141.02633666992188,0.02531367540359497,0.1749858260154724,0.008508358150720596,x
3,0.008263768441975117,0.00878702886402607,76,0.18000000000000071,0.19000000000000072,1522,-107.2899169921875,140.39190673828125,0.016194332391023636,0.18499547243118286,0.0085079250857234,x
3,0.008263768441975117,0.00878702886402607,77,0.19000000000000072,0.20000000000000073,1632,-115.70906829833984,135.7941436767578,0.003349556587636471,0.19497303664684296,0.008516937494277954,x
3,0.008263768441975117,0.00878702886402607,78,0.20000000000000073,0.21000000000000074,1596,-123.73928833007812,126.82836151123047,-0.010908841155469418,0.2050071805715561,0.00852419063448906,x
3,0.008263768441975117,0.00878702886402607,79,0.21000000000000074,0.22000000000000075,1548,-124.30052185058594,119.31895446777344,-0.012656054459512234,0.21495111286640167,0.00852116383612156,x
3,0.008263768441975117,0.00878702886402607,80,0.22000000000000075,0.23000000000000076,1470,-112.73772430419922,118.42192840576172,0.008713426068425179,0.22504612803459167,0.008530106395483017,x
3,0.008263768441975117,0.00878702886402607,81,0.23000000000000076,0.24000000000000077,1376,-107.10928344726562,117.84368133544922,0.020634055137634277,0.2348519265651703,0.00852910615503788,x
3,0.008263768441975117,0.00878702886402607,82,0.24000000000000077,0.2500000000000008,1259,-113.0370101928711,117.60810089111328,0.009252523072063923,0.24493113160133362,0.008521877229213715,x
3,0.008263768441975117,0.00878702886402607,83,0.2500000000000008,0.2600000000000008,1231,-117.70858001708984,117.92694091796875,-0.00020600759307853878,0.2548946738243103,0.008515309542417526,x
3,0.008263768441975117,0.00878702886402607,84,0.2600000000000008,0.2700000000000008,1242,-117.25804138183594,116.06036376953125,-0.0001519321376690641,0.2650377154350281,0.008530916646122932,x
3,0.008263768441975117,0.00878702886402607,85,0.2700000000000008,0.2800000000000008,1226,-118.87625885009766,111.63446807861328,-0.00433562183752656,0.27499204874038696,0.00853956863284111,x
3,0.008263768441975117,0.00878702886402607,86,0.2800000000000008,0.2900000000000008,1161,-127.20492553710938,110.64591979980469,-0.024776894599199295,0.28488391637802124,0.008545784279704094,x
3,0.008263768441975117,0.00878702886402607,87,0.2900000000000008,0.3000000000000008,1107,-126.91343688964844,108.48617553710938,-0.02543570101261139,0.2948917746543884,0.008557735942304134,x
3,0.008263768441975117,0.00878702886402607,88,0.3000000000000008,0.31000000000000083,934,-118.5648193359375,105.41798400878906,-0.004419463686645031,0.3048821687698364,0.008557689376175404,x
3,0.008263768441975117,0.00878702886402607,89,0.31000000000000083,0.32000000000000084,861,-111.1607894897461,103.76564025878906,0.015876417979598045,0.3149283528327942,0.008539007976651192,x
3,0.008263768441975117,0.00878702886402607,90,0.32000000000000084,0.33000000000000085,825,-107.31394958496094,101.30938720703125,0.027705157175660133,0.3248327970504761,0.00852438248693943,x
3,0.008263768441975117,0.00878702886402607,91,0.33000000000000085,0.34000000000000086,746,-110.117919921875,97.3619384765625,0.01943461038172245,0.3347261846065521,0.008544226177036762,x
3,0.008263768441975117,0.00878702886402607,92,0.34000000000000086,0.35000000000000087,545,-107.31571960449219,98.32176208496094,0.028539352118968964,0.3448656499385834,0.008544493466615677,x
3,0.008263768441975117,0.00878702886402607,93,0.35000000000000087,0.3600000000000009,453,-88.86279296875,91.65369415283203,0.08610028028488159,0.3549509346485138,0.00852970127016306,x
3,0.008263768441975117,0.00878702886402607,94,0.3600000000000009,0.3700000000000009,1044,-81.30757904052734,89.46635437011719,0.1121399998664856,0.36682724952697754,0.00855755154043436,x
3,0.008263768441975117,0.00878702886402607,95,0.3700000000000009,0.3800000000000009,10516,-40.76116180419922,66.72411346435547,0.24425503611564636,0.3744337260723114,0.008532914333045483,x
3,0.008263768441975117,0.00878702886402607,96,0.3800000000000009,0.3900000000000009,4370,-32.80482864379883,58.55708694458008,0.276132196187973,0.3838820159435272,0.008554879575967789,x
3,0.008263768441975117,0.00878702886402607,97,0.3900000000000009,0.4000000000000009,1023,-44.08076858520508,51.857421875,0.24448420107364655,0.39246243238449097,0.008560877293348312,x
3,0.008263768441975117,0.00878702886402607,98,0.4000000000000009,0.4100000000000009,53,-71.29426574707031,81.44983673095703,0.15908493101596832,0.4053542912006378,0.008573764003813267,x
3,0.008263768441975117,0.00878702886402607,99,0.4100000000000009,0.42000000000000093,72,-94.8095703125,87.53067779541016,0.08010142296552658,0.41496148705482483,0.008529122918844223,x
3,0.008263768441975117,0.00878702886402607,100,0.42000000000000093,0.43000000000000094,45,-92.2739028930664,84.46663665771484,0.09141424298286438,0.4246630370616913,0.008560913614928722,x
3,0.008263768441975117,0.00878702886402607,101,0.43000000000000094,0.44000000000000095,20,-115.2885971069336,82.41890716552734,0.008852347731590271,0.4351266026496887,0.00855184718966484,x
3,0.008263768441975117,0.00878702886402607,102,0.44000000000000095,0.45000000000000095,11,-161.40406799316406,74.69990539550781,-0.16438569128513336,0.4437050521373749,0.008532876148819923,x
3,0.008263768441975117,0.00878702886402607,103,0.45000000000000095,0.46000000000000096,7,-207.01258850097656,4.057921886444092,-0.3458579182624817,0.4542635381221771,0.008511628955602646,x
3,0.008263768441975117,0.00878702886402607,104,0.46000000000000096,0.470000000000001,7,-208.46737670898438,2.9998373985290527,-0.35753995180130005,0.46438926458358765,0.008491802029311657,x
3,0.008263768441975117,0.00878702886402607,105,0.470000000000001,0.480000000000001,6,-208.93707275390625,4.566899299621582,-0.36707988381385803,0.47158586978912354,0.008515535853803158,x
4,0.00878702886402607,0.009291085414588451,7,-0.5099999999999999,-0.4999999999999999,31,-57.49343490600586,61.959957122802734,-0.2419496327638626,-0.5040557384490967,0.009063227102160454,x
4,0.00878702886402607,0.009291085414588451,8,-0.4999999999999999,-0.4899999999999999,40,-71.15425872802734,78.88560485839844,-0.1764543652534485,-0.49512046575546265,0.009012458845973015,x
4,0.00878702886402607,0.009291085414588451,9,-0.4899999999999999,-0.47999999999999987,46,-62.56754684448242,80.70519256591797,-0.21099118888378143,-0.4848746061325073,0.009073976427316666,x
4,0.00878702886402607,0.009291085414588451,10,-0.47999999999999987,-0.46999999999999986,63,-38.13621139526367,63.701698303222656,-0.31203433871269226,-0.4746200740337372,0.009041772224009037,x
4,0.00878702886402607,0.009291085414588451,11,-0.46999999999999986,-0.45999999999999985,64,-21.175474166870117,47.78007507324219,-0.3766045570373535,-0.4649319350719452,0.009047092869877815,x
4,0.00878702886402607,0.009291085414588451,12,-0.45999999999999985,-0.44999999999999984,50,-23.342121124267578,42.33681106567383,-0.35949015617370605,-0.454974889755249,0.009034257382154465,x
4,0.00878702886402607,0.009291085414588451,13,-0.44999999999999984,-0.43999999999999984,50,-31.113235473632812,51.79617691040039,-0.3207893371582031,-0.44502192735671997,0.008988711051642895,x
4,0.00878702886402607,0.009291085414588451,14,-0.43999999999999984,-0.4299999999999998,47,-51.92519760131836,61.27657699584961,-0.23332272469997406,-0.4349895119667053,0.00898079015314579,x
4,0.00878702886402607,0.009291085414588451,15,-0.4299999999999998,-0.4199999999999998,66,-87.3261947631836,68.16361999511719,-0.08925463259220123,-0.42465105652809143,0.009017090313136578,x
4,0.00878702886402607,0.009291085414588451,16,-0.4199999999999998,-0.4099999999999998,41,-67.44998931884766,83.23754119873047,-0.16288436949253082,-0.41479989886283875,0.009024864062666893,x
4,0.00878702886402607,0.009291085414588451,17,-0.4099999999999998,-0.3999999999999998,47,-79.05292510986328,91.39620971679688,-0.11618024855852127,-0.40463751554489136,0.009009777568280697,x
4,0.00878702886402607,0.009291085414588451,18,-0.3999999999999998,-0.3899999999999998,657,-90.9880142211914,65.90374755859375,-0.06935402005910873,-0.39297860860824585,0.009049301967024803,x
4,0.00878702886402607,0.009291085414588451,19,-0.3899999999999998,-0.3799999999999998,2025,-79.90721893310547,75.91041564941406,-0.1071821078658104,-0.38442447781562805,0.009036148898303509,x
4,0.00878702886402607,0.009291085414588451,20,-0.3799999999999998,-0.3699999999999998,6855,-60.482940673828125,68.5797348022461,-0.17032352089881897,-0.3755321502685547,0.009039318189024925,x
4,0.00878702886402607,0.009291085414588451,21,-0.3699999999999998,-0.35999999999999976,1060,-74.52810668945312,78.14031982421875,-0.1192576214671135,-0.36497965455055237,0.009033693000674248,x
4,0.00878702886402607,0.009291085414588451,22,-0.35999999999999976,-0.34999999999999976,1151,-97.51432037353516,80.27759552001953,-0.042346689850091934,-0.35502490401268005,0.009034562855958939,x
4,0.00878702886402607,0.009291085414588451,23,-0.34999999999999976,-0.33999999999999975,1043,-100.65760040283203,83.63008117675781,-0.03186749666929245,-0.345040500164032,0.009017479605972767,x
4,0.00878702886402607,0.009291085414588451,24,-0.33999999999999975,-0.32999999999999974,923,-91.10527038574219,89.34735107421875,-0.059494368731975555,-0.33487722277641296,0.0090341717004776,x
4,0.00878702886402607,0.009291085414588451,25,-0.32999999999999974,-0.31999999999999973,1064,-79.6512451171875,92.5125732421875,-0.09078768640756607,-0.32476580142974854,0.009061615914106369,x
4,0.00878702886402607,0.009291085414588451,26,-0.31999999999999973,-0.3099999999999997,1318,-76.65898895263672,94.97714233398438,-0.09665755182504654,-0.31492695212364197,0.009048033505678177,x
4,0.00878702886402607,0.009291085414588451,27,-0.3099999999999997,-0.2999999999999997,1212,-86.3986587524414,101.25321960449219,-0.06759662181138992,-0.30507874488830566,0.009021670557558537,x
4,0.00878702886402607,0.009291085414588451,28,-0.2999999999999997,-0.2899999999999997,1164,-92.24952697753906,106.50788116455078,-0.04994388297200203,-0.2949141561985016,0.009018141776323318,x
4,0.00878702886402607,0.009291085414588451,29,-0.2899999999999997,-0.2799999999999997,1207,-98.74115753173828,110.23680877685547,-0.0313391275703907,-0.28496623039245605,0.009027626365423203,x
4,0.00878702886402607,0.009291085414588451,30,-0.2799999999999997,-0.2699999999999997,1297,-108.11875915527344,113.8608169555664,-0.006736749317497015,-0.27497026324272156,0.009031287394464016,x
4,0.00878702886402607,0.009291085414588451,31,-0.2699999999999997,-0.2599999999999997,1325,-105.95262145996094,117.04505157470703,-0.0114218108355999,-0.2650088965892792,0.00903338473290205,x
4,0.00878702886402607,0.009291085414588451,32,-0.2599999999999997,-0.24999999999999967,1357,-97.62923431396484,120.33798217773438,-0.029744844883680344,-0.25500231981277466,0.009036840870976448,x
4,0.00878702886402607,0.009291085414588451,33,-0.24999999999999967,-0.23999999999999966,1402,-96.692626953125,125.86631774902344,-0.03050021268427372,-0.2449847310781479,0.009043632075190544,x
4,0.00878702886402607,0.009291085414588451,34,-0.23999999999999966,-0.22999999999999965,1440,-98.64997863769531,129.22166442871094,-0.024957947432994843,-0.23498789966106415,0.009049857966601849,x
4,0.00878702886402607,0.009291085414588451,35,-0.22999999999999965,-0.21999999999999964,1501,-102.9457015991211,134.59071350097656,-0.015249880030751228,-0.22498884797096252,0.009046105667948723,x
4,0.00878702886402607,0.009291085414588451,36,-0.21999999999999964,-0.20999999999999963,1446,-107.0781021118164,139.94297790527344,-0.007105997297912836,-0.21492363512516022,0.009023850783705711,x
4,0.00878702886402607,0.009291085414588451,37,-0.20999999999999963,-0.19999999999999962,1446,-105.77522277832031,142.26564025878906,-0.00926237553358078,-0.205093115568161,0.009026017040014267,x
4,0.00878702886402607,0.009291085414588451,38,-0.19999999999999962,-0.1899999999999996,1371,-100.3437271118164,144.5206298828125,-0.01840977929532528,-0.19507727026939392,0.009017681702971458,x
4,0.00878702886402607,0.009291085414588451,39,-0.1899999999999996,-0.1799999999999996,1321,-96.93059539794922,146.88699340820312,-0.022898400202393532,-0.1851169317960739,0.00902572926133871,x
4,0.00878702886402607,0.009291085414588451,40,-0.1799999999999996,-0.1699999999999996,1338,-94.44872283935547,150.55795288085938,-0.02563650719821453,-0.1749654859304428,0.009023728780448437,x
4,0.00878702886402607,0.009291085414588451,41,-0.1699999999999996,-0.1599999999999996,1355,-89.61805725097656,161.96446228027344,-0.03126220032572746,-0.16496817767620087,0.009022288024425507,x
4,0.00878702886402607,0.009291085414588451,42,-0.1599999999999996,-0.14999999999999958,1435,-91.59056854248047,168.694091796875,-0.026748966425657272,-0.1549404263496399,0.009032627567648888,x
4,0.00878702886402607,0.009291085414588451,43,-0.14999999999999958,-0.13999999999999957,1508,-93.59131622314453,178.91334533691406,-0.02208774909377098,-0.1449817419052124,0.009042019955813885,x
4,0.00878702886402607,0.009291085414588451,44,-0.13999999999999957,-0.12999999999999956,1603,-103.25056457519531,193.07052612304688,-0.008619630709290504,-0.13500462472438812,0.009049664251506329,x
4,0.00878702886402607,0.009291085414588451,45,-0.12999999999999956,-0.11999999999999955,1549,-110.14309692382812,206.55686950683594,-0.0004633736680261791,-0.1250244379043579,0.009038928896188736,x
4,0.00878702886402607,0.009291085414588451,46,-0.11999999999999955,-0.10999999999999954,1550,-115.38794708251953,227.30503845214844,0.005194562021642923,-0.11502226442098618,0.009042304009199142,x
4,0.00878702886402607,0.009291085414588451,47,-0.10999999999999954,-0.09999999999999953,1518,-110.94660186767578,261.29046630859375,0.0007090059807524085,-0.10500192642211914,0.009040788747370243,x
4,0.00878702886402607,0.009291085414588451,48,-0.09999999999999953,-0.08999999999999952,1486,-98.71900177001953,284.9760437011719,-0.009926707483828068,-0.0949648916721344,0.009048591367900372,x
4,0.00878702886402607,0.009291085414588451,49,-0.08999999999999952,-0.07999999999999952,1484,-66.75796508789062,304.7440490722656,-0.033307868987321854,-0.08494390547275543,0.00904124416410923,x
4,0.00878702886402607,0.009291085414588451,50,-0.07999999999999952,-0.06999999999999951,1450,-90.54554748535156,338.7698059082031,-0.014005087316036224,-0.07493937015533447,0.009042463265359402,x
4,0.00878702886402607,0.009291085414588451,51,-0.06999999999999951,-0.0599999999999995,1419,-84.30711364746094,383.8018798828125,-0.015282426960766315,-0.0650462955236435,0.009031274355947971,x
4,0.00878702886402607,0.009291085414588451,52,-0.0599999999999995,-0.04999999999999949,1479,-88.34296417236328,451.4170837402344,-0.011146115139126778,-0.05497894808650017,0.009018518030643463,x
4,0.00878702886402607,0.009291085414588451,53,-0.04999999999999949,-0.03999999999999948,1494,-100.55720520019531,556.8907470703125,-0.00493871932849288,-0.04489224776625633,0.009023776277899742,x
4,0.00878702886402607,0.009291085414588451,54,-0.03999999999999948,-0.02999999999999947,1443,-37.82361602783203,675.8473510742188,-0.023686029016971588,-0.03518470376729965,0.009017943404614925,x
4,0.00878702886402607,0.009291085414588451,55,-0.02999999999999947,-0.019999999999999463,1321,5.073852062225342,934.5650024414062,-0.02548733539879322,-0.02499282732605934,0.009010009467601776,x
4,0.00878702886402607,0.009291085414588451,56,-0.019999999999999463,-0.009999999999999454,1354,-18.2515811920166,1568.2403564453125,-0.011804359965026379,-0.01495478767901659,0.009025153703987598,x
4,0.00878702886402607,0.009291085414588451,57,-0.009999999999999454,5.551115123125783e-16,1214,223.10540771484375,7036.96826171875,-0.008944259025156498,-0.0054455893114209175,0.009044875390827656,x
4,0.00878702886402607,0.009291085414588451,58,5.551115123125783e-16,0.010000000000000564,1200,-257.7369384765625,7377.50439453125,-0.009634094312787056,0.005394131410866976,0.009055616334080696,x
4,0.00878702886402607,0.009291085414588451,59,0.010000000000000564,0.020000000000000573,1249,-197.4344482421875,1660.1197509765625,-0.012256357818841934,0.014972830191254616,0.00904178898781538,x
4,0.00878702886402607,0.009291085414588451,60,0.020000000000000573,0.030000000000000582,1156,-201.16307067871094,979.7658081054688,-0.02047180011868477,0.025027893483638763,0.009034712798893452,x
4,0.00878702886402607,0.009291085414588451,61,0.030000000000000582,0.04000000000000059,1128,-161.2276611328125,698.5667724609375,-0.016118189319968224,0.03492599353194237,0.009032037109136581,x
4,0.00878702886402607,0.009291085414588451,62,0.04000000000000059,0.0500000000000006,1116,-134.50479125976562,535.0401611328125,-0.009918665513396263,0.04493146762251854,0.009031321853399277,x
4,0.00878702886402607,0.009291085414588451,63,0.0500000000000006,0.06000000000000061,1107,-128.79180908203125,429.6851501464844,-0.009321090765297413,0.05499137192964554,0.009038777090609074,x
4,0.00878702886402607,0.009291085414588451,64,0.06000000000000061,0.07000000000000062,1140,-125.8831558227539,360.8039855957031,-0.009113168343901634,0.06504432111978531,0.009033914655447006,x
4,0.00878702886402607,0.009291085414588451,65,0.07000000000000062,0.08000000000000063,1171,-126.50751495361328,315.8890686035156,-0.010941799730062485,0.07511000335216522,0.009047368541359901,x
4,0.00878702886402607,0.009291085414588451,66,0.08000000000000063,0.09000000000000064,1222,-114.90475463867188,277.5099792480469,-0.0035549013409763575,0.08512983471155167,0.009041598066687584,x
4,0.00878702886402607,0.009291085414588451,67,0.09000000000000064,0.10000000000000064,1227,-125.12711334228516,245.0486602783203,-0.012412688694894314,0.09496734291315079,0.009040172211825848,x
4,0.00878702886402607,0.009291085414588451,68,0.10000000000000064,0.11000000000000065,1248,-123.75688934326172,230.12051391601562,-0.01313861832022667,0.10492731630802155,0.009045775048434734,x
4,0.00878702886402607,0.009291085414588451,69,0.11000000000000065,0.12000000000000066,1192,-122.89752197265625,213.41119384765625,-0.013441364280879498,0.11497976630926132,0.009047891944646835,x
4,0.00878702886402607,0.009291085414588451,70,0.12000000000000066,0.13000000000000067,1077,-119.03325653076172,206.22023010253906,-0.009952930733561516,0.1249752938747406,0.009042182937264442,x
4,0.00878702886402607,0.009291085414588451,71,0.13000000000000067,0.14000000000000068,1127,-107.48750305175781,193.39813232421875,0.0035909577272832394,0.13496987521648407,0.00903677474707365,x
4,0.00878702886402607,0.009291085414588451,72,0.14000000000000068,0.1500000000000007,1202,-102.21125030517578,179.48648071289062,0.010899864137172699,0.14509588479995728,0.009040554985404015,x
4,0.00878702886402607,0.009291085414588451,73,0.1500000000000007,0.1600000000000007,1252,-98.07718658447266,165.6894073486328,0.01750822179019451,0.15498831868171692,0.009044953621923923,x
4,0.00878702886402607,0.009291085414588451,74,0.1600000000000007,0.1700000000000007,1225,-85.86553192138672,151.9618682861328,0.03743172809481621,0.16498079895973206,0.009040327742695808,x
4,0.00878702886402607,0.009291085414588451,75,0.1700000000000007,0.18000000000000071,1260,-83.29448699951172,140.30882263183594,0.043846819549798965,0.17503012716770172,0.009043145924806595,x
4,0.00878702886402607,0.009291085414588451,76,0.18000000000000071,0.19000000000000072,1313,-80.62403869628906,128.74949645996094,0.050804074853658676,0.18498501181602478,0.009026973508298397,x
4,0.00878702886402607,0.009291085414588451,77,0.19000000000000072,0.20000000000000073,1296,-82.78398895263672,122.85797882080078,0.04953792318701744,0.19494080543518066,0.009036684408783913,x
4,0.00878702886402607,0.009291085414588451,78,0.20000000000000073,0.21000000000000074,1239,-88.41983032226562,122.28376770019531,0.041223570704460144,0.20488029718399048,0.009053625166416168,x
4,0.00878702886402607,0.009291085414588451,79,0.21000000000000074,0.22000000000000075,1226,-91.37621307373047,120.67787170410156,0.03780112788081169,0.21508535742759705,0.009040900506079197,x
4,0.00878702886402607,0.009291085414588451,80,0.22000000000000075,0.23000000000000076,1474,-97.44538879394531,113.729736328125,0.027197634801268578,0.22511281073093414,0.009031185880303383,x
4,0.00878702886402607,0.009291085414588451,81,0.23000000000000076,0.24000000000000077,1594,-100.93942260742188,106.95867919921875,0.020698850974440575,0.23513130843639374,0.009032916277647018,x
4,0.00878702886402607,0.009291085414588451,82,0.24000000000000077,0.2500000000000008,1699,-98.9406967163086,100.37342071533203,0.025682901963591576,0.24507109820842743,0.009036513976752758,x
4,0.00878702886402607,0.009291085414588451,83,0.2500000000000008,0.2600000000000008,1702,-103.45035552978516,98.34996795654297,0.016171125695109367,0.25496917963027954,0.009042205289006233,x
4,0.00878702886402607,0.009291085414588451,84,0.2600000000000008,0.2700000000000008,1688,-103.28144073486328,95.73299407958984,0.01714000478386879,0.2649593651294708,0.009051979519426823,x
4,0.00878702886402607,0.009291085414588451,85,0.2700000000000008,0.2800000000000008,1690,-98.63101196289062,94.57505798339844,0.029436476528644562,0.27499231696128845,0.00905690249055624,x
4,0.00878702886402607,0.009291085414588451,86,0.2800000000000008,0.2900000000000008,1650,-92.0801773071289,94.8772201538086,0.04766067862510681,0.2849353849887848,0.009050517342984676,x
4,0.00878702886402607,0.009291085414588451,87,0.2900000000000008,0.3000000000000008,1497,-84.56256103515625,97.15113067626953,0.06945190578699112,0.2948695123195648,0.009043488651514053,x
4,0.00878702886402607,0.009291085414588451,88,0.3000000000000008,0.31000000000000083,1362,-89.09658813476562,98.4857177734375,0.059238433837890625,0.3049486577510834,0.00904585886746645,x
4,0.00878702886402607,0.009291085414588451,89,0.31000000000000083,0.32000000000000084,1239,-96.56378936767578,98.4786605834961,0.03967983275651932,0.31478700041770935,0.009062654338777065,x
4,0.00878702886402607,0.009291085414588451,90,0.32000000000000084,0.33000000000000085,1004,-101.57250213623047,99.11506652832031,0.02622401900589466,0.3248548209667206,0.00906732864677906,x
4,0.00878702886402607,0.009291085414588451,91,0.33000000000000085,0.34000000000000086,946,-97.17950439453125,95.0213851928711,0.04051883518695831,0.33513256907463074,0.009057394228875637,x
4,0.00878702886402607,0.009291085414588451,92,0.34000000000000086,0.35000000000000087,905,-92.06905364990234,91.94770050048828,0.057403016835451126,0.3448604941368103,0.00906093418598175,x
4,0.00878702886402607,0.009291085414588451,93,0.35000000000000087,0.3600000000000009,824,-83.67976379394531,85.6385726928711,0.0858076810836792,0.35498225688934326,0.009054617024958134,x
4,0.00878702886402607,0.009291085414588451,94,0.3600000000000009,0.3700000000000009,1414,-67.93230438232422,81.6836166381836,0.1416430026292801,0.36641907691955566,0.009046091698110104,x
4,0.00878702886402607,0.009291085414588451,95,0.3700000000000009,0.3800000000000009,10482,-45.93048858642578,65.3368148803711,0.21928644180297852,0.37437957525253296,0.009023955091834068,x
4,0.00878702886402607,0.009291085414588451,96,0.3800000000000009,0.3900000000000009,4006,-37.45133972167969,64.58626556396484,0.2540110945701599,0.38410571217536926,0.00901720393449068,x
4,0.00878702886402607,0.009291085414588451,97,0.3900000000000009,0.4000000000000009,1135,-76.9524917602539,70.46485900878906,0.11879764497280121,0.3925527036190033,0.009007241576910019,x
4,0.00878702886402607,0.009291085414588451,98,0.4000000000000009,0.4100000000000009,52,-112.01903533935547,88.42803955078125,-0.0056793889962136745,0.4048869013786316,0.009011062793433666,x
4,0.00878702886402607,0.009291085414588451,99,0.4100000000000009,0.42000000000000093,43,-90.20782470703125,86.20199584960938,0.07670982927083969,0.4145279824733734,0.009013429284095764,x
4,0.00878702886402607,0.009291085414588451,100,0.42000000000000093,0.43000000000000094,40,-50.18922805786133,68.07100677490234,0.23242411017417908,0.42516860365867615,0.009019384160637856,x
4,0.00878702886402607,0.009291085414588451,101,0.43000000000000094,0.44000000000000095,42,-40.865718841552734,64.59815216064453,0.27382415533065796,0.4344402551651001,0.009083674289286137,x
4,0.00878702886402607,0.009291085414588451,102,0.44000000000000095,0.45000000000000095,29,-39.01522445678711,64.84819793701172,0.2883946895599365,0.44508031010627747,0.009098370559513569,x
4,0.00878702886402607,0.009291085414588451,103,0.45000000000000095,0.46000000000000096,20,-52.58298873901367,73.24910736083984,0.23814871907234192,0.4549620747566223,0.009145502932369709,x
4,0.00878702886402607,0.009291085414588451,104,0.46000000000000096,0.470000000000001,18,-61.66769790649414,85.50060272216797,0.2067701667547226,0.4644961357116699,0.009151272475719452,x
4,0.00878702886402607,0.009291085414588451,105,0.470000000000001,0.480000000000001,7,-35.55984115600586,65.78022766113281,0.3171190619468689,0.47344568371772766,0.009264660067856312,x
5,0.009291085414588451,0.009859081916511058,6,-0.5199999999999999,-0.5099999999999999,26,-60.15891647338867,60.5938606262207,-0.2181127369403839,-0.5133838057518005,0.009610816836357117,x
5,0.009291085414588451,0.009859081916511058,7,-0.5099999999999999,-0.4999999999999999,40,-68.97613525390625,76.7899398803711,-0.1708860695362091,-0.5049117207527161,0.00958523340523243,x
5,0.009291085414588451,0.009859081916511058,8,-0.4999999999999999,-0.4899999999999999,59,-38.904842376708984,67.33428955078125,-0.3106031119823456,-0.4947178065776825,0.009593717753887177,x
5,0.009291085414588451,0.009859081916511058,9,-0.4899999999999999,-0.47999999999999987,51,-29.98818588256836,57.171382904052734,-0.345936119556427,-0.485192209482193,0.009559614583849907,x
5,0.009291085414588451,0.009859081916511058,10,-0.47999999999999987,-0.46999999999999986,45,-22.013057708740234,47.25321960449219,-0.37592700123786926,-0.4755576252937317,0.009536798112094402,x
5,0.009291085414588451,0.009859081916511058,11,-0.46999999999999986,-0.45999999999999985,36,-25.899023056030273,53.270389556884766,-0.3488043248653412,-0.4645434021949768,0.009597537107765675,x
5,0.009291085414588451,0.009859081916511058,12,-0.45999999999999985,-0.44999999999999984,56,-52.0145378112793,72.14661407470703,-0.22808225452899933,-0.4552876055240631,0.009621835313737392,x
5,0.009291085414588451,0.009859081916511058,13,-0.44999999999999984,-0.43999999999999984,57,-46.45476150512695,68.55718994140625,-0.2483847439289093,-0.4450337290763855,0.009588449262082577,x
5,0.009291085414588451,0.009859081916511058,14,-0.43999999999999984,-0.4299999999999998,53,-61.26266860961914,73.39241027832031,-0.17905354499816895,-0.434467613697052,0.009589621797204018,x
5,0.009291085414588451,0.009859081916511058,15,-0.4299999999999998,-0.4199999999999998,48,-71.46414184570312,68.51219177246094,-0.13345985114574432,-0.4250068664550781,0.009573611430823803,x
5,0.009291085414588451,0.009859081916511058,16,-0.4199999999999998,-0.4099999999999998,60,-87.83564758300781,64.3073959350586,-0.06655099242925644,-0.4151840806007385,0.009576383978128433,x
5,0.009291085414588451,0.009859081916511058,17,-0.4099999999999998,-0.3999999999999998,53,-74.9630126953125,83.08267974853516,-0.1134423241019249,-0.40489545464515686,0.009590077213943005,x
5,0.009291085414588451,0.009859081916511058,18,-0.3999999999999998,-0.3899999999999998,652,-82.13641357421875,70.13457489013672,-0.0842331126332283,-0.3931855857372284,0.009550202637910843,x
5,0.009291085414588451,0.009859081916511058,19,-0.3899999999999998,-0.3799999999999998,2346,-60.734642028808594,66.1147232055664,-0.1607506424188614,-0.38440144062042236,0.009582649916410446,x
5,0.009291085414588451,0.009859081916511058,20,-0.3799999999999998,-0.3699999999999998,7608,-61.63042068481445,66.76666259765625,-0.15421129763126373,-0.37533071637153625,0.009570070542395115,x
5,0.009291085414588451,0.009859081916511058,21,-0.3699999999999998,-0.35999999999999976,1438,-73.95140075683594,68.50244903564453,-0.10608383268117905,-0.3651506006717682,0.0095978369936347,x
5,0.009291085414588451,0.009859081916511058,22,-0.35999999999999976,-0.34999999999999976,1416,-88.24784851074219,73.26806640625,-0.055348142981529236,-0.35492563247680664,0.00956603605300188,x
5,0.009291085414588451,0.009859081916511058,23,-0.34999999999999976,-0.33999999999999975,1057,-89.81082916259766,80.40596008300781,-0.04848362132906914,-0.3450610041618347,0.009568619541823864,x
5,0.009291085414588451,0.009859081916511058,24,-0.33999999999999975,-0.32999999999999974,1156,-82.04130554199219,83.84818267822266,-0.07152580469846725,-0.33479294180870056,0.009586024098098278,x
5,0.009291085414588451,0.009859081916511058,25,-0.32999999999999974,-0.31999999999999973,1238,-82.74427795410156,85.97667694091797,-0.06769612431526184,-0.32505810260772705,0.009560038335621357,x
5,0.009291085414588451,0.009859081916511058,26,-0.31999999999999973,-0.3099999999999997,1171,-88.83032989501953,88.73804473876953,-0.046484898775815964,-0.3148883581161499,0.009575704112648964,x
5,0.009291085414588451,0.009859081916511058,27,-0.3099999999999997,-0.2999999999999997,1276,-90.16600036621094,89.09074401855469,-0.04116598144173622,-0.3049331307411194,0.009580098092556,x
5,0.009291085414588451,0.009859081916511058,28,-0.2999999999999997,-0.2899999999999997,1357,-91.81631469726562,92.0033950805664,-0.03603755310177803,-0.2950006425380707,0.009565846063196659,x
5,0.009291085414588451,0.009859081916511058,29,-0.2899999999999997,-0.2799999999999997,1346,-92.0837631225586,95.94181823730469,-0.03465241566300392,-0.2850275933742523,0.009560505859553814,x
5,0.009291085414588451,0.009859081916511058,30,-0.2799999999999997,-0.2699999999999997,1297,-89.23131561279297,102.09528350830078,-0.04117323458194733,-0.2750683128833771,0.009553286246955395,x
5,0.009291085414588451,0.009859081916511058,31,-0.2699999999999997,-0.2599999999999997,1296,-95.46853637695312,107.26598358154297,-0.02343086153268814,-0.26506882905960083,0.009552459232509136,x
5,0.009291085414588451,0.009859081916511058,32,-0.2599999999999997,-0.24999999999999967,1231,-98.4994125366211,107.7906494140625,-0.014950370416045189,-0.2550599277019501,0.00955859012901783,x
5,0.009291085414588451,0.009859081916511058,33,-0.24999999999999967,-0.23999999999999966,1219,-100.30503845214844,109.43466186523438,-0.010094013065099716,-0.24501574039459229,0.009565435349941254,x
5,0.009291085414588451,0.009859081916511058,34,-0.23999999999999966,-0.22999999999999965,1109,-97.50824737548828,112.70368957519531,-0.01622701808810234,-0.23509350419044495,0.009564151987433434,x
5,0.009291085414588451,0.009859081916511058,35,-0.22999999999999965,-0.21999999999999964,1087,-98.58055877685547,116.61958312988281,-0.013170530088245869,-0.22497540712356567,0.00956666748970747,x
5,0.009291085414588451,0.009859081916511058,36,-0.21999999999999964,-0.20999999999999963,1215,-95.94048309326172,122.18020629882812,-0.017941126599907875,-0.2149825543165207,0.009568758308887482,x
5,0.009291085414588451,0.009859081916511058,37,-0.20999999999999963,-0.19999999999999962,1260,-93.58116912841797,129.19476318359375,-0.022007856518030167,-0.20484180748462677,0.00955956056714058,x
5,0.009291085414588451,0.009859081916511058,38,-0.19999999999999962,-0.1899999999999996,1440,-98.2651596069336,138.2619171142578,-0.012304544448852539,-0.19488702714443207,0.00955280102789402,x
5,0.009291085414588451,0.009859081916511058,39,-0.1899999999999996,-0.1799999999999996,1485,-102.48320770263672,143.7913818359375,-0.0037631758023053408,-0.1848285049200058,0.00956137664616108,x
5,0.009291085414588451,0.009859081916511058,40,-0.1799999999999996,-0.1699999999999996,1463,-109.83087158203125,143.82000732421875,0.00874711386859417,-0.1750149130821228,0.009556174278259277,x
5,0.009291085414588451,0.009859081916511058,41,-0.1699999999999996,-0.1599999999999996,1507,-113.0271224975586,144.71173095703125,0.01318398118019104,-0.1649458110332489,0.00956322718411684,x
5,0.009291085414588451,0.009859081916511058,42,-0.1599999999999996,-0.14999999999999958,1420,-115.27043151855469,152.7286834716797,0.015600088983774185,-0.15501835942268372,0.009561389684677124,x
5,0.009291085414588451,0.009859081916511058,43,-0.14999999999999958,-0.13999999999999957,1331,-122.81814575195312,163.52481079101562,0.02537086419761181,-0.14508302509784698,0.00955391488969326,x
5,0.009291085414588451,0.009859081916511058,44,-0.13999999999999957,-0.12999999999999956,1251,-108.97032165527344,172.55514526367188,0.005976635962724686,-0.13506901264190674,0.00955984927713871,x
5,0.009291085414588451,0.009859081916511058,45,-0.12999999999999956,-0.11999999999999955,1294,-94.74212646484375,186.131591796875,-0.011181985028088093,-0.12500770390033722,0.00956667959690094,x
5,0.009291085414588451,0.009859081916511058,46,-0.11999999999999955,-0.10999999999999954,1283,-96.02136993408203,197.5231475830078,-0.009220845066010952,-0.11489236354827881,0.009562254883348942,x
5,0.009291085414588451,0.009859081916511058,47,-0.10999999999999954,-0.09999999999999953,1310,-112.02974700927734,216.89356994628906,0.007432717829942703,-0.1049351617693901,0.009556683711707592,x
5,0.009291085414588451,0.009859081916511058,48,-0.09999999999999953,-0.08999999999999952,1344,-121.38030242919922,243.57847595214844,0.01503371074795723,-0.09495139867067337,0.009559269063174725,x
5,0.009291085414588451,0.009859081916511058,49,-0.08999999999999952,-0.07999999999999952,1377,-126.05581665039062,283.08489990234375,0.016840897500514984,-0.08490419387817383,0.009562909603118896,x
5,0.009291085414588451,0.009859081916511058,50,-0.07999999999999952,-0.06999999999999951,1376,-153.05047607421875,314.720947265625,0.034294284880161285,-0.0749698206782341,0.009581562131643295,x
5,0.009291085414588451,0.009859081916511058,51,-0.06999999999999951,-0.0599999999999995,1232,-178.80039978027344,354.97015380859375,0.04567507281899452,-0.06498931348323822,0.00958709605038166,x
5,0.009291085414588451,0.009859081916511058,52,-0.0599999999999995,-0.04999999999999949,1235,-176.0699920654297,417.823486328125,0.03757024556398392,-0.05488494411110878,0.009575370699167252,x
5,0.009291085414588451,0.009859081916511058,53,-0.04999999999999949,-0.03999999999999948,1289,-172.82125854492188,525.5896606445312,0.029205869883298874,-0.04486431926488876,0.009569660760462284,x
5,0.009291085414588451,0.009859081916511058,54,-0.03999999999999948,-0.02999999999999947,1207,-159.0910186767578,660.6768798828125,0.017964426428079605,-0.03522111847996712,0.009563659317791462,x
5,0.009291085414588451,0.009859081916511058,55,-0.02999999999999947,-0.019999999999999463,1084,-142.2648162841797,940.8668823242188,0.008730198256671429,-0.024901697412133217,0.009557846933603287,x
5,0.009291085414588451,0.009859081916511058,56,-0.019999999999999463,-0.009999999999999454,1087,-19.39832305908203,1650.2386474609375,-0.010550551116466522,-0.014979942701756954,0.009551307186484337,x
5,0.009291085414588451,0.009859081916511058,57,-0.009999999999999454,5.551115123125783e-16,999,518.0331420898438,7228.18017578125,-0.023429349064826965,-0.005470891483128071,0.009558034129440784,x
5,0.009291085414588451,0.009859081916511058,58,5.551115123125783e-16,0.010000000000000564,1032,-825.1993408203125,6903.55712890625,-0.02518956921994686,0.005467559210956097,0.009559045545756817,x
5,0.009291085414588451,0.009859081916511058,59,0.010000000000000564,0.020000000000000573,1232,-134.1436767578125,1489.8155517578125,-0.002891847165301442,0.01502272393554449,0.00956044066697359,x
5,0.009291085414588451,0.009859081916511058,60,0.020000000000000573,0.030000000000000582,1208,-145.52212524414062,844.0219116210938,-0.008787930943071842,0.025010690093040466,0.009573295712471008,x
5,0.009291085414588451,0.009859081916511058,61,0.030000000000000582,0.04000000000000059,1194,-138.52513122558594,615.4005126953125,-0.011031108908355236,0.035041145980358124,0.009574421681463718,x
5,0.009291085414588451,0.009859081916511058,62,0.04000000000000059,0.0500000000000006,1194,-125.9726791381836,486.68560791015625,-0.009294768795371056,0.04485864192247391,0.009570476599037647,x
5,0.009291085414588451,0.009859081916511058,63,0.0500000000000006,0.06000000000000061,1134,-128.3094940185547,399.9815368652344,-0.01271604560315609,0.05490901321172714,0.0095722870901227,x
5,0.009291085414588451,0.009859081916511058,64,0.06000000000000061,0.07000000000000062,1142,-122.46527099609375,339.82574462890625,-0.011835720390081406,0.06508949398994446,0.009583591483533382,x
5,0.009291085414588451,0.009859081916511058,65,0.07000000000000062,0.08000000000000063,1136,-122.2586898803711,301.69122314453125,-0.013033845461905003,0.07509610056877136,0.00958045944571495,x
5,0.009291085414588451,0.009859081916511058,66,0.08000000000000063,0.09000000000000064,1157,-100.66534423828125,274.4263610839844,0.003507934743538499,0.08501038700342178,0.009585053659975529,x
5,0.009291085414588451,0.009859081916511058,67,0.09000000000000064,0.10000000000000064,1245,-89.33871459960938,250.59780883789062,0.014108046889305115,0.09503776580095291,0.009579113684594631,x
5,0.009291085414588451,0.009859081916511058,68,0.10000000000000064,0.11000000000000065,1255,-88.95407104492188,227.9606475830078,0.015786107629537582,0.10499434173107147,0.009569687768816948,x
5,0.009291085414588451,0.009859081916511058,69,0.11000000000000065,0.12000000000000066,1372,-87.36521911621094,203.89915466308594,0.018944451585412025,0.11502587050199509,0.009575453586876392,x
5,0.009291085414588451,0.009859081916511058,70,0.12000000000000066,0.13000000000000067,1506,-94.3869400024414,185.24557495117188,0.011968348175287247,0.1250886768102646,0.009585310705006123,x
5,0.009291085414588451,0.009859081916511058,71,0.13000000000000067,0.14000000000000068,1477,-95.82980346679688,176.230224609375,0.011052814312279224,0.13503716886043549,0.009587597101926804,x
5,0.009291085414588451,0.009859081916511058,72,0.14000000000000068,0.1500000000000007,1437,-83.10181427001953,167.77993774414062,0.029866153374314308,0.14496652781963348,0.009589343331754208,x
5,0.009291085414588451,0.009859081916511058,73,0.1500000000000007,0.1600000000000007,1370,-84.29440307617188,157.5660400390625,0.030082479119300842,0.15500010550022125,0.00957980565726757,x
5,0.009291085414588451,0.009859081916511058,74,0.1600000000000007,0.1700000000000007,1382,-85.34745025634766,149.059814453125,0.03068258799612522,0.1649904102087021,0.009564237669110298,x
5,0.009291085414588451,0.009859081916511058,75,0.1700000000000007,0.18000000000000071,1365,-87.84185791015625,140.25225830078125,0.02779507264494896,0.1750265657901764,0.00955069437623024,x
5,0.009291085414588451,0.009859081916511058,76,0.18000000000000071,0.19000000000000072,1364,-95.62376403808594,130.48855590820312,0.015398385934531689,0.18497757613658905,0.009557439014315605,x
5,0.009291085414588451,0.009859081916511058,77,0.19000000000000072,0.20000000000000073,1357,-89.62472534179688,123.11750030517578,0.027373744174838066,0.19500170648097992,0.00956796109676361,x
5,0.009291085414588451,0.009859081916511058,78,0.20000000000000073,0.21000000000000074,1422,-81.49400329589844,116.84300231933594,0.04449690878391266,0.20506954193115234,0.009575221687555313,x
5,0.009291085414588451,0.009859081916511058,79,0.21000000000000074,0.22000000000000075,1573,-80.04326629638672,112.6197509765625,0.04996013641357422,0.21497322618961334,0.00957397185266018,x
5,0.009291085414588451,0.009859081916511058,80,0.22000000000000075,0.23000000000000076,1561,-78.52362823486328,105.31688690185547,0.05594697222113609,0.22495020925998688,0.009571059606969357,x
5,0.009291085414588451,0.009859081916511058,81,0.23000000000000076,0.24000000000000077,1489,-76.99673461914062,101.44021606445312,0.062049295753240585,0.23494260013103485,0.009577615186572075,x
5,0.009291085414588451,0.009859081916511058,82,0.24000000000000077,0.2500000000000008,1580,-74.11293029785156,98.643798828125,0.07138592004776001,0.24502235651016235,0.00957395602017641,x
5,0.009291085414588451,0.009859081916511058,83,0.2500000000000008,0.2600000000000008,1568,-71.79779815673828,94.31509399414062,0.07991397380828857,0.2550566494464874,0.0095751341432333,x
5,0.009291085414588451,0.009859081916511058,84,0.2600000000000008,0.2700000000000008,1559,-70.50885772705078,89.65391540527344,0.08645743131637573,0.26493337750434875,0.009580418467521667,x
5,0.009291085414588451,0.009859081916511058,85,0.2700000000000008,0.2800000000000008,1466,-64.53704071044922,84.22505950927734,0.10524873435497284,0.2750125825405121,0.00958248320966959,x
5,0.009291085414588451,0.009859081916511058,86,0.2800000000000008,0.2900000000000008,1445,-64.14757537841797,83.91065216064453,0.11019555479288101,0.28494593501091003,0.009565907530486584,x
5,0.009291085414588451,0.009859081916511058,87,0.2900000000000008,0.3000000000000008,1462,-67.81978607177734,81.39273071289062,0.10413855314254761,0.29496556520462036,0.0095476433634758,x
5,0.009291085414588451,0.009859081916511058,88,0.3000000000000008,0.31000000000000083,1445,-79.96040344238281,84.60152435302734,0.07183367758989334,0.3049743175506592,0.009563622996211052,x
5,0.009291085414588451,0.009859081916511058,89,0.31000000000000083,0.32000000000000084,1339,-86.22783660888672,88.53096008300781,0.05513067543506622,0.31500157713890076,0.009571868926286697,x
5,0.009291085414588451,0.009859081916511058,90,0.32000000000000084,0.33000000000000085,1265,-90.39190673828125,87.62447357177734,0.044152598828077316,0.3250138461589813,0.009562306106090546,x
5,0.009291085414588451,0.009859081916511058,91,0.33000000000000085,0.34000000000000086,1213,-92.16539764404297,87.44654846191406,0.03888646513223648,0.3348131775856018,0.009584423154592514,x
5,0.009291085414588451,0.009859081916511058,92,0.34000000000000086,0.35000000000000087,1127,-97.93390655517578,83.18531036376953,0.021735982969403267,0.3449786305427551,0.009568422101438046,x
5,0.009291085414588451,0.009859081916511058,93,0.35000000000000087,0.3600000000000009,1093,-89.56849670410156,83.92941284179688,0.050354618579149246,0.3550015985965729,0.009580308571457863,x
5,0.009291085414588451,0.009859081916511058,94,0.3600000000000009,0.3700000000000009,1757,-74.53345489501953,76.80365753173828,0.1048169657588005,0.366233229637146,0.009571059606969357,x
5,0.009291085414588451,0.009859081916511058,95,0.3700000000000009,0.3800000000000009,10389,-52.916439056396484,64.3302230834961,0.18443812429904938,0.37411317229270935,0.0095756771042943,x
5,0.009291085414588451,0.009859081916511058,96,0.3800000000000009,0.3900000000000009,3190,-57.787349700927734,70.18925476074219,0.17192402482032776,0.3843429982662201,0.009568314999341965,x
5,0.009291085414588451,0.009859081916511058,97,0.3900000000000009,0.4000000000000009,835,-58.45738220214844,73.49864196777344,0.1736026108264923,0.39226505160331726,0.009573303163051605,x
5,0.009291085414588451,0.009859081916511058,98,0.4000000000000009,0.4100000000000009,42,-140.606201171875,71.45576477050781,-0.14003583788871765,0.4048675000667572,0.009582076221704483,x
5,0.009291085414588451,0.009859081916511058,99,0.4100000000000009,0.42000000000000093,45,-113.55736541748047,81.15064239501953,-0.03448154777288437,0.41470497846603394,0.009547118097543716,x
5,0.009291085414588451,0.009859081916511058,100,0.42000000000000093,0.43000000000000094,43,-126.48109436035156,76.18724060058594,-0.08785378932952881,0.4249376654624939,0.009556817822158337,x
5,0.009291085414588451,0.009859081916511058,101,0.43000000000000094,0.44000000000000095,37,-99.2047348022461,80.30609893798828,0.019923599436879158,0.4350792169570923,0.009590544737875462,x
5,0.009291085414588451,0.009859081916511058,102,0.44000000000000095,0.45000000000000095,32,-40.00995635986328,56.747406005859375,0.27441105246543884,0.4446415901184082,0.009552735835313797,x
5,0.009291085414588451,0.009859081916511058,103,0.45000000000000095,0.46000000000000096,25,-39.07722473144531,65.26239013671875,0.2846059799194336,0.45469778776168823,0.009520438499748707,x
5,0.009291085414588451,0.009859081916511058,104,0.46000000000000096,0.470000000000001,24,-63.21579360961914,79.64521026611328,0.18274958431720734,0.46481284499168396,0.009543274529278278,x
5,0.009291085414588451,0.009859081916511058,105,0.470000000000001,0.480000000000001,27,-7.964465141296387,14.549511909484863,0.439213365316391,0.4752841889858246,0.009462171234190464,x
5,0.009291085414588451,0.009859081916511058,106,0.480000000000001,0.490000000000001,32,-5.964964866638184,13.537283897399902,0.4573245644569397,0.485086053609848,0.009452209807932377,x
5,0.009291085414588451,0.009859081916511058,107,0.490000000000001,0.500000000000001,28,-4.62212610244751,11.992874145507812,0.4725203514099121,0.4948104918003082,0.009565307758748531,x
5,0.009291085414588451,0.009859081916511058,108,0.500000000000001,0.510000000000001,16,-2.3820300102233887,9.70345401763916,0.4921754002571106,0.5039792656898499,0.009621350094676018,x
5,0.009291085414588451,0.009859081916511058,109,0.510000000000001,0.520000000000001,6,-8.758111953735352,13.639128684997559,0.46814146637916565,0.5122600197792053,0.00975878071039915,x
6,0.009859081916511058,0.01049845926463604,5,-0.5299999999999999,-0.5199999999999999,21,-53.71593475341797,42.95549011230469,-0.2355751246213913,-0.5242120027542114,0.010273857042193413,x
6,0.009859081916511058,0.01049845926463604,6,-0.5199999999999999,-0.5099999999999999,43,-60.3344612121582,69.47284698486328,-0.19863168895244598,-0.5153821706771851,0.01017482578754425,x
6,0.009859081916511058,0.01049845926463604,7,-0.5099999999999999,-0.4999999999999999,47,-43.61711120605469,68.15528106689453,-0.28103727102279663,-0.5047816634178162,0.010187407955527306,x
6,0.009859081916511058,0.01049845926463604,8,-0.4999999999999999,-0.4899999999999999,38,-39.81037521362305,64.71076965332031,-0.29528337717056274,-0.4950043559074402,0.010187829844653606,x
6,0.009859081916511058,0.01049845926463604,9,-0.4899999999999999,-0.47999999999999987,45,-23.36103057861328,48.99399948120117,-0.3689904808998108,-0.48491019010543823,0.010194052942097187,x
6,0.009859081916511058,0.01049845926463604,10,-0.47999999999999987,-0.46999999999999986,53,-38.70046615600586,62.50589370727539,-0.2879312336444855,-0.4744739830493927,0.010141469538211823,x
6,0.009859081916511058,0.01049845926463604,11,-0.46999999999999986,-0.45999999999999985,52,-51.61274719238281,71.29609680175781,-0.22155894339084625,-0.4648001492023468,0.010124508291482925,x
6,0.009859081916511058,0.01049845926463604,12,-0.45999999999999985,-0.44999999999999984,46,-46.7725715637207,66.07461547851562,-0.2399647980928421,-0.45523178577423096,0.010125771164894104,x
6,0.009859081916511058,0.01049845926463604,13,-0.44999999999999984,-0.43999999999999984,65,-66.46993255615234,68.78466033935547,-0.14382240176200867,-0.4445485472679138,0.010162128135561943,x
6,0.009859081916511058,0.01049845926463604,14,-0.43999999999999984,-0.4299999999999998,66,-60.34743118286133,67.280517578125,-0.16824857890605927,-0.4350198209285736,0.010170487686991692,x
6,0.009859081916511058,0.01049845926463604,15,-0.4299999999999998,-0.4199999999999998,81,-49.43798065185547,62.720767974853516,-0.21074989438056946,-0.42464083433151245,0.010216264054179192,x
6,0.009859081916511058,0.01049845926463604,16,-0.4199999999999998,-0.4099999999999998,71,-48.784820556640625,60.51494598388672,-0.20957422256469727,-0.41528037190437317,0.010180320590734482,x
6,0.009859081916511058,0.01049845926463604,17,-0.4099999999999998,-0.3999999999999998,65,-57.43210983276367,55.96000289916992,-0.16663223505020142,-0.4049759805202484,0.010219257324934006,x
6,0.009859081916511058,0.01049845926463604,18,-0.3999999999999998,-0.3899999999999998,587,-70.40127563476562,64.01848602294922,-0.11138158291578293,-0.39317604899406433,0.010180594399571419,x
6,0.009859081916511058,0.01049845926463604,19,-0.3899999999999998,-0.3799999999999998,2593,-68.5150375366211,63.50092697143555,-0.11627513915300369,-0.3842080533504486,0.010180073790252209,x
6,0.009859081916511058,0.01049845926463604,20,-0.3799999999999998,-0.3699999999999998,8137,-58.48945999145508,65.74781036376953,-0.15195325016975403,-0.37525004148483276,0.010171780362725258,x
6,0.009859081916511058,0.01049845926463604,21,-0.3699999999999998,-0.35999999999999976,1710,-70.37652587890625,67.52169799804688,-0.1039489284157753,-0.3653089106082916,0.01017771940678358,x
6,0.009859081916511058,0.01049845926463604,22,-0.35999999999999976,-0.34999999999999976,1374,-74.82270050048828,76.08633422851562,-0.08547523617744446,-0.3553685247898102,0.010168702341616154,x
6,0.009859081916511058,0.01049845926463604,23,-0.34999999999999976,-0.33999999999999975,1121,-72.02877807617188,74.53133392333984,-0.0923098772764206,-0.3449801206588745,0.01017045509070158,x
6,0.009859081916511058,0.01049845926463604,24,-0.33999999999999975,-0.32999999999999974,1243,-86.23079681396484,79.89886474609375,-0.04152367636561394,-0.3350037932395935,0.010170046240091324,x
6,0.009859081916511058,0.01049845926463604,25,-0.32999999999999974,-0.31999999999999973,1266,-88.59309387207031,82.45909881591797,-0.03216509148478508,-0.324973464012146,0.010180083103477955,x
6,0.009859081916511058,0.01049845926463604,26,-0.31999999999999973,-0.3099999999999997,1211,-80.61860656738281,83.90691375732422,-0.05752209573984146,-0.3150574266910553,0.010180863551795483,x
6,0.009859081916511058,0.01049845926463604,27,-0.3099999999999997,-0.2999999999999997,1094,-72.45405578613281,85.61072540283203,-0.08041910082101822,-0.30501818656921387,0.010192520916461945,x
6,0.009859081916511058,0.01049845926463604,28,-0.2999999999999997,-0.2899999999999997,1073,-75.48188018798828,88.2323226928711,-0.06832508742809296,-0.2950347363948822,0.0101876026019454,x
6,0.009859081916511058,0.01049845926463604,29,-0.2899999999999997,-0.2799999999999997,1126,-81.04586029052734,91.67098999023438,-0.0494709238409996,-0.2849119007587433,0.010186496190726757,x
6,0.009859081916511058,0.01049845926463604,30,-0.2799999999999997,-0.2699999999999997,1140,-78.05887603759766,91.28072357177734,-0.05724208056926727,-0.2750542163848877,0.010168241336941719,x
6,0.009859081916511058,0.01049845926463604,31,-0.2699999999999997,-0.2599999999999997,1080,-73.82199096679688,88.47309112548828,-0.0665186420083046,-0.2650411128997803,0.010164860635995865,x
6,0.009859081916511058,0.01049845926463604,32,-0.2599999999999997,-0.24999999999999967,1037,-70.79029083251953,89.6307144165039,-0.07194306701421738,-0.2550506889820099,0.010168436914682388,x
6,0.009859081916511058,0.01049845926463604,33,-0.24999999999999967,-0.23999999999999966,1079,-68.95128631591797,91.9991683959961,-0.07372315973043442,-0.24509623646736145,0.010169141925871372,x
6,0.009859081916511058,0.01049845926463604,34,-0.23999999999999966,-0.22999999999999965,1088,-67.821533203125,95.48298645019531,-0.07296013832092285,-0.23494058847427368,0.010169989429414272,x
6,0.009859081916511058,0.01049845926463604,35,-0.22999999999999965,-0.21999999999999964,1097,-57.192649841308594,96.50782012939453,-0.09417698532342911,-0.22499483823776245,0.010171034373342991,x
6,0.009859081916511058,0.01049845926463604,36,-0.21999999999999964,-0.20999999999999963,1114,-45.7765998840332,96.0697250366211,-0.1146397665143013,-0.21500135958194733,0.010190345346927643,x
6,0.009859081916511058,0.01049845926463604,37,-0.20999999999999963,-0.19999999999999962,1107,-44.10668182373047,103.6374282836914,-0.11284796893596649,-0.20508648455142975,0.010187787935137749,x
6,0.009859081916511058,0.01049845926463604,38,-0.19999999999999962,-0.1899999999999996,1085,-42.79730224609375,106.90663146972656,-0.11004538834095001,-0.19499891996383667,0.010189485736191273,x
6,0.009859081916511058,0.01049845926463604,39,-0.1899999999999996,-0.1799999999999996,1038,-42.69736099243164,114.7762222290039,-0.10461673140525818,-0.18504180014133453,0.010200630873441696,x
6,0.009859081916511058,0.01049845926463604,40,-0.1799999999999996,-0.1699999999999996,1033,-43.28411865234375,124.35038757324219,-0.09822241961956024,-0.1750364750623703,0.01019161008298397,x
6,0.009859081916511058,0.01049845926463604,41,-0.1699999999999996,-0.1599999999999996,952,-53.53695297241211,136.08786010742188,-0.07573937624692917,-0.16501696407794952,0.0101836659014225,x
6,0.009859081916511058,0.01049845926463604,42,-0.1599999999999996,-0.14999999999999958,933,-53.737091064453125,136.24549865722656,-0.07048460841178894,-0.1549454927444458,0.010171767324209213,x
6,0.009859081916511058,0.01049845926463604,43,-0.14999999999999958,-0.13999999999999957,979,-51.89321517944336,141.47276306152344,-0.06888344138860703,-0.14499400556087494,0.01017793733626604,x
6,0.009859081916511058,0.01049845926463604,44,-0.13999999999999957,-0.12999999999999956,971,-75.21855163574219,166.3869171142578,-0.03234917297959328,-0.1351412683725357,0.010168980807065964,x
6,0.009859081916511058,0.01049845926463604,45,-0.12999999999999956,-0.11999999999999955,925,-89.5577392578125,183.3070068359375,-0.012014872394502163,-0.12490102648735046,0.01014044601470232,x
6,0.009859081916511058,0.01049845926463604,46,-0.11999999999999955,-0.10999999999999954,1005,-100.27994537353516,200.3013916015625,0.0016137213679030538,-0.11498598009347916,0.010138516314327717,x
6,0.009859081916511058,0.01049845926463604,47,-0.10999999999999954,-0.09999999999999953,1164,-115.9059829711914,215.4049835205078,0.01824399083852768,-0.10485387593507767,0.010147936642169952,x
6,0.009859081916511058,0.01049845926463604,48,-0.09999999999999953,-0.08999999999999952,1280,-122.5121841430664,237.543701171875,0.022929683327674866,-0.09490318596363068,0.01014381181448698,x
6,0.009859081916511058,0.01049845926463604,49,-0.08999999999999952,-0.07999999999999952,1405,-128.8469696044922,268.0286560058594,0.02642805129289627,-0.08496758341789246,0.010157168842852116,x
6,0.009859081916511058,0.01049845926463604,50,-0.07999999999999952,-0.06999999999999951,1298,-134.69053649902344,297.7607727050781,0.027732808142900467,-0.07514672726392746,0.010157959535717964,x
6,0.009859081916511058,0.01049845926463604,51,-0.06999999999999951,-0.0599999999999995,1330,-187.31336975097656,351.5422058105469,0.05869762599468231,-0.06498339772224426,0.010152634233236313,x
6,0.009859081916511058,0.01049845926463604,52,-0.0599999999999995,-0.04999999999999949,1319,-184.5018310546875,419.3397216796875,0.049030233174562454,-0.05488535389304161,0.01016115490347147,x
6,0.009859081916511058,0.01049845926463604,53,-0.04999999999999949,-0.03999999999999948,1522,-212.6909942626953,517.6914672851562,0.05234280601143837,-0.04491875693202019,0.010161328129470348,x
6,0.009859081916511058,0.01049845926463604,54,-0.03999999999999948,-0.02999999999999947,1579,-250.2132110595703,669.3387451171875,0.054680585861206055,-0.0350303053855896,0.010175532661378384,x
6,0.009859081916511058,0.01049845926463604,55,-0.02999999999999947,-0.019999999999999463,1472,-311.45672607421875,940.6630249023438,0.05444173887372017,-0.02505710907280445,0.010192605666816235,x
6,0.009859081916511058,0.01049845926463604,56,-0.019999999999999463,-0.009999999999999454,1342,-301.1126708984375,1640.0167236328125,0.031305767595767975,-0.01505200657993555,0.010192983783781528,x
6,0.009859081916511058,0.01049845926463604,57,-0.009999999999999454,5.551115123125783e-16,1158,-412.2334899902344,7520.4033203125,0.021527400240302086,-0.005527501460164785,0.01018996350467205,x
6,0.009859081916511058,0.01049845926463604,58,5.551115123125783e-16,0.010000000000000564,1216,446.46881103515625,7124.61767578125,0.018011663109064102,0.005547618959099054,0.010196163319051266,x
6,0.009859081916511058,0.01049845926463604,59,0.010000000000000564,0.020000000000000573,1428,-87.56832885742188,1733.734130859375,0.0020254573319107294,0.01503230631351471,0.010194912552833557,x
6,0.009859081916511058,0.01049845926463604,60,0.020000000000000573,0.030000000000000582,1449,-70.36505889892578,1004.7169799804688,0.007001327816396952,0.025071337819099426,0.01018927525728941,x
6,0.009859081916511058,0.01049845926463604,61,0.030000000000000582,0.04000000000000059,1441,-62.32855987548828,708.6165161132812,0.012963715009391308,0.034890346229076385,0.010183324106037617,x
6,0.009859081916511058,0.01049845926463604,62,0.04000000000000059,0.0500000000000006,1454,-76.48224639892578,548.9010009765625,0.009352336637675762,0.04500463232398033,0.01017583068460226,x
6,0.009859081916511058,0.01049845926463604,63,0.0500000000000006,0.06000000000000061,1538,-78.82540893554688,442.5419006347656,0.010595914907753468,0.055008627474308014,0.010177052579820156,x
6,0.009859081916511058,0.01049845926463604,64,0.06000000000000061,0.07000000000000062,1505,-66.78911590576172,374.48553466796875,0.02094179019331932,0.06500498950481415,0.010177369229495525,x
6,0.009859081916511058,0.01049845926463604,65,0.07000000000000062,0.08000000000000063,1518,-59.443172454833984,317.1470642089844,0.029458167031407356,0.0749855786561966,0.010190405882894993,x
6,0.009859081916511058,0.01049845926463604,66,0.08000000000000063,0.09000000000000064,1537,-64.3187255859375,275.2337646484375,0.029458168894052505,0.08497267216444016,0.010176144540309906,x
6,0.009859081916511058,0.01049845926463604,67,0.09000000000000064,0.10000000000000064,1479,-78.40473175048828,249.75704956054688,0.019307836890220642,0.0949728712439537,0.010168753564357758,x
6,0.009859081916511058,0.01049845926463604,68,0.10000000000000064,0.11000000000000065,1477,-87.66156005859375,229.3548126220703,0.011323746293783188,0.10500110685825348,0.010172354057431221,x
6,0.009859081916511058,0.01049845926463604,69,0.11000000000000065,0.12000000000000066,1342,-84.45249938964844,213.4442138671875,0.016205428168177605,0.11495262384414673,0.010165022686123848,x
6,0.009859081916511058,0.01049845926463604,70,0.12000000000000066,0.13000000000000067,1263,-75.25006866455078,195.86228942871094,0.02911883406341076,0.12487111240625381,0.010164338164031506,x
6,0.009859081916511058,0.01049845926463604,71,0.13000000000000067,0.14000000000000068,1277,-73.8292236328125,176.21832275390625,0.03371050953865051,0.13496392965316772,0.010156659409403801,x
6,0.009859081916511058,0.01049845926463604,72,0.14000000000000068,0.1500000000000007,1322,-76.47508239746094,161.18031311035156,0.032332610338926315,0.1450238674879074,0.010157935321331024,x
6,0.009859081916511058,0.01049845926463604,73,0.1500000000000007,0.1600000000000007,1403,-76.50350952148438,150.97727966308594,0.03450196981430054,0.15496192872524261,0.010153977200388908,x
6,0.009859081916511058,0.01049845926463604,74,0.1600000000000007,0.1700000000000007,1390,-80.04354858398438,146.0338897705078,0.03057737648487091,0.1649862825870514,0.010162477381527424,x
6,0.009859081916511058,0.01049845926463604,75,0.1700000000000007,0.18000000000000071,1410,-79.20970153808594,136.8832550048828,0.03375076875090599,0.17494454979896545,0.010174023918807507,x
6,0.009859081916511058,0.01049845926463604,76,0.18000000000000071,0.19000000000000072,1409,-77.39312744140625,127.29454803466797,0.03898453339934349,0.1848887801170349,0.010174271650612354,x
6,0.009859081916511058,0.01049845926463604,77,0.19000000000000072,0.20000000000000073,1352,-76.5161361694336,117.73328399658203,0.043409399688243866,0.19500698149204254,0.010170123539865017,x
6,0.009859081916511058,0.01049845926463604,78,0.20000000000000073,0.21000000000000074,1326,-73.86112976074219,110.90006256103516,0.050861284136772156,0.20496255159378052,0.010178524069488049,x
6,0.009859081916511058,0.01049845926463604,79,0.21000000000000074,0.22000000000000075,1337,-76.55923461914062,105.16511535644531,0.04733744263648987,0.2149573266506195,0.010182023979723454,x
6,0.009859081916511058,0.01049845926463604,80,0.22000000000000075,0.23000000000000076,1328,-79.54783630371094,101.35148620605469,0.04299680143594742,0.2249819040298462,0.010171580128371716,x
6,0.009859081916511058,0.01049845926463604,81,0.23000000000000076,0.24000000000000077,1363,-82.31855010986328,99.85713195800781,0.03857026249170303,0.23500601947307587,0.010166103951632977,x
6,0.009859081916511058,0.01049845926463604,82,0.24000000000000077,0.2500000000000008,1327,-81.25654602050781,98.58612060546875,0.042749203741550446,0.24500523507595062,0.010168880224227905,x
6,0.009859081916511058,0.01049845926463604,83,0.2500000000000008,0.2600000000000008,1310,-81.17645263671875,97.00504302978516,0.044883210211992264,0.2550522983074188,0.010164495557546616,x
6,0.009859081916511058,0.01049845926463604,84,0.2600000000000008,0.2700000000000008,1378,-79.41722869873047,92.66685485839844,0.05100490525364876,0.2650013864040375,0.010172804817557335,x
6,0.009859081916511058,0.01049845926463604,85,0.2700000000000008,0.2800000000000008,1344,-83.57568359375,88.91783905029297,0.04139474406838417,0.27499184012413025,0.010161304846405983,x
6,0.009859081916511058,0.01049845926463604,86,0.2800000000000008,0.2900000000000008,1404,-86.10604858398438,86.23145294189453,0.0352114662528038,0.2851642370223999,0.010161311365664005,x
6,0.009859081916511058,0.01049845926463604,87,0.2900000000000008,0.3000000000000008,1507,-82.58406066894531,83.72993469238281,0.046657487750053406,0.2950988709926605,0.010182656347751617,x
6,0.009859081916511058,0.01049845926463604,88,0.3000000000000008,0.31000000000000083,1456,-85.02494049072266,81.92427062988281,0.0408533550798893,0.3050256669521332,0.010179519653320312,x
6,0.009859081916511058,0.01049845926463604,89,0.31000000000000083,0.32000000000000084,1492,-89.87899780273438,80.18085479736328,0.026849133893847466,0.31501176953315735,0.010175920091569424,x
6,0.009859081916511058,0.01049845926463604,90,0.32000000000000084,0.33000000000000085,1362,-85.08169555664062,78.18193817138672,0.04407264292240143,0.3248608708381653,0.01016649417579174,x
6,0.009859081916511058,0.01049845926463604,91,0.33000000000000085,0.34000000000000086,1180,-87.62522888183594,80.63072204589844,0.036750826984643936,0.33489611744880676,0.01017808262258768,x
6,0.009859081916511058,0.01049845926463604,92,0.34000000000000086,0.35000000000000087,1184,-86.85426330566406,79.85919189453125,0.040025439113378525,0.3450930714607239,0.010174709372222424,x
6,0.009859081916511058,0.01049845926463604,93,0.35000000000000087,0.3600000000000009,1227,-87.25528717041016,78.70756530761719,0.03995377570390701,0.3551212251186371,0.010181770659983158,x
6,0.009859081916511058,0.01049845926463604,94,0.3600000000000009,0.3700000000000009,1999,-72.21928405761719,72.46515655517578,0.09668254852294922,0.3659385144710541,0.010179169476032257,x
6,0.009859081916511058,0.01049845926463604,95,0.3700000000000009,0.3800000000000009,10886,-52.85235595703125,62.42861557006836,0.17308790981769562,0.3740502595901489,0.010173620656132698,x
6,0.009859081916511058,0.01049845926463604,96,0.3800000000000009,0.3900000000000009,3159,-41.08810043334961,66.23543548583984,0.22472812235355377,0.38422325253486633,0.01015970017760992,x
6,0.009859081916511058,0.01049845926463604,97,0.3900000000000009,0.4000000000000009,1003,-22.986217498779297,51.2309455871582,0.3013571798801422,0.39261141419410706,0.010216031223535538,x
6,0.009859081916511058,0.01049845926463604,98,0.4000000000000009,0.4100000000000009,48,-122.1839599609375,74.23928833007812,-0.10183192044496536,0.4044536054134369,0.010239421389997005,x
6,0.009859081916511058,0.01049845926463604,99,0.4100000000000009,0.42000000000000093,35,-135.31427001953125,68.6601791381836,-0.1552080661058426,0.4144653379917145,0.010171310976147652,x
6,0.009859081916511058,0.01049845926463604,100,0.42000000000000093,0.43000000000000094,43,-90.38391876220703,72.92525482177734,0.035336483269929886,0.4249681532382965,0.010179500095546246,x
6,0.009859081916511058,0.01049845926463604,101,0.43000000000000094,0.44000000000000095,53,-97.51001739501953,71.17837524414062,0.003934354055672884,0.4345208406448364,0.010184849612414837,x
6,0.009859081916511058,0.01049845926463604,102,0.44000000000000095,0.45000000000000095,60,-90.47884368896484,72.8483657836914,0.03472115099430084,0.44473305344581604,0.010169579647481441,x
6,0.009859081916511058,0.01049845926463604,103,0.45000000000000095,0.46000000000000096,52,-43.83345031738281,48.99736022949219,0.2508147954940796,0.4552459120750427,0.010212109424173832,x
6,0.009859081916511058,0.01049845926463604,104,0.46000000000000096,0.470000000000001,42,-29.324724197387695,42.97629928588867,0.3244451880455017,0.4646742641925812,0.010248877108097076,x
6,0.009859081916511058,0.01049845926463604,105,0.470000000000001,0.480000000000001,39,-20.959623336791992,27.027263641357422,0.3720135986804962,0.47457778453826904,0.010305812582373619,x
6,0.009859081916511058,0.01049845926463604,106,0.480000000000001,0.490000000000001,31,-23.074039459228516,7.756584167480469,0.37080439925193787,0.48557248711586,0.01024254597723484,x
6,0.009859081916511058,0.01049845926463604,107,0.490000000000001,0.500000000000001,34,-22.770498275756836,9.463336944580078,0.3803928792476654,0.4957443177700043,0.010217049159109592,x
6,0.009859081916511058,0.01049845926463604,108,0.500000000000001,0.510000000000001,30,-16.56846809387207,13.871210098266602,0.4198128879070282,0.504618227481842,0.010132385417819023,x
6,0.009859081916511058,0.01049845926463604,109,0.510000000000001,0.520000000000001,34,-14.851044654846191,14.761570930480957,0.4377534091472626,0.5147774815559387,0.010104895569384098,x
6,0.009859081916511058,0.01049845926463604,110,0.520000000000001,0.530000000000001,23,-15.563591003417969,15.2334566116333,0.4410414397716522,0.5246388912200928,0.010258162394165993,x
7,0.01049845926463604,0.011297636479139329,4,-0.5399999999999999,-0.5299999999999999,9,-47.04534912109375,57.42325973510742,-0.25453996658325195,-0.5316175222396851,0.011050143279135227,x
7,0.01049845926463604,0.011297636479139329,5,-0.5299999999999999,-0.5199999999999999,39,-57.73481369018555,69.77166748046875,-0.19618470966815948,-0.5251045823097229,0.010850704275071621,x
7,0.01049845926463604,0.011297636479139329,6,-0.5199999999999999,-0.5099999999999999,43,-49.37678146362305,67.19603729248047,-0.23955118656158447,-0.5152196884155273,0.010905255563557148,x
7,0.01049845926463604,0.011297636479139329,7,-0.5099999999999999,-0.4999999999999999,47,-21.321531295776367,46.069522857666016,-0.3884800374507904,-0.5049664378166199,0.010866842232644558,x
7,0.01049845926463604,0.011297636479139329,8,-0.4999999999999999,-0.4899999999999999,45,-29.594032287597656,53.460121154785156,-0.3336009681224823,-0.4948631823062897,0.010884633287787437,x
7,0.01049845926463604,0.011297636479139329,9,-0.4899999999999999,-0.47999999999999987,56,-51.606746673583984,61.997161865234375,-0.20975925028324127,-0.48386579751968384,0.010965500958263874,x
7,0.01049845926463604,0.011297636479139329,10,-0.47999999999999987,-0.46999999999999986,79,-56.11820602416992,55.789337158203125,-0.18466061353683472,-0.4747752547264099,0.010929231531918049,x
7,0.01049845926463604,0.011297636479139329,11,-0.46999999999999986,-0.45999999999999985,87,-58.51597213745117,54.311920166015625,-0.1700744777917862,-0.4648050367832184,0.010856292210519314,x
7,0.01049845926463604,0.011297636479139329,12,-0.45999999999999985,-0.44999999999999984,102,-59.69773864746094,56.22701644897461,-0.16042256355285645,-0.45479056239128113,0.010894235223531723,x
7,0.01049845926463604,0.011297636479139329,13,-0.44999999999999984,-0.43999999999999984,109,-48.30321502685547,52.877464294433594,-0.21092206239700317,-0.4451703131198883,0.010926459915935993,x
7,0.01049845926463604,0.011297636479139329,14,-0.43999999999999984,-0.4299999999999998,109,-42.98153305053711,48.871707916259766,-0.2320767194032669,-0.43515336513519287,0.010860259644687176,x
7,0.01049845926463604,0.011297636479139329,15,-0.4299999999999998,-0.4199999999999998,91,-45.58077621459961,51.493812561035156,-0.214447483420372,-0.42544370889663696,0.010899928398430347,x
7,0.01049845926463604,0.011297636479139329,16,-0.4199999999999998,-0.4099999999999998,102,-51.79875946044922,54.37897872924805,-0.17968355119228363,-0.4149795472621918,0.01092635840177536,x
7,0.01049845926463604,0.011297636479139329,17,-0.4099999999999998,-0.3999999999999998,116,-49.902854919433594,57.933929443359375,-0.18483734130859375,-0.4045659005641937,0.010900309309363365,x
7,0.01049845926463604,0.011297636479139329,18,-0.3999999999999998,-0.3899999999999998,791,-70.12942504882812,59.747535705566406,-0.09206166863441467,-0.3935287892818451,0.010924111120402813,x
7,0.01049845926463604,0.011297636479139329,19,-0.3899999999999998,-0.3799999999999998,3187,-64.57051849365234,55.6616096496582,-0.11388292908668518,-0.3841976225376129,0.010902234353125095,x
7,0.01049845926463604,0.011297636479139329,20,-0.3799999999999998,-0.3699999999999998,9439,-55.55625534057617,58.67702102661133,-0.14807605743408203,-0.3751869201660156,0.010897701606154442,x
7,0.01049845926463604,0.011297636479139329,21,-0.3699999999999998,-0.35999999999999976,1920,-71.8874740600586,64.35356903076172,-0.07926619797945023,-0.36555036902427673,0.010876954533159733,x
7,0.01049845926463604,0.011297636479139329,22,-0.35999999999999976,-0.34999999999999976,1497,-77.05025482177734,72.18704223632812,-0.057012155652046204,-0.3547584116458893,0.010876382701098919,x
7,0.01049845926463604,0.011297636479139329,23,-0.34999999999999976,-0.33999999999999975,1344,-65.48126220703125,70.59466552734375,-0.09936774522066116,-0.34504732489585876,0.010879877023398876,x
7,0.01049845926463604,0.011297636479139329,24,-0.33999999999999975,-0.32999999999999974,1262,-74.37660217285156,75.63853454589844,-0.06386560946702957,-0.3350100815296173,0.010868682526051998,x
7,0.01049845926463604,0.011297636479139329,25,-0.32999999999999974,-0.31999999999999973,1247,-75.21334075927734,75.55187225341797,-0.05914808809757233,-0.32509562373161316,0.010866139084100723,x
7,0.01049845926463604,0.011297636479139329,26,-0.31999999999999973,-0.3099999999999997,1249,-77.21514892578125,76.04913330078125,-0.0509936697781086,-0.3150469958782196,0.01087731122970581,x
7,0.01049845926463604,0.011297636479139329,27,-0.3099999999999997,-0.2999999999999997,1328,-73.86654663085938,76.99117279052734,-0.060477521270513535,-0.3050461411476135,0.010900375433266163,x
7,0.01049845926463604,0.011297636479139329,28,-0.2999999999999997,-0.2899999999999997,1407,-70.97467041015625,75.79743194580078,-0.0680541917681694,-0.2949466109275818,0.010884055867791176,x
7,0.01049845926463604,0.011297636479139329,29,-0.2899999999999997,-0.2799999999999997,1322,-64.03558349609375,73.25532531738281,-0.08668219298124313,-0.28510725498199463,0.010884314775466919,x
7,0.01049845926463604,0.011297636479139329,30,-0.2799999999999997,-0.2699999999999997,1248,-64.18345642089844,77.9389877319336,-0.08350278437137604,-0.2749904990196228,0.01088385283946991,x
7,0.01049845926463604,0.011297636479139329,31,-0.2699999999999997,-0.2599999999999997,1230,-60.045021057128906,80.66199493408203,-0.09241120517253876,-0.2650377154350281,0.010875792242586613,x
7,0.01049845926463604,0.011297636479139329,32,-0.2599999999999997,-0.24999999999999967,1216,-55.35429763793945,81.83636474609375,-0.1015971228480339,-0.2549622058868408,0.010892417281866074,x
7,0.01049845926463604,0.011297636479139329,33,-0.24999999999999967,-0.23999999999999966,1203,-51.20969772338867,83.5126724243164,-0.10847020149230957,-0.24502235651016235,0.01088724099099636,x
7,0.01049845926463604,0.011297636479139329,34,-0.23999999999999966,-0.22999999999999965,1127,-46.3559455871582,84.05714416503906,-0.11638796329498291,-0.2349708378314972,0.010860061272978783,x
7,0.01049845926463604,0.011297636479139329,35,-0.22999999999999965,-0.21999999999999964,1119,-43.270503997802734,85.58568572998047,-0.11932384222745895,-0.2250148057937622,0.010841942392289639,x
7,0.01049845926463604,0.011297636479139329,36,-0.21999999999999964,-0.20999999999999963,1058,-45.47944641113281,92.2891845703125,-0.10925351828336716,-0.2150106281042099,0.010849116370081902,x
7,0.01049845926463604,0.011297636479139329,37,-0.20999999999999963,-0.19999999999999962,1085,-43.26162338256836,95.55559539794922,-0.10900969803333282,-0.20495915412902832,0.010868714191019535,x
7,0.01049845926463604,0.011297636479139329,38,-0.19999999999999962,-0.1899999999999996,1118,-42.38166809082031,101.04292297363281,-0.10524306446313858,-0.19496440887451172,0.010875635780394077,x
7,0.01049845926463604,0.011297636479139329,39,-0.1899999999999996,-0.1799999999999996,1218,-41.2899055480957,108.57708740234375,-0.10175462812185287,-0.18499572575092316,0.010883166454732418,x
7,0.01049845926463604,0.011297636479139329,40,-0.1799999999999996,-0.1699999999999996,1275,-43.98834991455078,117.60771942138672,-0.09098101407289505,-0.17497602105140686,0.010885054245591164,x
7,0.01049845926463604,0.011297636479139329,41,-0.1699999999999996,-0.1599999999999996,1312,-45.246158599853516,126.32913970947266,-0.08353987336158752,-0.1649974137544632,0.010891973972320557,x
7,0.01049845926463604,0.011297636479139329,42,-0.1599999999999996,-0.14999999999999958,1289,-53.4923210144043,137.9985809326172,-0.06418447196483612,-0.15502247214317322,0.010909128934144974,x
7,0.01049845926463604,0.011297636479139329,43,-0.14999999999999958,-0.13999999999999957,1210,-60.39912033081055,151.78533935546875,-0.04931098222732544,-0.1450428068637848,0.010915067046880722,x
7,0.01049845926463604,0.011297636479139329,44,-0.13999999999999957,-0.12999999999999956,1174,-67.60359954833984,165.84072875976562,-0.03580094501376152,-0.13504794239997864,0.010887661017477512,x
7,0.01049845926463604,0.011297636479139329,45,-0.12999999999999956,-0.11999999999999955,1185,-81.01168060302734,178.95077514648438,-0.014604837633669376,-0.12509943544864655,0.010899784043431282,x
7,0.01049845926463604,0.011297636479139329,46,-0.11999999999999955,-0.10999999999999954,1167,-81.09754180908203,194.06689453125,-0.013518223538994789,-0.1149977371096611,0.010921127162873745,x
7,0.01049845926463604,0.011297636479139329,47,-0.10999999999999954,-0.09999999999999953,1098,-89.47840118408203,215.45819091796875,-0.002541142515838146,-0.10508639365434647,0.010937979444861412,x
7,0.01049845926463604,0.011297636479139329,48,-0.09999999999999953,-0.08999999999999952,1086,-97.33540344238281,235.9270477294922,0.005644977558404207,-0.09494242817163467,0.010918029583990574,x
7,0.01049845926463604,0.011297636479139329,49,-0.08999999999999952,-0.07999999999999952,1147,-89.58261108398438,252.31967163085938,-0.0024404716677963734,-0.08502461761236191,0.010894978418946266,x
7,0.01049845926463604,0.011297636479139329,50,-0.07999999999999952,-0.06999999999999951,1160,-125.89799499511719,295.3937072753906,0.02637849748134613,-0.07510992139577866,0.01087941974401474,x
7,0.01049845926463604,0.011297636479139329,51,-0.06999999999999951,-0.0599999999999995,1059,-136.96751403808594,337.7137756347656,0.03082333691418171,-0.06500916928052902,0.010866925120353699,x
7,0.01049845926463604,0.011297636479139329,52,-0.0599999999999995,-0.04999999999999949,1122,-139.17633056640625,398.8453674316406,0.02750135399401188,-0.054970864206552505,0.010851251892745495,x
7,0.01049845926463604,0.011297636479139329,53,-0.04999999999999949,-0.03999999999999948,1173,-162.5421905517578,489.659912109375,0.03412693366408348,-0.045024894177913666,0.010870317928493023,x
7,0.01049845926463604,0.011297636479139329,54,-0.03999999999999948,-0.02999999999999947,1221,-152.8182373046875,630.6847534179688,0.022181406617164612,-0.035034772008657455,0.010851973667740822,x
7,0.01049845926463604,0.011297636479139329,55,-0.02999999999999947,-0.019999999999999463,1227,-214.96832275390625,881.7571411132812,0.03183521702885628,-0.024967240169644356,0.010847277007997036,x
7,0.01049845926463604,0.011297636479139329,56,-0.019999999999999463,-0.009999999999999454,1280,-365.18328857421875,1535.21923828125,0.040428824722766876,-0.014949068427085876,0.01086473185569048,x
7,0.01049845926463604,0.011297636479139329,57,-0.009999999999999454,5.551115123125783e-16,1213,-1231.59375,6802.73291015625,0.04354354739189148,-0.005480654537677765,0.01087998878210783,x
7,0.01049845926463604,0.011297636479139329,58,5.551115123125783e-16,0.010000000000000564,1165,794.9730834960938,6844.02978515625,0.03159959986805916,0.005481737665832043,0.010883406735956669,x
7,0.01049845926463604,0.011297636479139329,59,0.010000000000000564,0.020000000000000573,1214,10.58782958984375,1529.6221923828125,0.014343354851007462,0.01496503408998251,0.010869749821722507,x
7,0.01049845926463604,0.011297636479139329,60,0.020000000000000573,0.030000000000000582,1231,-68.47314453125,873.4207153320312,0.0051834858022630215,0.025005003437399864,0.010864962823688984,x
7,0.01049845926463604,0.011297636479139329,61,0.030000000000000582,0.04000000000000059,1240,-116.78985595703125,624.8927612304688,-0.009995932690799236,0.035074979066848755,0.010869957506656647,x
7,0.01049845926463604,0.011297636479139329,62,0.04000000000000059,0.0500000000000006,1210,-102.92896270751953,472.3302001953125,-0.005018174182623625,0.0449654683470726,0.010864890180528164,x
7,0.01049845926463604,0.011297636479139329,63,0.0500000000000006,0.06000000000000061,1189,-93.57926177978516,384.5187072753906,-0.0010344326728954911,0.05497918650507927,0.010861197486519814,x
7,0.01049845926463604,0.011297636479139329,64,0.06000000000000061,0.07000000000000062,1136,-91.24861145019531,330.8528747558594,0.0006394697120413184,0.06495846807956696,0.010852308012545109,x
7,0.01049845926463604,0.011297636479139329,65,0.07000000000000062,0.08000000000000063,1021,-107.08357238769531,296.56298828125,-0.01241685263812542,0.07499204576015472,0.010857410728931427,x
7,0.01049845926463604,0.011297636479139329,66,0.08000000000000063,0.09000000000000064,963,-123.05023193359375,265.7952880859375,-0.028953086584806442,0.08499936759471893,0.010886008851230145,x
7,0.01049845926463604,0.011297636479139329,67,0.09000000000000064,0.10000000000000064,962,-108.0137939453125,236.44485473632812,-0.016790060326457024,0.09490697830915451,0.010891269892454147,x
7,0.01049845926463604,0.011297636479139329,68,0.10000000000000064,0.11000000000000065,1051,-98.39511108398438,211.23199462890625,-0.006785914301872253,0.10498442500829697,0.010886963456869125,x
7,0.01049845926463604,0.011297636479139329,69,0.11000000000000065,0.12000000000000066,1134,-80.46151733398438,183.8963165283203,0.015111380256712437,0.1150844544172287,0.010891986079514027,x
7,0.01049845926463604,0.011297636479139329,70,0.12000000000000066,0.13000000000000067,1256,-73.684326171875,167.5463104248047,0.02556053176522255,0.12511903047561646,0.010903816670179367,x
7,0.01049845926463604,0.011297636479139329,71,0.13000000000000067,0.14000000000000068,1378,-74.00852966308594,153.19973754882812,0.026742910966277122,0.13507185876369476,0.010907928459346294,x
7,0.01049845926463604,0.011297636479139329,72,0.14000000000000068,0.1500000000000007,1422,-77.1363525390625,144.3702850341797,0.023080436512827873,0.14494766294956207,0.010908164083957672,x
7,0.01049845926463604,0.011297636479139329,73,0.1500000000000007,0.1600000000000007,1389,-83.30773162841797,135.3803253173828,0.014627019874751568,0.1549474447965622,0.010899695567786694,x
7,0.01049845926463604,0.011297636479139329,74,0.1600000000000007,0.1700000000000007,1343,-87.3819351196289,127.6301498413086,0.007982847280800343,0.1650020182132721,0.010901324450969696,x
7,0.01049845926463604,0.011297636479139329,75,0.1700000000000007,0.18000000000000071,1322,-90.15393829345703,120.81370544433594,0.0033398685045540333,0.1749497801065445,0.010899648070335388,x
7,0.01049845926463604,0.011297636479139329,76,0.18000000000000071,0.19000000000000072,1302,-94.391845703125,118.61438751220703,-0.004404713865369558,0.185087189078331,0.01087902020663023,x
7,0.01049845926463604,0.011297636479139329,77,0.19000000000000072,0.20000000000000073,1317,-93.58283233642578,112.77294921875,-0.0030288929119706154,0.19502636790275574,0.010880761779844761,x
7,0.01049845926463604,0.011297636479139329,78,0.20000000000000073,0.21000000000000074,1314,-92.1805648803711,105.40880584716797,-5.372220130084315e-06,0.20495493710041046,0.010883588343858719,x
7,0.01049845926463604,0.011297636479139329,79,0.21000000000000074,0.22000000000000075,1327,-93.45913696289062,100.5106201171875,-0.0031207557767629623,0.21507331728935242,0.010877209715545177,x
7,0.01049845926463604,0.011297636479139329,80,0.22000000000000075,0.23000000000000076,1305,-95.71395111083984,99.84925079345703,-0.008885701186954975,0.22488732635974884,0.010868118144571781,x
7,0.01049845926463604,0.011297636479139329,81,0.23000000000000076,0.24000000000000077,1351,-94.09899139404297,97.18876647949219,-0.00542278541252017,0.23495540022850037,0.010863986797630787,x
7,0.01049845926463604,0.011297636479139329,82,0.24000000000000077,0.2500000000000008,1361,-93.66047668457031,92.62519073486328,-0.005050306208431721,0.24505607783794403,0.010878524743020535,x
7,0.01049845926463604,0.011297636479139329,83,0.2500000000000008,0.2600000000000008,1406,-91.45487976074219,87.01792907714844,0.0006570884143002331,0.2550571858882904,0.010881121270358562,x
7,0.01049845926463604,0.011297636479139329,84,0.2600000000000008,0.2700000000000008,1413,-92.90895080566406,84.64708709716797,-0.003391620935872197,0.265090674161911,0.010878531262278557,x
7,0.01049845926463604,0.011297636479139329,85,0.2700000000000008,0.2800000000000008,1502,-88.00212097167969,82.6023178100586,0.010547411628067493,0.2750142514705658,0.010890625417232513,x
7,0.01049845926463604,0.011297636479139329,86,0.2800000000000008,0.2900000000000008,1405,-91.08114624023438,80.4649429321289,0.0014386418042704463,0.28485336899757385,0.010887034237384796,x
7,0.01049845926463604,0.011297636479139329,87,0.2900000000000008,0.3000000000000008,1290,-90.97625732421875,78.59950256347656,0.0017692536348477006,0.29500970244407654,0.01088683120906353,x
7,0.01049845926463604,0.011297636479139329,88,0.3000000000000008,0.31000000000000083,1249,-87.53800201416016,77.0248794555664,0.014227956533432007,0.3050236105918884,0.010859358124434948,x
7,0.01049845926463604,0.011297636479139329,89,0.31000000000000083,0.32000000000000084,1299,-88.00172424316406,76.77301788330078,0.013716403394937515,0.3151307702064514,0.010857670567929745,x
7,0.01049845926463604,0.011297636479139329,90,0.32000000000000084,0.33000000000000085,1404,-90.24665832519531,76.73306274414062,0.006186957936733961,0.32498109340667725,0.010871163569390774,x
7,0.01049845926463604,0.011297636479139329,91,0.33000000000000085,0.34000000000000086,1379,-83.72019958496094,76.72138214111328,0.02987358346581459,0.33493921160697937,0.010889063589274883,x
7,0.01049845926463604,0.011297636479139329,92,0.34000000000000086,0.35000000000000087,1354,-79.66020965576172,75.44949340820312,0.0455486923456192,0.3451077938079834,0.010878045111894608,x
7,0.01049845926463604,0.011297636479139329,93,0.35000000000000087,0.3600000000000009,1552,-79.17498779296875,70.04637908935547,0.04888885095715523,0.3551422953605652,0.010871839709579945,x
7,0.01049845926463604,0.011297636479139329,94,0.3600000000000009,0.3700000000000009,2778,-68.3437271118164,65.83834075927734,0.09385750442743301,0.3659810721874237,0.010885068215429783,x
7,0.01049845926463604,0.011297636479139329,95,0.3700000000000009,0.3800000000000009,10606,-42.196468353271484,52.836402893066406,0.2022162526845932,0.37365785241127014,0.010868873447179794,x
7,0.01049845926463604,0.011297636479139329,96,0.3800000000000009,0.3900000000000009,2110,-26.46460723876953,43.27009201049805,0.27385079860687256,0.3844766318798065,0.010827693156898022,x
7,0.01049845926463604,0.011297636479139329,97,0.3900000000000009,0.4000000000000009,703,-26.020381927490234,48.890037536621094,0.28115296363830566,0.3927464783191681,0.010779576376080513,x
7,0.01049845926463604,0.011297636479139329,98,0.4000000000000009,0.4100000000000009,55,-101.7363052368164,72.42619323730469,-0.04871527850627899,0.40475958585739136,0.010962385684251785,x
7,0.01049845926463604,0.011297636479139329,99,0.4100000000000009,0.42000000000000093,65,-86.51105499267578,68.44482421875,0.02493692934513092,0.41465795040130615,0.010921338573098183,x
7,0.01049845926463604,0.011297636479139329,100,0.42000000000000093,0.43000000000000094,64,-71.71395111083984,67.03595733642578,0.09445937722921371,0.4248027205467224,0.010866543278098106,x
7,0.01049845926463604,0.011297636479139329,101,0.43000000000000094,0.44000000000000095,58,-66.68428802490234,67.21935272216797,0.11931496858596802,0.4354596734046936,0.010864782147109509,x
7,0.01049845926463604,0.011297636479139329,102,0.44000000000000095,0.45000000000000095,63,-75.94300842285156,67.13278198242188,0.07760512828826904,0.44502541422843933,0.010855332016944885,x
7,0.01049845926463604,0.011297636479139329,103,0.45000000000000095,0.46000000000000096,75,-89.56377410888672,68.52812194824219,0.010742324404418468,0.454865425825119,0.010919898748397827,x
7,0.01049845926463604,0.011297636479139329,104,0.46000000000000096,0.470000000000001,66,-63.88361740112305,59.905906677246094,0.14078129827976227,0.465011864900589,0.01090241502970457,x
7,0.01049845926463604,0.011297636479139329,105,0.470000000000001,0.480000000000001,61,-44.1568489074707,48.33381652832031,0.2451891452074051,0.475070595741272,0.010877212509512901,x
7,0.01049845926463604,0.011297636479139329,106,0.480000000000001,0.490000000000001,56,-29.929561614990234,35.2946662902832,0.3262269198894501,0.48471951484680176,0.010904239490628242,x
7,0.01049845926463604,0.011297636479139329,107,0.490000000000001,0.500000000000001,30,-33.879756927490234,27.23000144958496,0.3108420670032501,0.49428799748420715,0.010953186079859734,x
7,0.01049845926463604,0.011297636479139329,108,0.500000000000001,0.510000000000001,25,-25.88565444946289,26.6919002532959,0.36176055669784546,0.5046632289886475,0.010870089754462242,x
7,0.01049845926463604,0.011297636479139329,109,0.510000000000001,0.520000000000001,17,-9.276647567749023,14.332643508911133,0.46238160133361816,0.5143998861312866,0.01088235154747963,x
7,0.01049845926463604,0.011297636479139329,110,0.520000000000001,0.530000000000001,18,-8.36129379272461,14.027998924255371,0.4775959253311157,0.5248242020606995,0.010806526988744736,x
7,0.01049845926463604,0.011297636479139329,111,0.530000000000001,0.540000000000001,13,-7.707910537719727,13.760104179382324,0.48905080556869507,0.533729612827301,0.010975667275488377,x
8,0.011297636479139329,0.012277729250490666,3,-0.5499999999999999,-0.5399999999999999,7,-57.13509750366211,64.89995574951172,-0.1716325283050537,-0.5422543883323669,0.012018471956253052,x
8,0.011297636479139329,0.012277729250490666,4,-0.5399999999999999,-0.5299999999999999,35,-57.13605499267578,72.90821075439453,-0.1749732345342636,-0.5348487496376038,0.011747811920940876,x
8,0.011297636479139329,0.012277729250490666,5,-0.5299999999999999,-0.5199999999999999,44,-51.258399963378906,67.71171569824219,-0.20995889604091644,-0.5244446396827698,0.011794205754995346,x
8,0.011297636479139329,0.012277729250490666,6,-0.5199999999999999,-0.5099999999999999,47,-21.532739639282227,46.88203811645508,-0.383368581533432,-0.5147602558135986,0.011819569393992424,x
8,0.011297636479139329,0.012277729250490666,7,-0.5099999999999999,-0.4999999999999999,55,-36.496849060058594,51.7841796875,-0.2857876121997833,-0.5049522519111633,0.011802212335169315,x
8,0.011297636479139329,0.012277729250490666,8,-0.4999999999999999,-0.4899999999999999,71,-50.76374053955078,55.95657730102539,-0.19856317341327667,-0.4946492612361908,0.011803578585386276,x
8,0.011297636479139329,0.012277729250490666,9,-0.4899999999999999,-0.47999999999999987,78,-51.91371536254883,53.13490676879883,-0.18989096581935883,-0.4852651059627533,0.011732982471585274,x
8,0.011297636479139329,0.012277729250490666,10,-0.47999999999999987,-0.46999999999999986,58,-60.2677116394043,59.00205993652344,-0.13684846460819244,-0.47498226165771484,0.01180232223123312,x
8,0.011297636479139329,0.012277729250490666,11,-0.46999999999999986,-0.45999999999999985,75,-49.9228401184082,57.03586196899414,-0.1924547255039215,-0.4650012254714966,0.011745255440473557,x
8,0.011297636479139329,0.012277729250490666,12,-0.45999999999999985,-0.44999999999999984,78,-49.92179489135742,54.563297271728516,-0.19126830995082855,-0.45531347393989563,0.011690204963088036,x
8,0.011297636479139329,0.012277729250490666,13,-0.44999999999999984,-0.43999999999999984,80,-40.649253845214844,49.2242317199707,-0.23270472884178162,-0.4449533522129059,0.011768926866352558,x
8,0.011297636479139329,0.012277729250490666,14,-0.43999999999999984,-0.4299999999999998,86,-43.25053787231445,49.67155075073242,-0.21513479948043823,-0.43480393290519714,0.011743429116904736,x
8,0.011297636479139329,0.012277729250490666,15,-0.4299999999999998,-0.4199999999999998,88,-37.64834213256836,46.20342254638672,-0.23668189346790314,-0.4246184527873993,0.011754375882446766,x
8,0.011297636479139329,0.012277729250490666,16,-0.4199999999999998,-0.4099999999999998,96,-43.96903991699219,52.99882888793945,-0.1992468386888504,-0.41480982303619385,0.011763450689613819,x
8,0.011297636479139329,0.012277729250490666,17,-0.4099999999999998,-0.3999999999999998,145,-50.84307861328125,58.759002685546875,-0.16316162049770355,-0.40491384267807007,0.011731293052434921,x
8,0.011297636479139329,0.012277729250490666,18,-0.3999999999999998,-0.3899999999999998,1242,-61.280921936035156,50.107940673828125,-0.10890163481235504,-0.3930589258670807,0.0118122398853302,x
8,0.011297636479139329,0.012277729250490666,19,-0.3899999999999998,-0.3799999999999998,3647,-63.339111328125,52.08700942993164,-0.0979214459657669,-0.3847063183784485,0.011776288039982319,x
8,0.011297636479139329,0.012277729250490666,20,-0.3799999999999998,-0.3699999999999998,10649,-57.08766555786133,54.94186782836914,-0.12220757454633713,-0.3750752806663513,0.011784915812313557,x
8,0.011297636479139329,0.012277729250490666,21,-0.3699999999999998,-0.35999999999999976,1770,-71.68360137939453,64.89994049072266,-0.0570823960006237,-0.36575034260749817,0.011775585822761059,x
8,0.011297636479139329,0.012277729250490666,22,-0.35999999999999976,-0.34999999999999976,1204,-69.70956420898438,65.15571594238281,-0.06383275985717773,-0.35509443283081055,0.011788185685873032,x
8,0.011297636479139329,0.012277729250490666,23,-0.34999999999999976,-0.33999999999999975,1150,-70.56265258789062,69.96650695800781,-0.05779202654957771,-0.34492501616477966,0.011802896857261658,x
8,0.011297636479139329,0.012277729250490666,24,-0.33999999999999975,-0.32999999999999974,1223,-63.82866287231445,68.99940490722656,-0.08389163762331009,-0.33498263359069824,0.011781948618590832,x
8,0.011297636479139329,0.012277729250490666,25,-0.32999999999999974,-0.31999999999999973,1199,-55.88628005981445,64.2810287475586,-0.11176139116287231,-0.3250117599964142,0.011775163002312183,x
8,0.011297636479139329,0.012277729250490666,26,-0.31999999999999973,-0.3099999999999997,1290,-54.6960334777832,62.174190521240234,-0.11205442249774933,-0.31507524847984314,0.01177605427801609,x
8,0.011297636479139329,0.012277729250490666,27,-0.3099999999999997,-0.2999999999999997,1208,-50.3575439453125,62.35050964355469,-0.12465722113847733,-0.305082768201828,0.011742431670427322,x
8,0.011297636479139329,0.012277729250490666,28,-0.2999999999999997,-0.2899999999999997,1062,-48.479896545410156,63.92628479003906,-0.12734055519104004,-0.29515963792800903,0.011734486557543278,x
8,0.011297636479139329,0.012277729250490666,29,-0.2899999999999997,-0.2799999999999997,1036,-48.788421630859375,69.12139892578125,-0.12224666029214859,-0.2849159240722656,0.011735580861568451,x
8,0.011297636479139329,0.012277729250490666,30,-0.2799999999999997,-0.2699999999999997,1125,-52.37582778930664,69.67201232910156,-0.10574068874120712,-0.2749362587928772,0.011753377504646778,x
8,0.011297636479139329,0.012277729250490666,31,-0.2699999999999997,-0.2599999999999997,1109,-47.121761322021484,70.44337463378906,-0.1181662380695343,-0.265003502368927,0.011758174747228622,x
8,0.011297636479139329,0.012277729250490666,32,-0.2599999999999997,-0.24999999999999967,1046,-47.11438751220703,74.19747924804688,-0.11403054744005203,-0.2549735903739929,0.011781152337789536,x
8,0.011297636479139329,0.012277729250490666,33,-0.24999999999999967,-0.23999999999999966,1083,-49.935760498046875,78.13014221191406,-0.10112437605857849,-0.24495205283164978,0.011808478273451328,x
8,0.011297636479139329,0.012277729250490666,34,-0.23999999999999966,-0.22999999999999965,1043,-54.964454650878906,84.18766021728516,-0.08335927128791809,-0.23509493470191956,0.011772568337619305,x
8,0.011297636479139329,0.012277729250490666,35,-0.22999999999999965,-0.21999999999999964,1051,-56.79819107055664,88.8033447265625,-0.07458803802728653,-0.22502322494983673,0.011775290593504906,x
8,0.011297636479139329,0.012277729250490666,36,-0.21999999999999964,-0.20999999999999963,1083,-65.44029235839844,91.12808990478516,-0.049134448170661926,-0.21497060358524323,0.011783725582063198,x
8,0.011297636479139329,0.012277729250490666,37,-0.20999999999999963,-0.19999999999999962,1095,-68.26783752441406,96.11483001708984,-0.040002819150686264,-0.2050035446882248,0.011792892590165138,x
8,0.011297636479139329,0.012277729250490666,38,-0.19999999999999962,-0.1899999999999996,1095,-66.4721908569336,98.8762435913086,-0.042077839374542236,-0.19499625265598297,0.011806582100689411,x
8,0.011297636479139329,0.012277729250490666,39,-0.1899999999999996,-0.1799999999999996,1135,-65.93633270263672,101.70172119140625,-0.0407029390335083,-0.18489128351211548,0.011831369251012802,x
8,0.011297636479139329,0.012277729250490666,40,-0.1799999999999996,-0.1699999999999996,1243,-65.61986541748047,108.1543197631836,-0.038745906203985214,-0.1749451756477356,0.011813871562480927,x
8,0.011297636479139329,0.012277729250490666,41,-0.1699999999999996,-0.1599999999999996,1380,-64.07815551757812,116.05784606933594,-0.04001377522945404,-0.164907768368721,0.011795041151344776,x
8,0.011297636479139329,0.012277729250490666,42,-0.1599999999999996,-0.14999999999999958,1445,-65.72210693359375,123.84905242919922,-0.03494993597269058,-0.1549844592809677,0.011793583631515503,x
8,0.011297636479139329,0.012277729250490666,43,-0.14999999999999958,-0.13999999999999957,1494,-66.44540405273438,131.41567993164062,-0.03187927231192589,-0.14506106078624725,0.011794944293797016,x
8,0.011297636479139329,0.012277729250490666,44,-0.13999999999999957,-0.12999999999999956,1518,-66.98133087158203,138.981689453125,-0.02889223024249077,-0.13506756722927094,0.011756724677979946,x
8,0.011297636479139329,0.012277729250490666,45,-0.12999999999999956,-0.11999999999999955,1484,-56.538673400878906,147.62770080566406,-0.04230048507452011,-0.12503184378147125,0.01175667718052864,x
8,0.011297636479139329,0.012277729250490666,46,-0.11999999999999955,-0.10999999999999954,1416,-58.33538055419922,160.6807098388672,-0.03658899664878845,-0.11505916714668274,0.01177944615483284,x
8,0.011297636479139329,0.012277729250490666,47,-0.10999999999999954,-0.09999999999999953,1404,-59.462318420410156,178.15481567382812,-0.031853873282670975,-0.10500248521566391,0.011789917014539242,x
8,0.011297636479139329,0.012277729250490666,48,-0.09999999999999953,-0.08999999999999952,1342,-67.49748229980469,203.4633026123047,-0.01978347823023796,-0.09507347643375397,0.01178956963121891,x
8,0.011297636479139329,0.012277729250490666,49,-0.08999999999999952,-0.07999999999999952,1295,-77.98442840576172,241.72544860839844,-0.00723050395026803,-0.08504912257194519,0.011775212362408638,x
8,0.011297636479139329,0.012277729250490666,50,-0.07999999999999952,-0.06999999999999951,1204,-94.23113250732422,279.0042419433594,0.008074725978076458,-0.07509415596723557,0.011758784763514996,x
8,0.011297636479139329,0.012277729250490666,51,-0.06999999999999951,-0.0599999999999995,1080,-88.36813354492188,324.6594543457031,0.003099131630733609,-0.06507139652967453,0.011775991879403591,x
8,0.011297636479139329,0.012277729250490666,52,-0.0599999999999995,-0.04999999999999949,1076,-69.94505310058594,384.39031982421875,-0.00947555247694254,-0.05487403646111488,0.01177067682147026,x
8,0.011297636479139329,0.012277729250490666,53,-0.04999999999999949,-0.03999999999999948,1223,-55.95431137084961,466.9262390136719,-0.015692584216594696,-0.044863421469926834,0.011770165525376797,x
8,0.011297636479139329,0.012277729250490666,54,-0.03999999999999948,-0.02999999999999947,1294,-76.84777069091797,578.8314819335938,-0.0037384682800620794,-0.0350676104426384,0.011792200617492199,x
8,0.011297636479139329,0.012277729250490666,55,-0.02999999999999947,-0.019999999999999463,1310,-78.42399597167969,830.47314453125,-0.0020940678659826517,-0.02496255747973919,0.011793818324804306,x
8,0.011297636479139329,0.012277729250490666,56,-0.019999999999999463,-0.009999999999999454,1287,-64.45979309082031,1453.56591796875,-0.004312747158110142,-0.014997768215835094,0.011767514050006866,x
8,0.011297636479139329,0.012277729250490666,57,-0.009999999999999454,5.551115123125783e-16,1117,-385.2397155761719,6348.94091796875,0.009016862139105797,-0.005476401653140783,0.011782794259488583,x
8,0.011297636479139329,0.012277729250490666,58,5.551115123125783e-16,0.010000000000000564,1108,603.7719116210938,6188.3359375,0.02711067907512188,0.005446135997772217,0.011810637079179287,x
8,0.011297636479139329,0.012277729250490666,59,0.010000000000000564,0.020000000000000573,1246,55.681724548339844,1369.079345703125,0.02329467236995697,0.01494616735726595,0.011803925968706608,x
8,0.011297636479139329,0.012277729250490666,60,0.020000000000000573,0.030000000000000582,1205,-54.46702575683594,796.4805908203125,0.009574116207659245,0.024929944425821304,0.01179299596697092,x
8,0.011297636479139329,0.012277729250490666,61,0.030000000000000582,0.04000000000000059,1139,-41.39950942993164,546.5045776367188,0.018356529995799065,0.034910958260297775,0.011784735135734081,x
8,0.011297636479139329,0.012277729250490666,62,0.04000000000000059,0.0500000000000006,1130,-50.878395080566406,423.12188720703125,0.01803259737789631,0.04492436721920967,0.011786353774368763,x
8,0.011297636479139329,0.012277729250490666,63,0.0500000000000006,0.06000000000000061,1076,-45.588890075683594,348.06671142578125,0.025559058412909508,0.05505944788455963,0.01179750356823206,x
8,0.011297636479139329,0.012277729250490666,64,0.06000000000000061,0.07000000000000062,1116,-40.769676208496094,281.5271911621094,0.033571090549230576,0.06508227437734604,0.011824705637991428,x
8,0.011297636479139329,0.012277729250490666,65,0.07000000000000062,0.08000000000000063,1173,-42.957298278808594,246.5120391845703,0.03725575655698776,0.07506272196769714,0.01180319208651781,x
8,0.011297636479139329,0.012277729250490666,66,0.08000000000000063,0.09000000000000064,1262,-38.70610427856445,218.05677795410156,0.046250924468040466,0.0850704237818718,0.011795072816312313,x
8,0.011297636479139329,0.012277729250490666,67,0.09000000000000064,0.10000000000000064,1311,-37.1331787109375,193.57801818847656,0.053052108734846115,0.09506820142269135,0.01176148559898138,x
8,0.011297636479139329,0.012277729250490666,68,0.10000000000000064,0.11000000000000065,1334,-47.6185302734375,179.87852478027344,0.04528848081827164,0.10504520684480667,0.011732475832104683,x
8,0.011297636479139329,0.012277729250490666,69,0.11000000000000065,0.12000000000000066,1370,-69.192626953125,171.19061279296875,0.020477741956710815,0.11500255018472672,0.011735443957149982,x
8,0.011297636479139329,0.012277729250490666,70,0.12000000000000066,0.13000000000000067,1348,-78.43448638916016,160.12741088867188,0.009136154316365719,0.12495306879281998,0.011730392463505268,x
8,0.011297636479139329,0.012277729250490666,71,0.13000000000000067,0.14000000000000068,1293,-90.02456665039062,145.47943115234375,-0.008215144276618958,0.13489127159118652,0.011726933531463146,x
8,0.011297636479139329,0.012277729250490666,72,0.14000000000000068,0.1500000000000007,1262,-85.85000610351562,133.32244873046875,-0.0018423174042254686,0.14506660401821136,0.011748326011002064,x
8,0.011297636479139329,0.012277729250490666,73,0.1500000000000007,0.1600000000000007,1217,-84.71210479736328,126.02381134033203,0.0010135293705388904,0.15511099994182587,0.011717538349330425,x
8,0.011297636479139329,0.012277729250490666,74,0.1600000000000007,0.1700000000000007,1207,-78.18746185302734,122.065185546875,0.013435237109661102,0.16501733660697937,0.011720864102244377,x
8,0.011297636479139329,0.012277729250490666,75,0.1700000000000007,0.18000000000000071,1267,-74.26470947265625,116.51425170898438,0.022554339841008186,0.1750495433807373,0.01172271091490984,x
8,0.011297636479139329,0.012277729250490666,76,0.18000000000000071,0.19000000000000072,1328,-76.2969741821289,112.43578338623047,0.01933693140745163,0.18504208326339722,0.011734065599739552,x
8,0.011297636479139329,0.012277729250490666,77,0.19000000000000072,0.20000000000000073,1380,-74.52804565429688,105.6973876953125,0.024481555446982384,0.19506345689296722,0.011749745346605778,x
8,0.011297636479139329,0.012277729250490666,78,0.20000000000000073,0.21000000000000074,1396,-69.68702697753906,100.89900970458984,0.037026625126600266,0.20511394739151,0.011766443029046059,x
8,0.011297636479139329,0.012277729250490666,79,0.21000000000000074,0.22000000000000075,1323,-66.31024932861328,97.53404235839844,0.04731312021613121,0.2149675339460373,0.011789184994995594,x
8,0.011297636479139329,0.012277729250490666,80,0.22000000000000075,0.23000000000000076,1221,-65.40794372558594,93.76527404785156,0.052760738879442215,0.22492192685604095,0.011777671985328197,x
8,0.011297636479139329,0.012277729250490666,81,0.23000000000000076,0.24000000000000077,1185,-65.11100006103516,89.3934555053711,0.05605723708868027,0.235004261136055,0.011798092164099216,x
8,0.011297636479139329,0.012277729250490666,82,0.24000000000000077,0.2500000000000008,1174,-69.62771606445312,86.1041259765625,0.04542408883571625,0.24496673047542572,0.011793632060289383,x
8,0.011297636479139329,0.012277729250490666,83,0.2500000000000008,0.2600000000000008,1146,-75.70823669433594,82.92201232910156,0.03004263900220394,0.25499647855758667,0.011744112707674503,x
8,0.011297636479139329,0.012277729250490666,84,0.2600000000000008,0.2700000000000008,1202,-81.8733901977539,81.36133575439453,0.011879055760800838,0.2650536000728607,0.011736209504306316,x
8,0.011297636479139329,0.012277729250490666,85,0.2700000000000008,0.2800000000000008,1264,-87.61114501953125,81.14557647705078,-0.006296881940215826,0.27510711550712585,0.011733412742614746,x
8,0.011297636479139329,0.012277729250490666,86,0.2800000000000008,0.2900000000000008,1330,-90.58483123779297,75.83395385742188,-0.01716013252735138,0.2850940525531769,0.011745208874344826,x
8,0.011297636479139329,0.012277729250490666,87,0.2900000000000008,0.3000000000000008,1361,-95.04625701904297,71.39261627197266,-0.033285871148109436,0.2949833273887634,0.011753376573324203,x
8,0.011297636479139329,0.012277729250490666,88,0.3000000000000008,0.31000000000000083,1348,-100.73221588134766,69.51697540283203,-0.055077746510505676,0.3049885332584381,0.011767138727009296,x
8,0.011297636479139329,0.012277729250490666,89,0.31000000000000083,0.32000000000000084,1237,-105.65211486816406,66.80628204345703,-0.07582682371139526,0.3149474859237671,0.011783848516643047,x
8,0.011297636479139329,0.012277729250490666,90,0.32000000000000084,0.33000000000000085,1275,-106.13154602050781,65.61764526367188,-0.08056450635194778,0.32512709498405457,0.011778945103287697,x
8,0.011297636479139329,0.012277729250490666,91,0.33000000000000085,0.34000000000000086,1233,-103.76516723632812,63.05660629272461,-0.07441539317369461,0.3350653350353241,0.011777283623814583,x
8,0.011297636479139329,0.012277729250490666,92,0.34000000000000086,0.35000000000000087,1336,-92.94384002685547,63.53895568847656,-0.03330334275960922,0.3449820280075073,0.01179137360304594,x
8,0.011297636479139329,0.012277729250490666,93,0.35000000000000087,0.3600000000000009,1587,-79.78031158447266,65.13980102539062,0.02184315212070942,0.35526323318481445,0.011784597299993038,x
8,0.011297636479139329,0.012277729250490666,94,0.3600000000000009,0.3700000000000009,3473,-63.55318832397461,57.40140914916992,0.09232082962989807,0.3664993345737457,0.011782271787524223,x
8,0.011297636479139329,0.012277729250490666,95,0.3700000000000009,0.3800000000000009,9157,-38.53500747680664,48.1312141418457,0.20462433993816376,0.3735164701938629,0.011756954714655876,x
8,0.011297636479139329,0.012277729250490666,96,0.3800000000000009,0.3900000000000009,1546,-39.15229415893555,46.34638214111328,0.20712535083293915,0.3839454650878906,0.011772574856877327,x
8,0.011297636479139329,0.012277729250490666,97,0.3900000000000009,0.4000000000000009,381,-49.57271194458008,54.19340515136719,0.16277873516082764,0.39270225167274475,0.011802040971815586,x
8,0.011297636479139329,0.012277729250490666,98,0.4000000000000009,0.4100000000000009,112,-103.37733459472656,65.37577819824219,-0.0866340920329094,0.4049212634563446,0.011757723987102509,x
8,0.011297636479139329,0.012277729250490666,99,0.4100000000000009,0.42000000000000093,111,-100.52607727050781,68.7062759399414,-0.07494979351758957,0.4149549603462219,0.011745289899408817,x
8,0.011297636479139329,0.012277729250490666,100,0.42000000000000093,0.43000000000000094,96,-94.23551177978516,65.73770904541016,-0.04772162064909935,0.42493709921836853,0.011827451176941395,x
8,0.011297636479139329,0.012277729250490666,101,0.43000000000000094,0.44000000000000095,89,-91.76811218261719,63.963096618652344,-0.03817372769117355,0.43477383255958557,0.011831472627818584,x
8,0.011297636479139329,0.012277729250490666,102,0.44000000000000095,0.45000000000000095,83,-81.58138275146484,64.585205078125,0.016904087737202644,0.4449063539505005,0.011824644170701504,x
8,0.011297636479139329,0.012277729250490666,103,0.45000000000000095,0.46000000000000096,78,-85.0063705444336,60.76155471801758,-0.003684211289510131,0.45458951592445374,0.011874942108988762,x
8,0.011297636479139329,0.012277729250490666,104,0.46000000000000096,0.470000000000001,81,-98.99457550048828,59.51316452026367,-0.07733172178268433,0.464561402797699,0.011813445948064327,x
8,0.011297636479139329,0.012277729250490666,105,0.470000000000001,0.480000000000001,79,-82.4448013305664,58.6083984375,0.009692973457276821,0.474597692489624,0.011860590428113937,x
8,0.011297636479139329,0.012277729250490666,106,0.480000000000001,0.490000000000001,56,-65.49884796142578,56.805023193359375,0.10771119594573975,0.4844658374786377,0.011837514117360115,x
8,0.011297636479139329,0.012277729250490666,107,0.490000000000001,0.500000000000001,50,-33.102596282958984,51.76772689819336,0.29982227087020874,0.49502021074295044,0.011823249980807304,x
8,0.011297636479139329,0.012277729250490666,108,0.500000000000001,0.510000000000001,24,-24.681333541870117,30.621013641357422,0.3567843735218048,0.5046846270561218,0.01183814276009798,x
8,0.011297636479139329,0.012277729250490666,109,0.510000000000001,0.520000000000001,16,-7.23569393157959,12.070296287536621,0.47242841124534607,0.5149151086807251,0.011631130240857601,x
8,0.011297636479139329,0.012277729250490666,110,0.520000000000001,0.530000000000001,16,-4.7520551681518555,11.211556434631348,0.4945880174636841,0.5239278078079224,0.01184142380952835,x
8,0.011297636479139329,0.012277729250490666,111,0.530000000000001,0.540000000000001,20,-5.993370532989502,11.946514129638672,0.4976600110530853,0.5351426601409912,0.011732722632586956,x
8,0.011297636479139329,0.012277729250490666,112,0.540000000000001,0.550000000000001,8,0.9433833360671997,0.6471010446548462,0.5478664636611938,0.5417787432670593,0.01195329800248146,x
9,0.012277729250490666,0.01339403260499239,3,-0.5499999999999999,-0.5399999999999999,32,-57.495235443115234,69.83405303955078,-0.14101320505142212,-0.5446925163269043,0.012881692498922348,x
9,0.012277729250490666,0.01339403260499239,4,-0.5399999999999999,-0.5299999999999999,35,-26.369464874267578,51.83285140991211,-0.35636669397354126,-0.5346307754516602,0.01284061186015606,x
9,0.012277729250490666,0.01339403260499239,5,-0.5299999999999999,-0.5199999999999999,37,-22.31450843811035,40.526878356933594,-0.37355583906173706,-0.5246313810348511,0.012858126312494278,x
9,0.012277729250490666,0.01339403260499239,6,-0.5199999999999999,-0.5099999999999999,52,-35.307701110839844,46.2790641784668,-0.27868324518203735,-0.5149315595626831,0.012914063408970833,x
9,0.012277729250490666,0.01339403260499239,7,-0.5099999999999999,-0.4999999999999999,54,-41.826629638671875,49.55695724487305,-0.23467358946800232,-0.505025327205658,0.01283527072519064,x
9,0.012277729250490666,0.01339403260499239,8,-0.4999999999999999,-0.4899999999999999,61,-36.37071990966797,47.36857986450195,-0.2654133141040802,-0.4947822093963623,0.012785284779965878,x
9,0.012277729250490666,0.01339403260499239,9,-0.4899999999999999,-0.47999999999999987,60,-43.10282516479492,49.63876724243164,-0.21639615297317505,-0.48476535081863403,0.01281039696186781,x
9,0.012277729250490666,0.01339403260499239,10,-0.47999999999999987,-0.46999999999999986,50,-32.983760833740234,47.0617790222168,-0.2754543423652649,-0.4756741225719452,0.012760120443999767,x
9,0.012277729250490666,0.01339403260499239,11,-0.46999999999999986,-0.45999999999999985,54,-41.846588134765625,52.559722900390625,-0.21490353345870972,-0.465205579996109,0.012809849344193935,x
9,0.012277729250490666,0.01339403260499239,12,-0.45999999999999985,-0.44999999999999984,69,-36.14462661743164,48.30873107910156,-0.24583716690540314,-0.45477360486984253,0.012716656550765038,x
9,0.012277729250490666,0.01339403260499239,13,-0.44999999999999984,-0.43999999999999984,59,-35.013729095458984,46.1235237121582,-0.24539634585380554,-0.4452189803123474,0.012813039124011993,x
9,0.012277729250490666,0.01339403260499239,14,-0.43999999999999984,-0.4299999999999998,58,-36.24089431762695,45.574466705322266,-0.2328123152256012,-0.43467843532562256,0.012783407233655453,x
9,0.012277729250490666,0.01339403260499239,15,-0.4299999999999998,-0.4199999999999998,64,-44.4820556640625,48.8775634765625,-0.18236814439296722,-0.42473533749580383,0.012812531553208828,x
9,0.012277729250490666,0.01339403260499239,16,-0.4199999999999998,-0.4099999999999998,82,-50.85063934326172,52.91822052001953,-0.1439112275838852,-0.4145593047142029,0.012795313261449337,x
9,0.012277729250490666,0.01339403260499239,17,-0.4099999999999998,-0.3999999999999998,98,-56.34421157836914,55.270111083984375,-0.11380726099014282,-0.4047758877277374,0.012786137871444225,x
9,0.012277729250490666,0.01339403260499239,18,-0.3999999999999998,-0.3899999999999998,1786,-54.23431396484375,42.42730712890625,-0.1194777712225914,-0.393530011177063,0.012861616909503937,x
9,0.012277729250490666,0.01339403260499239,19,-0.3899999999999998,-0.3799999999999998,3440,-56.64801788330078,53.07461929321289,-0.10558191686868668,-0.38487017154693604,0.012805288657546043,x
9,0.012277729250490666,0.01339403260499239,20,-0.3799999999999998,-0.3699999999999998,10638,-63.44768142700195,52.94562530517578,-0.06994414329528809,-0.37503668665885925,0.01281436812132597,x
9,0.012277729250490666,0.01339403260499239,21,-0.3699999999999998,-0.35999999999999976,1977,-64.96142578125,54.92233657836914,-0.060487423092126846,-0.36551573872566223,0.012839265167713165,x
9,0.012277729250490666,0.01339403260499239,22,-0.35999999999999976,-0.34999999999999976,1561,-55.5013313293457,57.158897399902344,-0.10279262810945511,-0.35503774881362915,0.012828230857849121,x
9,0.012277729250490666,0.01339403260499239,23,-0.34999999999999976,-0.33999999999999975,1175,-50.08876419067383,54.64943313598633,-0.12400589138269424,-0.34516024589538574,0.012826235964894295,x
9,0.012277729250490666,0.01339403260499239,24,-0.33999999999999975,-0.32999999999999974,1120,-43.9014778137207,50.67287826538086,-0.14669975638389587,-0.33493268489837646,0.012829799205064774,x
9,0.012277729250490666,0.01339403260499239,25,-0.32999999999999974,-0.31999999999999973,1188,-43.08888244628906,49.50937271118164,-0.14635257422924042,-0.32515212893486023,0.012803069315850735,x
9,0.012277729250490666,0.01339403260499239,26,-0.31999999999999973,-0.3099999999999997,970,-36.03197479248047,50.526798248291016,-0.17016606032848358,-0.31511595845222473,0.012791226617991924,x
9,0.012277729250490666,0.01339403260499239,27,-0.3099999999999997,-0.2999999999999997,940,-36.05096435546875,54.49840545654297,-0.16452574729919434,-0.30506065487861633,0.01277625747025013,x
9,0.012277729250490666,0.01339403260499239,28,-0.2999999999999997,-0.2899999999999997,941,-42.16841125488281,59.35097885131836,-0.13629013299942017,-0.29504263401031494,0.012766877189278603,x
9,0.012277729250490666,0.01339403260499239,29,-0.2899999999999997,-0.2799999999999997,985,-46.52116775512695,59.36654281616211,-0.11613433808088303,-0.28500595688819885,0.012750706635415554,x
9,0.012277729250490666,0.01339403260499239,30,-0.2799999999999997,-0.2699999999999997,967,-46.37411117553711,59.49676513671875,-0.11202745884656906,-0.2749898135662079,0.01279462594538927,x
9,0.012277729250490666,0.01339403260499239,31,-0.2699999999999997,-0.2599999999999997,1054,-48.407127380371094,61.743167877197266,-0.101155124604702,-0.26495301723480225,0.012804941274225712,x
9,0.012277729250490666,0.01339403260499239,32,-0.2599999999999997,-0.24999999999999967,1078,-47.62836837768555,61.890506744384766,-0.09976896643638611,-0.25505465269088745,0.012812923640012741,x
9,0.012277729250490666,0.01339403260499239,33,-0.24999999999999967,-0.23999999999999966,971,-46.57195281982422,66.82490539550781,-0.09903430193662643,-0.24502092599868774,0.012806125916540623,x
9,0.012277729250490666,0.01339403260499239,34,-0.23999999999999966,-0.22999999999999965,1059,-46.28182601928711,70.58426666259766,-0.09591183811426163,-0.23477892577648163,0.012768665328621864,x
9,0.012277729250490666,0.01339403260499239,35,-0.22999999999999965,-0.21999999999999964,1089,-46.77628707885742,75.04659271240234,-0.09015978127717972,-0.22489599883556366,0.012786664068698883,x
9,0.012277729250490666,0.01339403260499239,36,-0.21999999999999964,-0.20999999999999963,1155,-49.274925231933594,78.27057647705078,-0.07903704047203064,-0.2149246782064438,0.012808512896299362,x
9,0.012277729250490666,0.01339403260499239,37,-0.20999999999999963,-0.19999999999999962,1195,-53.126129150390625,83.7217025756836,-0.0651557669043541,-0.20492801070213318,0.012827870436012745,x
9,0.012277729250490666,0.01339403260499239,38,-0.19999999999999962,-0.1899999999999996,1143,-60.61545181274414,88.06433868408203,-0.04383997246623039,-0.19502702355384827,0.012818539515137672,x
9,0.012277729250490666,0.01339403260499239,39,-0.1899999999999996,-0.1799999999999996,1067,-65.98486328125,93.70562744140625,-0.02967764064669609,-0.18512369692325592,0.012793423607945442,x
9,0.012277729250490666,0.01339403260499239,40,-0.1799999999999996,-0.1699999999999996,1020,-66.45008087158203,98.07372283935547,-0.027040917426347733,-0.17510831356048584,0.012775752693414688,x
9,0.012277729250490666,0.01339403260499239,41,-0.1699999999999996,-0.1599999999999996,1022,-65.84611511230469,101.60809326171875,-0.0265133585780859,-0.1650318056344986,0.01280893012881279,x
9,0.012277729250490666,0.01339403260499239,42,-0.1599999999999996,-0.14999999999999958,1036,-53.452022552490234,105.78568267822266,-0.04916831851005554,-0.15498360991477966,0.012791645713150501,x
9,0.012277729250490666,0.01339403260499239,43,-0.14999999999999958,-0.13999999999999957,1093,-46.6804313659668,113.92601776123047,-0.058651093393564224,-0.14493031799793243,0.012804608792066574,x
9,0.012277729250490666,0.01339403260499239,44,-0.13999999999999957,-0.12999999999999956,1136,-41.17686080932617,121.10409545898438,-0.06416147202253342,-0.13491325080394745,0.01279470045119524,x
9,0.012277729250490666,0.01339403260499239,45,-0.12999999999999956,-0.11999999999999955,1241,-46.85542297363281,130.36717224121094,-0.05049629881978035,-0.12501662969589233,0.012797865085303783,x
9,0.012277729250490666,0.01339403260499239,46,-0.11999999999999955,-0.10999999999999954,1292,-46.93812942504883,138.35089111328125,-0.04606149345636368,-0.11494472622871399,0.01278835628181696,x
9,0.012277729250490666,0.01339403260499239,47,-0.10999999999999954,-0.09999999999999953,1336,-42.865238189697266,147.7809295654297,-0.04716362804174423,-0.10491934418678284,0.012795887887477875,x
9,0.012277729250490666,0.01339403260499239,48,-0.09999999999999953,-0.08999999999999952,1392,-33.551361083984375,155.88787841796875,-0.05404059216380119,-0.09497666358947754,0.012818454764783382,x
9,0.012277729250490666,0.01339403260499239,49,-0.08999999999999952,-0.07999999999999952,1442,-42.86664581298828,179.60870361328125,-0.0382489413022995,-0.08498266339302063,0.012825204990804195,x
9,0.012277729250490666,0.01339403260499239,50,-0.07999999999999952,-0.06999999999999951,1405,-55.36183166503906,204.2195281982422,-0.021888434886932373,-0.07498309761285782,0.012837975285947323,x
9,0.012277729250490666,0.01339403260499239,51,-0.06999999999999951,-0.0599999999999995,1413,-48.984642028808594,239.22923278808594,-0.024121401831507683,-0.06509210169315338,0.012863267213106155,x
9,0.012277729250490666,0.01339403260499239,52,-0.0599999999999995,-0.04999999999999949,1489,-40.238643646240234,299.9076843261719,-0.026177948340773582,-0.054973553866147995,0.012861416675150394,x
9,0.012277729250490666,0.01339403260499239,53,-0.04999999999999949,-0.03999999999999948,1613,-25.03434181213379,373.60345458984375,-0.029828252270817757,-0.04499382525682449,0.012851908802986145,x
9,0.012277729250490666,0.01339403260499239,54,-0.03999999999999948,-0.02999999999999947,1609,-50.41771697998047,466.5839538574219,-0.012219266965985298,-0.03507513180375099,0.012830664403736591,x
9,0.012277729250490666,0.01339403260499239,55,-0.02999999999999947,-0.019999999999999463,1615,-62.38673400878906,647.7412719726562,-0.004674358293414116,-0.024942757561802864,0.01284535601735115,x
9,0.012277729250490666,0.01339403260499239,56,-0.019999999999999463,-0.009999999999999454,1581,-44.46369171142578,1140.9010009765625,-0.006681548431515694,-0.014998678117990494,0.012860353104770184,x
9,0.012277729250490666,0.01339403260499239,57,-0.009999999999999454,5.551115123125783e-16,1343,16.12348747253418,5281.25146484375,-0.004495811648666859,-0.005530061200261116,0.012863364070653915,x
9,0.012277729250490666,0.01339403260499239,58,5.551115123125783e-16,0.010000000000000564,1285,-161.54971313476562,5436.01220703125,1.8520577214076184e-05,0.005471060052514076,0.012836870737373829,x
9,0.012277729250490666,0.01339403260499239,59,0.010000000000000564,0.020000000000000573,1389,-37.8235969543457,1250.3966064453125,0.008892559446394444,0.014889472164213657,0.012811834923923016,x
9,0.012277729250490666,0.01339403260499239,60,0.020000000000000573,0.030000000000000582,1338,-0.9843165874481201,712.691162109375,0.023343803361058235,0.024912970140576363,0.012804783880710602,x
9,0.012277729250490666,0.01339403260499239,61,0.030000000000000582,0.04000000000000059,1308,-2.1500935554504395,497.4611511230469,0.03334376588463783,0.03497340530157089,0.012805693782866001,x
9,0.012277729250490666,0.01339403260499239,62,0.04000000000000059,0.0500000000000006,1265,-29.441200256347656,379.41705322265625,0.028146162629127502,0.045109815895557404,0.012787328101694584,x
9,0.012277729250490666,0.01339403260499239,63,0.0500000000000006,0.06000000000000061,1305,-40.97439956665039,311.2508544921875,0.02558310702443123,0.055036090314388275,0.01281149685382843,x
9,0.012277729250490666,0.01339403260499239,64,0.06000000000000061,0.07000000000000062,1207,-63.828433990478516,258.099365234375,0.010945192538201809,0.0650211051106453,0.012840052135288715,x
9,0.012277729250490666,0.01339403260499239,65,0.07000000000000062,0.08000000000000063,1211,-79.13162994384766,223.18324279785156,-0.0020234945695847273,0.07499532401561737,0.012852717190980911,x
9,0.012277729250490666,0.01339403260499239,66,0.08000000000000063,0.09000000000000064,1173,-82.28085327148438,189.42068481445312,-0.005267636850476265,0.08498096466064453,0.012837064452469349,x
9,0.012277729250490666,0.01339403260499239,67,0.09000000000000064,0.10000000000000064,1224,-88.08401489257812,168.3209228515625,-0.012630565091967583,0.0950302705168724,0.012842678464949131,x
9,0.012277729250490666,0.01339403260499239,68,0.10000000000000064,0.11000000000000065,1299,-86.01018524169922,152.16769409179688,-0.010533525608479977,0.10503687709569931,0.01285037025809288,x
9,0.012277729250490666,0.01339403260499239,69,0.11000000000000065,0.12000000000000066,1280,-71.86326599121094,136.7914276123047,0.009239492006599903,0.11497056484222412,0.012870868667960167,x
9,0.012277729250490666,0.01339403260499239,70,0.12000000000000066,0.13000000000000067,1272,-70.62708282470703,126.0362548828125,0.012291559018194675,0.12485362589359283,0.012863807380199432,x
9,0.012277729250490666,0.01339403260499239,71,0.13000000000000067,0.14000000000000068,1249,-69.05535888671875,123.37770080566406,0.01622181572020054,0.1349833458662033,0.01284864079207182,x
9,0.012277729250490666,0.01339403260499239,72,0.14000000000000068,0.1500000000000007,1214,-67.49121856689453,116.83336639404297,0.020405126735568047,0.1449778825044632,0.012837857939302921,x
9,0.012277729250490666,0.01339403260499239,73,0.1500000000000007,0.1600000000000007,1221,-65.18363189697266,111.96458435058594,0.026578020304441452,0.15503241121768951,0.012810533866286278,x
9,0.012277729250490666,0.01339403260499239,74,0.1600000000000007,0.1700000000000007,1202,-65.72977447509766,106.04611206054688,0.02692256309092045,0.1648806780576706,0.012792767956852913,x
9,0.012277729250490666,0.01339403260499239,75,0.1700000000000007,0.18000000000000071,1087,-59.46898651123047,98.84346771240234,0.04180999472737312,0.17486149072647095,0.012813462875783443,x
9,0.012277729250490666,0.01339403260499239,76,0.18000000000000071,0.19000000000000072,1011,-52.213462829589844,91.03257751464844,0.0608707070350647,0.1850140392780304,0.012829122133553028,x
9,0.012277729250490666,0.01339403260499239,77,0.19000000000000072,0.20000000000000073,1041,-54.081329345703125,88.72794342041016,0.05974315479397774,0.19502948224544525,0.012839200906455517,x
9,0.012277729250490666,0.01339403260499239,78,0.20000000000000073,0.21000000000000074,1092,-55.335208892822266,83.87319946289062,0.059574756771326065,0.20510365068912506,0.012835013680160046,x
9,0.012277729250490666,0.01339403260499239,79,0.21000000000000074,0.22000000000000075,1137,-52.45989227294922,80.38996124267578,0.07016365975141525,0.21506673097610474,0.012840076349675655,x
9,0.012277729250490666,0.01339403260499239,80,0.22000000000000075,0.23000000000000076,1141,-55.43808364868164,80.20545196533203,0.06482095271348953,0.2249675691127777,0.01280166395008564,x
9,0.012277729250490666,0.01339403260499239,81,0.23000000000000076,0.24000000000000077,1216,-57.93224334716797,79.9651107788086,0.05978529155254364,0.23505280911922455,0.01280733197927475,x
9,0.012277729250490666,0.01339403260499239,82,0.24000000000000077,0.2500000000000008,1226,-54.8680305480957,76.6706771850586,0.07205305248498917,0.24508926272392273,0.01280326396226883,x
9,0.012277729250490666,0.01339403260499239,83,0.2500000000000008,0.2600000000000008,1319,-52.482818603515625,74.12622833251953,0.08329283446073532,0.255069375038147,0.01278587058186531,x
9,0.012277729250490666,0.01339403260499239,84,0.2600000000000008,0.2700000000000008,1383,-48.868412017822266,69.59835052490234,0.09886828064918518,0.2650546729564667,0.012810809537768364,x
9,0.012277729250490666,0.01339403260499239,85,0.2700000000000008,0.2800000000000008,1421,-51.28065490722656,68.03462219238281,0.09405860304832458,0.2749805450439453,0.012840759940445423,x
9,0.012277729250490666,0.01339403260499239,86,0.2800000000000008,0.2900000000000008,1391,-55.354217529296875,68.76797485351562,0.08314564824104309,0.2848735749721527,0.012821957468986511,x
9,0.012277729250490666,0.01339403260499239,87,0.2900000000000008,0.3000000000000008,1247,-55.60847854614258,66.56417846679688,0.08514354377985,0.29504096508026123,0.012832118198275566,x
9,0.012277729250490666,0.01339403260499239,88,0.3000000000000008,0.31000000000000083,1255,-63.66542434692383,64.93560791015625,0.05664444342255592,0.3050895035266876,0.01282067783176899,x
9,0.012277729250490666,0.01339403260499239,89,0.31000000000000083,0.32000000000000084,1457,-68.28057861328125,60.931636810302734,0.04016944393515587,0.3151637613773346,0.012823331169784069,x
9,0.012277729250490666,0.01339403260499239,90,0.32000000000000084,0.33000000000000085,1613,-75.58120727539062,59.988731384277344,0.010301117785274982,0.324929416179657,0.012849129736423492,x
9,0.012277729250490666,0.01339403260499239,91,0.33000000000000085,0.34000000000000086,1373,-78.77247619628906,60.85940933227539,-0.0025698195677250624,0.3348662853240967,0.012823875993490219,x
9,0.012277729250490666,0.01339403260499239,92,0.34000000000000086,0.35000000000000087,1298,-82.41006469726562,59.03167724609375,-0.018980316817760468,0.34510180354118347,0.012818602845072746,x
9,0.012277729250490666,0.01339403260499239,93,0.35000000000000087,0.3600000000000009,1431,-83.55840301513672,60.293251037597656,-0.023909883573651314,0.3551740348339081,0.01279720850288868,x
9,0.012277729250490666,0.01339403260499239,94,0.3600000000000009,0.3700000000000009,3256,-58.18202590942383,55.51313018798828,0.09450114518404007,0.3665774464607239,0.012804483994841576,x
9,0.012277729250490666,0.01339403260499239,95,0.3700000000000009,0.3800000000000009,8072,-38.11001205444336,45.987239837646484,0.1915295124053955,0.37364816665649414,0.012802223674952984,x
9,0.012277729250490666,0.01339403260499239,96,0.3800000000000009,0.3900000000000009,1974,-35.37740707397461,38.39545440673828,0.2108408659696579,0.38450226187705994,0.012809357605874538,x
9,0.012277729250490666,0.01339403260499239,97,0.3900000000000009,0.4000000000000009,762,-34.428993225097656,36.632511138916016,0.21981766819953918,0.3928575813770294,0.012833274900913239,x
9,0.012277729250490666,0.01339403260499239,98,0.4000000000000009,0.4100000000000009,125,-72.44567108154297,55.13148880004883,0.027300063520669937,0.4047451615333557,0.012881862930953503,x
9,0.012277729250490666,0.01339403260499239,99,0.4100000000000009,0.42000000000000093,111,-91.77533721923828,49.44629669189453,-0.07341188937425613,0.4148496985435486,0.012838242575526237,x
9,0.012277729250490666,0.01339403260499239,100,0.42000000000000093,0.43000000000000094,98,-95.2978515625,53.243408203125,-0.09633887559175491,0.4249107539653778,0.012859717942774296,x
9,0.012277729250490666,0.01339403260499239,101,0.43000000000000094,0.44000000000000095,97,-85.21195220947266,59.11542892456055,-0.038064587861299515,0.434904009103775,0.012806211598217487,x
9,0.012277729250490666,0.01339403260499239,102,0.44000000000000095,0.45000000000000095,87,-92.9143295288086,56.38016128540039,-0.08254551887512207,0.4447074830532074,0.01277318224310875,x
9,0.012277729250490666,0.01339403260499239,103,0.45000000000000095,0.46000000000000096,85,-82.41262817382812,59.30188751220703,-0.024294188246130943,0.4554038643836975,0.012799207121133804,x
9,0.012277729250490666,0.01339403260499239,104,0.46000000000000096,0.470000000000001,85,-82.34235382080078,58.919677734375,-0.02419362962245941,0.4653089642524719,0.012805722653865814,x
9,0.012277729250490666,0.01339403260499239,105,0.470000000000001,0.480000000000001,70,-94.12215423583984,55.093563079833984,-0.09760808944702148,0.47532522678375244,0.012839247472584248,x
9,0.012277729250490666,0.01339403260499239,106,0.480000000000001,0.490000000000001,62,-85.17076110839844,58.613162994384766,-0.046046700328588486,0.4849303364753723,0.01284822728484869,x
9,0.012277729250490666,0.01339403260499239,107,0.490000000000001,0.500000000000001,37,-71.44906616210938,61.87436294555664,0.044825851917266846,0.4953426718711853,0.01274398248642683,x
9,0.012277729250490666,0.01339403260499239,108,0.500000000000001,0.510000000000001,51,-47.843727111816406,58.44216537475586,0.19402733445167542,0.5048869848251343,0.012731929309666157,x
9,0.012277729250490666,0.01339403260499239,109,0.510000000000001,0.520000000000001,23,-13.72836685180664,36.75035858154297,0.42240387201309204,0.5145106315612793,0.012955470010638237,x
9,0.012277729250490666,0.01339403260499239,110,0.520000000000001,0.530000000000001,16,-0.07758823037147522,1.4253548383712769,0.5251140594482422,0.5256527066230774,0.012724903412163258,x
9,0.012277729250490666,0.01339403260499239,111,0.530000000000001,0.540000000000001,14,-1.1775482892990112,6.9610185623168945,0.5271387100219727,0.5347471833229065,0.0129490215331316,x
9,0.012277729250490666,0.01339403260499239,112,0.540000000000001,0.550000000000001,17,0.6609127521514893,0.8380234837532043,0.5497587323188782,0.5451241135597229,0.012692950665950775,x
10,0.01339403260499239,0.014814423210918904,2,-0.5599999999999999,-0.5499999999999999,15,-16.536869049072266,42.835044860839844,-0.4213621914386749,-0.5516638159751892,0.014400430954992771,x
10,0.01339403260499239,0.014814423210918904,3,-0.5499999999999999,-0.5399999999999999,41,-8.057144165039062,29.359752655029297,-0.4852258563041687,-0.5451960563659668,0.014022409915924072,x
10,0.01339403260499239,0.014814423210918904,4,-0.5399999999999999,-0.5299999999999999,43,-30.28510856628418,42.769317626953125,-0.3030818998813629,-0.5346049666404724,0.014165326952934265,x
10,0.01339403260499239,0.014814423210918904,5,-0.5299999999999999,-0.5199999999999999,58,-31.752595901489258,42.186744689941406,-0.2901704013347626,-0.5247625112533569,0.014020176604390144,x
10,0.01339403260499239,0.014814423210918904,6,-0.5199999999999999,-0.5099999999999999,52,-23.98923110961914,39.34169387817383,-0.33947211503982544,-0.515190601348877,0.014202370308339596,x
10,0.01339403260499239,0.014814423210918904,7,-0.5099999999999999,-0.4999999999999999,60,-31.185094833374023,43.31692123413086,-0.2840496599674225,-0.5048794150352478,0.014079592190682888,x
10,0.01339403260499239,0.014814423210918904,8,-0.4999999999999999,-0.4899999999999999,60,-35.03096008300781,44.4539909362793,-0.2507998049259186,-0.495341420173645,0.014077574945986271,x
10,0.01339403260499239,0.014814423210918904,9,-0.4899999999999999,-0.47999999999999987,44,-41.000091552734375,48.27894973754883,-0.20476080477237701,-0.48539817333221436,0.014030099846422672,x
10,0.01339403260499239,0.014814423210918904,10,-0.47999999999999987,-0.46999999999999986,40,-43.30623245239258,49.40353012084961,-0.1868612915277481,-0.47477245330810547,0.014054876752197742,x
10,0.01339403260499239,0.014814423210918904,11,-0.46999999999999986,-0.45999999999999985,51,-51.462158203125,50.13391876220703,-0.12880496680736542,-0.46458253264427185,0.014111141674220562,x
10,0.01339403260499239,0.014814423210918904,12,-0.45999999999999985,-0.44999999999999984,53,-35.55555725097656,45.366966247558594,-0.2275124341249466,-0.45487818121910095,0.014095133170485497,x
10,0.01339403260499239,0.014814423210918904,13,-0.44999999999999984,-0.43999999999999984,66,-34.84634017944336,44.31938171386719,-0.22625625133514404,-0.4446004331111908,0.014105590991675854,x
10,0.01339403260499239,0.014814423210918904,14,-0.43999999999999984,-0.4299999999999998,71,-38.63727569580078,44.690460205078125,-0.19994227588176727,-0.43477678298950195,0.014043567702174187,x
10,0.01339403260499239,0.014814423210918904,15,-0.4299999999999998,-0.4199999999999998,76,-48.615264892578125,49.498470306396484,-0.13544422388076782,-0.42470574378967285,0.014000303111970425,x
10,0.01339403260499239,0.014814423210918904,16,-0.4199999999999998,-0.4099999999999998,81,-49.924259185791016,47.82653045654297,-0.1250808984041214,-0.41497671604156494,0.014054888859391212,x
10,0.01339403260499239,0.014814423210918904,17,-0.4099999999999998,-0.3999999999999998,95,-46.705230712890625,49.15866470336914,-0.13771483302116394,-0.40501147508621216,0.01409152802079916,x
10,0.01339403260499239,0.014814423210918904,18,-0.3999999999999998,-0.3899999999999998,1683,-54.2305793762207,43.94198989868164,-0.09498918801546097,-0.39366254210472107,0.013990648090839386,x
10,0.01339403260499239,0.014814423210918904,19,-0.3899999999999998,-0.3799999999999998,3275,-67.69290161132812,47.874671936035156,-0.018873367458581924,-0.38463014364242554,0.014075121842324734,x
10,0.01339403260499239,0.014814423210918904,20,-0.3799999999999998,-0.3699999999999998,8789,-61.04111099243164,51.481178283691406,-0.05399315804243088,-0.37496426701545715,0.0140345124527812,x
10,0.01339403260499239,0.014814423210918904,21,-0.3699999999999998,-0.35999999999999976,1801,-54.679161071777344,53.424903869628906,-0.08479643613100052,-0.36594095826148987,0.014063083566725254,x
10,0.01339403260499239,0.014814423210918904,22,-0.35999999999999976,-0.34999999999999976,1186,-52.63750076293945,52.84099197387695,-0.09064313769340515,-0.35497981309890747,0.014087245799601078,x
10,0.01339403260499239,0.014814423210918904,23,-0.34999999999999976,-0.33999999999999975,1027,-44.97501754760742,50.34104537963867,-0.1257925033569336,-0.3451060354709625,0.01406801026314497,x
10,0.01339403260499239,0.014814423210918904,24,-0.33999999999999975,-0.32999999999999974,939,-45.65027618408203,50.7666130065918,-0.12033527344465256,-0.33520039916038513,0.01401457004249096,x
10,0.01339403260499239,0.014814423210918904,25,-0.32999999999999974,-0.31999999999999973,741,-48.999969482421875,58.23101806640625,-0.10098215192556381,-0.32513996958732605,0.014055538922548294,x
10,0.01339403260499239,0.014814423210918904,26,-0.31999999999999973,-0.3099999999999997,663,-49.63784408569336,60.8471794128418,-0.09513647854328156,-0.3151969611644745,0.014091822318732738,x
10,0.01339403260499239,0.014814423210918904,27,-0.3099999999999997,-0.2999999999999997,697,-42.39011001586914,60.859825134277344,-0.12287504225969315,-0.3049975633621216,0.014093462377786636,x
10,0.01339403260499239,0.014814423210918904,28,-0.2999999999999997,-0.2899999999999997,806,-31.634462356567383,60.74397277832031,-0.16322797536849976,-0.2949974834918976,0.014091761782765388,x
10,0.01339403260499239,0.014814423210918904,29,-0.2899999999999997,-0.2799999999999997,750,-35.1816520690918,62.26688766479492,-0.14339596033096313,-0.2851046621799469,0.014096774160861969,x
10,0.01339403260499239,0.014814423210918904,30,-0.2799999999999997,-0.2699999999999997,759,-39.76053237915039,62.58882141113281,-0.12004005163908005,-0.27505719661712646,0.014090163633227348,x
10,0.01339403260499239,0.014814423210918904,31,-0.2699999999999997,-0.2599999999999997,784,-45.623565673828125,62.512184143066406,-0.09440459311008453,-0.2650737464427948,0.014100417494773865,x
10,0.01339403260499239,0.014814423210918904,32,-0.2599999999999997,-0.24999999999999967,863,-48.50410842895508,61.16886520385742,-0.08139728754758835,-0.25488975644111633,0.014050007797777653,x
10,0.01339403260499239,0.014814423210918904,33,-0.24999999999999967,-0.23999999999999966,938,-50.336421966552734,62.57710647583008,-0.07250337302684784,-0.2448234260082245,0.014012991450726986,x
10,0.01339403260499239,0.014814423210918904,34,-0.23999999999999966,-0.22999999999999965,990,-50.318809509277344,63.43628692626953,-0.06959442794322968,-0.23508457839488983,0.01401243731379509,x
10,0.01339403260499239,0.014814423210918904,35,-0.22999999999999965,-0.21999999999999964,1000,-51.645912170410156,64.79255676269531,-0.06253062933683395,-0.22506602108478546,0.01401028037071228,x
10,0.01339403260499239,0.014814423210918904,36,-0.21999999999999964,-0.20999999999999963,1044,-56.66779708862305,70.04441833496094,-0.04390938952565193,-0.21497756242752075,0.01405058428645134,x
10,0.01339403260499239,0.014814423210918904,37,-0.20999999999999963,-0.19999999999999962,1079,-53.56572341918945,71.70662689208984,-0.05018583685159683,-0.20498666167259216,0.014074476435780525,x
10,0.01339403260499239,0.014814423210918904,38,-0.19999999999999962,-0.1899999999999996,1114,-51.139835357666016,76.11917877197266,-0.0541505441069603,-0.19490452110767365,0.014088967815041542,x
10,0.01339403260499239,0.014814423210918904,39,-0.1899999999999996,-0.1799999999999996,1157,-48.540557861328125,77.54940795898438,-0.057730551809072495,-0.18500445783138275,0.0140996053814888,x
10,0.01339403260499239,0.014814423210918904,40,-0.1799999999999996,-0.1699999999999996,1148,-45.87066650390625,79.65575408935547,-0.061273157596588135,-0.17503298819065094,0.014108357019722462,x
10,0.01339403260499239,0.014814423210918904,41,-0.1699999999999996,-0.1599999999999996,1135,-46.62491989135742,84.4455337524414,-0.05593253672122955,-0.16503114998340607,0.01414802111685276,x
10,0.01339403260499239,0.014814423210918904,42,-0.1599999999999996,-0.14999999999999958,1119,-46.15888214111328,90.87548065185547,-0.053675103932619095,-0.15493252873420715,0.014145780354738235,x
10,0.01339403260499239,0.014814423210918904,43,-0.14999999999999958,-0.13999999999999957,1194,-47.14858627319336,97.84098815917969,-0.0481468103826046,-0.14500485360622406,0.014141418039798737,x
10,0.01339403260499239,0.014814423210918904,44,-0.13999999999999957,-0.12999999999999956,1229,-43.47035217285156,107.22368621826172,-0.0518663115799427,-0.13497528433799744,0.01414364855736494,x
10,0.01339403260499239,0.014814423210918904,45,-0.12999999999999956,-0.11999999999999955,1264,-40.45362091064453,115.1016616821289,-0.05347045511007309,-0.12491924315690994,0.014129016548395157,x
10,0.01339403260499239,0.014814423210918904,46,-0.11999999999999955,-0.10999999999999954,1361,-39.638092041015625,128.6765594482422,-0.05087035894393921,-0.11491832137107849,0.014110035263001919,x
10,0.01339403260499239,0.014814423210918904,47,-0.10999999999999954,-0.09999999999999953,1470,-43.96415710449219,139.298095703125,-0.040086980909109116,-0.10503720492124557,0.014128685928881168,x
10,0.01339403260499239,0.014814423210918904,48,-0.09999999999999953,-0.08999999999999952,1606,-43.676700592041016,152.71441650390625,-0.036942627280950546,-0.09498467296361923,0.014119147323071957,x
10,0.01339403260499239,0.014814423210918904,49,-0.08999999999999952,-0.07999999999999952,1649,-41.08315658569336,160.81271362304688,-0.03591707721352577,-0.08489271998405457,0.014118274673819542,x
10,0.01339403260499239,0.014814423210918904,50,-0.07999999999999952,-0.06999999999999951,1692,-41.81135940551758,185.47596740722656,-0.03098263218998909,-0.07496793568134308,0.014118378050625324,x
10,0.01339403260499239,0.014814423210918904,51,-0.06999999999999951,-0.0599999999999995,1688,-51.44264602661133,218.35922241210938,-0.018553005531430244,-0.06494561582803726,0.01409340649843216,x
10,0.01339403260499239,0.014814423210918904,52,-0.0599999999999995,-0.04999999999999949,1748,-51.03099060058594,256.73638916015625,-0.01599917560815811,-0.055013250559568405,0.014061844907701015,x
10,0.01339403260499239,0.014814423210918904,53,-0.04999999999999949,-0.03999999999999948,1776,-42.767356872558594,320.3314208984375,-0.017987830564379692,-0.04492384195327759,0.014066679403185844,x
10,0.01339403260499239,0.014814423210918904,54,-0.03999999999999948,-0.02999999999999947,1828,-49.69844436645508,400.14556884765625,-0.010817737318575382,-0.034954287111759186,0.01408392284065485,x
10,0.01339403260499239,0.014814423210918904,55,-0.02999999999999947,-0.019999999999999463,1757,-55.26803207397461,572.6019287109375,-0.006028162781149149,-0.024975808337330818,0.014075987972319126,x
10,0.01339403260499239,0.014814423210918904,56,-0.019999999999999463,-0.009999999999999454,1706,-78.36034393310547,991.481201171875,0.0010916138999164104,-0.015007220208644867,0.014098401181399822,x
10,0.01339403260499239,0.014814423210918904,57,-0.009999999999999454,5.551115123125783e-16,1526,46.99995803833008,4648.75146484375,-0.004260733257979155,-0.005436717066913843,0.014080960303544998,x
10,0.01339403260499239,0.014814423210918904,58,5.551115123125783e-16,0.010000000000000564,1556,12.461158752441406,4433.4931640625,0.0054216827265918255,0.005471208598464727,0.014085514470934868,x
10,0.01339403260499239,0.014814423210918904,59,0.010000000000000564,0.020000000000000573,1691,-34.41337585449219,1013.1128540039062,0.007276342250406742,0.014985978603363037,0.014088890515267849,x
10,0.01339403260499239,0.014814423210918904,60,0.020000000000000573,0.030000000000000582,1706,-65.15017700195312,601.5794067382812,0.0021318343933671713,0.025018703192472458,0.014105835929512978,x
10,0.01339403260499239,0.014814423210918904,61,0.030000000000000582,0.04000000000000059,1685,-53.48362350463867,434.0887451171875,0.008300640620291233,0.035005077719688416,0.01410286221653223,x
10,0.01339403260499239,0.014814423210918904,62,0.04000000000000059,0.0500000000000006,1706,-67.96875,335.45404052734375,0.0018625203520059586,0.044987794011831284,0.014094925485551357,x
10,0.01339403260499239,0.014814423210918904,63,0.0500000000000006,0.06000000000000061,1688,-68.34477996826172,276.663330078125,0.0016740396386012435,0.055029164999723434,0.014075971208512783,x
10,0.01339403260499239,0.014814423210918904,64,0.06000000000000061,0.07000000000000062,1734,-60.974830627441406,228.4503173828125,0.009393739514052868,0.06503676623106003,0.014057883061468601,x
10,0.01339403260499239,0.014814423210918904,65,0.07000000000000062,0.08000000000000063,1737,-60.482666015625,202.4500274658203,0.01190651673823595,0.07491601258516312,0.014041764661669731,x
10,0.01339403260499239,0.014814423210918904,66,0.08000000000000063,0.09000000000000064,1694,-59.32223129272461,180.28431701660156,0.015433765947818756,0.08488451689481735,0.014007111079990864,x
10,0.01339403260499239,0.014814423210918904,67,0.09000000000000064,0.10000000000000064,1562,-50.159122467041016,158.17056274414062,0.029179826378822327,0.09496418386697769,0.014000976458191872,x
10,0.01339403260499239,0.014814423210918904,68,0.10000000000000064,0.11000000000000065,1449,-48.79522705078125,141.72059631347656,0.03370889648795128,0.10492997616529465,0.014030035585165024,x
10,0.01339403260499239,0.014814423210918904,69,0.11000000000000065,0.12000000000000066,1337,-53.25267028808594,130.37875366210938,0.02937866374850273,0.11496763676404953,0.014033021405339241,x
10,0.01339403260499239,0.014814423210918904,70,0.12000000000000066,0.13000000000000067,1272,-60.88337707519531,123.01943969726562,0.017608623951673508,0.12500165402889252,0.014077000319957733,x
10,0.01339403260499239,0.014814423210918904,71,0.13000000000000067,0.14000000000000068,1227,-61.7496452331543,115.73013305664062,0.016798360273241997,0.1349383294582367,0.014103841967880726,x
10,0.01339403260499239,0.014814423210918904,72,0.14000000000000068,0.1500000000000007,1198,-63.049888610839844,110.2287826538086,0.015121660195291042,0.1448938250541687,0.014127148315310478,x
10,0.01339403260499239,0.014814423210918904,73,0.1500000000000007,0.1600000000000007,1189,-63.78904342651367,102.60598754882812,0.015155510045588017,0.15490572154521942,0.014119238592684269,x
10,0.01339403260499239,0.014814423210918904,74,0.1600000000000007,0.1700000000000007,1141,-60.426395416259766,93.8694839477539,0.024022741243243217,0.1649932712316513,0.014141122810542583,x
10,0.01339403260499239,0.014814423210918904,75,0.1700000000000007,0.18000000000000071,1129,-61.612667083740234,90.30390930175781,0.02294844575226307,0.174979105591774,0.014134756289422512,x
10,0.01339403260499239,0.014814423210918904,76,0.18000000000000071,0.19000000000000072,1093,-60.27490997314453,85.39392852783203,0.027936169877648354,0.18494880199432373,0.014113765209913254,x
10,0.01339403260499239,0.014814423210918904,77,0.19000000000000072,0.20000000000000073,1129,-62.083351135253906,84.32093811035156,0.02396390773355961,0.1949971318244934,0.014150446280837059,x
10,0.01339403260499239,0.014814423210918904,78,0.20000000000000073,0.21000000000000074,1108,-57.21610641479492,82.10560607910156,0.03974876180291176,0.20496390759944916,0.014096124097704887,x
10,0.01339403260499239,0.014814423210918904,79,0.21000000000000074,0.22000000000000075,1051,-63.95845413208008,79.44058227539062,0.021597247570753098,0.2149045467376709,0.014076871797442436,x
10,0.01339403260499239,0.014814423210918904,80,0.22000000000000075,0.23000000000000076,1051,-60.70826721191406,76.99827575683594,0.03320067748427391,0.22504167258739471,0.014067011885344982,x
10,0.01339403260499239,0.014814423210918904,81,0.23000000000000076,0.24000000000000077,1031,-59.742130279541016,73.18053436279297,0.03721437603235245,0.23506735265254974,0.014104001224040985,x
10,0.01339403260499239,0.014814423210918904,82,0.24000000000000077,0.2500000000000008,1072,-59.09856033325195,70.56575775146484,0.04086296632885933,0.2450813502073288,0.01408318430185318,x
10,0.01339403260499239,0.014814423210918904,83,0.2500000000000008,0.2600000000000008,1051,-61.68645095825195,68.812255859375,0.03473377972841263,0.2550905644893646,0.014029815793037415,x
10,0.01339403260499239,0.014814423210918904,84,0.2600000000000008,0.2700000000000008,1046,-61.68625259399414,65.56302642822266,0.03584352880716324,0.26491579413414,0.014057411812245846,x
10,0.01339403260499239,0.014814423210918904,85,0.2700000000000008,0.2800000000000008,1108,-55.56802749633789,64.74288940429688,0.060851871967315674,0.2751058340072632,0.014045009389519691,x
10,0.01339403260499239,0.014814423210918904,86,0.2800000000000008,0.2900000000000008,1334,-57.964385986328125,65.8769302368164,0.05237056687474251,0.28513309359550476,0.014068160206079483,x
10,0.01339403260499239,0.014814423210918904,87,0.2900000000000008,0.3000000000000008,1339,-50.665164947509766,62.030921936035156,0.08425816148519516,0.29488405585289,0.014102050103247166,x
10,0.01339403260499239,0.014814423210918904,88,0.3000000000000008,0.31000000000000083,1291,-56.119407653808594,63.053192138671875,0.06363711506128311,0.3049144446849823,0.014089151285588741,x
10,0.01339403260499239,0.014814423210918904,89,0.31000000000000083,0.32000000000000084,1291,-55.75498580932617,59.643524169921875,0.06812378764152527,0.31491217017173767,0.014052999205887318,x
10,0.01339403260499239,0.014814423210918904,90,0.32000000000000084,0.33000000000000085,1316,-57.866695404052734,56.62005615234375,0.061901967972517014,0.3251141905784607,0.013990744017064571,x
10,0.01339403260499239,0.014814423210918904,91,0.33000000000000085,0.34000000000000086,1371,-57.21189880371094,51.119300842285156,0.06602206826210022,0.33490926027297974,0.014044402167201042,x
10,0.01339403260499239,0.014814423210918904,92,0.34000000000000086,0.35000000000000087,1341,-61.83539581298828,52.612186431884766,0.04534349590539932,0.3451671302318573,0.014078639447689056,x
10,0.01339403260499239,0.014814423210918904,93,0.35000000000000087,0.3600000000000009,1499,-65.73634338378906,53.659889221191406,0.027032002806663513,0.35521647334098816,0.014074554666876793,x
10,0.01339403260499239,0.014814423210918904,94,0.3600000000000009,0.3700000000000009,3196,-49.952880859375,49.971614837646484,0.1089538112282753,0.3665614128112793,0.014088066294789314,x
10,0.01339403260499239,0.014814423210918904,95,0.3700000000000009,0.3800000000000009,7047,-38.195003509521484,44.48966979980469,0.17297108471393585,0.37380698323249817,0.014052266255021095,x
10,0.01339403260499239,0.014814423210918904,96,0.3800000000000009,0.3900000000000009,2603,-21.931760787963867,34.87434387207031,0.2658388018608093,0.3843173086643219,0.01414710283279419,x
10,0.01339403260499239,0.014814423210918904,97,0.3900000000000009,0.4000000000000009,933,-28.263137817382812,32.67937469482422,0.2375713288784027,0.3930166959762573,0.01397543866187334,x
10,0.01339403260499239,0.014814423210918904,98,0.4000000000000009,0.4100000000000009,127,-55.392578125,47.260677337646484,0.09021826088428497,0.4047265946865082,0.014131162315607071,x
10,0.01339403260499239,0.014814423210918904,99,0.4100000000000009,0.42000000000000093,141,-56.07496643066406,48.711917877197266,0.08609042316675186,0.4151197373867035,0.014134206809103489,x
10,0.01339403260499239,0.014814423210918904,100,0.42000000000000093,0.43000000000000094,130,-68.387939453125,49.90807342529297,0.017145926132798195,0.4248609244823456,0.014022964984178543,x
10,0.01339403260499239,0.014814423210918904,101,0.43000000000000094,0.44000000000000095,133,-71.50899505615234,49.0829963684082,-0.002525860210880637,0.43439799547195435,0.014070551842451096,x
10,0.01339403260499239,0.014814423210918904,102,0.44000000000000095,0.45000000000000095,111,-69.4227523803711,47.2159538269043,0.010028654709458351,0.44505682587623596,0.014118923805654049,x
10,0.01339403260499239,0.014814423210918904,103,0.45000000000000095,0.46000000000000096,88,-76.94119262695312,49.13813400268555,-0.03603799268603325,0.4548821747303009,0.014097950421273708,x
10,0.01339403260499239,0.014814423210918904,104,0.46000000000000096,0.470000000000001,80,-66.84839630126953,55.65231704711914,0.029238084331154823,0.4649825990200043,0.014046765863895416,x
10,0.01339403260499239,0.014814423210918904,105,0.470000000000001,0.480000000000001,68,-59.66426467895508,54.52252197265625,0.07850391417741776,0.4747810959815979,0.013993572443723679,x
10,0.01339403260499239,0.014814423210918904,106,0.480000000000001,0.490000000000001,55,-68.34728240966797,57.635501861572266,0.02108960598707199,0.48491519689559937,0.014071197248995304,x
10,0.01339403260499239,0.014814423210918904,107,0.490000000000001,0.500000000000001,57,-78.35702514648438,56.81385040283203,-0.05046192556619644,0.4947224259376526,0.014077984727919102,x
10,0.01339403260499239,0.014814423210918904,108,0.500000000000001,0.510000000000001,52,-62.319095611572266,56.3897819519043,0.05967458710074425,0.505279004573822,0.014175793156027794,x
10,0.01339403260499239,0.014814423210918904,109,0.510000000000001,0.520000000000001,48,-56.58633804321289,56.95756530761719,0.10869171470403671,0.514922559261322,0.014029137790203094,x
10,0.01339403260499239,0.014814423210918904,110,0.520000000000001,0.530000000000001,33,-34.08995819091797,51.85116958618164,0.26685112714767456,0.5244296789169312,0.014190097339451313,x
10,0.01339403260499239,0.014814423210918904,111,0.530000000000001,0.540000000000001,30,-1.0937246084213257,4.293274879455566,0.5272229313850403,0.5357987880706787,0.01411614939570427,x
10,0.01339403260499239,0.014814423210918904,112,0.540000000000001,0.550000000000001,22,0.5754159688949585,1.121437430381775,0.5486622452735901,0.544240415096283,0.014083201065659523,x
11,0.014814423210918904,0.0168581448495388,2,-0.5599999999999999,-0.5499999999999999,32,-10.22469711303711,31.55195426940918,-0.46483203768730164,-0.5536258220672607,0.015857171267271042,x
11,0.014814423210918904,0.0168581448495388,3,-0.5499999999999999,-0.5399999999999999,43,-35.90768814086914,43.16338348388672,-0.23581065237522125,-0.5444508194923401,0.01584497094154358,x
11,0.014814423210918904,0.0168581448495388,4,-0.5399999999999999,-0.5299999999999999,55,-29.693265914916992,40.2608642578125,-0.287821888923645,-0.5347794890403748,0.01571972668170929,x
11,0.014814423210918904,0.0168581448495388,5,-0.5299999999999999,-0.5199999999999999,57,-19.28001594543457,34.70545196533203,-0.3669764995574951,-0.5250537395477295,0.01566888578236103,x
11,0.014814423210918904,0.0168581448495388,6,-0.5199999999999999,-0.5099999999999999,44,-33.438209533691406,40.949180603027344,-0.24240294098854065,-0.5143044590950012,0.0157732293009758,x
11,0.014814423210918904,0.0168581448495388,7,-0.5099999999999999,-0.4999999999999999,55,-30.631710052490234,38.671451568603516,-0.2638634741306305,-0.5052088499069214,0.015704670920968056,x
11,0.014814423210918904,0.0168581448495388,8,-0.4999999999999999,-0.4899999999999999,38,-34.88500213623047,38.993125915527344,-0.2207404226064682,-0.4952773153781891,0.01586209610104561,x
11,0.014814423210918904,0.0168581448495388,9,-0.4899999999999999,-0.47999999999999987,34,-31.754247665405273,39.24436569213867,-0.24373343586921692,-0.48547133803367615,0.015770966187119484,x
11,0.014814423210918904,0.0168581448495388,10,-0.47999999999999987,-0.46999999999999986,48,-51.59477615356445,45.55266189575195,-0.08963950723409653,-0.47508978843688965,0.015776364132761955,x
11,0.014814423210918904,0.0168581448495388,11,-0.46999999999999986,-0.45999999999999985,50,-35.96879959106445,41.28548812866211,-0.1996999979019165,-0.46498093008995056,0.015797140076756477,x
11,0.014814423210918904,0.0168581448495388,12,-0.45999999999999985,-0.44999999999999984,60,-37.662479400634766,41.593406677246094,-0.18414191901683807,-0.45527756214141846,0.01578609272837639,x
11,0.014814423210918904,0.0168581448495388,13,-0.44999999999999984,-0.43999999999999984,61,-33.36674118041992,36.272979736328125,-0.21019764244556427,-0.4452018737792969,0.015739096328616142,x
11,0.014814423210918904,0.0168581448495388,14,-0.43999999999999984,-0.4299999999999998,64,-41.29447937011719,42.29531478881836,-0.15357600152492523,-0.4346635043621063,0.015683874487876892,x
11,0.014814423210918904,0.0168581448495388,15,-0.4299999999999998,-0.4199999999999998,53,-38.52836990356445,40.61839294433594,-0.1653369665145874,-0.4253230690956116,0.015792375430464745,x
11,0.014814423210918904,0.0168581448495388,16,-0.4199999999999998,-0.4099999999999998,78,-33.88715362548828,39.13639831542969,-0.19325733184814453,-0.4144250452518463,0.01584472320973873,x
11,0.014814423210918904,0.0168581448495388,17,-0.4099999999999998,-0.3999999999999998,141,-44.19334030151367,44.35396957397461,-0.12138985097408295,-0.40467557311058044,0.015861082822084427,x
11,0.014814423210918904,0.0168581448495388,18,-0.3999999999999998,-0.3899999999999998,1243,-44.762733459472656,40.648014068603516,-0.11676372587680817,-0.39324548840522766,0.015756037086248398,x
11,0.014814423210918904,0.0168581448495388,19,-0.3899999999999998,-0.3799999999999998,3890,-59.291622161865234,42.92947006225586,-0.025479694828391075,-0.3846321403980255,0.015766002237796783,x
11,0.014814423210918904,0.0168581448495388,20,-0.3799999999999998,-0.3699999999999998,8607,-50.180152893066406,45.16233444213867,-0.07839126139879227,-0.375130832195282,0.0157933309674263,x
11,0.014814423210918904,0.0168581448495388,21,-0.3699999999999998,-0.35999999999999976,2123,-51.711402893066406,47.199302673339844,-0.06697870790958405,-0.3659563660621643,0.015778381377458572,x
11,0.014814423210918904,0.0168581448495388,22,-0.35999999999999976,-0.34999999999999976,1331,-50.75775909423828,46.26289367675781,-0.07095980644226074,-0.35498031973838806,0.015786446630954742,x
11,0.014814423210918904,0.0168581448495388,23,-0.34999999999999976,-0.33999999999999975,1060,-49.429012298583984,45.406036376953125,-0.07636282593011856,-0.3451153635978699,0.015801789239048958,x
11,0.014814423210918904,0.0168581448495388,24,-0.33999999999999975,-0.32999999999999974,963,-41.51981735229492,46.49009323120117,-0.11591961979866028,-0.3350791931152344,0.015839995816349983,x
11,0.014814423210918904,0.0168581448495388,25,-0.32999999999999974,-0.31999999999999973,935,-37.98188781738281,47.26560592651367,-0.13020426034927368,-0.32509469985961914,0.01580350659787655,x
11,0.014814423210918904,0.0168581448495388,26,-0.31999999999999973,-0.3099999999999997,951,-36.4250373840332,50.87548065185547,-0.13360093533992767,-0.3149775266647339,0.015815990045666695,x
11,0.014814423210918904,0.0168581448495388,27,-0.3099999999999997,-0.2999999999999997,964,-35.179710388183594,51.866485595703125,-0.1360841691493988,-0.3050597310066223,0.015839671716094017,x
11,0.014814423210918904,0.0168581448495388,28,-0.2999999999999997,-0.2899999999999997,933,-37.15790939331055,52.81620407104492,-0.12174952030181885,-0.2949161231517792,0.015848474577069283,x
11,0.014814423210918904,0.0168581448495388,29,-0.2899999999999997,-0.2799999999999997,1001,-35.315250396728516,54.60182189941406,-0.12619918584823608,-0.2848700284957886,0.015824949368834496,x
11,0.014814423210918904,0.0168581448495388,30,-0.2799999999999997,-0.2699999999999997,991,-35.066795349121094,55.161949157714844,-0.12343607097864151,-0.2750372290611267,0.015834491699934006,x
11,0.014814423210918904,0.0168581448495388,31,-0.2699999999999997,-0.2599999999999997,997,-37.17393112182617,56.80085372924805,-0.11007421463727951,-0.2650143504142761,0.015803612768650055,x
11,0.014814423210918904,0.0168581448495388,32,-0.2599999999999997,-0.24999999999999967,1052,-39.265132904052734,58.76896667480469,-0.09801414608955383,-0.25498631596565247,0.01578020304441452,x
11,0.014814423210918904,0.0168581448495388,33,-0.24999999999999967,-0.23999999999999966,1113,-41.14284896850586,59.554664611816406,-0.08660878241062164,-0.2449616640806198,0.015797926113009453,x
11,0.014814423210918904,0.0168581448495388,34,-0.23999999999999966,-0.22999999999999965,1103,-39.366355895996094,61.30116653442383,-0.08960911631584167,-0.2349279671907425,0.015798266977071762,x
11,0.014814423210918904,0.0168581448495388,35,-0.22999999999999965,-0.21999999999999964,1095,-38.741336822509766,63.30361557006836,-0.08853363990783691,-0.22491362690925598,0.015764817595481873,x
11,0.014814423210918904,0.0168581448495388,36,-0.21999999999999964,-0.20999999999999963,1100,-36.5212287902832,64.12187194824219,-0.09241926670074463,-0.21493399143218994,0.01575237698853016,x
11,0.014814423210918904,0.0168581448495388,37,-0.20999999999999963,-0.19999999999999962,1137,-36.570411682128906,64.99395751953125,-0.08777792751789093,-0.20493943989276886,0.015783654525876045,x
11,0.014814423210918904,0.0168581448495388,38,-0.19999999999999962,-0.1899999999999996,1115,-37.24375534057617,67.12921142578125,-0.08197659254074097,-0.1949925720691681,0.015757029876112938,x
11,0.014814423210918904,0.0168581448495388,39,-0.1899999999999996,-0.1799999999999996,1187,-35.95954895019531,71.1552963256836,-0.08124924451112747,-0.18494246900081635,0.0157465897500515,x
11,0.014814423210918904,0.0168581448495388,40,-0.1799999999999996,-0.1699999999999996,1270,-31.793922424316406,73.67582702636719,-0.08809272199869156,-0.1748930960893631,0.015766756609082222,x
11,0.014814423210918904,0.0168581448495388,41,-0.1699999999999996,-0.1599999999999996,1308,-28.130062103271484,75.066162109375,-0.09242352098226547,-0.1649577021598816,0.01578707806766033,x
11,0.014814423210918904,0.0168581448495388,42,-0.1599999999999996,-0.14999999999999958,1336,-26.96206283569336,78.40923309326172,-0.08929888904094696,-0.1550324559211731,0.015818556770682335,x
11,0.014814423210918904,0.0168581448495388,43,-0.14999999999999958,-0.13999999999999957,1395,-13.874943733215332,81.0896224975586,-0.11360322684049606,-0.145025834441185,0.015874264761805534,x
11,0.014814423210918904,0.0168581448495388,44,-0.13999999999999957,-0.12999999999999956,1344,-11.915900230407715,86.85990905761719,-0.10956068336963654,-0.13503606617450714,0.015849726274609566,x
11,0.014814423210918904,0.0168581448495388,45,-0.12999999999999956,-0.11999999999999955,1335,-8.09689998626709,96.35160827636719,-0.10902858525514603,-0.12503010034561157,0.015799835324287415,x
11,0.014814423210918904,0.0168581448495388,46,-0.11999999999999955,-0.10999999999999954,1331,-3.6473398208618164,107.02053833007812,-0.10853003710508347,-0.11500988155603409,0.015769070014357567,x
11,0.014814423210918904,0.0168581448495388,47,-0.10999999999999954,-0.09999999999999953,1390,-8.749421119689941,126.67227935791016,-0.09012974798679352,-0.10497228801250458,0.015785928815603256,x
11,0.014814423210918904,0.0168581448495388,48,-0.09999999999999953,-0.08999999999999952,1462,-9.153887748718262,144.9650421142578,-0.08107543736696243,-0.09498535841703415,0.01576915569603443,x
11,0.014814423210918904,0.0168581448495388,49,-0.08999999999999952,-0.07999999999999952,1495,-5.110958576202393,161.77659606933594,-0.07789041101932526,-0.08494336158037186,0.015724727883934975,x
11,0.014814423210918904,0.0168581448495388,50,-0.07999999999999952,-0.06999999999999951,1495,-2.0586225986480713,184.19786071777344,-0.07237260043621063,-0.07500306516885757,0.01572168432176113,x
11,0.014814423210918904,0.0168581448495388,51,-0.06999999999999951,-0.0599999999999995,1523,11.337750434875488,211.0991668701172,-0.07674668729305267,-0.06496911495923996,0.015712961554527283,x
11,0.014814423210918904,0.0168581448495388,52,-0.0599999999999995,-0.04999999999999949,1496,19.1876277923584,250.8831787109375,-0.071761853992939,-0.055022865533828735,0.015713166445493698,x
11,0.014814423210918904,0.0168581448495388,53,-0.04999999999999949,-0.03999999999999948,1551,45.1309700012207,309.37139892578125,-0.07688247412443161,-0.04494350031018257,0.01573621854186058,x
11,0.014814423210918904,0.0168581448495388,54,-0.03999999999999948,-0.02999999999999947,1534,73.1225814819336,385.434326171875,-0.0757739394903183,-0.03499441221356392,0.015746474266052246,x
11,0.014814423210918904,0.0168581448495388,55,-0.02999999999999947,-0.019999999999999463,1524,102.23591613769531,541.5783081054688,-0.06492602825164795,-0.024945907294750214,0.01572430320084095,x
11,0.014814423210918904,0.0168581448495388,56,-0.019999999999999463,-0.009999999999999454,1616,189.69482421875,927.74658203125,-0.057917576283216476,-0.014926512725651264,0.015716779977083206,x
11,0.014814423210918904,0.0168581448495388,57,-0.009999999999999454,5.551115123125783e-16,1578,709.8612670898438,4240.75146484375,-0.04937336966395378,-0.005374350119382143,0.015702959150075912,x
11,0.014814423210918904,0.0168581448495388,58,5.551115123125783e-16,0.010000000000000564,1583,-709.2365112304688,4220.74609375,-0.03774232044816017,0.00545412115752697,0.015707535669207573,x
11,0.014814423210918904,0.0168581448495388,59,0.010000000000000564,0.020000000000000573,1716,-178.36984252929688,917.232421875,-0.02432151697576046,0.014961609616875648,0.015700800344347954,x
11,0.014814423210918904,0.0168581448495388,60,0.020000000000000573,0.030000000000000582,1670,-99.04609680175781,514.7789306640625,-0.013497991487383842,0.024984853342175484,0.015720244497060776,x
11,0.014814423210918904,0.0168581448495388,61,0.030000000000000582,0.04000000000000059,1595,-70.10032653808594,369.857666015625,-0.002932243049144745,0.03503091260790825,0.015745816752314568,x
11,0.014814423210918904,0.0168581448495388,62,0.04000000000000059,0.0500000000000006,1498,-52.4459342956543,277.22064208984375,0.008302472531795502,0.044960156083106995,0.015723729506134987,x
11,0.014814423210918904,0.0168581448495388,63,0.0500000000000006,0.06000000000000061,1373,-43.024444580078125,229.59762573242188,0.01795094460248947,0.05501946061849594,0.01569865643978119,x
11,0.014814423210918904,0.0168581448495388,64,0.06000000000000061,0.07000000000000062,1311,-29.713502883911133,193.1619873046875,0.03357577696442604,0.06491246074438095,0.01570178009569645,x
11,0.014814423210918904,0.0168581448495388,65,0.07000000000000062,0.08000000000000063,1236,-32.02070999145508,159.59100341796875,0.03646845743060112,0.07493884116411209,0.015746690332889557,x
11,0.014814423210918904,0.0168581448495388,66,0.08000000000000063,0.09000000000000064,1186,-40.627471923828125,146.29025268554688,0.029560495167970657,0.08496199548244476,0.015778614208102226,x
11,0.014814423210918904,0.0168581448495388,67,0.09000000000000064,0.10000000000000064,1160,-44.13596725463867,137.1415252685547,0.028049787506461143,0.09497372806072235,0.015765907242894173,x
11,0.014814423210918904,0.0168581448495388,68,0.10000000000000064,0.11000000000000065,1075,-48.41328430175781,128.6717987060547,0.024523064494132996,0.10502627491950989,0.015775062143802643,x
11,0.014814423210918904,0.0168581448495388,69,0.11000000000000065,0.12000000000000066,1088,-47.21311569213867,120.81698608398438,0.02988423965871334,0.11496199667453766,0.015743771567940712,x
11,0.014814423210918904,0.0168581448495388,70,0.12000000000000066,0.13000000000000067,1105,-40.241336822509766,111.01387023925781,0.04642060026526451,0.1250108778476715,0.015796029940247536,x
11,0.014814423210918904,0.0168581448495388,71,0.13000000000000067,0.14000000000000068,1131,-39.64377975463867,97.4144515991211,0.05076278746128082,0.13504725694656372,0.01584143191576004,x
11,0.014814423210918904,0.0168581448495388,72,0.14000000000000068,0.1500000000000007,1158,-39.08094787597656,88.70684814453125,0.055542875081300735,0.14502957463264465,0.015881381928920746,x
11,0.014814423210918904,0.0168581448495388,73,0.1500000000000007,0.1600000000000007,1203,-40.028404235839844,83.51176452636719,0.056738581508398056,0.15503036975860596,0.01589823141694069,x
11,0.014814423210918904,0.0168581448495388,74,0.1600000000000007,0.1700000000000007,1177,-40.8166618347168,80.26930236816406,0.05821012333035469,0.16505979001522064,0.01588166318833828,x
11,0.014814423210918904,0.0168581448495388,75,0.1700000000000007,0.18000000000000071,1107,-44.00926208496094,78.20267486572266,0.052944496273994446,0.1750568300485611,0.015810983255505562,x
11,0.014814423210918904,0.0168581448495388,76,0.18000000000000071,0.19000000000000072,1125,-48.338966369628906,77.81294250488281,0.0441502220928669,0.1850382536649704,0.0157470740377903,x
11,0.014814423210918904,0.0168581448495388,77,0.19000000000000072,0.20000000000000073,1067,-47.22291564941406,72.3641128540039,0.049757640808820724,0.1948968917131424,0.015797225758433342,x
11,0.014814423210918904,0.0168581448495388,78,0.20000000000000073,0.21000000000000074,1076,-49.183101654052734,70.64803314208984,0.04673101380467415,0.20486512780189514,0.015769051387906075,x
11,0.014814423210918904,0.0168581448495388,79,0.21000000000000074,0.22000000000000075,1117,-47.291561126708984,66.87113952636719,0.05450771749019623,0.2149573713541031,0.015819622203707695,x
11,0.014814423210918904,0.0168581448495388,80,0.22000000000000075,0.23000000000000076,1111,-46.79486846923828,64.92634582519531,0.05908282846212387,0.22506694495677948,0.015795566141605377,x
11,0.014814423210918904,0.0168581448495388,81,0.23000000000000076,0.24000000000000077,1110,-49.139007568359375,63.34212875366211,0.05251891165971756,0.2349736988544464,0.01575949415564537,x
11,0.014814423210918904,0.0168581448495388,82,0.24000000000000077,0.2500000000000008,1056,-49.85570526123047,62.2439079284668,0.052538253366947174,0.24498260021209717,0.015727831050753593,x
11,0.014814423210918904,0.0168581448495388,83,0.2500000000000008,0.2600000000000008,1069,-51.1761589050293,61.67007827758789,0.04921986907720566,0.25488823652267456,0.015718093141913414,x
11,0.014814423210918904,0.0168581448495388,84,0.2600000000000008,0.2700000000000008,1070,-56.72719955444336,61.5747184753418,0.027431046590209007,0.26499143242836,0.015754634514451027,x
11,0.014814423210918904,0.0168581448495388,85,0.2700000000000008,0.2800000000000008,1183,-61.58232498168945,59.99028396606445,0.006410361733287573,0.27499744296073914,0.015815692022442818,x
11,0.014814423210918904,0.0168581448495388,86,0.2800000000000008,0.2900000000000008,1221,-65.5345230102539,60.40485763549805,-0.010800182819366455,0.2851095497608185,0.015825368463993073,x
11,0.014814423210918904,0.0168581448495388,87,0.2900000000000008,0.3000000000000008,1251,-59.88302993774414,58.54694747924805,0.01567746326327324,0.2950260043144226,0.0157906673848629,x
11,0.014814423210918904,0.0168581448495388,88,0.3000000000000008,0.31000000000000083,1280,-54.38861083984375,54.77074432373047,0.0440487340092659,0.30498141050338745,0.015738021582365036,x
11,0.014814423210918904,0.0168581448495388,89,0.31000000000000083,0.32000000000000084,1324,-56.974796295166016,54.490577697753906,0.031750861555337906,0.31496694684028625,0.01580418087542057,x
11,0.014814423210918904,0.0168581448495388,90,0.32000000000000084,0.33000000000000085,1348,-57.20777130126953,54.42372131347656,0.030963381752371788,0.32508692145347595,0.015826765447854996,x
11,0.014814423210918904,0.0168581448495388,91,0.33000000000000085,0.34000000000000086,1250,-60.44126892089844,53.02854919433594,0.015712521970272064,0.33485379815101624,0.015812642872333527,x
11,0.014814423210918904,0.0168581448495388,92,0.34000000000000086,0.35000000000000087,1262,-53.75099182128906,48.689334869384766,0.053114134818315506,0.3452427089214325,0.015737401321530342,x
11,0.014814423210918904,0.0168581448495388,93,0.35000000000000087,0.3600000000000009,1466,-56.05253601074219,48.885459899902344,0.040919896215200424,0.35529831051826477,0.015783092007040977,x
11,0.014814423210918904,0.0168581448495388,94,0.3600000000000009,0.3700000000000009,3523,-49.35867691040039,47.774139404296875,0.08199194073677063,0.36663034558296204,0.015756355598568916,x
11,0.014814423210918904,0.0168581448495388,95,0.3700000000000009,0.3800000000000009,8409,-39.476016998291016,45.20512390136719,0.14064694941043854,0.37457790970802307,0.015748275443911552,x
11,0.014814423210918904,0.0168581448495388,96,0.3800000000000009,0.3900000000000009,2770,-29.944705963134766,39.6292610168457,0.20140700042247772,0.3836672008037567,0.01570672169327736,x
11,0.014814423210918904,0.0168581448495388,97,0.3900000000000009,0.4000000000000009,452,-43.5411376953125,38.1553955078125,0.12273421883583069,0.3930109739303589,0.015789931640028954,x
11,0.014814423210918904,0.0168581448495388,98,0.4000000000000009,0.4100000000000009,169,-45.10690689086914,45.57664108276367,0.11666057258844376,0.40486058592796326,0.015705320984125137,x
11,0.014814423210918904,0.0168581448495388,99,0.4100000000000009,0.42000000000000093,146,-47.48484802246094,43.48113250732422,0.1035027727484703,0.4148644804954529,0.015756428241729736,x
11,0.014814423210918904,0.0168581448495388,100,0.42000000000000093,0.43000000000000094,141,-43.985939025878906,43.7646369934082,0.13143311440944672,0.42519670724868774,0.015780262649059296,x
11,0.014814423210918904,0.0168581448495388,101,0.43000000000000094,0.44000000000000095,115,-55.784908294677734,44.53861999511719,0.054381806403398514,0.43529659509658813,0.015780717134475708,x
11,0.014814423210918904,0.0168581448495388,102,0.44000000000000095,0.45000000000000095,108,-60.81856155395508,42.58991241455078,0.018331242725253105,0.44516223669052124,0.015789607539772987,x
11,0.014814423210918904,0.0168581448495388,103,0.45000000000000095,0.46000000000000096,124,-52.35114288330078,42.132118225097656,0.08072646707296371,0.4549075663089752,0.015761390328407288,x
11,0.014814423210918904,0.0168581448495388,104,0.46000000000000096,0.470000000000001,113,-53.13886260986328,39.92508316040039,0.07464087009429932,0.46497267484664917,0.01585354655981064,x
11,0.014814423210918904,0.0168581448495388,105,0.470000000000001,0.480000000000001,107,-57.28062438964844,41.67344665527344,0.04173923283815384,0.4747812747955322,0.015954909846186638,x
11,0.014814423210918904,0.0168581448495388,106,0.480000000000001,0.490000000000001,73,-50.69751739501953,42.464115142822266,0.09043462574481964,0.48458385467529297,0.015939069911837578,x
11,0.014814423210918904,0.0168581448495388,107,0.490000000000001,0.500000000000001,38,-27.469093322753906,39.85847091674805,0.28368571400642395,0.49551114439964294,0.01569569855928421,x
11,0.014814423210918904,0.0168581448495388,108,0.500000000000001,0.510000000000001,56,-37.847572326660156,47.246612548828125,0.20564070343971252,0.5053814053535461,0.015785519033670425,x
11,0.014814423210918904,0.0168581448495388,109,0.510000000000001,0.520000000000001,52,-29.314571380615234,42.3443603515625,0.2784392535686493,0.5153481364250183,0.015644479542970657,x
11,0.014814423210918904,0.0168581448495388,110,0.520000000000001,0.530000000000001,32,-23.68743324279785,41.441707611083984,0.3282371461391449,0.5248353481292725,0.01583356037735939,x
11,0.014814423210918904,0.0168581448495388,111,0.530000000000001,0.540000000000001,36,-7.690061092376709,25.1256103515625,0.46845048666000366,0.5344685912132263,0.015776723623275757,x
11,0.014814423210918904,0.0168581448495388,112,0.540000000000001,0.550000000000001,50,0.31097906827926636,1.5050089359283447,0.5475447177886963,0.5449936985969543,0.0157705619931221,x
11,0.014814423210918904,0.0168581448495388,113,0.550000000000001,0.560000000000001,7,-0.047948453575372696,0.7691984176635742,0.5511005520820618,0.5516350865364075,0.01594848558306694,x
12,0.0168581448495388,0.020130718871951104,2,-0.5599999999999999,-0.5499999999999999,41,-25.899499893188477,36.546329498291016,-0.29086586833000183,-0.5535678267478943,0.018406786024570465,x
12,0.0168581448495388,0.020130718871951104,3,-0.5499999999999999,-0.5399999999999999,65,-26.080373764038086,36.077640533447266,-0.2882372736930847,-0.5444560050964355,0.01844242587685585,x
12,0.0168581448495388,0.020130718871951104,4,-0.5399999999999999,-0.5299999999999999,88,-16.5482120513916,30.544130325317383,-0.37196195125579834,-0.5349661707878113,0.018444478511810303,x
12,0.0168581448495388,0.020130718871951104,5,-0.5299999999999999,-0.5199999999999999,61,-26.95012664794922,35.88454055786133,-0.2667037844657898,-0.5248268842697144,0.01838424801826477,x
12,0.0168581448495388,0.020130718871951104,6,-0.5199999999999999,-0.5099999999999999,62,-26.279586791992188,34.956886291503906,-0.27110207080841064,-0.5151405334472656,0.018100932240486145,x
12,0.0168581448495388,0.020130718871951104,7,-0.5099999999999999,-0.4999999999999999,39,-28.702363967895508,36.4050178527832,-0.23911595344543457,-0.5048288702964783,0.018345609307289124,x
12,0.0168581448495388,0.020130718871951104,8,-0.4999999999999999,-0.4899999999999999,38,-33.1671257019043,36.19100570678711,-0.19333070516586304,-0.49441519379615784,0.018408477306365967,x
12,0.0168581448495388,0.020130718871951104,9,-0.4899999999999999,-0.47999999999999987,37,-38.485660552978516,35.99966049194336,-0.1466006487607956,-0.4842444658279419,0.01825607940554619,x
12,0.0168581448495388,0.020130718871951104,10,-0.47999999999999987,-0.46999999999999986,51,-38.751468658447266,37.10348129272461,-0.1360577642917633,-0.475063294172287,0.01846172846853733,x
12,0.0168581448495388,0.020130718871951104,11,-0.46999999999999986,-0.45999999999999985,52,-34.52558517456055,34.262752532958984,-0.169005885720253,-0.46503064036369324,0.018438022583723068,x
12,0.0168581448495388,0.020130718871951104,12,-0.45999999999999985,-0.44999999999999984,60,-36.181663513183594,34.938289642333984,-0.1522705852985382,-0.4550013542175293,0.018362676724791527,x
12,0.0168581448495388,0.020130718871951104,13,-0.44999999999999984,-0.43999999999999984,63,-29.57259750366211,31.772048950195312,-0.203482523560524,-0.4449254274368286,0.018287166953086853,x
12,0.0168581448495388,0.020130718871951104,14,-0.43999999999999984,-0.4299999999999998,61,-32.05215072631836,34.09772491455078,-0.18355470895767212,-0.43505847454071045,0.018182937055826187,x
12,0.0168581448495388,0.020130718871951104,15,-0.4299999999999998,-0.4199999999999998,81,-37.958187103271484,35.66869354248047,-0.12772227823734283,-0.42493242025375366,0.018471041694283485,x
12,0.0168581448495388,0.020130718871951104,16,-0.4199999999999998,-0.4099999999999998,94,-38.011165618896484,33.53696060180664,-0.12445253878831863,-0.41465890407562256,0.01835278607904911,x
12,0.0168581448495388,0.020130718871951104,17,-0.4099999999999998,-0.3999999999999998,220,-39.829376220703125,34.89107131958008,-0.10574180632829666,-0.4045894145965576,0.018480222672224045,x
12,0.0168581448495388,0.020130718871951104,18,-0.3999999999999998,-0.3899999999999998,1267,-38.985572814941406,34.17045593261719,-0.11096593737602234,-0.393117219209671,0.018435707315802574,x
12,0.0168581448495388,0.020130718871951104,19,-0.3899999999999998,-0.3799999999999998,3972,-42.714759826660156,38.14134979248047,-0.08424010127782822,-0.38458219170570374,0.018419763073325157,x
12,0.0168581448495388,0.020130718871951104,20,-0.3799999999999998,-0.3699999999999998,10842,-40.827545166015625,39.753807067871094,-0.09357251226902008,-0.3751359283924103,0.01844971999526024,x
12,0.0168581448495388,0.020130718871951104,21,-0.3699999999999998,-0.35999999999999976,2608,-49.70414352416992,43.032657623291016,-0.033435288816690445,-0.36591723561286926,0.018394827842712402,x
12,0.0168581448495388,0.020130718871951104,22,-0.35999999999999976,-0.34999999999999976,1345,-40.057674407958984,39.800724029541016,-0.09345512837171555,-0.35526227951049805,0.018389934673905373,x
12,0.0168581448495388,0.020130718871951104,23,-0.34999999999999976,-0.33999999999999975,1045,-38.38182067871094,41.37176513671875,-0.10335281491279602,-0.34499746561050415,0.018337588757276535,x
12,0.0168581448495388,0.020130718871951104,24,-0.33999999999999975,-0.32999999999999974,1112,-35.4898681640625,41.46615982055664,-0.11675196886062622,-0.3350469470024109,0.018408533185720444,x
12,0.0168581448495388,0.020130718871951104,25,-0.32999999999999974,-0.31999999999999973,1020,-33.63345718383789,41.274696350097656,-0.1258796602487564,-0.3250329792499542,0.018343640491366386,x
12,0.0168581448495388,0.020130718871951104,26,-0.31999999999999973,-0.3099999999999997,1010,-30.218212127685547,41.06996536254883,-0.14225436747074127,-0.31519660353660583,0.01828748919069767,x
12,0.0168581448495388,0.020130718871951104,27,-0.3099999999999997,-0.2999999999999997,884,-31.721715927124023,42.789649963378906,-0.12868264317512512,-0.3050718903541565,0.018329309299588203,x
12,0.0168581448495388,0.020130718871951104,28,-0.2999999999999997,-0.2899999999999997,845,-29.67448616027832,43.67534255981445,-0.13455645740032196,-0.29505568742752075,0.018400076776742935,x
12,0.0168581448495388,0.020130718871951104,29,-0.2899999999999997,-0.2799999999999997,818,-27.027324676513672,44.951026916503906,-0.14471487700939178,-0.2849583029747009,0.018408523872494698,x
12,0.0168581448495388,0.020130718871951104,30,-0.2799999999999997,-0.2699999999999997,820,-27.296340942382812,47.766273498535156,-0.13884761929512024,-0.27483582496643066,0.01833726279437542,x
12,0.0168581448495388,0.020130718871951104,31,-0.2699999999999997,-0.2599999999999997,866,-27.296630859375,49.43070983886719,-0.13343673944473267,-0.2649475038051605,0.01830385997891426,x
12,0.0168581448495388,0.020130718871951104,32,-0.2599999999999997,-0.24999999999999967,882,-24.89173126220703,50.64451599121094,-0.13973598182201385,-0.2550194561481476,0.018330343067646027,x
12,0.0168581448495388,0.020130718871951104,33,-0.24999999999999967,-0.23999999999999966,905,-23.975465774536133,53.12754821777344,-0.1385759711265564,-0.24503940343856812,0.018318505957722664,x
12,0.0168581448495388,0.020130718871951104,34,-0.23999999999999966,-0.22999999999999965,933,-24.03661346435547,55.69854736328125,-0.13275784254074097,-0.23492006957530975,0.018338121473789215,x
12,0.0168581448495388,0.020130718871951104,35,-0.22999999999999965,-0.21999999999999964,1000,-24.010046005249023,57.379859924316406,-0.12660427391529083,-0.2250169962644577,0.01828695647418499,x
12,0.0168581448495388,0.020130718871951104,36,-0.21999999999999964,-0.20999999999999963,1063,-24.594257354736328,59.84354019165039,-0.11867766827344894,-0.21502642333507538,0.018273189663887024,x
12,0.0168581448495388,0.020130718871951104,37,-0.20999999999999963,-0.19999999999999962,1043,-22.524723052978516,61.05450439453125,-0.12084753811359406,-0.20497427880764008,0.01832360401749611,x
12,0.0168581448495388,0.020130718871951104,38,-0.19999999999999962,-0.1899999999999996,1109,-21.994117736816406,64.99400329589844,-0.1171332374215126,-0.19500590860843658,0.018304144963622093,x
12,0.0168581448495388,0.020130718871951104,39,-0.1899999999999996,-0.1799999999999996,1153,-18.265939712524414,67.92003631591797,-0.1240791380405426,-0.18494254350662231,0.018304908648133278,x
12,0.0168581448495388,0.020130718871951104,40,-0.1799999999999996,-0.1699999999999996,1197,-18.83492088317871,72.96251678466797,-0.11540023237466812,-0.17487137019634247,0.01837138831615448,x
12,0.0168581448495388,0.020130718871951104,41,-0.1699999999999996,-0.1599999999999996,1190,-16.939985275268555,78.0671157836914,-0.11485297977924347,-0.1649443358182907,0.018425337970256805,x
12,0.0168581448495388,0.020130718871951104,42,-0.1599999999999996,-0.14999999999999958,1258,-14.482300758361816,81.92230224609375,-0.11442790180444717,-0.1550469547510147,0.018300779163837433,x
12,0.0168581448495388,0.020130718871951104,43,-0.14999999999999958,-0.13999999999999957,1260,-19.46819496154785,89.40311431884766,-0.09434252232313156,-0.14497970044612885,0.01824396289885044,x
12,0.0168581448495388,0.020130718871951104,44,-0.13999999999999957,-0.12999999999999956,1351,-21.67109489440918,94.72915649414062,-0.08213809877634048,-0.1348685920238495,0.018203571438789368,x
12,0.0168581448495388,0.020130718871951104,45,-0.12999999999999956,-0.11999999999999955,1439,-22.232126235961914,101.78036499023438,-0.07507316768169403,-0.12493918836116791,0.01817961037158966,x
12,0.0168581448495388,0.020130718871951104,46,-0.11999999999999955,-0.10999999999999954,1516,-14.969905853271484,108.68266296386719,-0.08424529433250427,-0.11500032246112823,0.018196282908320427,x
12,0.0168581448495388,0.020130718871951104,47,-0.10999999999999954,-0.09999999999999953,1511,-6.664307594299316,111.51272583007812,-0.09109301120042801,-0.10495114326477051,0.018245767802000046,x
12,0.0168581448495388,0.020130718871951104,48,-0.09999999999999953,-0.08999999999999952,1547,-2.695162773132324,121.98262786865234,-0.08919816464185715,-0.09494880586862564,0.01826820708811283,x
12,0.0168581448495388,0.020130718871951104,49,-0.08999999999999952,-0.07999999999999952,1545,3.6598894596099854,138.9869384765625,-0.08934084326028824,-0.08504849672317505,0.018287118524312973,x
12,0.0168581448495388,0.020130718871951104,50,-0.07999999999999952,-0.06999999999999951,1484,17.46295738220215,157.19964599609375,-0.0973154753446579,-0.07504140585660934,0.01825166493654251,x
12,0.0168581448495388,0.020130718871951104,51,-0.06999999999999951,-0.0599999999999995,1469,27.33843421936035,182.48471069335938,-0.09569893032312393,-0.06497295200824738,0.01824199967086315,x
12,0.0168581448495388,0.020130718871951104,52,-0.0599999999999995,-0.04999999999999949,1577,48.659698486328125,217.05978393554688,-0.10278498381376266,-0.0549175925552845,0.018276382237672806,x
12,0.0168581448495388,0.020130718871951104,53,-0.04999999999999949,-0.03999999999999948,1734,46.05306625366211,269.0811767578125,-0.08165985345840454,-0.04476015642285347,0.018248645588755608,x
12,0.0168581448495388,0.020130718871951104,54,-0.03999999999999948,-0.02999999999999947,1637,54.18534469604492,350.4521179199219,-0.06776383519172668,-0.035117968916893005,0.018272604793310165,x
12,0.0168581448495388,0.020130718871951104,55,-0.02999999999999947,-0.019999999999999463,1481,65.26528930664062,480.8708801269531,-0.053563669323921204,-0.025052253156900406,0.018330873921513557,x
12,0.0168581448495388,0.020130718871951104,56,-0.019999999999999463,-0.009999999999999454,1399,115.21794891357422,820.3486328125,-0.04626421630382538,-0.015000615268945694,0.018356196582317352,x
12,0.0168581448495388,0.020130718871951104,57,-0.009999999999999454,5.551115123125783e-16,1220,498.4657287597656,3589.261962890625,-0.04054547846317291,-0.005482969805598259,0.018368743360042572,x
12,0.0168581448495388,0.020130718871951104,58,5.551115123125783e-16,0.010000000000000564,1283,-568.8615112304688,3705.3759765625,-0.03710363060235977,0.005487560294568539,0.018348360434174538,x
12,0.0168581448495388,0.020130718871951104,59,0.010000000000000564,0.020000000000000573,1407,-174.1938018798828,782.889892578125,-0.03158951550722122,0.014978442341089249,0.018305925652384758,x
12,0.0168581448495388,0.020130718871951104,60,0.020000000000000573,0.030000000000000582,1381,-121.92084503173828,453.7388916015625,-0.030229749158024788,0.024985499680042267,0.01828717440366745,x
12,0.0168581448495388,0.020130718871951104,61,0.030000000000000582,0.04000000000000059,1327,-102.41123962402344,320.49151611328125,-0.03171578794717789,0.034968845546245575,0.018335502594709396,x
12,0.0168581448495388,0.020130718871951104,62,0.04000000000000059,0.0500000000000006,1360,-88.10323333740234,253.71763610839844,-0.027991849929094315,0.044991251081228256,0.018324583768844604,x
12,0.0168581448495388,0.020130718871951104,63,0.0500000000000006,0.06000000000000061,1409,-84.03981018066406,208.79763793945312,-0.02937500923871994,0.05497963726520538,0.018321460112929344,x
12,0.0168581448495388,0.020130718871951104,64,0.06000000000000061,0.07000000000000062,1412,-68.01859283447266,179.4222412109375,-0.01563292182981968,0.06502947211265564,0.01832425594329834,x
12,0.0168581448495388,0.020130718871951104,65,0.07000000000000062,0.08000000000000063,1367,-62.8033561706543,160.75010681152344,-0.010656475089490414,0.07497420161962509,0.01830694079399109,x
12,0.0168581448495388,0.020130718871951104,66,0.08000000000000063,0.09000000000000064,1385,-59.214622497558594,140.3043975830078,-0.006376028060913086,0.08493590354919434,0.018325889483094215,x
12,0.0168581448495388,0.020130718871951104,67,0.09000000000000064,0.10000000000000064,1323,-51.39212417602539,123.20154571533203,0.005467189010232687,0.09491448104381561,0.01841876655817032,x
12,0.0168581448495388,0.020130718871951104,68,0.10000000000000064,0.11000000000000065,1228,-47.697608947753906,111.47908020019531,0.01276758499443531,0.1049482524394989,0.018376950174570084,x
12,0.0168581448495388,0.020130718871951104,69,0.11000000000000065,0.12000000000000066,1191,-50.569854736328125,102.6233139038086,0.007206930313259363,0.11496143043041229,0.018359579145908356,x
12,0.0168581448495388,0.020130718871951104,70,0.12000000000000066,0.13000000000000067,1113,-50.113826751708984,92.69537353515625,0.009379401803016663,0.12496793270111084,0.018305670469999313,x
12,0.0168581448495388,0.020130718871951104,71,0.13000000000000067,0.14000000000000068,1074,-48.63743591308594,87.30426788330078,0.014952696859836578,0.1349809318780899,0.018226712942123413,x
12,0.0168581448495388,0.020130718871951104,72,0.14000000000000068,0.1500000000000007,1041,-49.09516906738281,84.09463500976562,0.014525936916470528,0.14505259692668915,0.018317895010113716,x
12,0.0168581448495388,0.020130718871951104,73,0.1500000000000007,0.1600000000000007,962,-49.69218063354492,77.33747863769531,0.013716794550418854,0.15509352087974548,0.018314389511942863,x
12,0.0168581448495388,0.020130718871951104,74,0.1600000000000007,0.1700000000000007,1014,-47.63664245605469,71.87047576904297,0.02105613611638546,0.16502182185649872,0.018324676901102066,x
12,0.0168581448495388,0.020130718871951104,75,0.1700000000000007,0.18000000000000071,1035,-42.764896392822266,65.99301147460938,0.03788026422262192,0.17500433325767517,0.018209854140877724,x
12,0.0168581448495388,0.020130718871951104,76,0.18000000000000071,0.19000000000000072,1098,-42.51664352416992,62.43351745605469,0.040915459394454956,0.1849273145198822,0.018221179023385048,x
12,0.0168581448495388,0.020130718871951104,77,0.19000000000000072,0.20000000000000073,1124,-43.984798431396484,59.26545715332031,0.037840474396944046,0.19505417346954346,0.018289383500814438,x
12,0.0168581448495388,0.020130718871951104,78,0.20000000000000073,0.21000000000000074,1151,-46.069549560546875,58.525753021240234,0.03226654604077339,0.20493897795677185,0.018273355439305305,x
12,0.0168581448495388,0.020130718871951104,79,0.21000000000000074,0.22000000000000075,1093,-48.37435531616211,55.68471908569336,0.024945728480815887,0.21500007808208466,0.018296141177415848,x
12,0.0168581448495388,0.020130718871951104,80,0.22000000000000075,0.23000000000000076,1058,-51.076271057128906,55.54413604736328,0.01631436124444008,0.22501131892204285,0.018287107348442078,x
12,0.0168581448495388,0.020130718871951104,81,0.23000000000000076,0.24000000000000077,1010,-51.683563232421875,52.79271697998047,0.013483542948961258,0.23505203425884247,0.01831658184528351,x
12,0.0168581448495388,0.020130718871951104,82,0.24000000000000077,0.2500000000000008,1016,-52.31049346923828,51.99732971191406,0.01122775673866272,0.24494525790214539,0.018346279859542847,x
12,0.0168581448495388,0.020130718871951104,83,0.2500000000000008,0.2600000000000008,1002,-53.242305755615234,50.393795013427734,0.007854821160435677,0.2549506723880768,0.018312500789761543,x
12,0.0168581448495388,0.020130718871951104,84,0.2600000000000008,0.2700000000000008,956,-48.6793098449707,49.29829788208008,0.02976986952126026,0.26506972312927246,0.018325500190258026,x
12,0.0168581448495388,0.020130718871951104,85,0.2700000000000008,0.2800000000000008,897,-47.62986755371094,50.37244415283203,0.03540490195155144,0.2748960554599762,0.018397968262434006,x
12,0.0168581448495388,0.020130718871951104,86,0.2800000000000008,0.2900000000000008,994,-49.98780059814453,52.36474609375,0.024754194542765617,0.2851526737213135,0.018367048352956772,x
12,0.0168581448495388,0.020130718871951104,87,0.2900000000000008,0.3000000000000008,1211,-44.80987548828125,52.45785903930664,0.05373222380876541,0.294793963432312,0.018411332741379738,x
12,0.0168581448495388,0.020130718871951104,88,0.3000000000000008,0.31000000000000083,992,-43.71049118041992,49.20701599121094,0.06319976598024368,0.3049575984477997,0.018385466188192368,x
12,0.0168581448495388,0.020130718871951104,89,0.31000000000000083,0.32000000000000084,1073,-49.618492126464844,47.8348388671875,0.03121776506304741,0.31515592336654663,0.01827956736087799,x
12,0.0168581448495388,0.020130718871951104,90,0.32000000000000084,0.33000000000000085,1424,-46.08930969238281,47.04115295410156,0.05232203006744385,0.3253595530986786,0.018307270482182503,x
12,0.0168581448495388,0.020130718871951104,91,0.33000000000000085,0.34000000000000086,1469,-49.110965728759766,46.74551010131836,0.03464674949645996,0.3350338935852051,0.018362613394856453,x
12,0.0168581448495388,0.020130718871951104,92,0.34000000000000086,0.35000000000000087,1450,-41.923675537109375,42.67210006713867,0.08108022063970566,0.34504833817481995,0.01831386238336563,x
12,0.0168581448495388,0.020130718871951104,93,0.35000000000000087,0.3600000000000009,1747,-44.0634880065918,41.32830047607422,0.06752018630504608,0.35513511300086975,0.01843285746872425,x
12,0.0168581448495388,0.020130718871951104,94,0.3600000000000009,0.3700000000000009,3355,-46.56429672241211,44.296966552734375,0.05450178682804108,0.36626332998275757,0.018373999744653702,x
12,0.0168581448495388,0.020130718871951104,95,0.3700000000000009,0.3800000000000009,8136,-40.040008544921875,39.15310287475586,0.0988200455904007,0.3744000494480133,0.018417079001665115,x
12,0.0168581448495388,0.020130718871951104,96,0.3800000000000009,0.3900000000000009,2494,-46.32786178588867,40.07790756225586,0.05634787678718567,0.38409432768821716,0.018460461869835854,x
12,0.0168581448495388,0.020130718871951104,97,0.3900000000000009,0.4000000000000009,801,-41.758724212646484,37.79149627685547,0.09056973457336426,0.39374855160713196,0.018510304391384125,x
12,0.0168581448495388,0.020130718871951104,98,0.4000000000000009,0.4100000000000009,399,-58.64662551879883,34.848060607910156,-0.03270108625292778,0.40372100472450256,0.018507638946175575,x
12,0.0168581448495388,0.020130718871951104,99,0.4100000000000009,0.42000000000000093,157,-42.45347595214844,42.49245834350586,0.09026360511779785,0.4149639904499054,0.018413759768009186,x
12,0.0168581448495388,0.020130718871951104,100,0.42000000000000093,0.43000000000000094,149,-51.68059158325195,41.11763381958008,0.021578583866357803,0.42479097843170166,0.01836783066391945,x
12,0.0168581448495388,0.020130718871951104,101,0.43000000000000094,0.44000000000000095,134,-49.77980422973633,41.05721664428711,0.036213330924510956,0.43462496995925903,0.018387790769338608,x
12,0.0168581448495388,0.020130718871951104,102,0.44000000000000095,0.45000000000000095,106,-50.5992317199707,41.16310501098633,0.03096909262239933,0.444635272026062,0.01841198094189167,x
12,0.0168581448495388,0.020130718871951104,103,0.45000000000000095,0.46000000000000096,96,-43.15021896362305,39.134124755859375,0.09700842946767807,0.45441222190856934,0.018372943624854088,x
12,0.0168581448495388,0.020130718871951104,104,0.46000000000000096,0.470000000000001,92,-43.93811798095703,39.76593017578125,0.09520111978054047,0.46480515599250793,0.018203843384981155,x
12,0.0168581448495388,0.020130718871951104,105,0.470000000000001,0.480000000000001,98,-42.918426513671875,38.473899841308594,0.10792531073093414,0.47485262155532837,0.018180279061198235,x
12,0.0168581448495388,0.020130718871951104,106,0.480000000000001,0.490000000000001,105,-47.1652946472168,39.37165451049805,0.07518290728330612,0.4845380485057831,0.018220433965325356,x
12,0.0168581448495388,0.020130718871951104,107,0.490000000000001,0.500000000000001,85,-47.84880447387695,38.90814971923828,0.05680068954825401,0.49457231163978577,0.018552839756011963,x
12,0.0168581448495388,0.020130718871951104,108,0.500000000000001,0.510000000000001,56,-26.277816772460938,39.117252349853516,0.2576087415218353,0.5048098564147949,0.01857454515993595,x
12,0.0168581448495388,0.020130718871951104,109,0.510000000000001,0.520000000000001,57,-17.662996292114258,35.587974548339844,0.34841176867485046,0.5155438780784607,0.018419163301587105,x
12,0.0168581448495388,0.020130718871951104,110,0.520000000000001,0.530000000000001,67,-12.354047775268555,30.07041358947754,0.4062767028808594,0.5252372026443481,0.01838303729891777,x
12,0.0168581448495388,0.020130718871951104,111,0.530000000000001,0.540000000000001,51,-11.8603515625,30.646093368530273,0.4190680980682373,0.5349752306938171,0.018665259703993797,x
12,0.0168581448495388,0.020130718871951104,112,0.540000000000001,0.550000000000001,45,-0.44555234909057617,1.5819952487945557,0.540744960308075,0.5454258918762207,0.01839333586394787,x
12,0.0168581448495388,0.020130718871951104,113,0.550000000000001,0.560000000000001,32,-0.3655194640159607,1.2444881200790405,0.5479679107666016,0.5518224835395813,0.01880534738302231,x
13,0.020130718871951104,0.025545054301619526,1,-0.57,-0.5599999999999999,8,0.18505266308784485,0.43626412749290466,-0.5633612871170044,-0.5609149932861328,0.02318122610449791,x
13,0.020130718871951104,0.025545054301619526,2,-0.5599999999999999,-0.5499999999999999,74,-18.99888038635254,27.94122886657715,-0.3129671812057495,-0.5532045960426331,0.023271819576621056,x
13,0.020130718871951104,0.025545054301619526,3,-0.5499999999999999,-0.5399999999999999,135,-11.685593605041504,24.13294219970703,-0.4021434485912323,-0.5454541444778442,0.022591957822442055,x
13,0.020130718871951104,0.025545054301619526,4,-0.5399999999999999,-0.5299999999999999,62,-13.382903099060059,26.045040130615234,-0.3762166500091553,-0.535230815410614,0.022316565737128258,x
13,0.020130718871951104,0.025545054301619526,5,-0.5299999999999999,-0.5199999999999999,46,-25.730287551879883,30.732093811035156,-0.21915175020694733,-0.524785041809082,0.02229148894548416,x
13,0.020130718871951104,0.025545054301619526,6,-0.5199999999999999,-0.5099999999999999,31,-31.39539337158203,29.382965087890625,-0.1466503143310547,-0.5148230791091919,0.02275381237268448,x
13,0.020130718871951104,0.025545054301619526,7,-0.5099999999999999,-0.4999999999999999,38,-36.11455535888672,31.31707000732422,-0.09480252861976624,-0.5051658153533936,0.022504329681396484,x
13,0.020130718871951104,0.025545054301619526,8,-0.4999999999999999,-0.4899999999999999,41,-40.34937286376953,30.866439819335938,-0.029495783150196075,-0.49432864785194397,0.023307116702198982,x
13,0.020130718871951104,0.025545054301619526,9,-0.4899999999999999,-0.47999999999999987,50,-45.591243743896484,30.15732192993164,0.029065055772662163,-0.4849657714366913,0.022947628051042557,x
13,0.020130718871951104,0.025545054301619526,10,-0.47999999999999987,-0.46999999999999986,55,-49.36137390136719,29.250593185424805,0.07678736746311188,-0.47544845938682556,0.023313922807574272,x
13,0.020130718871951104,0.025545054301619526,11,-0.46999999999999986,-0.45999999999999985,69,-47.11193084716797,30.787660598754883,0.05248754099011421,-0.4651334881782532,0.02334500662982464,x
13,0.020130718871951104,0.025545054301619526,12,-0.45999999999999985,-0.44999999999999984,88,-43.62240219116211,31.481857299804688,0.00763724884018302,-0.4546777009963989,0.023045985028147697,x
13,0.020130718871951104,0.025545054301619526,13,-0.44999999999999984,-0.43999999999999984,80,-43.9671630859375,31.940561294555664,0.007245409302413464,-0.44463014602661133,0.022950956597924232,x
13,0.020130718871951104,0.025545054301619526,14,-0.43999999999999984,-0.4299999999999998,102,-42.86783981323242,32.060123443603516,-0.0012433333322405815,-0.4349142014980316,0.022947246208786964,x
13,0.020130718871951104,0.025545054301619526,15,-0.4299999999999998,-0.4199999999999998,116,-46.921749114990234,31.484115600585938,0.033163897693157196,-0.4249518811702728,0.022969389334321022,x
13,0.020130718871951104,0.025545054301619526,16,-0.4199999999999998,-0.4099999999999998,184,-38.6700325012207,30.1304874420166,-0.04492279142141342,-0.4144601821899414,0.02287350222468376,x
13,0.020130718871951104,0.025545054301619526,17,-0.4099999999999998,-0.3999999999999998,292,-38.45109939575195,30.95570182800293,-0.050062231719493866,-0.40437453985214233,0.022828424349427223,x
13,0.020130718871951104,0.025545054301619526,18,-0.3999999999999998,-0.3899999999999998,1225,-36.838645935058594,30.433311462402344,-0.06410803645849228,-0.3932792544364929,0.022607440128922462,x
13,0.020130718871951104,0.025545054301619526,19,-0.3899999999999998,-0.3799999999999998,4643,-34.054779052734375,30.098962783813477,-0.0877942368388176,-0.3844485878944397,0.02271266281604767,x
13,0.020130718871951104,0.025545054301619526,20,-0.3799999999999998,-0.3699999999999998,12136,-33.753746032714844,32.18593978881836,-0.08959472179412842,-0.37500128149986267,0.022638710215687752,x
13,0.020130718871951104,0.025545054301619526,21,-0.3699999999999998,-0.35999999999999976,2964,-35.98066711425781,34.78391647338867,-0.07191023975610733,-0.36566656827926636,0.022471094503998756,x
13,0.020130718871951104,0.025545054301619526,22,-0.35999999999999976,-0.34999999999999976,1305,-32.59025573730469,35.04978942871094,-0.09737877547740936,-0.35536307096481323,0.02239040844142437,x
13,0.020130718871951104,0.025545054301619526,23,-0.34999999999999976,-0.33999999999999975,1007,-27.633760452270508,33.05139923095703,-0.13201606273651123,-0.345193475484848,0.022498486563563347,x
13,0.020130718871951104,0.025545054301619526,24,-0.33999999999999975,-0.32999999999999974,931,-29.021968841552734,34.067230224609375,-0.11819180846214294,-0.33514678478240967,0.022504910826683044,x
13,0.020130718871951104,0.025545054301619526,25,-0.32999999999999974,-0.31999999999999973,834,-26.29251480102539,33.73672103881836,-0.13376446068286896,-0.32492321729660034,0.02252195030450821,x
13,0.020130718871951104,0.025545054301619526,26,-0.31999999999999973,-0.3099999999999997,817,-27.320859909057617,35.25827407836914,-0.12323855608701706,-0.3150009512901306,0.022442374378442764,x
13,0.020130718871951104,0.025545054301619526,27,-0.3099999999999997,-0.2999999999999997,839,-24.929765701293945,35.40814971923828,-0.136443629860878,-0.3050191104412079,0.022440293803811073,x
13,0.020130718871951104,0.025545054301619526,28,-0.2999999999999997,-0.2899999999999997,885,-24.1081485748291,36.07048416137695,-0.13776664435863495,-0.2950182855129242,0.022329023107886314,x
13,0.020130718871951104,0.025545054301619526,29,-0.2899999999999997,-0.2799999999999997,977,-25.07366371154785,36.98088455200195,-0.126430943608284,-0.28493785858154297,0.022364724427461624,x
13,0.020130718871951104,0.025545054301619526,30,-0.2799999999999997,-0.2699999999999997,994,-23.072032928466797,37.666343688964844,-0.1343872845172882,-0.2749641537666321,0.02231917716562748,x
13,0.020130718871951104,0.025545054301619526,31,-0.2699999999999997,-0.2599999999999997,1058,-20.94432258605957,39.32295227050781,-0.14055940508842468,-0.2650119364261627,0.022423291578888893,x
13,0.020130718871951104,0.025545054301619526,32,-0.2599999999999997,-0.24999999999999967,1015,-20.639671325683594,40.83872985839844,-0.13695776462554932,-0.2550245225429535,0.022438596934080124,x
13,0.020130718871951104,0.025545054301619526,33,-0.24999999999999967,-0.23999999999999966,1042,-18.940828323364258,42.41504669189453,-0.14003108441829681,-0.24506022036075592,0.022596949711441994,x
13,0.020130718871951104,0.025545054301619526,34,-0.23999999999999966,-0.22999999999999965,1051,-18.50768280029297,43.768428802490234,-0.1369391530752182,-0.23498478531837463,0.022814152762293816,x
13,0.020130718871951104,0.025545054301619526,35,-0.22999999999999965,-0.21999999999999964,1049,-19.104734420776367,46.33125305175781,-0.1270786076784134,-0.22501035034656525,0.022883601486682892,x
13,0.020130718871951104,0.025545054301619526,36,-0.21999999999999964,-0.20999999999999963,1014,-19.29645538330078,50.10371017456055,-0.11997392773628235,-0.21503086388111115,0.02283957041800022,x
13,0.020130718871951104,0.025545054301619526,37,-0.20999999999999963,-0.19999999999999962,998,-18.991477966308594,52.42547607421875,-0.11770675331354141,-0.2050338238477707,0.022751977667212486,x
13,0.020130718871951104,0.025545054301619526,38,-0.19999999999999962,-0.1899999999999996,1024,-18.600494384765625,54.74999237060547,-0.11333076655864716,-0.1950203776359558,0.02266247197985649,x
13,0.020130718871951104,0.025545054301619526,39,-0.1899999999999996,-0.1799999999999996,967,-18.717248916625977,57.29119110107422,-0.1080036535859108,-0.1849205195903778,0.0225360244512558,x
13,0.020130718871951104,0.025545054301619526,40,-0.1799999999999996,-0.1699999999999996,946,-21.97557830810547,60.43671417236328,-0.08986978977918625,-0.1750585436820984,0.022524433210492134,x
13,0.020130718871951104,0.025545054301619526,41,-0.1699999999999996,-0.1599999999999996,970,-21.646724700927734,64.52576446533203,-0.08649151772260666,-0.16510500013828278,0.02250681258738041,x
13,0.020130718871951104,0.025545054301619526,42,-0.1599999999999996,-0.14999999999999958,958,-22.841222763061523,67.36507415771484,-0.0767713412642479,-0.15511052310466766,0.022389471530914307,x
13,0.020130718871951104,0.025545054301619526,43,-0.14999999999999958,-0.13999999999999957,946,-26.413190841674805,73.51050567626953,-0.060694050043821335,-0.14501994848251343,0.022314511239528656,x
13,0.020130718871951104,0.025545054301619526,44,-0.13999999999999957,-0.12999999999999956,995,-21.608234405517578,77.56864929199219,-0.07016120851039886,-0.1350719928741455,0.02236347086727619,x
13,0.020130718871951104,0.025545054301619526,45,-0.12999999999999956,-0.11999999999999955,1014,-23.65290641784668,84.76985931396484,-0.05933888629078865,-0.12492872029542923,0.02239472232758999,x
13,0.020130718871951104,0.025545054301619526,46,-0.11999999999999955,-0.10999999999999954,1028,-23.84157943725586,90.43042755126953,-0.05407407134771347,-0.11489501595497131,0.02244386076927185,x
13,0.020130718871951104,0.025545054301619526,47,-0.10999999999999954,-0.09999999999999953,1093,-21.620922088623047,100.28048706054688,-0.055084291845560074,-0.10495655238628387,0.022407393902540207,x
13,0.020130718871951104,0.025545054301619526,48,-0.09999999999999953,-0.08999999999999952,1108,-15.295905113220215,109.6423568725586,-0.06254062801599503,-0.09502050280570984,0.02244267612695694,x
13,0.020130718871951104,0.025545054301619526,49,-0.08999999999999952,-0.07999999999999952,1151,-14.82964038848877,125.34974670410156,-0.05649874731898308,-0.08506032824516296,0.022579586133360863,x
13,0.020130718871951104,0.025545054301619526,50,-0.07999999999999952,-0.06999999999999951,1102,-11.214465141296387,139.7664337158203,-0.05444018915295601,-0.07501599937677383,0.022689776495099068,x
13,0.020130718871951104,0.025545054301619526,51,-0.06999999999999951,-0.0599999999999995,1167,-0.4105123281478882,164.4530792236328,-0.06212339922785759,-0.06504255533218384,0.022658590227365494,x
13,0.020130718871951104,0.025545054301619526,52,-0.0599999999999995,-0.04999999999999949,1270,14.072897911071777,194.70863342285156,-0.06954141706228256,-0.0548115149140358,0.022690357640385628,x
13,0.020130718871951104,0.025545054301619526,53,-0.04999999999999949,-0.03999999999999948,1448,24.923276901245117,234.30706787109375,-0.06801961362361908,-0.04484078660607338,0.0225615706294775,x
13,0.020130718871951104,0.025545054301619526,54,-0.03999999999999948,-0.02999999999999947,1708,26.17876434326172,279.49798583984375,-0.053678885102272034,-0.03457515314221382,0.022754669189453125,x
13,0.020130718871951104,0.025545054301619526,55,-0.02999999999999947,-0.019999999999999463,1398,82.798828125,414.426025390625,-0.07061491161584854,-0.024992646649479866,0.022740283980965614,x
13,0.020130718871951104,0.025545054301619526,56,-0.019999999999999463,-0.009999999999999454,1387,112.82710266113281,736.9987182617188,-0.05162767320871353,-0.015011352486908436,0.02284342795610428,x
13,0.020130718871951104,0.025545054301619526,57,-0.009999999999999454,5.551115123125783e-16,1253,443.120361328125,3542.968994140625,-0.04399842768907547,-0.005532572045922279,0.02279595285654068,x
13,0.020130718871951104,0.025545054301619526,58,5.551115123125783e-16,0.010000000000000564,1217,-334.2541198730469,3149.491943359375,-0.028267595916986465,0.00559014780446887,0.02275245077908039,x
13,0.020130718871951104,0.025545054301619526,59,0.010000000000000564,0.020000000000000573,1423,-136.5948028564453,730.9656982421875,-0.029811792075634003,0.015023519285023212,0.022769073024392128,x
13,0.020130718871951104,0.025545054301619526,60,0.020000000000000573,0.030000000000000582,1398,-89.11957550048828,411.5268859863281,-0.025468390434980392,0.025031067430973053,0.022623984143137932,x
13,0.020130718871951104,0.025545054301619526,61,0.030000000000000582,0.04000000000000059,1409,-69.15120697021484,284.8784484863281,-0.02051331102848053,0.03504066541790962,0.022624338045716286,x
13,0.020130718871951104,0.025545054301619526,62,0.04000000000000059,0.0500000000000006,1382,-52.83665466308594,222.11737060546875,-0.010104929096996784,0.04507653787732124,0.022686876356601715,x
13,0.020130718871951104,0.025545054301619526,63,0.0500000000000006,0.06000000000000061,1404,-45.79310607910156,180.906494140625,-0.002417686628177762,0.05502680689096451,0.02270474098622799,x
13,0.020130718871951104,0.025545054301619526,64,0.06000000000000061,0.07000000000000062,1409,-48.411312103271484,149.53199768066406,-0.006782978307455778,0.06498251110315323,0.022720374166965485,x
13,0.020130718871951104,0.025545054301619526,65,0.07000000000000062,0.08000000000000063,1427,-46.30437088012695,129.21585083007812,-0.003629084210842848,0.07501869648694992,0.02258240431547165,x
13,0.020130718871951104,0.025545054301619526,66,0.08000000000000063,0.09000000000000064,1366,-46.071678161621094,114.6816177368164,-0.003322014817968011,0.08497754484415054,0.022510360926389694,x
13,0.020130718871951104,0.025545054301619526,67,0.09000000000000064,0.10000000000000064,1354,-47.43198013305664,103.61862182617188,-0.007090457249432802,0.09506966918706894,0.02248300425708294,x
13,0.020130718871951104,0.025545054301619526,68,0.10000000000000064,0.11000000000000065,1272,-52.60981750488281,95.30371856689453,-0.01946777105331421,0.10495328903198242,0.02255263179540634,x
13,0.020130718871951104,0.025545054301619526,69,0.11000000000000065,0.12000000000000066,1282,-48.36651611328125,86.9688491821289,-0.010529719293117523,0.11495310068130493,0.022553296759724617,x
13,0.020130718871951104,0.025545054301619526,70,0.12000000000000066,0.13000000000000067,1221,-52.044525146484375,80.65494537353516,-0.02156512439250946,0.12500926852226257,0.022621341049671173,x
13,0.020130718871951104,0.025545054301619526,71,0.13000000000000067,0.14000000000000068,1242,-47.62010192871094,73.77603149414062,-0.010227874852716923,0.13502946496009827,0.022668955847620964,x
13,0.020130718871951104,0.025545054301619526,72,0.14000000000000068,0.1500000000000007,1147,-44.42066192626953,69.15428161621094,-0.0009998182067647576,0.14497603476047516,0.022717909887433052,x
13,0.020130718871951104,0.025545054301619526,73,0.1500000000000007,0.1600000000000007,1102,-43.40272521972656,66.65123748779297,0.002991347573697567,0.1549183577299118,0.022625114768743515,x
13,0.020130718871951104,0.025545054301619526,74,0.1600000000000007,0.1700000000000007,1078,-43.71086502075195,62.928733825683594,0.0013843777123838663,0.164955273270607,0.0227610282599926,x
13,0.020130718871951104,0.025545054301619526,75,0.1700000000000007,0.18000000000000071,1055,-44.63050079345703,59.0783805847168,-0.0022828062064945698,0.1749430149793625,0.022677483037114143,x
13,0.020130718871951104,0.025545054301619526,76,0.18000000000000071,0.19000000000000072,1056,-43.844791412353516,56.82167053222656,0.001351956627331674,0.18498140573501587,0.022697802633047104,x
13,0.020130718871951104,0.025545054301619526,77,0.19000000000000072,0.20000000000000073,1038,-45.518455505371094,53.42700958251953,-0.006675953045487404,0.1950196772813797,0.022790241986513138,x
13,0.020130718871951104,0.025545054301619526,78,0.20000000000000073,0.21000000000000074,1047,-47.22593688964844,50.37733459472656,-0.015295373275876045,0.20499476790428162,0.022759541869163513,x
13,0.020130718871951104,0.025545054301619526,79,0.21000000000000074,0.22000000000000075,1103,-44.778629302978516,47.86897277832031,-0.00408631656318903,0.21499450504779816,0.022678259760141373,x
13,0.020130718871951104,0.025545054301619526,80,0.22000000000000075,0.23000000000000076,1070,-44.45101547241211,45.955657958984375,-0.0003802263818215579,0.22493262588977814,0.022660015150904655,x
13,0.020130718871951104,0.025545054301619526,81,0.23000000000000076,0.24000000000000077,1055,-42.00472640991211,45.07981491088867,0.013147876597940922,0.23494572937488556,0.022713487967848778,x
13,0.020130718871951104,0.025545054301619526,82,0.24000000000000077,0.2500000000000008,976,-38.974727630615234,43.27193069458008,0.030489780008792877,0.2449619174003601,0.022761641070246696,x
13,0.020130718871951104,0.025545054301619526,83,0.2500000000000008,0.2600000000000008,943,-37.276371002197266,41.99647903442383,0.041565727442502975,0.25503870844841003,0.022753790020942688,x
13,0.020130718871951104,0.025545054301619526,84,0.2600000000000008,0.2700000000000008,964,-32.1909065246582,40.27635955810547,0.07298123091459274,0.26502859592437744,0.022890029475092888,x
13,0.020130718871951104,0.025545054301619526,85,0.2700000000000008,0.2800000000000008,955,-33.55233383178711,39.5362434387207,0.06548427045345306,0.27497416734695435,0.022894103080034256,x
13,0.020130718871951104,0.025545054301619526,86,0.2800000000000008,0.2900000000000008,1146,-40.41072082519531,42.13042449951172,0.020565932616591454,0.28529277443885803,0.02291051298379898,x
13,0.020130718871951104,0.025545054301619526,87,0.2900000000000008,0.3000000000000008,1304,-39.422523498535156,42.919410705566406,0.030848538503050804,0.2948441207408905,0.02270982228219509,x
13,0.020130718871951104,0.025545054301619526,88,0.3000000000000008,0.31000000000000083,1185,-35.30663299560547,39.81311798095703,0.060169950127601624,0.30498209595680237,0.02269769087433815,x
13,0.020130718871951104,0.025545054301619526,89,0.31000000000000083,0.32000000000000084,1116,-38.86811828613281,38.31218338012695,0.03893640264868736,0.31506264209747314,0.022585690021514893,x
13,0.020130718871951104,0.025545054301619526,90,0.32000000000000084,0.33000000000000085,1383,-38.3553466796875,39.45450210571289,0.04479653015732765,0.32523471117019653,0.022476475685834885,x
13,0.020130718871951104,0.025545054301619526,91,0.33000000000000085,0.34000000000000086,1366,-38.27262496948242,37.58177947998047,0.04494155943393707,0.3349839150905609,0.0226480383425951,x
13,0.020130718871951104,0.025545054301619526,92,0.34000000000000086,0.35000000000000087,1299,-39.159332275390625,36.0681266784668,0.042939990758895874,0.344989150762558,0.02242397330701351,x
13,0.020130718871951104,0.025545054301619526,93,0.35000000000000087,0.3600000000000009,1444,-37.477298736572266,34.83610153198242,0.05770622566342354,0.35515713691711426,0.02247796021401882,x
13,0.020130718871951104,0.025545054301619526,94,0.3600000000000009,0.3700000000000009,3839,-38.173057556152344,33.69757843017578,0.05080446973443031,0.3660537302494049,0.022669553756713867,x
13,0.020130718871951104,0.025545054301619526,95,0.3700000000000009,0.3800000000000009,8462,-34.36555862426758,32.667579650878906,0.08384744077920914,0.3742029070854187,0.022587819024920464,x
13,0.020130718871951104,0.025545054301619526,96,0.3800000000000009,0.3900000000000009,3058,-44.09775924682617,32.3563232421875,0.0024348122533410788,0.38424962759017944,0.022623984143137932,x
13,0.020130718871951104,0.025545054301619526,97,0.3900000000000009,0.4000000000000009,1064,-40.51047897338867,32.0755615234375,0.03359246253967285,0.39326635003089905,0.022563181817531586,x
13,0.020130718871951104,0.025545054301619526,98,0.4000000000000009,0.4100000000000009,386,-50.521331787109375,29.288898468017578,-0.056477662175893784,0.4045696258544922,0.022537782788276672,x
13,0.020130718871951104,0.025545054301619526,99,0.4100000000000009,0.42000000000000093,175,-44.841636657714844,34.91001510620117,-0.0042991009540855885,0.414520800113678,0.022554511204361916,x
13,0.020130718871951104,0.025545054301619526,100,0.42000000000000093,0.43000000000000094,162,-42.552642822265625,34.576171875,0.01943417266011238,0.42505109310150146,0.022498667240142822,x
13,0.020130718871951104,0.025545054301619526,101,0.43000000000000094,0.44000000000000095,147,-39.50957489013672,33.98362731933594,0.04986080527305603,0.4347335696220398,0.02265993505716324,x
13,0.020130718871951104,0.025545054301619526,102,0.44000000000000095,0.45000000000000095,127,-43.634910583496094,35.45214080810547,0.016409052535891533,0.44467228651046753,0.022683458402752876,x
13,0.020130718871951104,0.025545054301619526,103,0.45000000000000095,0.46000000000000096,109,-44.93510055541992,35.35277557373047,0.0018216840690001845,0.45491793751716614,0.022607717663049698,x
13,0.020130718871951104,0.025545054301619526,104,0.46000000000000096,0.470000000000001,97,-47.3292121887207,34.77714920043945,-0.02357248216867447,0.46485498547554016,0.02242741361260414,x
13,0.020130718871951104,0.025545054301619526,105,0.470000000000001,0.480000000000001,98,-41.560272216796875,33.51516342163086,0.030767083168029785,0.47495490312576294,0.022682705894112587,x
13,0.020130718871951104,0.025545054301619526,106,0.480000000000001,0.490000000000001,86,-37.248878479003906,29.766504287719727,0.07700192183256149,0.4850620925426483,0.022688619792461395,x
13,0.020130718871951104,0.025545054301619526,107,0.490000000000001,0.500000000000001,74,-28.49015235900879,29.658018112182617,0.1727665364742279,0.49500781297683716,0.022702084854245186,x
13,0.020130718871951104,0.025545054301619526,108,0.500000000000001,0.510000000000001,70,-20.93030548095703,25.63715362548828,0.26254841685295105,0.5050045847892761,0.02294132299721241,x
13,0.020130718871951104,0.025545054301619526,109,0.510000000000001,0.520000000000001,61,-26.219968795776367,29.08550262451172,0.20325647294521332,0.5147141814231873,0.02279401756823063,x
13,0.020130718871951104,0.025545054301619526,110,0.520000000000001,0.530000000000001,65,-24.136432647705078,29.77387809753418,0.22931528091430664,0.525261402130127,0.022725405171513557,x
13,0.020130718871951104,0.025545054301619526,111,0.530000000000001,0.540000000000001,75,-19.248458862304688,28.866191864013672,0.29284727573394775,0.5345768332481384,0.022815868258476257,x
13,0.020130718871951104,0.025545054301619526,112,0.540000000000001,0.550000000000001,33,-1.3157784938812256,1.4771064519882202,0.5290057063102722,0.5453962087631226,0.022471480071544647,x
13,0.020130718871951104,0.025545054301619526,113,0.550000000000001,0.560000000000001,52,-0.7635568380355835,0.8727213144302368,0.543813943862915,0.5534489154815674,0.022685496136546135,x
14,0.025545054301619526,0.03378487005829811,1,-0.57,-0.5599999999999999,15,-0.12635719776153564,0.23145654797554016,-0.5594968795776367,-0.5614728331565857,0.028104182332754135,x
14,0.025545054301619526,0.03378487005829811,2,-0.5599999999999999,-0.5499999999999999,120,-25.681514739990234,23.50975227355957,-0.132905974984169,-0.55306476354599,0.029246969148516655,x
14,0.025545054301619526,0.03378487005829811,3,-0.5499999999999999,-0.5399999999999999,69,-17.67401885986328,22.494009017944336,-0.2590436637401581,-0.5458669662475586,0.028912974521517754,x
14,0.025545054301619526,0.03378487005829811,4,-0.5399999999999999,-0.5299999999999999,33,-21.537822723388672,25.087326049804688,-0.19665133953094482,-0.5350522994995117,0.029353074729442596,x
14,0.025545054301619526,0.03378487005829811,5,-0.5299999999999999,-0.5199999999999999,39,-29.154300689697266,24.931486129760742,-0.07619883120059967,-0.5249006748199463,0.02918531373143196,x
14,0.025545054301619526,0.03378487005829811,6,-0.5199999999999999,-0.5099999999999999,41,-31.58725929260254,24.029001235961914,-0.03205539286136627,-0.5149348378181458,0.029463404789566994,x
14,0.025545054301619526,0.03378487005829811,7,-0.5099999999999999,-0.4999999999999999,58,-42.33318328857422,23.384077072143555,0.1210217997431755,-0.5040646195411682,0.029388893395662308,x
14,0.025545054301619526,0.03378487005829811,8,-0.4999999999999999,-0.4899999999999999,71,-47.29019546508789,21.687129974365234,0.17972195148468018,-0.4949207603931427,0.02912123128771782,x
14,0.025545054301619526,0.03378487005829811,9,-0.4899999999999999,-0.47999999999999987,75,-47.2689094543457,21.165891647338867,0.18063826858997345,-0.4848509728908539,0.02927032858133316,x
14,0.025545054301619526,0.03378487005829811,10,-0.47999999999999987,-0.46999999999999986,84,-47.40021514892578,20.96656036376953,0.1815531998872757,-0.4749135375022888,0.029309017583727837,x
14,0.025545054301619526,0.03378487005829811,11,-0.46999999999999986,-0.45999999999999985,93,-42.37166976928711,24.42997169494629,0.10419771820306778,-0.46483173966407776,0.029165590181946754,x
14,0.025545054301619526,0.03378487005829811,12,-0.45999999999999985,-0.44999999999999984,95,-37.13601303100586,24.698450088500977,0.041358064860105515,-0.45464691519737244,0.029646271839737892,x
14,0.025545054301619526,0.03378487005829811,13,-0.44999999999999984,-0.43999999999999984,130,-32.3488883972168,24.3148136138916,-0.023746075108647346,-0.4446604251861572,0.029645953327417374,x
14,0.025545054301619526,0.03378487005829811,14,-0.43999999999999984,-0.4299999999999998,111,-31.368513107299805,25.000057220458984,-0.03913530707359314,-0.43463605642318726,0.029448358342051506,x
14,0.025545054301619526,0.03378487005829811,15,-0.4299999999999998,-0.4199999999999998,136,-24.808698654174805,24.54482078552246,-0.11971276998519897,-0.4247276186943054,0.029469160363078117,x
14,0.025545054301619526,0.03378487005829811,16,-0.4199999999999998,-0.4099999999999998,249,-28.752628326416016,21.651535034179688,-0.0592416450381279,-0.4143916666507721,0.029913662001490593,x
14,0.025545054301619526,0.03378487005829811,17,-0.4099999999999998,-0.3999999999999998,373,-29.278060913085938,22.032840728759766,-0.05926896259188652,-0.40459153056144714,0.029327234253287315,x
14,0.025545054301619526,0.03378487005829811,18,-0.3999999999999998,-0.3899999999999998,2037,-23.89811897277832,21.892013549804688,-0.12069763243198395,-0.3930946886539459,0.029202992096543312,x
14,0.025545054301619526,0.03378487005829811,19,-0.3899999999999998,-0.3799999999999998,6583,-23.782649993896484,21.654190063476562,-0.11505549401044846,-0.384380966424942,0.02953941375017166,x
14,0.025545054301619526,0.03378487005829811,20,-0.3799999999999998,-0.3699999999999998,13740,-24.563737869262695,25.781124114990234,-0.10622862726449966,-0.3751954138278961,0.02934505231678486,x
14,0.025545054301619526,0.03378487005829811,21,-0.3699999999999998,-0.35999999999999976,2737,-28.969749450683594,29.34424591064453,-0.056237440556287766,-0.36623501777648926,0.029253210872411728,x
14,0.025545054301619526,0.03378487005829811,22,-0.35999999999999976,-0.34999999999999976,1174,-24.96942901611328,29.681201934814453,-0.0948004424571991,-0.35500457882881165,0.02945081517100334,x
14,0.025545054301619526,0.03378487005829811,23,-0.34999999999999976,-0.33999999999999975,918,-25.219783782958984,29.669130325317383,-0.0867893248796463,-0.34513795375823975,0.02966318652033806,x
14,0.025545054301619526,0.03378487005829811,24,-0.33999999999999975,-0.32999999999999974,832,-25.298847198486328,30.136905670166016,-0.08045002073049545,-0.3349955677986145,0.029718777164816856,x
14,0.025545054301619526,0.03378487005829811,25,-0.32999999999999974,-0.31999999999999973,649,-21.360383987426758,29.390289306640625,-0.11912056058645248,-0.32513153553009033,0.029623104259371758,x
14,0.025545054301619526,0.03378487005829811,26,-0.31999999999999973,-0.3099999999999997,612,-18.004362106323242,30.310606002807617,-0.14698925614356995,-0.31505805253982544,0.02932145819067955,x
14,0.025545054301619526,0.03378487005829811,27,-0.3099999999999997,-0.2999999999999997,586,-15.701891899108887,29.78587532043457,-0.16422080993652344,-0.30504003167152405,0.02919521927833557,x
14,0.025545054301619526,0.03378487005829811,28,-0.2999999999999997,-0.2899999999999997,574,-14.109550476074219,30.64916229248047,-0.1719592958688736,-0.2948071360588074,0.029071535915136337,x
14,0.025545054301619526,0.03378487005829811,29,-0.2899999999999997,-0.2799999999999997,570,-13.38048267364502,31.64327621459961,-0.17316733300685883,-0.2850083112716675,0.028964495286345482,x
14,0.025545054301619526,0.03378487005829811,30,-0.2799999999999997,-0.2699999999999997,600,-12.905662536621094,31.674789428710938,-0.172001451253891,-0.2750275433063507,0.028941083699464798,x
14,0.025545054301619526,0.03378487005829811,31,-0.2699999999999997,-0.2599999999999997,590,-11.695151329040527,32.35090255737305,-0.17609214782714844,-0.26488739252090454,0.028959080576896667,x
14,0.025545054301619526,0.03378487005829811,32,-0.2599999999999997,-0.24999999999999967,669,-9.447165489196777,31.88165283203125,-0.18635791540145874,-0.2549436688423157,0.029147876426577568,x
14,0.025545054301619526,0.03378487005829811,33,-0.24999999999999967,-0.23999999999999966,681,-11.283713340759277,34.09163284301758,-0.1659630686044693,-0.24491772055625916,0.029037902131676674,x
14,0.025545054301619526,0.03378487005829811,34,-0.23999999999999966,-0.22999999999999965,711,-13.764398574829102,36.4328498840332,-0.14139597117900848,-0.23498958349227905,0.029275868088006973,x
14,0.025545054301619526,0.03378487005829811,35,-0.22999999999999965,-0.21999999999999964,727,-16.145896911621094,39.13603591918945,-0.1187545508146286,-0.22504191100597382,0.029294004663825035,x
14,0.025545054301619526,0.03378487005829811,36,-0.21999999999999964,-0.20999999999999963,831,-18.46495246887207,40.89694595336914,-0.09848258644342422,-0.21489480137825012,0.029120631515979767,x
14,0.025545054301619526,0.03378487005829811,37,-0.20999999999999963,-0.19999999999999962,844,-20.185382843017578,44.027191162109375,-0.08447965234518051,-0.20486685633659363,0.02900506928563118,x
14,0.025545054301619526,0.03378487005829811,38,-0.19999999999999962,-0.1899999999999996,889,-21.89415740966797,46.48231887817383,-0.0707673728466034,-0.1948785036802292,0.029036857187747955,x
14,0.025545054301619526,0.03378487005829811,39,-0.1899999999999996,-0.1799999999999996,1004,-23.421606063842773,49.556190490722656,-0.057680822908878326,-0.18492352962493896,0.029143458232283592,x
14,0.025545054301619526,0.03378487005829811,40,-0.1799999999999996,-0.1699999999999996,1043,-24.446125030517578,54.01751708984375,-0.049878135323524475,-0.17487971484661102,0.029172386974096298,x
14,0.025545054301619526,0.03378487005829811,41,-0.1699999999999996,-0.1599999999999996,1069,-21.409893035888672,56.885833740234375,-0.06152857467532158,-0.16494320333003998,0.029161475598812103,x
14,0.025545054301619526,0.03378487005829811,42,-0.1599999999999996,-0.14999999999999958,1114,-19.148880004882812,60.162811279296875,-0.06782402843236923,-0.15493306517601013,0.02909308671951294,x
14,0.025545054301619526,0.03378487005829811,43,-0.14999999999999958,-0.13999999999999957,1148,-18.515470504760742,64.21416473388672,-0.06714116036891937,-0.14499884843826294,0.029037179425358772,x
14,0.025545054301619526,0.03378487005829811,44,-0.13999999999999957,-0.12999999999999956,1166,-18.031173706054688,68.6404800415039,-0.06373703479766846,-0.13494734466075897,0.029198821634054184,x
14,0.025545054301619526,0.03378487005829811,45,-0.12999999999999956,-0.11999999999999955,1171,-18.649749755859375,74.11570739746094,-0.05730566009879112,-0.12510430812835693,0.02925032377243042,x
14,0.025545054301619526,0.03378487005829811,46,-0.11999999999999955,-0.10999999999999954,1218,-19.78433609008789,81.66712188720703,-0.04817279428243637,-0.11510075628757477,0.029224684461951256,x
14,0.025545054301619526,0.03378487005829811,47,-0.10999999999999954,-0.09999999999999953,1221,-24.03504180908203,90.48780059814453,-0.030301174148917198,-0.1049436405301094,0.02932574227452278,x
14,0.025545054301619526,0.03378487005829811,48,-0.09999999999999953,-0.08999999999999952,1256,-24.453432083129883,99.89509582519531,-0.026970457285642624,-0.09504241496324539,0.02934315800666809,x
14,0.025545054301619526,0.03378487005829811,49,-0.08999999999999952,-0.07999999999999952,1292,-14.541239738464355,107.90579986572266,-0.04755859076976776,-0.08501418679952621,0.02946624904870987,x
14,0.025545054301619526,0.03378487005829811,50,-0.07999999999999952,-0.06999999999999951,1296,-15.410011291503906,120.8447494506836,-0.04004538059234619,-0.07495500892400742,0.029422223567962646,x
14,0.025545054301619526,0.03378487005829811,51,-0.06999999999999951,-0.0599999999999995,1356,-12.611918449401855,140.40589904785156,-0.040622398257255554,-0.0649326965212822,0.029328929260373116,x
14,0.025545054301619526,0.03378487005829811,52,-0.0599999999999995,-0.04999999999999949,1480,-20.45297622680664,164.6368408203125,-0.022523514926433563,-0.05487370491027832,0.0293518528342247,x
14,0.025545054301619526,0.03378487005829811,53,-0.04999999999999949,-0.03999999999999948,1722,-22.51262092590332,198.12147521972656,-0.016733817756175995,-0.044973235577344894,0.029357122257351875,x
14,0.025545054301619526,0.03378487005829811,54,-0.03999999999999948,-0.02999999999999947,1920,-44.40231704711914,241.46363830566406,0.007917370647192001,-0.034918904304504395,0.02921019308269024,x
14,0.025545054301619526,0.03378487005829811,55,-0.02999999999999947,-0.019999999999999463,1678,-38.67228317260742,338.2367248535156,0.0008430685847997665,-0.02516351267695427,0.029415443539619446,x
14,0.025545054301619526,0.03378487005829811,56,-0.019999999999999463,-0.009999999999999454,1420,-21.0576114654541,605.6055908203125,-0.008236001245677471,-0.015009931288659573,0.029362622648477554,x
14,0.025545054301619526,0.03378487005829811,57,-0.009999999999999454,5.551115123125783e-16,1223,107.2656478881836,2655.019775390625,-0.018498428165912628,-0.0055444855242967606,0.029256077483296394,x
14,0.025545054301619526,0.03378487005829811,58,5.551115123125783e-16,0.010000000000000564,1202,-118.50173950195312,2569.691650390625,-0.01625056564807892,0.005555744748562574,0.029228584840893745,x
14,0.025545054301619526,0.03378487005829811,59,0.010000000000000564,0.020000000000000573,1306,-62.790348052978516,581.7203979492188,-0.01171956118196249,0.015004376880824566,0.02929231896996498,x
14,0.025545054301619526,0.03378487005829811,60,0.020000000000000573,0.030000000000000582,1337,-49.883079528808594,343.2665100097656,-0.011203755624592304,0.024970337748527527,0.029202966019511223,x
14,0.025545054301619526,0.03378487005829811,61,0.030000000000000582,0.04000000000000059,1356,-33.92788314819336,249.7316131591797,0.0003357299428898841,0.03495889529585838,0.029240209609270096,x
14,0.025545054301619526,0.03378487005829811,62,0.04000000000000059,0.0500000000000006,1252,-44.01140213012695,194.66624450683594,-0.012439148500561714,0.04500369355082512,0.02924061194062233,x
14,0.025545054301619526,0.03378487005829811,63,0.0500000000000006,0.06000000000000061,1201,-47.74937438964844,159.34872436523438,-0.020903276279568672,0.054961394518613815,0.02925456315279007,x
14,0.025545054301619526,0.03378487005829811,64,0.06000000000000061,0.07000000000000062,1173,-38.564212799072266,136.01882934570312,-0.007879665121436119,0.06500664353370667,0.029318364337086678,x
14,0.025545054301619526,0.03378487005829811,65,0.07000000000000062,0.08000000000000063,1228,-43.25675582885742,118.07061767578125,-0.01843629591166973,0.07504431158304214,0.029450811445713043,x
14,0.025545054301619526,0.03378487005829811,66,0.08000000000000063,0.09000000000000064,1227,-42.94420623779297,104.30431365966797,-0.021037928760051727,0.08505666255950928,0.02943495288491249,x
14,0.025545054301619526,0.03378487005829811,67,0.09000000000000064,0.10000000000000064,1238,-42.384666442871094,94.00634002685547,-0.02215823531150818,0.09493189305067062,0.02946985885500908,x
14,0.025545054301619526,0.03378487005829811,68,0.10000000000000064,0.11000000000000065,1221,-43.99920654296875,85.30773162841797,-0.029620615765452385,0.10495602339506149,0.029427705332636833,x
14,0.025545054301619526,0.03378487005829811,69,0.11000000000000065,0.12000000000000066,1181,-46.097633361816406,79.33719635009766,-0.03999491035938263,0.11497948318719864,0.029381290078163147,x
14,0.025545054301619526,0.03378487005829811,70,0.12000000000000066,0.13000000000000067,1124,-46.942176818847656,73.36119842529297,-0.04694300889968872,0.12502852082252502,0.029521074146032333,x
14,0.025545054301619526,0.03378487005829811,71,0.13000000000000067,0.14000000000000068,1080,-48.16904067993164,68.4725570678711,-0.055811136960983276,0.13488933444023132,0.029655057936906815,x
14,0.025545054301619526,0.03378487005829811,72,0.14000000000000068,0.1500000000000007,1062,-48.70769500732422,63.61764907836914,-0.06136025860905647,0.14499583840370178,0.029612021520733833,x
14,0.025545054301619526,0.03378487005829811,73,0.1500000000000007,0.1600000000000007,1082,-46.724830627441406,61.32798767089844,-0.05494040995836258,0.15495727956295013,0.029518352821469307,x
14,0.025545054301619526,0.03378487005829811,74,0.1600000000000007,0.1700000000000007,1039,-46.53874206542969,57.92743682861328,-0.05795799195766449,0.1650632917881012,0.02930108644068241,x
14,0.025545054301619526,0.03378487005829811,75,0.1700000000000007,0.18000000000000071,1088,-42.535552978515625,54.284400939941406,-0.04153914004564285,0.1749655306339264,0.029354536905884743,x
14,0.025545054301619526,0.03378487005829811,76,0.18000000000000071,0.19000000000000072,1090,-44.785850524902344,50.70370864868164,-0.05627676099538803,0.18500670790672302,0.029317693784832954,x
14,0.025545054301619526,0.03378487005829811,77,0.19000000000000072,0.20000000000000073,1070,-41.056182861328125,49.096065521240234,-0.037165891379117966,0.19490177929401398,0.029329966753721237,x
14,0.025545054301619526,0.03378487005829811,78,0.20000000000000073,0.21000000000000074,1017,-39.14078140258789,45.789833068847656,-0.028791703283786774,0.20499521493911743,0.029458479955792427,x
14,0.025545054301619526,0.03378487005829811,79,0.21000000000000074,0.22000000000000075,1086,-35.65923309326172,43.462669372558594,-0.010910979472100735,0.2149452567100525,0.029701514169573784,x
14,0.025545054301619526,0.03378487005829811,80,0.22000000000000075,0.23000000000000076,1005,-36.85478210449219,41.08692169189453,-0.018227949738502502,0.22497990727424622,0.029522091150283813,x
14,0.025545054301619526,0.03378487005829811,81,0.23000000000000076,0.24000000000000077,1042,-35.89636993408203,40.13679885864258,-0.011891601607203484,0.23494085669517517,0.029341096058487892,x
14,0.025545054301619526,0.03378487005829811,82,0.24000000000000077,0.2500000000000008,1069,-33.70856857299805,37.965816497802734,0.00374134024605155,0.2450646013021469,0.0292818620800972,x
14,0.025545054301619526,0.03378487005829811,83,0.2500000000000008,0.2600000000000008,1082,-32.911014556884766,37.08256912231445,0.009956574998795986,0.2549758851528168,0.02909998595714569,x
14,0.025545054301619526,0.03378487005829811,84,0.2600000000000008,0.2700000000000008,1037,-33.41081619262695,35.997283935546875,0.008169508539140224,0.26504167914390564,0.029081888496875763,x
14,0.025545054301619526,0.03378487005829811,85,0.2700000000000008,0.2800000000000008,1028,-33.409996032714844,35.813743591308594,0.009865880943834782,0.2750246524810791,0.029013345018029213,x
14,0.025545054301619526,0.03378487005829811,86,0.2800000000000008,0.2900000000000008,1192,-36.03965377807617,36.07915496826172,-0.013181855902075768,0.2851533591747284,0.02906401827931404,x
14,0.025545054301619526,0.03378487005829811,87,0.2900000000000008,0.3000000000000008,1322,-29.828975677490234,34.64875411987305,0.04172099381685257,0.29516515135765076,0.029033666476607323,x
14,0.025545054301619526,0.03378487005829811,88,0.3000000000000008,0.31000000000000083,1547,-24.75092124938965,33.5705451965332,0.0844222754240036,0.3045599162578583,0.02944912202656269,x
14,0.025545054301619526,0.03378487005829811,89,0.31000000000000083,0.32000000000000084,1153,-31.753049850463867,32.68678665161133,0.02301918901503086,0.31504324078559875,0.02938256599009037,x
14,0.025545054301619526,0.03378487005829811,90,0.32000000000000084,0.33000000000000085,1311,-29.33142852783203,31.907197952270508,0.046831969171762466,0.3250964283943176,0.02928721159696579,x
14,0.025545054301619526,0.03378487005829811,91,0.33000000000000085,0.34000000000000086,1132,-32.21516418457031,31.392383575439453,0.01861567050218582,0.334942489862442,0.029180236160755157,x
14,0.025545054301619526,0.03378487005829811,92,0.34000000000000086,0.35000000000000087,1162,-35.330291748046875,31.51094627380371,-0.01613110676407814,0.34496718645095825,0.02960335649549961,x
14,0.025545054301619526,0.03378487005829811,93,0.35000000000000087,0.3600000000000009,1399,-31.621191024780273,29.79376983642578,0.020795566961169243,0.35542765259742737,0.029733654111623764,x
14,0.025545054301619526,0.03378487005829811,94,0.3600000000000009,0.3700000000000009,3395,-28.565574645996094,27.062965393066406,0.0614151731133461,0.36604127287864685,0.029167726635932922,x
14,0.025545054301619526,0.03378487005829811,95,0.3700000000000009,0.3800000000000009,7725,-32.72084045410156,26.736719131469727,0.0168170016258955,0.37456101179122925,0.029385989531874657,x
14,0.025545054301619526,0.03378487005829811,96,0.3800000000000009,0.3900000000000009,3031,-34.495948791503906,25.963260650634766,-0.0024373738560825586,0.38423222303390503,0.02944481372833252,x
14,0.025545054301619526,0.03378487005829811,97,0.3900000000000009,0.4000000000000009,979,-34.735206604003906,25.460588455200195,-0.004280423279851675,0.3939955234527588,0.029326336458325386,x
14,0.025545054301619526,0.03378487005829811,98,0.4000000000000009,0.4100000000000009,387,-40.44636917114258,22.151575088500977,-0.07696165889501572,0.40466395020484924,0.029691549018025398,x
14,0.025545054301619526,0.03378487005829811,99,0.4100000000000009,0.42000000000000093,193,-34.59199523925781,22.982078552246094,-0.012350418604910374,0.4142276644706726,0.029883291572332382,x
14,0.025545054301619526,0.03378487005829811,100,0.42000000000000093,0.43000000000000094,127,-30.820772171020508,24.429794311523438,0.04326920956373215,0.4245232343673706,0.029213327914476395,x
14,0.025545054301619526,0.03378487005829811,101,0.43000000000000094,0.44000000000000095,120,-31.133474349975586,25.517610549926758,0.040035564452409744,0.43468913435935974,0.029418477788567543,x
14,0.025545054301619526,0.03378487005829811,102,0.44000000000000095,0.45000000000000095,113,-30.510414123535156,24.90743637084961,0.0497109517455101,0.4450380206108093,0.029222680255770683,x
14,0.025545054301619526,0.03378487005829811,103,0.45000000000000095,0.46000000000000096,109,-31.96025276184082,24.823251724243164,0.034514736384153366,0.4549359083175659,0.028832050040364265,x
14,0.025545054301619526,0.03378487005829811,104,0.46000000000000096,0.470000000000001,107,-33.50653076171875,24.78899574279785,0.010989520698785782,0.4651374816894531,0.029072336852550507,x
14,0.025545054301619526,0.03378487005829811,105,0.470000000000001,0.480000000000001,96,-32.79336166381836,26.172504425048828,0.018370285630226135,0.4750216007232666,0.029236173257231712,x
14,0.025545054301619526,0.03378487005829811,106,0.480000000000001,0.490000000000001,81,-28.496492385864258,25.924161911010742,0.08151581883430481,0.4850730001926422,0.029298681765794754,x
14,0.025545054301619526,0.03378487005829811,107,0.490000000000001,0.500000000000001,60,-27.35228157043457,23.378494262695312,0.0999898761510849,0.4950048625469208,0.029292834922671318,x
14,0.025545054301619526,0.03378487005829811,108,0.500000000000001,0.510000000000001,46,-20.254924774169922,20.433298110961914,0.2025606781244278,0.5048487186431885,0.029568197205662727,x
14,0.025545054301619526,0.03378487005829811,109,0.510000000000001,0.520000000000001,43,-21.02895736694336,20.920373916625977,0.19445672631263733,0.5153778791427612,0.029301326721906662,x
14,0.025545054301619526,0.03378487005829811,110,0.520000000000001,0.530000000000001,38,-32.699317932128906,23.315345764160156,0.0259519312530756,0.5252478122711182,0.02897387370467186,x
14,0.025545054301619526,0.03378487005829811,111,0.530000000000001,0.540000000000001,66,-25.6883544921875,25.666810989379883,0.1421075165271759,0.5358619689941406,0.028670210391283035,x
14,0.025545054301619526,0.03378487005829811,112,0.540000000000001,0.550000000000001,52,-28.12732696533203,24.374353408813477,0.0828193873167038,0.5445616245269775,0.02969389222562313,x
14,0.025545054301619526,0.03378487005829811,113,0.550000000000001,0.560000000000001,14,-1.046644687652588,0.47637203335762024,0.5371509790420532,0.5529369711875916,0.027180293574929237,x
15,0.03378487005829811,0.05118194594979286,2,-0.5599999999999999,-0.5499999999999999,113,-25.32716178894043,16.31053924560547,0.02494204230606556,-0.5540734529495239,0.04153381288051605,x
15,0.03378487005829811,0.05118194594979286,3,-0.5499999999999999,-0.5399999999999999,70,-22.205183029174805,16.605222702026367,-0.03534900024533272,-0.5453468561172485,0.04202159121632576,x
15,0.03378487005829811,0.05118194594979286,4,-0.5399999999999999,-0.5299999999999999,69,-31.578588485717773,11.778099060058594,0.1991974413394928,-0.5350363850593567,0.043520428240299225,x
15,0.03378487005829811,0.05118194594979286,5,-0.5299999999999999,-0.5199999999999999,67,-34.66182327270508,9.12243938446045,0.23306524753570557,-0.5253111720085144,0.04204844683408737,x
15,0.03378487005829811,0.05118194594979286,6,-0.5199999999999999,-0.5099999999999999,53,-34.980194091796875,10.608404159545898,0.23127296566963196,-0.514646589756012,0.04166889935731888,x
15,0.03378487005829811,0.05118194594979286,7,-0.5099999999999999,-0.4999999999999999,71,-34.38446044921875,12.270719528198242,0.199398934841156,-0.5042194128036499,0.04118554666638374,x
15,0.03378487005829811,0.05118194594979286,8,-0.4999999999999999,-0.4899999999999999,71,-33.980064392089844,14.60978889465332,0.1829710304737091,-0.49492672085762024,0.04097185656428337,x
15,0.03378487005829811,0.05118194594979286,9,-0.4899999999999999,-0.47999999999999987,67,-30.05859375,15.636310577392578,0.12120676785707474,-0.4849533438682556,0.04240332543849945,x
15,0.03378487005829811,0.05118194594979286,10,-0.47999999999999987,-0.46999999999999986,85,-24.99688720703125,18.577085494995117,0.007717979606240988,-0.47473642230033875,0.04148494824767113,x
15,0.03378487005829811,0.05118194594979286,11,-0.46999999999999986,-0.45999999999999985,127,-23.616361618041992,16.99250602722168,-0.0071939220651984215,-0.4646475613117218,0.04213317856192589,x
15,0.03378487005829811,0.05118194594979286,12,-0.45999999999999985,-0.44999999999999984,149,-25.580156326293945,17.043500900268555,0.014881998300552368,-0.4549338221549988,0.04087178781628609,x
15,0.03378487005829811,0.05118194594979286,13,-0.44999999999999984,-0.43999999999999984,131,-27.264020919799805,16.863059997558594,0.04539242759346962,-0.4449700117111206,0.04051648825407028,x
15,0.03378487005829811,0.05118194594979286,14,-0.43999999999999984,-0.4299999999999998,156,-25.285259246826172,17.294614791870117,0.01569441705942154,-0.4349449872970581,0.04101928696036339,x
15,0.03378487005829811,0.05118194594979286,15,-0.4299999999999998,-0.4199999999999998,185,-24.799335479736328,17.298118591308594,-0.001331803621724248,-0.42416417598724365,0.04086272791028023,x
15,0.03378487005829811,0.05118194594979286,16,-0.4199999999999998,-0.4099999999999998,555,-17.60596466064453,15.624028205871582,-0.11004830151796341,-0.41420331597328186,0.04298144578933716,x
15,0.03378487005829811,0.05118194594979286,17,-0.4099999999999998,-0.3999999999999998,754,-16.70065689086914,16.073143005371094,-0.11618293076753616,-0.40448498725891113,0.043021973222494125,x
15,0.03378487005829811,0.05118194594979286,18,-0.3999999999999998,-0.3899999999999998,1845,-20.186538696289062,16.796459197998047,-0.06028106436133385,-0.3940505087375641,0.04242820665240288,x
15,0.03378487005829811,0.05118194594979286,19,-0.3899999999999998,-0.3799999999999998,5566,-20.744707107543945,17.978410720825195,-0.06119569391012192,-0.38443848490715027,0.041266683489084244,x
15,0.03378487005829811,0.05118194594979286,20,-0.3799999999999998,-0.3699999999999998,13426,-19.49565315246582,17.9289493560791,-0.08195395767688751,-0.3749464750289917,0.0409611314535141,x
15,0.03378487005829811,0.05118194594979286,21,-0.3699999999999998,-0.35999999999999976,3164,-18.133811950683594,19.773691177368164,-0.09565040469169617,-0.3663274943828583,0.041581712663173676,x
15,0.03378487005829811,0.05118194594979286,22,-0.35999999999999976,-0.34999999999999976,1172,-13.68722152709961,20.186208724975586,-0.1578531265258789,-0.3552255928516388,0.04161585867404938,x
15,0.03378487005829811,0.05118194594979286,23,-0.34999999999999976,-0.33999999999999975,950,-14.900554656982422,20.441455841064453,-0.13429124653339386,-0.3452143967151642,0.04102103039622307,x
15,0.03378487005829811,0.05118194594979286,24,-0.33999999999999975,-0.32999999999999974,826,-14.163213729858398,21.4033145904541,-0.14140918850898743,-0.3351738452911377,0.040905725210905075,x
15,0.03378487005829811,0.05118194594979286,25,-0.32999999999999974,-0.31999999999999973,724,-21.00571632385254,25.201007843017578,-0.05737500265240669,-0.32504692673683167,0.04050448536872864,x
15,0.03378487005829811,0.05118194594979286,26,-0.31999999999999973,-0.3099999999999997,638,-21.189807891845703,23.768802642822266,-0.04460343345999718,-0.3152982294559479,0.04121633246541023,x
15,0.03378487005829811,0.05118194594979286,27,-0.3099999999999997,-0.2999999999999997,600,-20.584430694580078,24.216501235961914,-0.052969589829444885,-0.30511370301246643,0.04104897007346153,x
15,0.03378487005829811,0.05118194594979286,28,-0.2999999999999997,-0.2899999999999997,583,-19.00385284423828,24.91119384765625,-0.06762056052684784,-0.2949316203594208,0.041500162333250046,x
15,0.03378487005829811,0.05118194594979286,29,-0.2899999999999997,-0.2799999999999997,561,-18.97928810119629,25.921884536743164,-0.06288117170333862,-0.28512126207351685,0.04155140370130539,x
15,0.03378487005829811,0.05118194594979286,30,-0.2799999999999997,-0.2699999999999997,560,-19.58533477783203,26.495433807373047,-0.05160163342952728,-0.2751579284667969,0.041564490646123886,x
15,0.03378487005829811,0.05118194594979286,31,-0.2699999999999997,-0.2599999999999997,588,-19.591325759887695,27.897319793701172,-0.05012102425098419,-0.2650648355484009,0.04129555821418762,x
15,0.03378487005829811,0.05118194594979286,32,-0.2599999999999997,-0.24999999999999967,592,-22.550708770751953,29.2541446685791,-0.015917424112558365,-0.25503718852996826,0.04164518788456917,x
15,0.03378487005829811,0.05118194594979286,33,-0.24999999999999967,-0.23999999999999966,669,-20.74510955810547,30.118572235107422,-0.0370076559484005,-0.24494285881519318,0.04103831201791763,x
15,0.03378487005829811,0.05118194594979286,34,-0.23999999999999966,-0.22999999999999965,673,-19.650102615356445,30.419363021850586,-0.04239150509238243,-0.23487240076065063,0.04143773391842842,x
15,0.03378487005829811,0.05118194594979286,35,-0.22999999999999965,-0.21999999999999964,719,-19.402812957763672,32.09780502319336,-0.04163298383355141,-0.22483474016189575,0.041358642280101776,x
15,0.03378487005829811,0.05118194594979286,36,-0.21999999999999964,-0.20999999999999963,738,-18.855119705200195,33.14714813232422,-0.04790933057665825,-0.21484549343585968,0.04129354655742645,x
15,0.03378487005829811,0.05118194594979286,37,-0.20999999999999963,-0.19999999999999962,793,-18.648496627807617,35.07400894165039,-0.04991954192519188,-0.20506896078586578,0.041093721985816956,x
15,0.03378487005829811,0.05118194594979286,38,-0.19999999999999962,-0.1899999999999996,799,-16.725187301635742,36.549652099609375,-0.06464334577322006,-0.19502907991409302,0.04106413200497627,x
15,0.03378487005829811,0.05118194594979286,39,-0.1899999999999996,-0.1799999999999996,794,-13.534822463989258,37.268436431884766,-0.08391579985618591,-0.18504832684993744,0.04098886623978615,x
15,0.03378487005829811,0.05118194594979286,40,-0.1799999999999996,-0.1699999999999996,764,-10.67348575592041,40.00815963745117,-0.09975949674844742,-0.17494936287403107,0.04102122038602829,x
15,0.03378487005829811,0.05118194594979286,41,-0.1699999999999996,-0.1599999999999996,765,-13.57292652130127,43.585418701171875,-0.07591868937015533,-0.16507813334465027,0.04123556613922119,x
15,0.03378487005829811,0.05118194594979286,42,-0.1599999999999996,-0.14999999999999958,805,-17.5361385345459,46.98217010498047,-0.04803425073623657,-0.15493786334991455,0.04124321788549423,x
15,0.03378487005829811,0.05118194594979286,43,-0.14999999999999958,-0.13999999999999957,821,-18.855449676513672,50.52537536621094,-0.037120167165994644,-0.14500738680362701,0.04136056452989578,x
15,0.03378487005829811,0.05118194594979286,44,-0.13999999999999957,-0.12999999999999956,833,-19.347532272338867,54.60762405395508,-0.032324597239494324,-0.13489894568920135,0.04135788604617119,x
15,0.03378487005829811,0.05118194594979286,45,-0.12999999999999956,-0.11999999999999955,841,-20.981443405151367,58.34313201904297,-0.022241901606321335,-0.12496519833803177,0.041604988276958466,x
15,0.03378487005829811,0.05118194594979286,46,-0.11999999999999955,-0.10999999999999954,969,-19.458084106445312,61.678680419921875,-0.02855415642261505,-0.11491582542657852,0.041347574442625046,x
15,0.03378487005829811,0.05118194594979286,47,-0.10999999999999954,-0.09999999999999953,913,-18.969459533691406,67.33897399902344,-0.025229375809431076,-0.10499852150678635,0.04084407165646553,x
15,0.03378487005829811,0.05118194594979286,48,-0.09999999999999953,-0.08999999999999952,998,-16.414649963378906,71.93307495117188,-0.029811877757310867,-0.095065176486969,0.04109710082411766,x
15,0.03378487005829811,0.05118194594979286,49,-0.08999999999999952,-0.07999999999999952,1057,-21.882051467895508,80.36205291748047,-0.008373615331947803,-0.08487721532583237,0.04130001738667488,x
15,0.03378487005829811,0.05118194594979286,50,-0.07999999999999952,-0.06999999999999951,1164,-25.12470245361328,89.18672180175781,0.004433273803442717,-0.07488046586513519,0.041328586637973785,x
15,0.03378487005829811,0.05118194594979286,51,-0.06999999999999951,-0.0599999999999995,1216,-28.903390884399414,100.54066467285156,0.011160758323967457,-0.06498852372169495,0.041291285306215286,x
15,0.03378487005829811,0.05118194594979286,52,-0.0599999999999995,-0.04999999999999949,1320,-31.610797882080078,117.67784881591797,0.014878859743475914,-0.05489428713917732,0.04127524048089981,x
15,0.03378487005829811,0.05118194594979286,53,-0.04999999999999949,-0.03999999999999948,1521,-40.51056671142578,141.08982849121094,0.02629792131483555,-0.04495059326291084,0.040929164737463,x
15,0.03378487005829811,0.05118194594979286,54,-0.03999999999999948,-0.02999999999999947,1832,-11.499765396118164,189.8502960205078,-0.021087367087602615,-0.03474743291735649,0.04087859392166138,x
15,0.03378487005829811,0.05118194594979286,55,-0.02999999999999947,-0.019999999999999463,1655,-47.67600631713867,264.33172607421875,0.019026925787329674,-0.025140823796391487,0.04091883823275566,x
15,0.03378487005829811,0.05118194594979286,56,-0.019999999999999463,-0.009999999999999454,1538,-88.84786224365234,443.9869079589844,0.03871135786175728,-0.015133011154830456,0.041393015533685684,x
15,0.03378487005829811,0.05118194594979286,57,-0.009999999999999454,5.551115123125783e-16,1332,-293.4995422363281,1885.1689453125,0.04224073141813278,-0.00560631463304162,0.04117980971932411,x
15,0.03378487005829811,0.05118194594979286,58,5.551115123125783e-16,0.010000000000000564,1316,192.38685607910156,2075.6162109375,0.03410470113158226,0.00544147239997983,0.041087597608566284,x
15,0.03378487005829811,0.05118194594979286,59,0.010000000000000564,0.020000000000000573,1438,33.8228759765625,444.3038330078125,0.03618725761771202,0.014963969588279724,0.04114903509616852,x
15,0.03378487005829811,0.05118194594979286,60,0.020000000000000573,0.030000000000000582,1399,5.1833815574646,251.87132263183594,0.03181374445557594,0.025045568123459816,0.041048988699913025,x
15,0.03378487005829811,0.05118194594979286,61,0.030000000000000582,0.04000000000000059,1444,-8.971346855163574,174.85247802734375,0.02304973267018795,0.03507554903626442,0.04127558320760727,x
15,0.03378487005829811,0.05118194594979286,62,0.04000000000000059,0.0500000000000006,1425,-22.118684768676758,136.53060913085938,0.003558696247637272,0.04507315531373024,0.04096066579222679,x
15,0.03378487005829811,0.05118194594979286,63,0.0500000000000006,0.06000000000000061,1388,-22.639474868774414,114.2522201538086,0.00479877321049571,0.05498398095369339,0.04073265194892883,x
15,0.03378487005829811,0.05118194594979286,64,0.06000000000000061,0.07000000000000062,1326,-23.424833297729492,96.71707916259766,0.004965056665241718,0.06502492725849152,0.040817826986312866,x
15,0.03378487005829811,0.05118194594979286,65,0.07000000000000062,0.08000000000000063,1289,-24.797414779663086,84.10079956054688,0.0014226053608581424,0.0750197321176529,0.04107906296849251,x
15,0.03378487005829811,0.05118194594979286,66,0.08000000000000063,0.09000000000000064,1255,-18.426807403564453,74.46562194824219,0.023725954815745354,0.08496137708425522,0.04125376418232918,x
15,0.03378487005829811,0.05118194594979286,67,0.09000000000000064,0.10000000000000064,1233,-16.351587295532227,67.71151733398438,0.035462528467178345,0.09498216211795807,0.04128012806177139,x
15,0.03378487005829811,0.05118194594979286,68,0.10000000000000064,0.11000000000000065,1196,-17.29735565185547,61.46284866333008,0.03400868922472,0.10500235855579376,0.0412236712872982,x
15,0.03378487005829811,0.05118194594979286,69,0.11000000000000065,0.12000000000000066,1169,-12.211946487426758,56.332611083984375,0.059855081140995026,0.11497244238853455,0.04108043387532234,x
15,0.03378487005829811,0.05118194594979286,70,0.12000000000000066,0.13000000000000067,1127,-14.343253135681152,51.59336471557617,0.05336162820458412,0.12495166808366776,0.041366368532180786,x
15,0.03378487005829811,0.05118194594979286,71,0.13000000000000067,0.14000000000000068,1086,-14.929505348205566,48.91278839111328,0.052491821348667145,0.13507357239723206,0.041337985545396805,x
15,0.03378487005829811,0.05118194594979286,72,0.14000000000000068,0.1500000000000007,1076,-15.89812183380127,45.353660583496094,0.050455242395401,0.14497235417366028,0.041860878467559814,x
15,0.03378487005829811,0.05118194594979286,73,0.1500000000000007,0.1600000000000007,1041,-18.018434524536133,42.301937103271484,0.03917732834815979,0.15499863028526306,0.04174060747027397,x
15,0.03378487005829811,0.05118194594979286,74,0.1600000000000007,0.1700000000000007,1053,-19.444438934326172,39.73851013183594,0.03219671919941902,0.16506294906139374,0.04176979139447212,x
15,0.03378487005829811,0.05118194594979286,75,0.1700000000000007,0.18000000000000071,1018,-17.614559173583984,38.023807525634766,0.04702994227409363,0.1748645305633545,0.04170144721865654,x
15,0.03378487005829811,0.05118194594979286,76,0.18000000000000071,0.19000000000000072,988,-18.170852661132812,36.11465072631836,0.046205367892980576,0.1850326806306839,0.04149549826979637,x
15,0.03378487005829811,0.05118194594979286,77,0.19000000000000072,0.20000000000000073,952,-16.53221893310547,35.19480514526367,0.06604707986116409,0.1948450207710266,0.04075593873858452,x
15,0.03378487005829811,0.05118194594979286,78,0.20000000000000073,0.21000000000000074,959,-19.195573806762695,33.73662567138672,0.04870709031820297,0.20506738126277924,0.04123013839125633,x
15,0.03378487005829811,0.05118194594979286,79,0.21000000000000074,0.22000000000000075,874,-19.180641174316406,33.012638092041016,0.049787335097789764,0.21507102251052856,0.041303910315036774,x
15,0.03378487005829811,0.05118194594979286,80,0.22000000000000075,0.23000000000000076,952,-19.173974990844727,31.563533782958984,0.048714518547058105,0.22505207359790802,0.04133959487080574,x
15,0.03378487005829811,0.05118194594979286,81,0.23000000000000076,0.24000000000000077,937,-20.10251235961914,30.487367630004883,0.040370650589466095,0.23499417304992676,0.041317861527204514,x
15,0.03378487005829811,0.05118194594979286,82,0.24000000000000077,0.2500000000000008,918,-21.554441452026367,29.760854721069336,0.027299581095576286,0.2448863834142685,0.041302215307950974,x
15,0.03378487005829811,0.05118194594979286,83,0.2500000000000008,0.2600000000000008,944,-21.101987838745117,28.86101722717285,0.033347878605127335,0.2549739480018616,0.04147566109895706,x
15,0.03378487005829811,0.05118194594979286,84,0.2600000000000008,0.2700000000000008,949,-21.040042877197266,28.483600616455078,0.03980085998773575,0.2651045322418213,0.04140063747763634,x
15,0.03378487005829811,0.05118194594979286,85,0.2700000000000008,0.2800000000000008,965,-21.133501052856445,27.584426879882812,0.04051971435546875,0.2749851942062378,0.04145918786525726,x
15,0.03378487005829811,0.05118194594979286,86,0.2800000000000008,0.2900000000000008,1069,-22.733333587646484,27.382322311401367,0.02246292121708393,0.28500092029571533,0.04141959547996521,x
15,0.03378487005829811,0.05118194594979286,87,0.2900000000000008,0.3000000000000008,1118,-17.036073684692383,25.07868194580078,0.09035389870405197,0.29518595337867737,0.04143904522061348,x
15,0.03378487005829811,0.05118194594979286,88,0.3000000000000008,0.31000000000000083,1351,-15.991433143615723,24.4267635345459,0.10442939400672913,0.30475595593452454,0.041101548820734024,x
15,0.03378487005829811,0.05118194594979286,89,0.31000000000000083,0.32000000000000084,1159,-20.216384887695312,23.828529357910156,0.05408278852701187,0.3148277997970581,0.041402675211429596,x
15,0.03378487005829811,0.05118194594979286,90,0.32000000000000084,0.33000000000000085,1265,-24.29576873779297,24.754844665527344,3.8629463233519346e-05,0.3250975012779236,0.041687559336423874,x
15,0.03378487005829811,0.05118194594979286,91,0.33000000000000085,0.34000000000000086,1285,-26.52491569519043,24.452226638793945,-0.02729882299900055,0.33498430252075195,0.04111063480377197,x
15,0.03378487005829811,0.05118194594979286,92,0.34000000000000086,0.35000000000000087,1213,-22.376306533813477,22.924367904663086,0.03669857606291771,0.3452683687210083,0.04070057347416878,x
15,0.03378487005829811,0.05118194594979286,93,0.35000000000000087,0.3600000000000009,1551,-21.116682052612305,22.112442016601562,0.056452371180057526,0.35544249415397644,0.04087808355689049,x
15,0.03378487005829811,0.05118194594979286,94,0.3600000000000009,0.3700000000000009,3830,-23.53244972229004,22.457828521728516,0.016885560005903244,0.3658374845981598,0.04093940183520317,x
15,0.03378487005829811,0.05118194594979286,95,0.3700000000000009,0.3800000000000009,9422,-25.43349266052246,19.412322998046875,-0.01710641197860241,0.3750370740890503,0.04136832803487778,x
15,0.03378487005829811,0.05118194594979286,96,0.3800000000000009,0.3900000000000009,4617,-27.681602478027344,18.580793380737305,-0.057069551199674606,0.38421276211738586,0.041954487562179565,x
15,0.03378487005829811,0.05118194594979286,97,0.3900000000000009,0.4000000000000009,1211,-25.150028228759766,17.764070510864258,-0.01102293748408556,0.3937259912490845,0.04157940670847893,x
15,0.03378487005829811,0.05118194594979286,98,0.4000000000000009,0.4100000000000009,398,-29.935375213623047,17.905576705932617,-0.07891826331615448,0.4047756493091583,0.040585219860076904,x
15,0.03378487005829811,0.05118194594979286,99,0.4100000000000009,0.42000000000000093,285,-29.84076499938965,16.834741592407227,-0.09543856233358383,0.41441860795021057,0.04148581251502037,x
15,0.03378487005829811,0.05118194594979286,100,0.42000000000000093,0.43000000000000094,201,-26.769182205200195,17.498462677001953,-0.047530397772789,0.4247767925262451,0.04174870252609253,x
15,0.03378487005829811,0.05118194594979286,101,0.43000000000000094,0.44000000000000095,213,-27.51571273803711,17.054895401000977,-0.06767487525939941,0.4353249669075012,0.04188799113035202,x
15,0.03378487005829811,0.05118194594979286,102,0.44000000000000095,0.45000000000000095,157,-26.018333435058594,17.583696365356445,-0.03268513083457947,0.44490134716033936,0.04154229909181595,x
15,0.03378487005829811,0.05118194594979286,103,0.45000000000000095,0.46000000000000096,135,-28.846555709838867,18.64385986328125,-0.0786648616194725,0.45496153831481934,0.04111341014504433,x
15,0.03378487005829811,0.05118194594979286,104,0.46000000000000096,0.470000000000001,137,-25.624679565429688,19.058202743530273,-0.017145324498414993,0.4652487337589264,0.041055381298065186,x
15,0.03378487005829811,0.05118194594979286,105,0.470000000000001,0.480000000000001,129,-25.448087692260742,19.11674690246582,-0.021604308858513832,0.474910706281662,0.04173826798796654,x
15,0.03378487005829811,0.05118194594979286,106,0.480000000000001,0.490000000000001,144,-23.77912712097168,19.395280838012695,0.00853790808469057,0.4846626818180084,0.04182688891887665,x
15,0.03378487005829811,0.05118194594979286,107,0.490000000000001,0.500000000000001,124,-23.178808212280273,18.309667587280273,0.019028864800930023,0.4947454631328583,0.04184027016162872,x
15,0.03378487005829811,0.05118194594979286,108,0.500000000000001,0.510000000000001,83,-23.982742309570312,16.654447555541992,-0.008465097285807133,0.5046144127845764,0.04194898530840874,x
15,0.03378487005829811,0.05118194594979286,109,0.510000000000001,0.520000000000001,69,-25.663740158081055,15.395373344421387,-0.05667877569794655,0.5144843459129333,0.04314253479242325,x
15,0.03378487005829811,0.05118194594979286,110,0.520000000000001,0.530000000000001,57,-27.43577766418457,16.045108795166016,-0.08274219185113907,0.5249453783035278,0.04225555807352066,x
15,0.03378487005829811,0.05118194594979286,111,0.530000000000001,0.540000000000001,57,-25.97186851501465,18.84195899963379,-0.054093606770038605,0.5355862379074097,0.041706979274749756,x
15,0.03378487005829811,0.05118194594979286,112,0.540000000000001,0.550000000000001,21,-32.73869705200195,18.576698303222656,-0.14146411418914795,0.543701708316803,0.03827793151140213,x
16,0.05118194594979286,0.09051433205604553,0,-inf,-0.57,47,-18.16376304626465,0.2557794749736786,0.36010390520095825,-0.592284083366394,0.08854439109563828,x
16,0.05118194594979286,0.09051433205604553,2,-0.5599999999999999,-0.5499999999999999,157,-21.542648315429688,5.940566539764404,0.2632792890071869,-0.5546431541442871,0.06943362206220627,x
16,0.05118194594979286,0.09051433205604553,3,-0.5499999999999999,-0.5399999999999999,126,-22.679662704467773,4.479911804199219,0.29699641466140747,-0.5447298884391785,0.06988313049077988,x
16,0.05118194594979286,0.09051433205604553,4,-0.5399999999999999,-0.5299999999999999,93,-17.263586044311523,9.631338119506836,0.09698908030986786,-0.5347270965576172,0.07265381515026093,x
16,0.05118194594979286,0.09051433205604553,5,-0.5299999999999999,-0.5199999999999999,101,-16.225183486938477,9.592025756835938,0.07104215025901794,-0.5250677466392517,0.07230870425701141,x
16,0.05118194594979286,0.09051433205604553,6,-0.5199999999999999,-0.5099999999999999,124,-18.61785125732422,9.613943099975586,0.15413793921470642,-0.514639675617218,0.07077200710773468,x
16,0.05118194594979286,0.09051433205604553,7,-0.5099999999999999,-0.4999999999999999,185,-18.211681365966797,8.975557327270508,0.15350845456123352,-0.5048810839653015,0.07343368232250214,x
16,0.05118194594979286,0.09051433205604553,8,-0.4999999999999999,-0.4899999999999999,182,-17.900238037109375,8.640758514404297,0.1421414166688919,-0.4949464201927185,0.07371985912322998,x
16,0.05118194594979286,0.09051433205604553,9,-0.4899999999999999,-0.47999999999999987,194,-18.469972610473633,8.788093566894531,0.14022380113601685,-0.48495155572891235,0.07201262563467026,x
16,0.05118194594979286,0.09051433205604553,10,-0.47999999999999987,-0.46999999999999986,202,-19.060319900512695,9.441463470458984,0.13962435722351074,-0.4749428629875183,0.07042967528104782,x
16,0.05118194594979286,0.09051433205604553,11,-0.46999999999999986,-0.45999999999999985,222,-19.007591247558594,9.448902130126953,0.129241943359375,-0.46507278084754944,0.06914982199668884,x
16,0.05118194594979286,0.09051433205604553,12,-0.45999999999999985,-0.44999999999999984,244,-15.472914695739746,10.164043426513672,0.033943865448236465,-0.4548811912536621,0.07157539576292038,x
16,0.05118194594979286,0.09051433205604553,13,-0.44999999999999984,-0.43999999999999984,349,-12.615995407104492,10.050511360168457,-0.048219192773103714,-0.44428110122680664,0.0727362111210823,x
16,0.05118194594979286,0.09051433205604553,14,-0.43999999999999984,-0.4299999999999998,439,-12.72642993927002,10.047375679016113,-0.04547179862856865,-0.435416579246521,0.07210832089185715,x
16,0.05118194594979286,0.09051433205604553,15,-0.4299999999999998,-0.4199999999999998,489,-13.4179048538208,10.42988395690918,-0.03031335584819317,-0.42456620931625366,0.07104142010211945,x
16,0.05118194594979286,0.09051433205604553,16,-0.4199999999999998,-0.4099999999999998,860,-11.675215721130371,10.571650505065918,-0.09106448292732239,-0.4148857295513153,0.06836426258087158,x
16,0.05118194594979286,0.09051433205604553,17,-0.4099999999999998,-0.3999999999999998,1355,-13.682119369506836,11.107474327087402,-0.04267841577529907,-0.4042899012565613,0.06794083118438721,x
16,0.05118194594979286,0.09051433205604553,18,-0.3999999999999998,-0.3899999999999998,3045,-12.814321517944336,11.448740005493164,-0.057184696197509766,-0.3941168785095215,0.06804471462965012,x
16,0.05118194594979286,0.09051433205604553,19,-0.3899999999999998,-0.3799999999999998,6179,-11.814265251159668,11.510462760925293,-0.0873313620686531,-0.3846762478351593,0.06687291711568832,x
16,0.05118194594979286,0.09051433205604553,20,-0.3799999999999998,-0.3699999999999998,9459,-12.801491737365723,11.697997093200684,-0.05483182519674301,-0.3751804530620575,0.06725981831550598,x
16,0.05118194594979286,0.09051433205604553,21,-0.3699999999999998,-0.35999999999999976,3404,-11.612140655517578,12.393417358398438,-0.0795854702591896,-0.3657928705215454,0.06836964190006256,x
16,0.05118194594979286,0.09051433205604553,22,-0.35999999999999976,-0.34999999999999976,1347,-12.618388175964355,12.262346267700195,-0.04196278005838394,-0.35539743304252625,0.06945823132991791,x
16,0.05118194594979286,0.09051433205604553,23,-0.34999999999999976,-0.33999999999999975,1126,-13.975234985351562,13.43513298034668,-0.01590041071176529,-0.34523263573646545,0.06843765079975128,x
16,0.05118194594979286,0.09051433205604553,24,-0.33999999999999975,-0.32999999999999974,920,-13.846508026123047,14.684401512145996,-0.03140847012400627,-0.33497169613838196,0.06694667041301727,x
16,0.05118194594979286,0.09051433205604553,25,-0.32999999999999974,-0.31999999999999973,830,-11.823338508605957,15.249323844909668,-0.06900721043348312,-0.32500478625297546,0.06792419403791428,x
16,0.05118194594979286,0.09051433205604553,26,-0.31999999999999973,-0.3099999999999997,744,-11.190300941467285,15.801215171813965,-0.0865473672747612,-0.314956933259964,0.06770721822977066,x
16,0.05118194594979286,0.09051433205604553,27,-0.3099999999999997,-0.2999999999999997,675,-10.994436264038086,15.58632755279541,-0.07743801176548004,-0.3050343096256256,0.06889373064041138,x
16,0.05118194594979286,0.09051433205604553,28,-0.2999999999999997,-0.2899999999999997,676,-11.150609016418457,15.654670715332031,-0.07127354294061661,-0.2950127422809601,0.06986492872238159,x
16,0.05118194594979286,0.09051433205604553,29,-0.2899999999999997,-0.2799999999999997,667,-12.087431907653809,16.70751953125,-0.05612310767173767,-0.2850812077522278,0.06913985311985016,x
16,0.05118194594979286,0.09051433205604553,30,-0.2799999999999997,-0.2699999999999997,659,-12.201203346252441,17.51812744140625,-0.05257291719317436,-0.27497807145118713,0.06950981914997101,x
16,0.05118194594979286,0.09051433205604553,31,-0.2699999999999997,-0.2599999999999997,669,-12.340697288513184,18.08232879638672,-0.050737373530864716,-0.2649741768836975,0.06887133419513702,x
16,0.05118194594979286,0.09051433205604553,32,-0.2599999999999997,-0.24999999999999967,674,-11.942636489868164,18.807222366333008,-0.05614524707198143,-0.2549283802509308,0.06830605864524841,x
16,0.05118194594979286,0.09051433205604553,33,-0.24999999999999967,-0.23999999999999966,632,-11.024526596069336,19.24510383605957,-0.06641464680433273,-0.24505040049552917,0.06890460103750229,x
16,0.05118194594979286,0.09051433205604553,34,-0.23999999999999966,-0.22999999999999965,639,-10.927328109741211,19.62103271484375,-0.062423963099718094,-0.23502874374389648,0.06792629510164261,x
16,0.05118194594979286,0.09051433205604553,35,-0.22999999999999965,-0.21999999999999964,671,-9.838299751281738,19.248395919799805,-0.07011307030916214,-0.22506722807884216,0.06909209489822388,x
16,0.05118194594979286,0.09051433205604553,36,-0.21999999999999964,-0.20999999999999963,723,-10.320979118347168,19.324323654174805,-0.060683656483888626,-0.21494877338409424,0.0682573989033699,x
16,0.05118194594979286,0.09051433205604553,37,-0.20999999999999963,-0.19999999999999962,830,-11.11429500579834,20.04474449157715,-0.04500749707221985,-0.20506110787391663,0.06872174143791199,x
16,0.05118194594979286,0.09051433205604553,38,-0.19999999999999962,-0.1899999999999996,824,-11.202740669250488,21.662275314331055,-0.044159047305583954,-0.19497209787368774,0.06907027959823608,x
16,0.05118194594979286,0.09051433205604553,39,-0.1899999999999996,-0.1799999999999996,848,-12.19124698638916,22.775358200073242,-0.03181974217295647,-0.1850600391626358,0.0689021423459053,x
16,0.05118194594979286,0.09051433205604553,40,-0.1799999999999996,-0.1699999999999996,923,-13.331650733947754,23.617753982543945,-0.014113061130046844,-0.17493495345115662,0.06930533051490784,x
16,0.05118194594979286,0.09051433205604553,41,-0.1699999999999996,-0.1599999999999996,1007,-12.654282569885254,25.148258209228516,-0.021785564720630646,-0.16494446992874146,0.06916482001543045,x
16,0.05118194594979286,0.09051433205604553,42,-0.1599999999999996,-0.14999999999999958,1080,-13.092547416687012,25.553314208984375,-0.016073381528258324,-0.15497955679893494,0.06978414207696915,x
16,0.05118194594979286,0.09051433205604553,43,-0.14999999999999958,-0.13999999999999957,1056,-13.883806228637695,27.207855224609375,-0.004879666026681662,-0.14492662250995636,0.06931920349597931,x
16,0.05118194594979286,0.09051433205604553,44,-0.13999999999999957,-0.12999999999999956,1092,-15.586520195007324,28.87523078918457,0.011757483705878258,-0.13496726751327515,0.06863932311534882,x
16,0.05118194594979286,0.09051433205604553,45,-0.12999999999999956,-0.11999999999999955,1086,-17.473081588745117,32.70601272583008,0.024492766708135605,-0.12502586841583252,0.06753797084093094,x
16,0.05118194594979286,0.09051433205604553,46,-0.11999999999999955,-0.10999999999999954,1080,-18.22464942932129,35.392181396484375,0.024059921503067017,-0.11508354544639587,0.06672007590532303,x
16,0.05118194594979286,0.09051433205604553,47,-0.10999999999999954,-0.09999999999999953,1058,-18.88822364807129,39.599334716796875,0.024122532457113266,-0.10494421422481537,0.06547064334154129,x
16,0.05118194594979286,0.09051433205604553,48,-0.09999999999999953,-0.08999999999999952,1047,-20.155750274658203,43.34579086303711,0.027958983555436134,-0.09502234309911728,0.06562443822622299,x
16,0.05118194594979286,0.09051433205604553,49,-0.08999999999999952,-0.07999999999999952,1003,-18.834007263183594,49.31220245361328,0.018220538273453712,-0.08496343344449997,0.0658302903175354,x
16,0.05118194594979286,0.09051433205604553,50,-0.07999999999999952,-0.06999999999999951,1011,-16.31574821472168,57.23454284667969,0.002978547476232052,-0.07490399479866028,0.06607399880886078,x
16,0.05118194594979286,0.09051433205604553,51,-0.06999999999999951,-0.0599999999999995,1019,-15.13005256652832,67.13407897949219,-0.000674072711262852,-0.06498327106237411,0.06575658917427063,x
16,0.05118194594979286,0.09051433205604553,52,-0.0599999999999995,-0.04999999999999949,1084,-17.580583572387695,77.80860900878906,0.005963189993053675,-0.05496301129460335,0.06626082956790924,x
16,0.05118194594979286,0.09051433205604553,53,-0.04999999999999949,-0.03999999999999948,1255,-15.735488891601562,98.85269927978516,-0.0013685697922483087,-0.044833287596702576,0.0662914514541626,x
16,0.05118194594979286,0.09051433205604553,54,-0.03999999999999948,-0.02999999999999947,1821,14.74459457397461,121.8329849243164,-0.07510048896074295,-0.03501351922750473,0.06659353524446487,x
16,0.05118194594979286,0.09051433205604553,55,-0.02999999999999947,-0.019999999999999463,1385,-0.29487180709838867,169.96519470214844,-0.03212536871433258,-0.025145649909973145,0.06698554754257202,x
16,0.05118194594979286,0.09051433205604553,56,-0.019999999999999463,-0.009999999999999454,1360,18.145658493041992,280.8219909667969,-0.0341082364320755,-0.015001656487584114,0.06797491014003754,x
16,0.05118194594979286,0.09051433205604553,57,-0.009999999999999454,5.551115123125783e-16,1231,93.65523529052734,1281.1419677734375,-0.03270406275987625,-0.0055109360255301,0.06750953197479248,x
16,0.05118194594979286,0.09051433205604553,58,5.551115123125783e-16,0.010000000000000564,1193,-115.60882568359375,1235.710205078125,-0.024980956688523293,0.005645198747515678,0.06653854995965958,x
16,0.05118194594979286,0.09051433205604553,59,0.010000000000000564,0.020000000000000573,1389,-33.55339050292969,284.6375732421875,-0.020315207540988922,0.01513571385294199,0.06676598638296127,x
16,0.05118194594979286,0.09051433205604553,60,0.020000000000000573,0.030000000000000582,1480,-23.798555374145508,165.83053588867188,-0.012611624784767628,0.024973085150122643,0.06690285354852676,x
16,0.05118194594979286,0.09051433205604553,61,0.030000000000000582,0.04000000000000059,1362,-18.052217483520508,120.3405990600586,-0.00575923640280962,0.0347878634929657,0.06810493767261505,x
16,0.05118194594979286,0.09051433205604553,62,0.04000000000000059,0.0500000000000006,1312,-10.554163932800293,92.19413757324219,0.011991700157523155,0.04489199072122574,0.06802983582019806,x
16,0.05118194594979286,0.09051433205604553,63,0.0500000000000006,0.06000000000000061,1236,-6.766129016876221,75.80014038085938,0.03064144216477871,0.05489293113350868,0.0670066848397255,x
16,0.05118194594979286,0.09051433205604553,64,0.06000000000000061,0.07000000000000062,1111,-5.333545207977295,63.915771484375,0.042058058083057404,0.06490444391965866,0.06720146536827087,x
16,0.05118194594979286,0.09051433205604553,65,0.07000000000000062,0.08000000000000063,1063,-8.468976974487305,57.108375549316406,0.03344449773430824,0.07493307441473007,0.06758661568164825,x
16,0.05118194594979286,0.09051433205604553,66,0.08000000000000063,0.09000000000000064,952,-9.201125144958496,50.06747817993164,0.03595231845974922,0.08503279089927673,0.06847459077835083,x
16,0.05118194594979286,0.09051433205604553,67,0.09000000000000064,0.10000000000000064,941,-12.98058795928955,45.93861770629883,0.016975505277514458,0.09507431834936142,0.06766466051340103,x
16,0.05118194594979286,0.09051433205604553,68,0.10000000000000064,0.11000000000000065,890,-13.862688064575195,41.28280258178711,0.008917167782783508,0.10517622530460358,0.06797313690185547,x
16,0.05118194594979286,0.09051433205604553,69,0.11000000000000065,0.12000000000000066,931,-13.37614917755127,37.130043029785156,0.011989329010248184,0.11505477130413055,0.06749878823757172,x
16,0.05118194594979286,0.09051433205604553,70,0.12000000000000066,0.13000000000000067,915,-12.61418628692627,33.840904235839844,0.020015256479382515,0.12515096366405487,0.06712213903665543,x
16,0.05118194594979286,0.09051433205604553,71,0.13000000000000067,0.14000000000000068,954,-12.114093780517578,31.14348793029785,0.02571692503988743,0.13504548370838165,0.06684675067663193,x
16,0.05118194594979286,0.09051433205604553,72,0.14000000000000068,0.1500000000000007,924,-10.881085395812988,28.85725975036621,0.042070433497428894,0.14495931565761566,0.0668347030878067,x
16,0.05118194594979286,0.09051433205604553,73,0.1500000000000007,0.1600000000000007,885,-9.96433162689209,26.65583038330078,0.055943410843610764,0.1550060212612152,0.06651794910430908,x
16,0.05118194594979286,0.09051433205604553,74,0.1600000000000007,0.1700000000000007,889,-10.067184448242188,25.44794464111328,0.056311413645744324,0.16491097211837769,0.06759466230869293,x
16,0.05118194594979286,0.09051433205604553,75,0.1700000000000007,0.18000000000000071,859,-10.818204879760742,24.391084671020508,0.05521715059876442,0.17487627267837524,0.06744088977575302,x
16,0.05118194594979286,0.09051433205604553,76,0.18000000000000071,0.19000000000000072,825,-10.77506160736084,23.233436584472656,0.05828222632408142,0.18496188521385193,0.06752060353755951,x
16,0.05118194594979286,0.09051433205604553,77,0.19000000000000072,0.20000000000000073,850,-12.252344131469727,23.108413696289062,0.04498661309480667,0.1949363499879837,0.0668807104229927,x
16,0.05118194594979286,0.09051433205604553,78,0.20000000000000073,0.21000000000000074,884,-11.728625297546387,22.525346755981445,0.05391954258084297,0.20504344999790192,0.06713399291038513,x
16,0.05118194594979286,0.09051433205604553,79,0.21000000000000074,0.22000000000000075,829,-13.15289306640625,21.777189254760742,0.037635162472724915,0.2151840478181839,0.06649483740329742,x
16,0.05118194594979286,0.09051433205604553,80,0.22000000000000075,0.23000000000000076,821,-12.091570854187012,20.485729217529297,0.05060461536049843,0.22505445778369904,0.06715860217809677,x
16,0.05118194594979286,0.09051433205604553,81,0.23000000000000076,0.24000000000000077,888,-11.30245590209961,19.472253799438477,0.06159873306751251,0.23496325314044952,0.06682422012090683,x
16,0.05118194594979286,0.09051433205604553,82,0.24000000000000077,0.2500000000000008,941,-11.81692886352539,18.325439453125,0.056414056569337845,0.24508661031723022,0.06601253151893616,x
16,0.05118194594979286,0.09051433205604553,83,0.2500000000000008,0.2600000000000008,867,-11.485702514648438,17.48214340209961,0.060880012810230255,0.2549874782562256,0.06644003093242645,x
16,0.05118194594979286,0.09051433205604553,84,0.2600000000000008,0.2700000000000008,889,-11.471882820129395,16.897891998291016,0.0665840283036232,0.26497983932495117,0.06699338555335999,x
16,0.05118194594979286,0.09051433205604553,85,0.2700000000000008,0.2800000000000008,900,-10.893274307250977,16.847747802734375,0.08078446984291077,0.2751581072807312,0.06701497733592987,x
16,0.05118194594979286,0.09051433205604553,86,0.2800000000000008,0.2900000000000008,979,-10.876290321350098,16.361284255981445,0.0832553431391716,0.28509992361068726,0.06721886247396469,x
16,0.05118194594979286,0.09051433205604553,87,0.2900000000000008,0.3000000000000008,1253,-12.508254051208496,14.68757438659668,0.03695273399353027,0.2950586974620819,0.06934332847595215,x
16,0.05118194594979286,0.09051433205604553,88,0.3000000000000008,0.31000000000000083,1551,-13.047039031982422,13.579750061035156,0.02989780716598034,0.3053146302700043,0.0694766715168953,x
16,0.05118194594979286,0.09051433205604553,89,0.31000000000000083,0.32000000000000084,1767,-14.421358108520508,14.45579719543457,-0.0007267516339197755,0.31482115387916565,0.07032042741775513,x
16,0.05118194594979286,0.09051433205604553,90,0.32000000000000084,0.33000000000000085,1425,-11.766157150268555,13.611750602722168,0.0636783018708229,0.324747771024704,0.06939554959535599,x
16,0.05118194594979286,0.09051433205604553,91,0.33000000000000085,0.34000000000000086,1327,-12.436698913574219,14.313904762268066,0.06362555921077728,0.33499181270599365,0.06782849878072739,x
16,0.05118194594979286,0.09051433205604553,92,0.34000000000000086,0.35000000000000087,1341,-11.355937957763672,13.430371284484863,0.08488399535417557,0.3448534905910492,0.06758666783571243,x
16,0.05118194594979286,0.09051433205604553,93,0.35000000000000087,0.3600000000000009,1623,-10.295949935913086,11.752671241760254,0.10160999000072479,0.35520505905151367,0.06922987103462219,x
16,0.05118194594979286,0.09051433205604553,94,0.3600000000000009,0.3700000000000009,2444,-15.82030963897705,13.784324645996094,-0.011449127458035946,0.3656151294708252,0.067293182015419,x
16,0.05118194594979286,0.09051433205604553,95,0.3700000000000009,0.3800000000000009,7838,-18.27505874633789,12.632222175598145,-0.0690024346113205,0.37571027874946594,0.06667722761631012,x
16,0.05118194594979286,0.09051433205604553,96,0.3800000000000009,0.3900000000000009,6081,-19.091476440429688,11.5277099609375,-0.10835139453411102,0.38434335589408875,0.0687178373336792,x
16,0.05118194594979286,0.09051433205604553,97,0.3900000000000009,0.4000000000000009,2174,-16.912015914916992,11.086932182312012,-0.07359455525875092,0.3938835561275482,0.07137538492679596,x
16,0.05118194594979286,0.09051433205604553,98,0.4000000000000009,0.4100000000000009,616,-15.811593055725098,10.720282554626465,-0.046893373131752014,0.4042612910270691,0.0712197944521904,x
16,0.05118194594979286,0.09051433205604553,99,0.4100000000000009,0.42000000000000093,320,-17.92770004272461,11.137508392333984,-0.099174864590168,0.4146132469177246,0.07057558000087738,x
16,0.05118194594979286,0.09051433205604553,100,0.42000000000000093,0.43000000000000094,243,-15.690411567687988,11.874753952026367,-0.008247827179729939,0.4250209331512451,0.06824713945388794,x
16,0.05118194594979286,0.09051433205604553,101,0.43000000000000094,0.44000000000000095,208,-18.128746032714844,12.037489891052246,-0.07595375180244446,0.43474432826042175,0.06747439503669739,x
16,0.05118194594979286,0.09051433205604553,102,0.44000000000000095,0.45000000000000095,161,-17.455245971679688,12.43320369720459,-0.06337380409240723,0.44511333107948303,0.06820478290319443,x
16,0.05118194594979286,0.09051433205604553,103,0.45000000000000095,0.46000000000000096,144,-17.967023849487305,12.679616928100586,-0.06980189681053162,0.4549471437931061,0.0664643943309784,x
16,0.05118194594979286,0.09051433205604553,104,0.46000000000000096,0.470000000000001,147,-18.062610626220703,12.447108268737793,-0.08662170171737671,0.4649248719215393,0.0676913633942604,x
16,0.05118194594979286,0.09051433205604553,105,0.470000000000001,0.480000000000001,142,-17.284555435180664,12.921052932739258,-0.062151793390512466,0.47500094771385193,0.06764661520719528,x
16,0.05118194594979286,0.09051433205604553,106,0.480000000000001,0.490000000000001,123,-15.905254364013672,13.324718475341797,-0.01609867438673973,0.4849100112915039,0.06716828048229218,x
16,0.05118194594979286,0.09051433205604553,107,0.490000000000001,0.500000000000001,119,-16.966039657592773,12.101228713989258,-0.061754632741212845,0.4950263202190399,0.06775970011949539,x
16,0.05118194594979286,0.09051433205604553,108,0.500000000000001,0.510000000000001,122,-16.65528106689453,11.259308815002441,-0.06435854732990265,0.5049418807029724,0.06882695853710175,x
16,0.05118194594979286,0.09051433205604553,109,0.510000000000001,0.520000000000001,160,-19.083866119384766,10.870530128479004,-0.16606839001178741,0.515745997428894,0.07078476250171661,x
16,0.05118194594979286,0.09051433205604553,110,0.520000000000001,0.530000000000001,229,-22.489511489868164,7.647997856140137,-0.2820332944393158,0.5246240496635437,0.0696055218577385,x
16,0.05118194594979286,0.09051433205604553,111,0.530000000000001,0.540000000000001,171,-22.774343490600586,5.533117294311523,-0.3191688358783722,0.5349732041358948,0.07164397835731506,x
16,0.05118194594979286,0.09051433205604553,112,0.540000000000001,0.550000000000001,85,-20.09162139892578,7.177446365356445,-0.23777741193771362,0.5437755584716797,0.0738111212849617,x
16,0.05118194594979286,0.09051433205604553,113,0.550000000000001,0.560000000000001,51,-20.675033569335938,7.540728569030762,-0.25312134623527527,0.5552248954772949,0.07265002280473709,x
16,0.05118194594979286,0.09051433205604553,114,0.560000000000001,0.5700000000000011,30,-8.976885795593262,6.226954460144043,0.15731777250766754,0.5644176602363586,0.07971931993961334,x
17,0.09051433205604553,0.19887690544128442,0,-inf,-0.57,778,-12.891837120056152,2.6879515647888184,0.34359654784202576,-0.5868945121765137,0.12863732874393463,x
17,0.09051433205604553,0.19887690544128442,1,-0.57,-0.5599999999999999,71,-12.303147315979004,2.4187185764312744,0.36551815271377563,-0.5650495290756226,0.13931865990161896,x
17,0.09051433205604553,0.19887690544128442,2,-0.5599999999999999,-0.5499999999999999,138,-13.811480522155762,3.755211591720581,0.3088732659816742,-0.5536929368972778,0.11934874951839447,x
17,0.09051433205604553,0.19887690544128442,3,-0.5499999999999999,-0.5399999999999999,626,-7.203507900238037,3.5662097930908203,-0.013069274835288525,-0.544931173324585,0.14240093529224396,x
17,0.09051433205604553,0.19887690544128442,4,-0.5399999999999999,-0.5299999999999999,428,-7.224254608154297,4.482559680938721,-0.015031593851745129,-0.5351899266242981,0.14369407296180725,x
17,0.09051433205604553,0.19887690544128442,5,-0.5299999999999999,-0.5199999999999999,330,-7.91458797454834,4.365981578826904,0.0392599031329155,-0.5251113176345825,0.14083093404769897,x
17,0.09051433205604553,0.19887690544128442,6,-0.5199999999999999,-0.5099999999999999,378,-7.37855863571167,4.841905117034912,0.01545844879001379,-0.5146881937980652,0.14561566710472107,x
17,0.09051433205604553,0.19887690544128442,7,-0.5099999999999999,-0.4999999999999999,427,-8.131969451904297,4.598625183105469,0.06515919417142868,-0.5052472949028015,0.14618109166622162,x
17,0.09051433205604553,0.19887690544128442,8,-0.4999999999999999,-0.4899999999999999,462,-8.601683616638184,4.815287113189697,0.09073815494775772,-0.4949198365211487,0.1448691189289093,x
17,0.09051433205604553,0.19887690544128442,9,-0.4899999999999999,-0.47999999999999987,438,-8.50461483001709,5.513050079345703,0.07622645050287247,-0.48490267992019653,0.1453392058610916,x
17,0.09051433205604553,0.19887690544128442,10,-0.47999999999999987,-0.46999999999999986,432,-8.170072555541992,5.944137096405029,0.03229910507798195,-0.47459813952445984,0.13985885679721832,x
17,0.09051433205604553,0.19887690544128442,11,-0.46999999999999986,-0.45999999999999985,407,-8.390969276428223,6.367422580718994,0.02217010036110878,-0.4649865925312042,0.13793739676475525,x
17,0.09051433205604553,0.19887690544128442,12,-0.45999999999999985,-0.44999999999999984,409,-9.426599502563477,6.3136982917785645,0.0808127373456955,-0.4547608494758606,0.13455791771411896,x
17,0.09051433205604553,0.19887690544128442,13,-0.44999999999999984,-0.43999999999999984,473,-9.864394187927246,6.187631130218506,0.10186167806386948,-0.44482338428497314,0.1331518441438675,x
17,0.09051433205604553,0.19887690544128442,14,-0.43999999999999984,-0.4299999999999998,599,-7.184647083282471,6.147298336029053,-0.047174595296382904,-0.4347667098045349,0.13630683720111847,x
17,0.09051433205604553,0.19887690544128442,15,-0.4299999999999998,-0.4199999999999998,812,-6.763603210449219,5.900035858154297,-0.056880466639995575,-0.4246634542942047,0.136204794049263,x
17,0.09051433205604553,0.19887690544128442,16,-0.4199999999999998,-0.4099999999999998,1034,-7.113665580749512,6.193312644958496,-0.017251165583729744,-0.4146241545677185,0.14134186506271362,x
17,0.09051433205604553,0.19887690544128442,17,-0.4099999999999998,-0.3999999999999998,1723,-6.715246677398682,6.2252912521362305,-0.04368690028786659,-0.4046822786331177,0.14001990854740143,x
17,0.09051433205604553,0.19887690544128442,18,-0.3999999999999998,-0.3899999999999998,2937,-7.076229095458984,6.050125598907471,-0.035564593970775604,-0.3946225941181183,0.1363435983657837,x
17,0.09051433205604553,0.19887690544128442,19,-0.3899999999999998,-0.3799999999999998,4563,-6.729469299316406,6.637361526489258,-0.0579390749335289,-0.38439762592315674,0.1329176127910614,x
17,0.09051433205604553,0.19887690544128442,20,-0.3799999999999998,-0.3699999999999998,6222,-7.6718831062316895,6.819794178009033,-0.009733917191624641,-0.37494519352912903,0.13296541571617126,x
17,0.09051433205604553,0.19887690544128442,21,-0.3699999999999998,-0.35999999999999976,3892,-7.048306941986084,6.9781928062438965,-0.03148732706904411,-0.36518940329551697,0.13413459062576294,x
17,0.09051433205604553,0.19887690544128442,22,-0.35999999999999976,-0.34999999999999976,2098,-6.594577789306641,7.183084011077881,-0.05833721160888672,-0.3554210662841797,0.13566569983959198,x
17,0.09051433205604553,0.19887690544128442,23,-0.34999999999999976,-0.33999999999999975,1439,-7.448981285095215,7.147825241088867,-0.01455756463110447,-0.3451525866985321,0.13502250611782074,x
17,0.09051433205604553,0.19887690544128442,24,-0.33999999999999975,-0.32999999999999974,1069,-6.679315567016602,7.162864685058594,-0.04785769805312157,-0.33500343561172485,0.1347065269947052,x
17,0.09051433205604553,0.19887690544128442,25,-0.32999999999999974,-0.31999999999999973,906,-6.1492414474487305,7.647861957550049,-0.06796092540025711,-0.3251302242279053,0.13358816504478455,x
17,0.09051433205604553,0.19887690544128442,26,-0.31999999999999973,-0.3099999999999997,927,-5.935725212097168,8.108757972717285,-0.06590447574853897,-0.31508582830429077,0.13570675253868103,x
17,0.09051433205604553,0.19887690544128442,27,-0.3099999999999997,-0.2999999999999997,898,-5.2208027839660645,8.189607620239258,-0.09743154793977737,-0.3050406575202942,0.13709783554077148,x
17,0.09051433205604553,0.19887690544128442,28,-0.2999999999999997,-0.2899999999999997,924,-5.137805938720703,8.383309364318848,-0.09674204140901566,-0.29498395323753357,0.13693419098854065,x
17,0.09051433205604553,0.19887690544128442,29,-0.2899999999999997,-0.2799999999999997,1019,-5.913834571838379,8.868610382080078,-0.06385042518377304,-0.2849608063697815,0.13847671449184418,x
17,0.09051433205604553,0.19887690544128442,30,-0.2799999999999997,-0.2699999999999997,981,-6.014557361602783,9.110038757324219,-0.05924849584698677,-0.27500835061073303,0.13898597657680511,x
17,0.09051433205604553,0.19887690544128442,31,-0.2699999999999997,-0.2599999999999997,972,-6.307590007781982,9.458816528320312,-0.05602238327264786,-0.26510658860206604,0.13798780739307404,x
17,0.09051433205604553,0.19887690544128442,32,-0.2599999999999997,-0.24999999999999967,994,-6.069759368896484,9.557726860046387,-0.05554787069559097,-0.25497567653656006,0.1391238123178482,x
17,0.09051433205604553,0.19887690544128442,33,-0.24999999999999967,-0.23999999999999966,1024,-6.960348129272461,10.075386047363281,-0.021170929074287415,-0.245023712515831,0.13812178373336792,x
17,0.09051433205604553,0.19887690544128442,34,-0.23999999999999966,-0.22999999999999965,1011,-7.928048133850098,10.687755584716797,0.0015403198776766658,-0.2349834144115448,0.13535352051258087,x
17,0.09051433205604553,0.19887690544128442,35,-0.22999999999999965,-0.21999999999999964,1026,-7.831110954284668,10.842582702636719,-0.00025290960911661386,-0.22493132948875427,0.13591435551643372,x
17,0.09051433205604553,0.19887690544128442,36,-0.21999999999999964,-0.20999999999999963,1038,-8.577963829040527,11.294026374816895,0.020511742681264877,-0.2148718684911728,0.13471104204654694,x
17,0.09051433205604553,0.19887690544128442,37,-0.20999999999999963,-0.19999999999999962,1105,-8.833182334899902,11.306009292602539,0.028456946834921837,-0.2048153281211853,0.13502047955989838,x
17,0.09051433205604553,0.19887690544128442,38,-0.19999999999999962,-0.1899999999999996,1190,-9.014334678649902,11.678629875183105,0.027951784431934357,-0.19504134356975555,0.13639366626739502,x
17,0.09051433205604553,0.19887690544128442,39,-0.1899999999999996,-0.1799999999999996,1218,-9.109230995178223,12.84946060180664,0.023075640201568604,-0.1849571168422699,0.13500089943408966,x
17,0.09051433205604553,0.19887690544128442,40,-0.1799999999999996,-0.1699999999999996,1150,-8.480508804321289,13.506470680236816,0.006365153938531876,-0.17495808005332947,0.13611730933189392,x
17,0.09051433205604553,0.19887690544128442,41,-0.1699999999999996,-0.1599999999999996,1067,-8.88735580444336,14.292576789855957,0.012047696858644485,-0.16496066749095917,0.13310205936431885,x
17,0.09051433205604553,0.19887690544128442,42,-0.1599999999999996,-0.14999999999999958,1046,-8.25874137878418,14.989238739013672,-0.003958122339099646,-0.1550694853067398,0.13362063467502594,x
17,0.09051433205604553,0.19887690544128442,43,-0.14999999999999958,-0.13999999999999957,944,-7.8836565017700195,16.574485778808594,-0.011850759387016296,-0.1450609713792801,0.1342340111732483,x
17,0.09051433205604553,0.19887690544128442,44,-0.13999999999999957,-0.12999999999999956,908,-7.34806489944458,17.8979549407959,-0.012877419590950012,-0.13503816723823547,0.13386812806129456,x
17,0.09051433205604553,0.19887690544128442,45,-0.12999999999999956,-0.11999999999999955,855,-6.3120341300964355,18.881629943847656,-0.024998264387249947,-0.12511205673217773,0.1367519050836563,x
17,0.09051433205604553,0.19887690544128442,46,-0.11999999999999955,-0.10999999999999954,773,-6.161381721496582,20.021350860595703,-0.022501271218061447,-0.1149119958281517,0.13780851662158966,x
17,0.09051433205604553,0.19887690544128442,47,-0.10999999999999954,-0.09999999999999953,821,-7.091958522796631,22.03720474243164,-0.004598340950906277,-0.10487474501132965,0.139078751206398,x
17,0.09051433205604553,0.19887690544128442,48,-0.09999999999999953,-0.08999999999999952,851,-5.9936747550964355,24.20840835571289,-0.0143482880666852,-0.09482171386480331,0.13958090543746948,x
17,0.09051433205604553,0.19887690544128442,49,-0.08999999999999952,-0.07999999999999952,839,-5.156598091125488,27.059978485107422,-0.02959688939154148,-0.08492819964885712,0.13913494348526,x
17,0.09051433205604553,0.19887690544128442,50,-0.07999999999999952,-0.06999999999999951,833,-4.592030048370361,31.14774513244629,-0.03450451046228409,-0.07505381852388382,0.1380467414855957,x
17,0.09051433205604553,0.19887690544128442,51,-0.06999999999999951,-0.0599999999999995,861,-6.659550189971924,34.98366165161133,-0.015846198424696922,-0.06499440222978592,0.13950377702713013,x
17,0.09051433205604553,0.19887690544128442,52,-0.0599999999999995,-0.04999999999999949,959,-4.539569854736328,41.615116119384766,-0.02900199592113495,-0.054938916116952896,0.13842706382274628,x
17,0.09051433205604553,0.19887690544128442,53,-0.04999999999999949,-0.03999999999999948,1062,-3.3000807762145996,52.479766845703125,-0.022890618070960045,-0.04498935118317604,0.13293004035949707,x
17,0.09051433205604553,0.19887690544128442,54,-0.03999999999999948,-0.02999999999999947,1260,8.545105934143066,65.79267883300781,-0.06648595631122589,-0.034972116351127625,0.13148339092731476,x
17,0.09051433205604553,0.19887690544128442,55,-0.02999999999999947,-0.019999999999999463,1103,2.532668352127075,86.76763153076172,-0.03293008357286453,-0.02520487830042839,0.13268592953681946,x
17,0.09051433205604553,0.19887690544128442,56,-0.019999999999999463,-0.009999999999999454,922,-9.034456253051758,147.00180053710938,0.004111784975975752,-0.015128555707633495,0.13227196037769318,x
17,0.09051433205604553,0.19887690544128442,57,-0.009999999999999454,5.551115123125783e-16,818,17.31307029724121,659.0227661132812,0.0018671806901693344,-0.005400501657277346,0.13368383049964905,x
17,0.09051433205604553,0.19887690544128442,58,5.551115123125783e-16,0.010000000000000564,932,-23.668561935424805,627.8316040039062,-0.014615852385759354,0.005536578129976988,0.1362961232662201,x
17,0.09051433205604553,0.19887690544128442,59,0.010000000000000564,0.020000000000000573,784,4.1158576011657715,150.78219604492188,0.023130852729082108,0.014928435906767845,0.13262952864170074,x
17,0.09051433205604553,0.19887690544128442,60,0.020000000000000573,0.030000000000000582,838,1.6734619140625,90.96427917480469,0.02975497953593731,0.024939095601439476,0.130299910902977,x
17,0.09051433205604553,0.19887690544128442,61,0.030000000000000582,0.04000000000000059,834,5.21428918838501,65.85820007324219,0.05400588735938072,0.03503269702196121,0.13001948595046997,x
17,0.09051433205604553,0.19887690544128442,62,0.04000000000000059,0.0500000000000006,856,-2.396376609802246,52.076053619384766,0.029694678261876106,0.04485084116458893,0.13244788348674774,x
17,0.09051433205604553,0.19887690544128442,63,0.0500000000000006,0.06000000000000061,828,-8.093599319458008,43.7098274230957,0.0016822607722133398,0.05494791269302368,0.13033176958560944,x
17,0.09051433205604553,0.19887690544128442,64,0.06000000000000061,0.07000000000000062,848,-6.020481109619141,37.73374557495117,0.012113038450479507,0.06502962857484818,0.13017801940441132,x
17,0.09051433205604553,0.19887690544128442,65,0.07000000000000062,0.08000000000000063,847,-4.321146011352539,30.917089462280273,0.031042786315083504,0.07501247525215149,0.1307562291622162,x
17,0.09051433205604553,0.19887690544128442,66,0.08000000000000063,0.09000000000000064,846,-6.31933069229126,26.760009765625,0.01319204829633236,0.08496153354644775,0.13248386979103088,x
17,0.09051433205604553,0.19887690544128442,67,0.09000000000000064,0.10000000000000064,766,-4.239073753356934,23.681198120117188,0.04705751687288284,0.09503724426031113,0.12960702180862427,x
17,0.09051433205604553,0.19887690544128442,68,0.10000000000000064,0.11000000000000065,777,-4.0275139808654785,20.854049682617188,0.0479825958609581,0.10499832034111023,0.13399772346019745,x
17,0.09051433205604553,0.19887690544128442,69,0.11000000000000065,0.12000000000000066,723,-3.755688428878784,19.453580856323242,0.06457777321338654,0.1148182824254036,0.1327306181192398,x
17,0.09051433205604553,0.19887690544128442,70,0.12000000000000066,0.13000000000000067,683,-4.076641082763672,18.066619873046875,0.06193043664097786,0.12499497085809708,0.13356062769889832,x
17,0.09051433205604553,0.19887690544128442,71,0.13000000000000067,0.14000000000000068,689,-3.452120065689087,16.440919876098633,0.07467822730541229,0.13508889079093933,0.1338399052619934,x
17,0.09051433205604553,0.19887690544128442,72,0.14000000000000068,0.1500000000000007,714,-3.688108205795288,14.938044548034668,0.07058079540729523,0.14490807056427002,0.13583983480930328,x
17,0.09051433205604553,0.19887690544128442,73,0.1500000000000007,0.1600000000000007,686,-4.342004299163818,14.330318450927734,0.06431759148836136,0.1550019532442093,0.13500836491584778,x
17,0.09051433205604553,0.19887690544128442,74,0.1600000000000007,0.1700000000000007,718,-4.399733543395996,13.383432388305664,0.06156308948993683,0.1649504005908966,0.13779662549495697,x
17,0.09051433205604553,0.19887690544128442,75,0.1700000000000007,0.18000000000000071,619,-5.2062811851501465,12.693323135375977,0.0513882040977478,0.17491501569747925,0.13467396795749664,x
17,0.09051433205604553,0.19887690544128442,76,0.18000000000000071,0.19000000000000072,658,-5.6956377029418945,12.022554397583008,0.04357369244098663,0.18504320085048676,0.13430610299110413,x
17,0.09051433205604553,0.19887690544128442,77,0.19000000000000072,0.20000000000000073,678,-5.650733470916748,11.653083801269531,0.05089062079787254,0.1948988437652588,0.13395127654075623,x
17,0.09051433205604553,0.19887690544128442,78,0.20000000000000073,0.21000000000000074,625,-4.93879508972168,10.361441612243652,0.068423792719841,0.2050938904285431,0.13642004132270813,x
17,0.09051433205604553,0.19887690544128442,79,0.21000000000000074,0.22000000000000075,699,-5.5342206954956055,10.090291023254395,0.05998340621590614,0.21479812264442444,0.1356707066297531,x
17,0.09051433205604553,0.19887690544128442,80,0.22000000000000075,0.23000000000000076,697,-5.306095123291016,9.618073463439941,0.07090949267148972,0.2249295711517334,0.1337975710630417,x
17,0.09051433205604553,0.19887690544128442,81,0.23000000000000076,0.24000000000000077,673,-4.833851337432861,9.45549201965332,0.08756551146507263,0.23497392237186432,0.13401693105697632,x
17,0.09051433205604553,0.19887690544128442,82,0.24000000000000077,0.2500000000000008,641,-4.069955825805664,9.162602424621582,0.12107906490564346,0.24506591260433197,0.13377971947193146,x
17,0.09051433205604553,0.19887690544128442,83,0.2500000000000008,0.2600000000000008,693,-4.710448741912842,9.333332061767578,0.0992121621966362,0.25498461723327637,0.13487671315670013,x
17,0.09051433205604553,0.19887690544128442,84,0.2600000000000008,0.2700000000000008,702,-4.68939733505249,8.946836471557617,0.09541288018226624,0.2649689018726349,0.13543349504470825,x
17,0.09051433205604553,0.19887690544128442,85,0.2700000000000008,0.2800000000000008,694,-5.697364330291748,9.105799674987793,0.0743117406964302,0.2751222550868988,0.13131393492221832,x
17,0.09051433205604553,0.19887690544128442,86,0.2800000000000008,0.2900000000000008,1166,-8.679903984069824,9.039019584655762,-0.0324414037168026,0.2859039306640625,0.13242553174495697,x
17,0.09051433205604553,0.19887690544128442,87,0.2900000000000008,0.3000000000000008,2748,-10.86382007598877,7.7429633140563965,-0.09802768379449844,0.29529061913490295,0.1320464015007019,x
17,0.09051433205604553,0.19887690544128442,88,0.3000000000000008,0.31000000000000083,2700,-7.807463645935059,7.969796657562256,0.004784175660461187,0.3047347962856293,0.13533374667167664,x
17,0.09051433205604553,0.19887690544128442,89,0.31000000000000083,0.32000000000000084,1957,-8.63958740234375,7.702526569366455,-0.045580606907606125,0.31487974524497986,0.13704876601696014,x
17,0.09051433205604553,0.19887690544128442,90,0.32000000000000084,0.33000000000000085,1713,-9.561853408813477,8.05575180053711,-0.07147437334060669,0.3248063027858734,0.1338212490081787,x
17,0.09051433205604553,0.19887690544128442,91,0.33000000000000085,0.34000000000000086,1591,-9.177397727966309,7.944680213928223,-0.04775049909949303,0.3349994421005249,0.1322058141231537,x
17,0.09051433205604553,0.19887690544128442,92,0.34000000000000086,0.35000000000000087,1505,-7.706288814544678,7.078258037567139,-0.010807606391608715,0.34487253427505493,0.1370677798986435,x
17,0.09051433205604553,0.19887690544128442,93,0.35000000000000087,0.3600000000000009,1658,-6.825562953948975,7.123841285705566,0.046355824917554855,0.35531288385391235,0.13349799811840057,x
17,0.09051433205604553,0.19887690544128442,94,0.3600000000000009,0.3700000000000009,2082,-7.405714511871338,7.070786952972412,0.023968784138560295,0.3653234541416168,0.1326250582933426,x
17,0.09051433205604553,0.19887690544128442,95,0.3700000000000009,0.3800000000000009,5162,-8.298620223999023,6.686945915222168,-0.0181232001632452,0.37576860189437866,0.13180598616600037,x
17,0.09051433205604553,0.19887690544128442,96,0.3800000000000009,0.3900000000000009,6764,-9.064537048339844,6.880805015563965,-0.05208301916718483,0.3849456310272217,0.13505958020687103,x
17,0.09051433205604553,0.19887690544128442,97,0.3900000000000009,0.4000000000000009,3685,-9.386953353881836,6.7136616706848145,-0.07411700487136841,0.39401984214782715,0.1356050819158554,x
17,0.09051433205604553,0.19887690544128442,98,0.4000000000000009,0.4100000000000009,1411,-9.2478666305542,6.374276161193848,-0.07508169114589691,0.40445613861083984,0.13976694643497467,x
17,0.09051433205604553,0.19887690544128442,99,0.4100000000000009,0.42000000000000093,684,-10.508557319641113,6.595835208892822,-0.15276028215885162,0.4142117500305176,0.1388792246580124,x
17,0.09051433205604553,0.19887690544128442,100,0.42000000000000093,0.43000000000000094,345,-8.821081161499023,6.209858417510986,-0.0948091372847557,0.42483291029930115,0.14467549324035645,x
17,0.09051433205604553,0.19887690544128442,101,0.43000000000000094,0.44000000000000095,271,-6.528066158294678,6.177146911621094,0.046001095324754715,0.4347885251045227,0.14183104038238525,x
17,0.09051433205604553,0.19887690544128442,102,0.44000000000000095,0.45000000000000095,233,-7.1754279136657715,6.218855381011963,0.02971726655960083,0.44493475556373596,0.13856010138988495,x
17,0.09051433205604553,0.19887690544128442,103,0.45000000000000095,0.46000000000000096,199,-7.842796802520752,6.336826801300049,-0.01886630617082119,0.45504453778266907,0.14074118435382843,x
17,0.09051433205604553,0.19887690544128442,104,0.46000000000000096,0.470000000000001,222,-7.207879543304443,6.3059492111206055,0.010949506424367428,0.46474847197532654,0.14590546488761902,x
17,0.09051433205604553,0.19887690544128442,105,0.470000000000001,0.480000000000001,249,-5.5798234939575195,5.813645362854004,0.1094023734331131,0.47522273659706116,0.14748160541057587,x
17,0.09051433205604553,0.19887690544128442,106,0.480000000000001,0.490000000000001,272,-5.594098091125488,5.734118938446045,0.11395560204982758,0.4850381910800934,0.1434197723865509,x
17,0.09051433205604553,0.19887690544128442,107,0.490000000000001,0.500000000000001,201,-7.115274429321289,5.970400810241699,0.024768320843577385,0.4946448504924774,0.13858193159103394,x
17,0.09051433205604553,0.19887690544128442,108,0.500000000000001,0.510000000000001,202,-8.679607391357422,5.4510393142700195,-0.09452279657125473,0.5053083896636963,0.14069290459156036,x
17,0.09051433205604553,0.19887690544128442,109,0.510000000000001,0.520000000000001,268,-11.775733947753906,5.650356769561768,-0.20775991678237915,0.5150306820869446,0.12795138359069824,x
17,0.09051433205604553,0.19887690544128442,110,0.520000000000001,0.530000000000001,139,-8.327276229858398,6.4754204750061035,-0.013871162198483944,0.5250518918037415,0.13966095447540283,x
17,0.09051433205604553,0.19887690544128442,111,0.530000000000001,0.540000000000001,136,-8.478336334228516,5.671630382537842,-0.03425218164920807,0.5353077054023743,0.1389181762933731,x
17,0.09051433205604553,0.19887690544128442,112,0.540000000000001,0.550000000000001,96,-9.094949722290039,5.686882495880127,-0.03523614630103111,0.544579267501831,0.12538540363311768,x
17,0.09051433205604553,0.19887690544128442,113,0.550000000000001,0.560000000000001,91,-8.579463005065918,5.027426242828369,-0.056049369275569916,0.5555214285850525,0.1334090232849121,x
17,0.09051433205604553,0.19887690544128442,114,0.560000000000001,0.5700000000000011,79,-7.313453197479248,4.559813022613525,0.025756077840924263,0.5639499425888062,0.13035012781620026,x
18,0.19887690544128442,0.6480821013450604,0,-inf,-0.57,120,-6.320127487182617,1.2244517803192139,0.3235713243484497,-0.5769764184951782,0.2568798065185547,x
18,0.19887690544128442,0.6480821013450604,1,-0.57,-0.5599999999999999,85,-4.988267421722412,1.5467106103897095,0.30951541662216187,-0.5657914280891418,0.33754807710647583,x
18,0.19887690544128442,0.6480821013450604,2,-0.5599999999999999,-0.5499999999999999,82,-3.7261643409729004,2.2894015312194824,0.13503533601760864,-0.5539284348487854,0.3704218864440918,x
18,0.19887690544128442,0.6480821013450604,3,-0.5499999999999999,-0.5399999999999999,511,-2.8431334495544434,2.150651693344116,-0.08860953897237778,-0.5439085960388184,0.3082505464553833,x
18,0.19887690544128442,0.6480821013450604,4,-0.5399999999999999,-0.5299999999999999,636,-2.8659939765930176,1.7423635721206665,-0.0507512129843235,-0.5351749658584595,0.3430124819278717,x
18,0.19887690544128442,0.6480821013450604,5,-0.5299999999999999,-0.5199999999999999,417,-2.661191940307617,2.1390345096588135,-0.051697880029678345,-0.5249066948890686,0.38119828701019287,x
18,0.19887690544128442,0.6480821013450604,6,-0.5199999999999999,-0.5099999999999999,472,-2.7647290229797363,2.2490434646606445,-0.0652095377445221,-0.5153530836105347,0.3744764029979706,x
18,0.19887690544128442,0.6480821013450604,7,-0.5099999999999999,-0.4999999999999999,497,-3.0165631771087646,2.460944652557373,-0.05690253525972366,-0.5049815773963928,0.3361507058143616,x
18,0.19887690544128442,0.6480821013450604,8,-0.4999999999999999,-0.4899999999999999,525,-2.7537198066711426,2.285498857498169,-0.08905879408121109,-0.4948049783706665,0.3319082260131836,x
18,0.19887690544128442,0.6480821013450604,9,-0.4899999999999999,-0.47999999999999987,618,-2.712340831756592,2.1742451190948486,-0.06693370640277863,-0.4848232865333557,0.353631854057312,x
18,0.19887690544128442,0.6480821013450604,10,-0.47999999999999987,-0.46999999999999986,665,-2.833129405975342,2.424370527267456,-0.054621621966362,-0.47509169578552246,0.34826651215553284,x
18,0.19887690544128442,0.6480821013450604,11,-0.46999999999999986,-0.45999999999999985,641,-2.704148292541504,2.538112163543701,-0.05278797075152397,-0.46500685811042786,0.37179937958717346,x
18,0.19887690544128442,0.6480821013450604,12,-0.45999999999999985,-0.44999999999999984,671,-2.716111421585083,2.498084545135498,-0.036953579634428024,-0.45506179332733154,0.38240376114845276,x
18,0.19887690544128442,0.6480821013450604,13,-0.44999999999999984,-0.43999999999999984,743,-2.812737464904785,2.6996400356292725,-0.031045297160744667,-0.4448992908000946,0.37534722685813904,x
18,0.19887690544128442,0.6480821013450604,14,-0.43999999999999984,-0.4299999999999998,897,-2.4482908248901367,2.5808892250061035,-0.06878414750099182,-0.43475499749183655,0.3759930431842804,x
18,0.19887690544128442,0.6480821013450604,15,-0.4299999999999998,-0.4199999999999998,1041,-2.1964213848114014,2.4246344566345215,-0.10067326575517654,-0.4248015880584717,0.3843911588191986,x
18,0.19887690544128442,0.6480821013450604,16,-0.4199999999999998,-0.4099999999999998,1450,-2.51537823677063,2.5256900787353516,-0.05341211333870888,-0.4147409498691559,0.37694689631462097,x
18,0.19887690544128442,0.6480821013450604,17,-0.4099999999999998,-0.3999999999999998,2377,-2.5832371711730957,2.4039976596832275,-0.05587563291192055,-0.40444087982177734,0.3639261722564697,x
18,0.19887690544128442,0.6480821013450604,18,-0.3999999999999998,-0.3899999999999998,3803,-2.5546538829803467,2.568646192550659,-0.054899558424949646,-0.3944498598575592,0.3528715968132019,x
18,0.19887690544128442,0.6480821013450604,19,-0.3899999999999998,-0.3799999999999998,3882,-3.0669291019439697,3.0273540019989014,-0.017152022570371628,-0.3851572573184967,0.33002346754074097,x
18,0.19887690544128442,0.6480821013450604,20,-0.3799999999999998,-0.3699999999999998,4329,-2.798942804336548,3.2096173763275146,-0.04793646186590195,-0.37505683302879333,0.36076414585113525,x
18,0.19887690544128442,0.6480821013450604,21,-0.3699999999999998,-0.35999999999999976,3030,-3.54042649269104,3.433030605316162,0.01831856183707714,-0.3655495047569275,0.34584593772888184,x
18,0.19887690544128442,0.6480821013450604,22,-0.35999999999999976,-0.34999999999999976,2095,-2.401559829711914,3.2490625381469727,-0.08068344742059708,-0.35502347350120544,0.36468809843063354,x
18,0.19887690544128442,0.6480821013450604,23,-0.34999999999999976,-0.33999999999999975,1137,-1.598603367805481,2.806417226791382,-0.16885687410831451,-0.3456180691719055,0.37736254930496216,x
18,0.19887690544128442,0.6480821013450604,24,-0.33999999999999975,-0.32999999999999974,896,-1.8998441696166992,3.1961095333099365,-0.14083601534366608,-0.33511024713516235,0.35959339141845703,x
18,0.19887690544128442,0.6480821013450604,25,-0.32999999999999974,-0.31999999999999973,865,-1.7501020431518555,3.039456367492676,-0.14734214544296265,-0.32508206367492676,0.35161495208740234,x
18,0.19887690544128442,0.6480821013450604,26,-0.31999999999999973,-0.3099999999999997,864,-1.4641835689544678,3.0168724060058594,-0.16632482409477234,-0.31508705019950867,0.35090142488479614,x
18,0.19887690544128442,0.6480821013450604,27,-0.3099999999999997,-0.2999999999999997,774,-1.6159510612487793,3.0469894409179688,-0.14477567374706268,-0.3048649728298187,0.3541683256626129,x
18,0.19887690544128442,0.6480821013450604,28,-0.2999999999999997,-0.2899999999999997,824,-1.3495506048202515,2.9173882007598877,-0.16156639158725739,-0.2949046790599823,0.35345184803009033,x
18,0.19887690544128442,0.6480821013450604,29,-0.2899999999999997,-0.2799999999999997,834,-1.5806715488433838,3.232990264892578,-0.13344037532806396,-0.2849041223526001,0.3579472303390503,x
18,0.19887690544128442,0.6480821013450604,30,-0.2799999999999997,-0.2699999999999997,843,-2.0075623989105225,3.5714144706726074,-0.09037309885025024,-0.27489814162254333,0.3587248921394348,x
18,0.19887690544128442,0.6480821013450604,31,-0.2699999999999997,-0.2599999999999997,901,-2.271756649017334,3.889833450317383,-0.07075192779302597,-0.2649878263473511,0.3521038293838501,x
18,0.19887690544128442,0.6480821013450604,32,-0.2599999999999997,-0.24999999999999967,907,-2.3848116397857666,4.041956901550293,-0.06538433581590652,-0.25508880615234375,0.35987603664398193,x
18,0.19887690544128442,0.6480821013450604,33,-0.24999999999999967,-0.23999999999999966,922,-2.1670589447021484,4.064062118530273,-0.07727693021297455,-0.24498817324638367,0.3582114279270172,x
18,0.19887690544128442,0.6480821013450604,34,-0.23999999999999966,-0.22999999999999965,936,-2.2127370834350586,4.319924354553223,-0.07758688181638718,-0.23491860926151276,0.3504153788089752,x
18,0.19887690544128442,0.6480821013450604,35,-0.22999999999999965,-0.21999999999999964,974,-2.250105619430542,4.510818958282471,-0.0763407051563263,-0.22497843205928802,0.3458295464515686,x
18,0.19887690544128442,0.6480821013450604,36,-0.21999999999999964,-0.20999999999999963,946,-2.2354319095611572,4.759801387786865,-0.07592111825942993,-0.21501699090003967,0.3442910611629486,x
18,0.19887690544128442,0.6480821013450604,37,-0.20999999999999963,-0.19999999999999962,873,-1.8583662509918213,4.612800121307373,-0.09061724692583084,-0.2051001340150833,0.3580096364021301,x
18,0.19887690544128442,0.6480821013450604,38,-0.19999999999999962,-0.1899999999999996,809,-1.6239418983459473,4.792524814605713,-0.09809594601392746,-0.19508618116378784,0.34068578481674194,x
18,0.19887690544128442,0.6480821013450604,39,-0.1899999999999996,-0.1799999999999996,873,-1.4929372072219849,4.782797813415527,-0.09707633405923843,-0.18491016328334808,0.3482707142829895,x
18,0.19887690544128442,0.6480821013450604,40,-0.1799999999999996,-0.1699999999999996,869,-1.4384474754333496,5.033234596252441,-0.09418929368257523,-0.17498143017292023,0.3549509644508362,x
18,0.19887690544128442,0.6480821013450604,41,-0.1699999999999996,-0.1599999999999996,852,-1.2556226253509521,5.27629280090332,-0.10077366232872009,-0.16499890387058258,0.3653733432292938,x
18,0.19887690544128442,0.6480821013450604,42,-0.1599999999999996,-0.14999999999999958,814,-1.4560327529907227,5.5148420333862305,-0.08487891405820847,-0.15504345297813416,0.3739818334579468,x
18,0.19887690544128442,0.6480821013450604,43,-0.14999999999999958,-0.13999999999999957,839,-1.56789231300354,6.109217166900635,-0.07241183519363403,-0.14508262276649475,0.37276655435562134,x
18,0.19887690544128442,0.6480821013450604,44,-0.13999999999999957,-0.12999999999999956,852,-1.6465715169906616,6.656949043273926,-0.06601452827453613,-0.1349029839038849,0.3696490228176117,x
18,0.19887690544128442,0.6480821013450604,45,-0.12999999999999956,-0.11999999999999955,850,-1.3791249990463257,7.565194129943848,-0.07415362447500229,-0.12493958324193954,0.3616465628147125,x
18,0.19887690544128442,0.6480821013450604,46,-0.11999999999999955,-0.10999999999999954,907,-1.5539683103561401,8.446895599365234,-0.06179078295826912,-0.11495842039585114,0.3568458557128906,x
18,0.19887690544128442,0.6480821013450604,47,-0.10999999999999954,-0.09999999999999953,870,-0.5109239816665649,8.685742378234863,-0.0851903036236763,-0.10498956590890884,0.36704397201538086,x
18,0.19887690544128442,0.6480821013450604,48,-0.09999999999999953,-0.08999999999999952,884,-0.45952120423316956,9.97103214263916,-0.07793819904327393,-0.094894640147686,0.3638645112514496,x
18,0.19887690544128442,0.6480821013450604,49,-0.08999999999999952,-0.07999999999999952,845,-0.1922111213207245,11.190241813659668,-0.07052312791347504,-0.0849500373005867,0.36152738332748413,x
18,0.19887690544128442,0.6480821013450604,50,-0.07999999999999952,-0.06999999999999951,907,0.4842490255832672,12.399059295654297,-0.08466866612434387,-0.07497888058423996,0.3671025037765503,x
18,0.19887690544128442,0.6480821013450604,51,-0.06999999999999951,-0.0599999999999995,926,1.1500476598739624,14.003471374511719,-0.08651120960712433,-0.0649331584572792,0.3646209239959717,x
18,0.19887690544128442,0.6480821013450604,52,-0.0599999999999995,-0.04999999999999949,949,0.9522561430931091,16.674957275390625,-0.0680927112698555,-0.05497966706752777,0.36546024680137634,x
18,0.19887690544128442,0.6480821013450604,53,-0.04999999999999949,-0.03999999999999948,997,2.277848720550537,19.670856475830078,-0.07011165469884872,-0.04498345032334328,0.3614055812358856,x
18,0.19887690544128442,0.6480821013450604,54,-0.03999999999999948,-0.02999999999999947,1158,-0.1453070491552353,24.303102493286133,-0.023426013067364693,-0.03515128791332245,0.36477968096733093,x
18,0.19887690544128442,0.6480821013450604,55,-0.02999999999999947,-0.019999999999999463,1234,5.731512069702148,33.49574279785156,-0.07049011439085007,-0.0250204186886549,0.3654156029224396,x
18,0.19887690544128442,0.6480821013450604,56,-0.019999999999999463,-0.009999999999999454,1156,5.993205547332764,58.48409652709961,-0.04731478914618492,-0.015023378655314445,0.36046460270881653,x
18,0.19887690544128442,0.6480821013450604,57,-0.009999999999999454,5.551115123125783e-16,1009,33.5006103515625,261.4412841796875,-0.041894763708114624,-0.005433143116533756,0.3503994941711426,x
18,0.19887690544128442,0.6480821013450604,58,5.551115123125783e-16,0.010000000000000564,1055,-42.415977478027344,253.61012268066406,-0.053328078240156174,0.005665786098688841,0.34372878074645996,x
18,0.19887690544128442,0.6480821013450604,59,0.010000000000000564,0.020000000000000573,1114,-13.69418716430664,56.003379821777344,-0.04632892459630966,0.014791525900363922,0.3454214036464691,x
18,0.19887690544128442,0.6480821013450604,60,0.020000000000000573,0.030000000000000582,857,-6.814856052398682,35.79168701171875,-0.02905547246336937,0.025090554729104042,0.3636094927787781,x
18,0.19887690544128442,0.6480821013450604,61,0.030000000000000582,0.04000000000000059,794,-5.992506504058838,27.203149795532227,-0.027638893574476242,0.03506387397646904,0.3638136088848114,x
18,0.19887690544128442,0.6480821013450604,62,0.04000000000000059,0.0500000000000006,747,-4.041254043579102,20.831336975097656,-0.013833108358085155,0.045089978724718094,0.3622727394104004,x
18,0.19887690544128442,0.6480821013450604,63,0.0500000000000006,0.06000000000000061,770,-3.221039295196533,17.062305450439453,0.002014442579820752,0.05494232103228569,0.35997694730758667,x
18,0.19887690544128442,0.6480821013450604,64,0.06000000000000061,0.07000000000000062,692,-3.0298614501953125,14.553911209106445,0.004463543184101582,0.06505216658115387,0.36305731534957886,x
18,0.19887690544128442,0.6480821013450604,65,0.07000000000000062,0.08000000000000063,740,-1.3785302639007568,12.051743507385254,0.03163396567106247,0.07505712658166885,0.371349573135376,x
18,0.19887690544128442,0.6480821013450604,66,0.08000000000000063,0.09000000000000064,653,-1.279286503791809,10.683801651000977,0.05254105105996132,0.08504565805196762,0.3649100959300995,x
18,0.19887690544128442,0.6480821013450604,67,0.09000000000000064,0.10000000000000064,702,-0.9858582615852356,9.49238395690918,0.0642709955573082,0.09499967843294144,0.37257668375968933,x
18,0.19887690544128442,0.6480821013450604,68,0.10000000000000064,0.11000000000000065,668,-1.073567509651184,8.50373363494873,0.06390321999788284,0.10506971180438995,0.37314578890800476,x
18,0.19887690544128442,0.6480821013450604,69,0.11000000000000065,0.12000000000000066,685,-1.0551692247390747,7.887545108795166,0.07700640708208084,0.11512687057256699,0.36669087409973145,x
18,0.19887690544128442,0.6480821013450604,70,0.12000000000000066,0.13000000000000067,673,-1.5491825342178345,7.319088459014893,0.05776367709040642,0.12507031857967377,0.37560734152793884,x
18,0.19887690544128442,0.6480821013450604,71,0.13000000000000067,0.14000000000000068,628,-1.5427377223968506,6.987270832061768,0.06338761001825333,0.13506144285202026,0.3662799596786499,x
18,0.19887690544128442,0.6480821013450604,72,0.14000000000000068,0.1500000000000007,627,-1.9718518257141113,6.24846076965332,0.042795903980731964,0.14502477645874023,0.3765072822570801,x
18,0.19887690544128442,0.6480821013450604,73,0.1500000000000007,0.1600000000000007,625,-2.3393325805664062,5.92579460144043,0.033900048583745956,0.15493181347846985,0.37047910690307617,x
18,0.19887690544128442,0.6480821013450604,74,0.1600000000000007,0.1700000000000007,663,-2.0912201404571533,5.719488143920898,0.047181472182273865,0.164925679564476,0.35803985595703125,x
18,0.19887690544128442,0.6480821013450604,75,0.1700000000000007,0.18000000000000071,706,-2.4465177059173584,5.330305576324463,0.03649453446269035,0.17501962184906006,0.3627759516239166,x
18,0.19887690544128442,0.6480821013450604,76,0.18000000000000071,0.19000000000000072,717,-2.2815287113189697,5.214040279388428,0.04794109985232353,0.18497823178768158,0.3587184250354767,x
18,0.19887690544128442,0.6480821013450604,77,0.19000000000000072,0.20000000000000073,690,-2.166128396987915,4.773393630981445,0.05504515394568443,0.19509902596473694,0.3812863528728485,x
18,0.19887690544128442,0.6480821013450604,78,0.20000000000000073,0.21000000000000074,682,-1.8056261539459229,4.6692795753479,0.08748053014278412,0.20506013929843903,0.377676784992218,x
18,0.19887690544128442,0.6480821013450604,79,0.21000000000000074,0.22000000000000075,730,-1.9305760860443115,4.654094219207764,0.0859801173210144,0.21484261751174927,0.38523370027542114,x
18,0.19887690544128442,0.6480821013450604,80,0.22000000000000075,0.23000000000000076,747,-1.6738735437393188,4.374415397644043,0.11155365407466888,0.22514046728610992,0.3835766911506653,x
18,0.19887690544128442,0.6480821013450604,81,0.23000000000000076,0.24000000000000077,901,-1.8503382205963135,4.1609625816345215,0.10267957299947739,0.23510123789310455,0.401531457901001,x
18,0.19887690544128442,0.6480821013450604,82,0.24000000000000077,0.2500000000000008,844,-1.6682804822921753,4.071788311004639,0.12545393407344818,0.24493831396102905,0.400215208530426,x
18,0.19887690544128442,0.6480821013450604,83,0.2500000000000008,0.2600000000000008,731,-2.209904909133911,3.902146100997925,0.07302975654602051,0.2550780177116394,0.385601669549942,x
18,0.19887690544128442,0.6480821013450604,84,0.2600000000000008,0.2700000000000008,808,-2.5605502128601074,3.6397995948791504,0.04002361372113228,0.2651253044605255,0.38572046160697937,x
18,0.19887690544128442,0.6480821013450604,85,0.2700000000000008,0.2800000000000008,955,-2.6184959411621094,3.5287182331085205,0.02345138229429722,0.2751269042491913,0.39109450578689575,x
18,0.19887690544128442,0.6480821013450604,86,0.2800000000000008,0.2900000000000008,1276,-3.5219404697418213,3.978604793548584,-0.03980374336242676,0.2851664125919342,0.3696846663951874,x
18,0.19887690544128442,0.6480821013450604,87,0.2900000000000008,0.3000000000000008,1949,-3.0406107902526855,3.6134917736053467,0.02306499518454075,0.2954536974430084,0.3343393802642822,x
18,0.19887690544128442,0.6480821013450604,88,0.3000000000000008,0.31000000000000083,1814,-3.264007329940796,3.9717328548431396,-0.009961060248315334,0.3048480749130249,0.3452152609825134,x
18,0.19887690544128442,0.6480821013450604,89,0.31000000000000083,0.32000000000000084,2048,-3.1805789470672607,3.847520112991333,0.012237749993801117,0.3151229918003082,0.3586519956588745,x
18,0.19887690544128442,0.6480821013450604,90,0.32000000000000084,0.33000000000000085,1984,-3.8452916145324707,3.333339214324951,-0.08716242015361786,0.3249722123146057,0.3733998239040375,x
18,0.19887690544128442,0.6480821013450604,91,0.33000000000000085,0.34000000000000086,1526,-3.915430784225464,3.3182373046875,-0.09121590852737427,0.3349428176879883,0.3718779385089874,x
18,0.19887690544128442,0.6480821013450604,92,0.34000000000000086,0.35000000000000087,1743,-3.52520751953125,3.301478385925293,-0.068313367664814,0.34492334723472595,0.3859555721282959,x
18,0.19887690544128442,0.6480821013450604,93,0.35000000000000087,0.3600000000000009,1864,-3.5459439754486084,3.210235834121704,-0.06329146027565002,0.35513195395469666,0.3610743582248688,x
18,0.19887690544128442,0.6480821013450604,94,0.3600000000000009,0.3700000000000009,2205,-3.6972172260284424,3.0660552978515625,-0.08949945122003555,0.3652578294277191,0.37400323152542114,x
18,0.19887690544128442,0.6480821013450604,95,0.3700000000000009,0.3800000000000009,3750,-4.034850120544434,3.017042636871338,-0.11321012675762177,0.37562453746795654,0.3541163504123688,x
18,0.19887690544128442,0.6480821013450604,96,0.3800000000000009,0.3900000000000009,5483,-3.302393913269043,2.9875059127807617,-0.01578477956354618,0.3851574659347534,0.3637707829475403,x
18,0.19887690544128442,0.6480821013450604,97,0.3900000000000009,0.4000000000000009,4547,-3.5324885845184326,2.8500821590423584,-0.06277811527252197,0.3947960138320923,0.37406036257743835,x
18,0.19887690544128442,0.6480821013450604,98,0.4000000000000009,0.4100000000000009,3071,-3.528876543045044,2.7206506729125977,-0.05718249827623367,0.4046711027622223,0.36325883865356445,x
18,0.19887690544128442,0.6480821013450604,99,0.4100000000000009,0.42000000000000093,1856,-3.474022626876831,2.6537771224975586,-0.07859735190868378,0.41442111134529114,0.3811744749546051,x
18,0.19887690544128442,0.6480821013450604,100,0.42000000000000093,0.43000000000000094,1099,-3.0307223796844482,2.80985426902771,-0.0394972562789917,0.42457881569862366,0.41026127338409424,x
18,0.19887690544128442,0.6480821013450604,101,0.43000000000000094,0.44000000000000095,606,-2.6915833950042725,2.5538904666900635,-0.014931783080101013,0.43447569012641907,0.4129106402397156,x
18,0.19887690544128442,0.6480821013450604,102,0.44000000000000095,0.45000000000000095,376,-3.103212833404541,2.590076446533203,-0.05407482385635376,0.4447181820869446,0.39839714765548706,x
18,0.19887690544128442,0.6480821013450604,103,0.45000000000000095,0.46000000000000096,257,-3.5040249824523926,2.652461528778076,-0.07551278918981552,0.45474350452423096,0.3740278482437134,x
18,0.19887690544128442,0.6480821013450604,104,0.46000000000000096,0.470000000000001,245,-3.5931148529052734,2.670462131500244,-0.10334375500679016,0.4649312496185303,0.4012220501899719,x
18,0.19887690544128442,0.6480821013450604,105,0.470000000000001,0.480000000000001,312,-3.1654016971588135,2.7065019607543945,-0.03605416417121887,0.4752551317214966,0.4002637565135956,x
18,0.19887690544128442,0.6480821013450604,106,0.480000000000001,0.490000000000001,335,-3.373323917388916,2.6052825450897217,-0.07747732847929001,0.4849659502506256,0.3846260607242584,x
18,0.19887690544128442,0.6480821013450604,107,0.490000000000001,0.500000000000001,390,-3.4608101844787598,2.4225218296051025,-0.148336723446846,0.4950401484966278,0.4149987995624542,x
18,0.19887690544128442,0.6480821013450604,108,0.500000000000001,0.510000000000001,418,-4.18779182434082,2.2820630073547363,-0.23861064016819,0.5050882697105408,0.397347092628479,x
18,0.19887690544128442,0.6480821013450604,109,0.510000000000001,0.520000000000001,278,-3.7554233074188232,1.9830464124679565,-0.22643452882766724,0.5141817927360535,0.4172455668449402,x
18,0.19887690544128442,0.6480821013450604,110,0.520000000000001,0.530000000000001,189,-3.210151195526123,2.1696395874023438,-0.1292549967765808,0.5248122215270996,0.4254697263240814,x
18,0.19887690544128442,0.6480821013450604,111,0.530000000000001,0.540000000000001,185,-2.659578323364258,1.67732834815979,-0.034669604152441025,0.5355641841888428,0.40966475009918213,x
18,0.19887690544128442,0.6480821013450604,112,0.540000000000001,0.550000000000001,154,-2.6272189617156982,1.734761357307434,-0.05860932916402817,0.5445236563682556,0.43967458605766296,x
18,0.19887690544128442,0.6480821013450604,113,0.550000000000001,0.560000000000001,116,-2.730738401412964,2.0043773651123047,-0.05107808858156204,0.5536899566650391,0.41662681102752686,x
18,0.19887690544128442,0.6480821013450604,114,0.560000000000001,0.5700000000000011,65,-4.785306930541992,1.9309344291687012,-0.31018978357315063,0.5652209520339966,0.3673135042190552,x
18,0.19887690544128442,0.6480821013450604,115,0.5700000000000011,inf,38,-3.7655539512634277,1.468824863433838,-0.28037428855895996,0.5737051963806152,0.4176608920097351,x
19,0.6480821013450604,794.4554443359375,0,-inf,-0.57,67,-0.3835747241973877,0.17017866671085358,0.19742251932621002,-0.5794417262077332,3.465411901473999,x
19,0.6480821013450604,794.4554443359375,1,-0.57,-0.5599999999999999,38,-0.364811509847641,0.18162335455417633,0.06894343346357346,-0.565632164478302,3.0886268615722656,x
19,0.6480821013450604,794.4554443359375,2,-0.5599999999999999,-0.5499999999999999,52,-0.4249979555606842,0.21184851229190826,0.11819913983345032,-0.5545666813850403,2.871115207672119,x
19,0.6480821013450604,794.4554443359375,3,-0.5499999999999999,-0.5399999999999999,69,-0.6521490812301636,0.6840917468070984,0.07884475588798523,-0.545032799243927,2.6048316955566406,x
19,0.6480821013450604,794.4554443359375,4,-0.5399999999999999,-0.5299999999999999,224,-0.9926428198814392,0.6731104254722595,0.03686130791902542,-0.5350784063339233,1.5124399662017822,x
19,0.6480821013450604,794.4554443359375,5,-0.5299999999999999,-0.5199999999999999,258,-1.006861925125122,0.7923348546028137,0.07723218947649002,-0.5245377421379089,1.5477638244628906,x
19,0.6480821013450604,794.4554443359375,6,-0.5199999999999999,-0.5099999999999999,443,-1.1241168975830078,0.771648645401001,0.05914994701743126,-0.514597475528717,1.2950618267059326,x
19,0.6480821013450604,794.4554443359375,7,-0.5099999999999999,-0.4999999999999999,481,-0.9232955574989319,0.7949011921882629,-0.02668629214167595,-0.5049652457237244,1.5122408866882324,x
19,0.6480821013450604,794.4554443359375,8,-0.4999999999999999,-0.4899999999999999,512,-0.6590745449066162,0.6504443883895874,-0.11694381386041641,-0.4949568510055542,1.820226788520813,x
19,0.6480821013450604,794.4554443359375,9,-0.4899999999999999,-0.47999999999999987,548,-0.60206139087677,0.571042001247406,-0.05958053097128868,-0.4848971366882324,2.215592622756958,x
19,0.6480821013450604,794.4554443359375,10,-0.47999999999999987,-0.46999999999999986,640,-0.5620648264884949,0.552075982093811,0.010645258240401745,-0.47492480278015137,2.697629928588867,x
19,0.6480821013450604,794.4554443359375,11,-0.46999999999999986,-0.45999999999999985,629,-0.483018159866333,0.5179295539855957,0.017810385674238205,-0.4648800492286682,3.213041067123413,x
19,0.6480821013450604,794.4554443359375,12,-0.45999999999999985,-0.44999999999999984,796,-0.5900535583496094,0.6833282709121704,0.0038934184703975916,-0.4550144374370575,2.837461233139038,x
19,0.6480821013450604,794.4554443359375,13,-0.44999999999999984,-0.43999999999999984,808,-0.6291854381561279,0.7077696919441223,-0.016906404867768288,-0.4448218047618866,2.551576852798462,x
19,0.6480821013450604,794.4554443359375,14,-0.43999999999999984,-0.4299999999999998,1088,-0.6395522356033325,0.6891632080078125,-0.026150690391659737,-0.4348360598087311,2.5316619873046875,x
19,0.6480821013450604,794.4554443359375,15,-0.4299999999999998,-0.4199999999999998,1313,-0.5718494653701782,0.7055630087852478,-0.07216376066207886,-0.424939900636673,2.5534257888793945,x
19,0.6480821013450604,794.4554443359375,16,-0.4199999999999998,-0.4099999999999998,1550,-0.6953847408294678,0.7596223950386047,-0.008819927461445332,-0.4148690402507782,2.6620450019836426,x
19,0.6480821013450604,794.4554443359375,17,-0.4099999999999998,-0.3999999999999998,1814,-0.7195448875427246,0.8094110488891602,-0.004774516448378563,-0.40490350127220154,2.695876121520996,x
19,0.6480821013450604,794.4554443359375,18,-0.3999999999999998,-0.3899999999999998,1951,-0.7615840435028076,0.8345416784286499,0.0336667001247406,-0.39496955275535583,2.8977627754211426,x
19,0.6480821013450604,794.4554443359375,19,-0.3899999999999998,-0.3799999999999998,1924,-0.6629311442375183,0.8019823431968689,0.034462254494428635,-0.38484036922454834,3.1507153511047363,x
19,0.6480821013450604,794.4554443359375,20,-0.3799999999999998,-0.3699999999999998,2492,-0.5810719132423401,0.8523498773574829,-0.015886416658759117,-0.37465572357177734,2.9249308109283447,x
19,0.6480821013450604,794.4554443359375,21,-0.3699999999999998,-0.35999999999999976,3558,-0.4302021265029907,0.724046528339386,-0.07717690616846085,-0.3652622103691101,3.051654815673828,x
19,0.6480821013450604,794.4554443359375,22,-0.35999999999999976,-0.34999999999999976,2747,-0.3982057273387909,0.7148522138595581,-0.0909106656908989,-0.35516199469566345,3.069568157196045,x
19,0.6480821013450604,794.4554443359375,23,-0.34999999999999976,-0.33999999999999975,2095,-0.3247086703777313,0.6606149673461914,-0.0979781225323677,-0.34520190954208374,3.699291944503784,x
19,0.6480821013450604,794.4554443359375,24,-0.33999999999999975,-0.32999999999999974,1613,-0.30834823846817017,0.6229063868522644,-0.09042440354824066,-0.33512818813323975,4.221420764923096,x
19,0.6480821013450604,794.4554443359375,25,-0.32999999999999974,-0.31999999999999973,1465,-0.3796384930610657,0.7274494171142578,-0.0738212838768959,-0.3249778151512146,5.059669494628906,x
19,0.6480821013450604,794.4554443359375,26,-0.31999999999999973,-0.3099999999999997,1384,-0.3957231640815735,0.729891300201416,-0.05265326797962189,-0.31505948305130005,5.754659652709961,x
19,0.6480821013450604,794.4554443359375,27,-0.3099999999999997,-0.2999999999999997,1386,-0.39777374267578125,0.7831799983978271,-0.06413272768259048,-0.3050802946090698,6.530956268310547,x
19,0.6480821013450604,794.4554443359375,28,-0.2999999999999997,-0.2899999999999997,1385,-0.3697170317173004,0.8021438121795654,-0.0830504521727562,-0.29519474506378174,8.024053573608398,x
19,0.6480821013450604,794.4554443359375,29,-0.2899999999999997,-0.2799999999999997,1173,-0.39499738812446594,0.8611257672309875,-0.05036434903740883,-0.2850501835346222,7.184037685394287,x
19,0.6480821013450604,794.4554443359375,30,-0.2799999999999997,-0.2699999999999997,1068,-0.3526325523853302,0.8274344801902771,-0.07407861948013306,-0.27516868710517883,6.54095983505249,x
19,0.6480821013450604,794.4554443359375,31,-0.2699999999999997,-0.2599999999999997,1051,-0.3193875551223755,0.8110452890396118,-0.07770401239395142,-0.26507997512817383,7.526836395263672,x
19,0.6480821013450604,794.4554443359375,32,-0.2599999999999997,-0.24999999999999967,969,-0.33046290278434753,0.8619192242622375,-0.04861307516694069,-0.2549681067466736,7.490105152130127,x
19,0.6480821013450604,794.4554443359375,33,-0.24999999999999967,-0.23999999999999966,925,-0.34832730889320374,0.9007987380027771,-0.0391140840947628,-0.24493497610092163,7.1762542724609375,x
19,0.6480821013450604,794.4554443359375,34,-0.23999999999999966,-0.22999999999999965,896,-0.3589596152305603,0.9254539012908936,-0.04278295114636421,-0.23496119678020477,7.178656578063965,x
19,0.6480821013450604,794.4554443359375,35,-0.22999999999999965,-0.21999999999999964,886,-0.36073073744773865,0.993569016456604,-0.0336834155023098,-0.224835604429245,6.688085079193115,x
19,0.6480821013450604,794.4554443359375,36,-0.21999999999999964,-0.20999999999999963,957,-0.3687862753868103,1.0492644309997559,-0.02114093489944935,-0.2149655669927597,6.508824825286865,x
19,0.6480821013450604,794.4554443359375,37,-0.20999999999999963,-0.19999999999999962,925,-0.3306327760219574,1.0995906591415405,-0.028755299746990204,-0.20484687387943268,7.347867965698242,x
19,0.6480821013450604,794.4554443359375,38,-0.19999999999999962,-0.1899999999999996,1079,-0.22394563257694244,1.184147596359253,-0.058831196278333664,-0.19483187794685364,6.16024923324585,x
19,0.6480821013450604,794.4554443359375,39,-0.1899999999999996,-0.1799999999999996,985,-0.3529627323150635,1.2787646055221558,-0.03738141432404518,-0.18487809598445892,7.040425777435303,x
19,0.6480821013450604,794.4554443359375,40,-0.1799999999999996,-0.1699999999999996,1053,-0.2981523871421814,1.2603380680084229,-0.04206433892250061,-0.17494997382164001,6.512198448181152,x
19,0.6480821013450604,794.4554443359375,41,-0.1699999999999996,-0.1599999999999996,1014,-0.28355419635772705,1.3309880495071411,-0.04260838031768799,-0.16502834856510162,6.622335910797119,x
19,0.6480821013450604,794.4554443359375,42,-0.1599999999999996,-0.14999999999999958,1023,-0.3691670000553131,1.4270081520080566,-0.025884995236992836,-0.15486285090446472,7.490334987640381,x
19,0.6480821013450604,794.4554443359375,43,-0.14999999999999958,-0.13999999999999957,962,-0.28317493200302124,1.4686074256896973,-0.03618145361542702,-0.14505185186862946,8.343765258789062,x
19,0.6480821013450604,794.4554443359375,44,-0.13999999999999957,-0.12999999999999956,949,-0.37320053577423096,1.5627514123916626,-0.01115622092038393,-0.1350049525499344,7.66970157623291,x
19,0.6480821013450604,794.4554443359375,45,-0.12999999999999956,-0.11999999999999955,959,-0.28572994470596313,1.6261496543884277,-0.032076459378004074,-0.12493149936199188,7.629528522491455,x
19,0.6480821013450604,794.4554443359375,46,-0.11999999999999955,-0.10999999999999954,940,-0.22743068635463715,1.806438684463501,-0.037211425602436066,-0.11484987288713455,9.21558666229248,x
19,0.6480821013450604,794.4554443359375,47,-0.10999999999999954,-0.09999999999999953,923,-0.1495116949081421,1.867384910583496,-0.026093648746609688,-0.10491190105676651,7.592561721801758,x
19,0.6480821013450604,794.4554443359375,48,-0.09999999999999953,-0.08999999999999952,873,-0.289264053106308,2.2500364780426025,-0.009224912151694298,-0.09496308118104935,7.362297058105469,x
19,0.6480821013450604,794.4554443359375,49,-0.08999999999999952,-0.07999999999999952,877,-0.10367777198553085,2.5679867267608643,-0.025310993194580078,-0.08481978625059128,7.294424057006836,x
19,0.6480821013450604,794.4554443359375,50,-0.07999999999999952,-0.06999999999999951,811,-0.14638863503932953,3.091073513031006,-0.02665705233812332,-0.07486709207296371,6.2273077964782715,x
19,0.6480821013450604,794.4554443359375,51,-0.06999999999999951,-0.0599999999999995,861,-0.19737260043621063,3.625798463821411,-0.016884496435523033,-0.06483793258666992,6.594226837158203,x
19,0.6480821013450604,794.4554443359375,52,-0.0599999999999995,-0.04999999999999949,901,-0.2481864094734192,4.446656703948975,-0.018995750695466995,-0.054894063621759415,6.584831237792969,x
19,0.6480821013450604,794.4554443359375,53,-0.04999999999999949,-0.03999999999999948,887,-0.2851128578186035,5.4155964851379395,-0.017833322286605835,-0.04511711001396179,6.4602952003479,x
19,0.6480821013450604,794.4554443359375,54,-0.03999999999999948,-0.02999999999999947,1036,-0.1323857307434082,6.350552082061768,-0.006361756939440966,-0.034838784486055374,4.681119918823242,x
19,0.6480821013450604,794.4554443359375,55,-0.02999999999999947,-0.019999999999999463,991,0.021678689867258072,9.475279808044434,0.0013211535988375545,-0.025158632546663284,4.703794479370117,x
19,0.6480821013450604,794.4554443359375,56,-0.019999999999999463,-0.009999999999999454,858,0.697625994682312,16.581632614135742,-0.011446861550211906,-0.014952137134969234,5.306690216064453,x
19,0.6480821013450604,794.4554443359375,57,-0.009999999999999454,5.551115123125783e-16,742,-3.4722890853881836,71.92571258544922,0.03243943676352501,-0.005715652834624052,5.697814464569092,x
19,0.6480821013450604,794.4554443359375,58,5.551115123125783e-16,0.010000000000000564,719,-4.117532730102539,63.360652923583984,0.008564249612390995,0.005546180065721273,5.718441009521484,x
19,0.6480821013450604,794.4554443359375,59,0.010000000000000564,0.020000000000000573,818,-1.631923794746399,16.092416763305664,0.009277194738388062,0.015032544732093811,6.717265605926514,x
19,0.6480821013450604,794.4554443359375,60,0.020000000000000573,0.030000000000000582,801,-0.9348947405815125,9.053065299987793,0.023107221350073814,0.025112150236964226,6.693068981170654,x
19,0.6480821013450604,794.4554443359375,61,0.030000000000000582,0.04000000000000059,820,-1.428862452507019,6.628385066986084,-0.0032481588423252106,0.034985098987817764,4.8689656257629395,x
19,0.6480821013450604,794.4554443359375,62,0.04000000000000059,0.0500000000000006,848,-1.561950922012329,5.385369300842285,-0.018918685615062714,0.04513957351446152,4.698034763336182,x
19,0.6480821013450604,794.4554443359375,63,0.0500000000000006,0.06000000000000061,839,-1.214690089225769,4.545894145965576,-4.845438525080681e-05,0.05501319840550423,4.530332088470459,x
19,0.6480821013450604,794.4554443359375,64,0.06000000000000061,0.07000000000000062,883,-1.028829574584961,3.6454522609710693,-0.00576520012691617,0.0650252103805542,5.041126728057861,x
19,0.6480821013450604,794.4554443359375,65,0.07000000000000062,0.08000000000000063,816,-0.8510112166404724,3.1377365589141846,-0.005598451476544142,0.07505840808153152,5.539273262023926,x
19,0.6480821013450604,794.4554443359375,66,0.08000000000000063,0.09000000000000064,859,-0.8368165493011475,2.738858699798584,-0.005974000319838524,0.08495407551527023,5.440101146697998,x
19,0.6480821013450604,794.4554443359375,67,0.09000000000000064,0.10000000000000064,860,-0.7902259826660156,2.4442806243896484,-0.004378281068056822,0.09497340768575668,5.705703258514404,x
19,0.6480821013450604,794.4554443359375,68,0.10000000000000064,0.11000000000000065,894,-0.6880887150764465,2.0914885997772217,-0.0005845234263688326,0.1050025001168251,4.90175724029541,x
19,0.6480821013450604,794.4554443359375,69,0.11000000000000065,0.12000000000000066,985,-0.6780198216438293,1.9796292781829834,0.005379788111895323,0.11508270353078842,5.5917792320251465,x
19,0.6480821013450604,794.4554443359375,70,0.12000000000000066,0.13000000000000067,1011,-0.6169427633285522,1.7504210472106934,0.019575590267777443,0.12496480345726013,6.1006083488464355,x
19,0.6480821013450604,794.4554443359375,71,0.13000000000000067,0.14000000000000068,1019,-0.5819838643074036,1.6703062057495117,0.02902042306959629,0.13485826551914215,5.125777244567871,x
19,0.6480821013450604,794.4554443359375,72,0.14000000000000068,0.1500000000000007,1087,-0.5343108773231506,1.5786731243133545,0.030271152034401894,0.14502768218517303,5.457988739013672,x
19,0.6480821013450604,794.4554443359375,73,0.1500000000000007,0.1600000000000007,993,-0.5599590539932251,1.425715684890747,0.020254872739315033,0.1550324559211731,4.796440601348877,x
19,0.6480821013450604,794.4554443359375,74,0.1600000000000007,0.1700000000000007,1097,-0.5988665819168091,1.4388493299484253,0.017625266686081886,0.16498900949954987,4.071694850921631,x
19,0.6480821013450604,794.4554443359375,75,0.1700000000000007,0.18000000000000071,1131,-0.5629760026931763,1.2616912126541138,0.00631234236061573,0.17510217428207397,4.593002796173096,x
19,0.6480821013450604,794.4554443359375,76,0.18000000000000071,0.19000000000000072,1189,-0.5870767831802368,1.247006893157959,-0.003550854278728366,0.1850399672985077,3.8992087841033936,x
19,0.6480821013450604,794.4554443359375,77,0.19000000000000072,0.20000000000000073,1168,-0.5567710399627686,1.2061140537261963,0.01962709240615368,0.19515596330165863,4.347445487976074,x
19,0.6480821013450604,794.4554443359375,78,0.20000000000000073,0.21000000000000074,1240,-0.527647078037262,1.1296685934066772,0.023915603756904602,0.20502011477947235,3.9316749572753906,x
19,0.6480821013450604,794.4554443359375,79,0.21000000000000074,0.22000000000000075,1371,-0.48083147406578064,1.0494399070739746,0.03835689648985863,0.2150772660970688,3.4174294471740723,x
19,0.6480821013450604,794.4554443359375,80,0.22000000000000075,0.23000000000000076,1424,-0.48034098744392395,1.0762563943862915,0.049975063651800156,0.22505106031894684,3.7649056911468506,x
19,0.6480821013450604,794.4554443359375,81,0.23000000000000076,0.24000000000000077,1438,-0.49737629294395447,1.0166493654251099,0.021522436290979385,0.23497991263866425,3.834650993347168,x
19,0.6480821013450604,794.4554443359375,82,0.24000000000000077,0.2500000000000008,1561,-0.429682195186615,1.0264393091201782,0.04815613105893135,0.2449314296245575,3.533616065979004,x
19,0.6480821013450604,794.4554443359375,83,0.2500000000000008,0.2600000000000008,1436,-0.588165283203125,1.0529507398605347,0.004794795531779528,0.2549818456172943,4.0742340087890625,x
19,0.6480821013450604,794.4554443359375,84,0.2600000000000008,0.2700000000000008,1368,-0.624569833278656,1.0162339210510254,-0.018171371892094612,0.26508083939552307,3.309034824371338,x
19,0.6480821013450604,794.4554443359375,85,0.2700000000000008,0.2800000000000008,1359,-0.6967267990112305,1.064402461051941,-0.03533291444182396,0.2750338912010193,3.5494532585144043,x
19,0.6480821013450604,794.4554443359375,86,0.2800000000000008,0.2900000000000008,1362,-0.7257574200630188,1.0856046676635742,-0.028379645198583603,0.2850918173789978,3.3839426040649414,x
19,0.6480821013450604,794.4554443359375,87,0.2900000000000008,0.3000000000000008,1299,-0.7071516513824463,1.061926245689392,-0.01280134730041027,0.29503557085990906,3.321197986602783,x
19,0.6480821013450604,794.4554443359375,88,0.3000000000000008,0.31000000000000083,1424,-0.6726564764976501,0.9896880388259888,-0.0023879804648458958,0.3049711585044861,3.178457260131836,x
19,0.6480821013450604,794.4554443359375,89,0.31000000000000083,0.32000000000000084,1789,-0.7392191886901855,1.0050699710845947,0.0098020751029253,0.3151146471500397,2.418569803237915,x
19,0.6480821013450604,794.4554443359375,90,0.32000000000000084,0.33000000000000085,1864,-0.8776947259902954,1.1182295083999634,-0.004237316083163023,0.32506534457206726,2.5779809951782227,x
19,0.6480821013450604,794.4554443359375,91,0.33000000000000085,0.34000000000000086,1893,-0.7009727954864502,1.0083343982696533,0.041940655559301376,0.3349055349826813,2.6083836555480957,x
19,0.6480821013450604,794.4554443359375,92,0.34000000000000086,0.35000000000000087,1679,-0.9203899502754211,1.0849367380142212,-0.000880749779753387,0.3448501229286194,2.459052085876465,x
19,0.6480821013450604,794.4554443359375,93,0.35000000000000087,0.3600000000000009,1361,-0.7310271859169006,0.876885712146759,0.01319873332977295,0.35482969880104065,2.741034984588623,x
19,0.6480821013450604,794.4554443359375,94,0.3600000000000009,0.3700000000000009,1474,-0.7342309951782227,0.8369655609130859,-0.015379696153104305,0.36512747406959534,2.9948434829711914,x
19,0.6480821013450604,794.4554443359375,95,0.3700000000000009,0.3800000000000009,1989,-0.9710681438446045,1.0197433233261108,-0.03358103334903717,0.37506234645843506,2.4731523990631104,x
19,0.6480821013450604,794.4554443359375,96,0.3800000000000009,0.3900000000000009,2489,-0.875525176525116,0.9111514687538147,-0.020644472911953926,0.38517001271247864,2.513341188430786,x
19,0.6480821013450604,794.4554443359375,97,0.3900000000000009,0.4000000000000009,2438,-0.7899031043052673,0.9057132601737976,0.007493362762033939,0.39496904611587524,2.7570078372955322,x
19,0.6480821013450604,794.4554443359375,98,0.4000000000000009,0.4100000000000009,2069,-0.7454345226287842,0.9087605476379395,-0.012355541810393333,0.40483543276786804,4.116249084472656,x
19,0.6480821013450604,794.4554443359375,99,0.4100000000000009,0.42000000000000093,1812,-0.6851727962493896,0.8233444690704346,-0.006972776260226965,0.4149576723575592,3.813448429107666,x
19,0.6480821013450604,794.4554443359375,100,0.42000000000000093,0.43000000000000094,1463,-0.5399286150932312,0.7607923150062561,0.07651343196630478,0.4248271882534027,4.164687156677246,x
19,0.6480821013450604,794.4554443359375,101,0.43000000000000094,0.44000000000000095,1197,-0.637031614780426,0.8227810263633728,0.0534566231071949,0.43489980697631836,4.368862628936768,x
19,0.6480821013450604,794.4554443359375,102,0.44000000000000095,0.45000000000000095,858,-0.9477775692939758,0.9452207684516907,-0.048531629145145416,0.4448467791080475,2.925783157348633,x
19,0.6480821013450604,794.4554443359375,103,0.45000000000000095,0.46000000000000096,691,-0.9032851457595825,0.8201902508735657,-0.08019043505191803,0.4547959268093109,3.7027645111083984,x
19,0.6480821013450604,794.4554443359375,104,0.46000000000000096,0.470000000000001,617,-0.683414101600647,0.6841953992843628,-0.03645593300461769,0.46466708183288574,5.19475793838501,x
19,0.6480821013450604,794.4554443359375,105,0.470000000000001,0.480000000000001,504,-0.7067877054214478,0.6708437204360962,-0.050020478665828705,0.4748571515083313,4.238884449005127,x
19,0.6480821013450604,794.4554443359375,106,0.480000000000001,0.490000000000001,424,-0.784893810749054,0.6768439412117004,-0.09237553924322128,0.48497188091278076,4.1715497970581055,x
19,0.6480821013450604,794.4554443359375,107,0.490000000000001,0.500000000000001,429,-0.8773502111434937,0.7057384252548218,-0.13133880496025085,0.4949711561203003,3.891420841217041,x
19,0.6480821013450604,794.4554443359375,108,0.500000000000001,0.510000000000001,438,-1.0006039142608643,0.6848865151405334,-0.1580168455839157,0.5048717260360718,3.1267640590667725,x
19,0.6480821013450604,794.4554443359375,109,0.510000000000001,0.520000000000001,233,-1.1921576261520386,0.800796627998352,-0.16152608394622803,0.514512836933136,2.457202911376953,x
19,0.6480821013450604,794.4554443359375,110,0.520000000000001,0.530000000000001,124,-1.4622970819473267,0.84754478931427,-0.2272663563489914,0.5248124003410339,1.7475125789642334,x
19,0.6480821013450604,794.4554443359375,111,0.530000000000001,0.540000000000001,92,-1.7852007150650024,0.6898239850997925,-0.2684047520160675,0.5346941947937012,0.8816465139389038,x
19,0.6480821013450604,794.4554443359375,112,0.540000000000001,0.550000000000001,71,-1.8729159832000732,0.7120381593704224,-0.2790702283382416,0.5445472598075867,0.8363036513328552,x
19,0.6480821013450604,794.4554443359375,113,0.550000000000001,0.560000000000001,32,-1.8944830894470215,0.6179410219192505,-0.33426010608673096,0.5542935132980347,0.8684539198875427,x
19,0.6480821013450604,794.4554443359375,114,0.560000000000001,0.5700000000000011,11,-2.209890604019165,0.12129437923431396,-0.367946982383728,0.5642815232276917,0.7504608035087585,x
0,0.0050119683146476746,0.007178916968405247,13,-0.3999999999999999,-0.3899999999999999,20,-3.305964708328247,0.41908180713653564,-0.3825189769268036,-0.3915233612060547,0.006968129426240921,y
0,0.0050119683146476746,0.007178916968405247,14,-0.3899999999999999,-0.3799999999999999,173,-28.482532501220703,58.342567443847656,-0.3067922592163086,-0.38373619318008423,0.006970612332224846,y
0,0.0050119683146476746,0.007178916968405247,15,-0.3799999999999999,-0.3699999999999999,511,-50.533504486083984,79.69389343261719,-0.2431989163160324,-0.37455472350120544,0.00689360499382019,y
0,0.0050119683146476746,0.007178916968405247,16,-0.3699999999999999,-0.3599999999999999,906,-58.08776092529297,91.84553527832031,-0.22008368372917175,-0.36462119221687317,0.006797350011765957,y
0,0.0050119683146476746,0.007178916968405247,17,-0.3599999999999999,-0.34999999999999987,1184,-79.5341567993164,107.08631134033203,-0.16480162739753723,-0.354848712682724,0.006696594413369894,y
0,0.0050119683146476746,0.007178916968405247,18,-0.34999999999999987,-0.33999999999999986,1347,-90.97171783447266,117.74701690673828,-0.14070726931095123,-0.34498897194862366,0.00655775610357523,y
0,0.0050119683146476746,0.007178916968405247,19,-0.33999999999999986,-0.32999999999999985,1320,-96.05646514892578,123.04032897949219,-0.12982332706451416,-0.3350549042224884,0.006477425340563059,y
0,0.0050119683146476746,0.007178916968405247,20,-0.32999999999999985,-0.31999999999999984,1339,-96.85435485839844,124.42308044433594,-0.1251758188009262,-0.32494017481803894,0.006495568435639143,y
0,0.0050119683146476746,0.007178916968405247,21,-0.31999999999999984,-0.30999999999999983,1432,-96.7232437133789,124.46131896972656,-0.12143474817276001,-0.3149351477622986,0.006528359372168779,y
0,0.0050119683146476746,0.007178916968405247,22,-0.30999999999999983,-0.2999999999999998,1444,-99.18983459472656,125.18174743652344,-0.11105173081159592,-0.30507248640060425,0.006598854903131723,y
0,0.0050119683146476746,0.007178916968405247,23,-0.2999999999999998,-0.2899999999999998,1515,-85.52046203613281,122.96514892578125,-0.13012290000915527,-0.2947729229927063,0.006623927969485521,y
0,0.0050119683146476746,0.007178916968405247,24,-0.2899999999999998,-0.2799999999999998,1996,-58.43227767944336,112.16764068603516,-0.17419683933258057,-0.28491589426994324,0.006562733557075262,y
0,0.0050119683146476746,0.007178916968405247,25,-0.2799999999999998,-0.2699999999999998,3879,-50.887691497802734,100.27272033691406,-0.1808401644229889,-0.27345067262649536,0.006657069083303213,y
0,0.0050119683146476746,0.007178916968405247,26,-0.2699999999999998,-0.2599999999999998,10645,-29.277074813842773,83.27228546142578,-0.21460206806659698,-0.26607608795166016,0.006622393149882555,y
0,0.0050119683146476746,0.007178916968405247,27,-0.2599999999999998,-0.24999999999999978,2207,-84.28256225585938,120.76524353027344,-0.11128979176282883,-0.2555720806121826,0.00668193819001317,y
0,0.0050119683146476746,0.007178916968405247,28,-0.24999999999999978,-0.23999999999999977,1550,-102.46320343017578,126.576171875,-0.07548519968986511,-0.2451954334974289,0.006721879355609417,y
0,0.0050119683146476746,0.007178916968405247,29,-0.23999999999999977,-0.22999999999999976,1391,-105.22015380859375,126.4957275390625,-0.06823751330375671,-0.2350786328315735,0.006738936994224787,y
0,0.0050119683146476746,0.007178916968405247,30,-0.22999999999999976,-0.21999999999999975,1324,-118.2869873046875,130.03189086914062,-0.045770011842250824,-0.22505749762058258,0.00673169968649745,y
0,0.0050119683146476746,0.007178916968405247,31,-0.21999999999999975,-0.20999999999999974,1276,-129.1411895751953,130.71966552734375,-0.0282447412610054,-0.2150488793849945,0.006717783398926258,y
0,0.0050119683146476746,0.007178916968405247,32,-0.20999999999999974,-0.19999999999999973,1277,-140.1543426513672,135.86676025390625,-0.011567213572561741,-0.20499099791049957,0.006727912928909063,y
0,0.0050119683146476746,0.007178916968405247,33,-0.19999999999999973,-0.18999999999999972,1323,-146.64056396484375,139.21066284179688,-0.0029017620254307985,-0.19505323469638824,0.006745313294231892,y
0,0.0050119683146476746,0.007178916968405247,34,-0.18999999999999972,-0.17999999999999972,1315,-154.14044189453125,143.3890380859375,0.006657041143625975,-0.18503466248512268,0.006761646829545498,y
0,0.0050119683146476746,0.007178916968405247,35,-0.17999999999999972,-0.1699999999999997,1251,-168.87628173828125,146.84458923339844,0.023843150585889816,-0.1750522255897522,0.0067625632509589195,y
0,0.0050119683146476746,0.007178916968405247,36,-0.1699999999999997,-0.1599999999999997,1248,-175.3534393310547,153.69166564941406,0.029912276193499565,-0.1650211215019226,0.0067696478217840195,y
0,0.0050119683146476746,0.007178916968405247,37,-0.1599999999999997,-0.1499999999999997,1253,-179.17770385742188,161.04315185546875,0.03251665458083153,-0.15501999855041504,0.006789548322558403,y
0,0.0050119683146476746,0.007178916968405247,38,-0.1499999999999997,-0.13999999999999968,1263,-188.04908752441406,172.96983337402344,0.039470456540584564,-0.14499220252037048,0.006798078306019306,y
0,0.0050119683146476746,0.007178916968405247,39,-0.13999999999999968,-0.12999999999999967,1223,-201.2975616455078,180.04019165039062,0.04932121932506561,-0.13499298691749573,0.0068068127147853374,y
0,0.0050119683146476746,0.007178916968405247,40,-0.12999999999999967,-0.11999999999999966,1207,-202.37437438964844,194.73851013183594,0.0465957373380661,-0.1250070035457611,0.006817031651735306,y
0,0.0050119683146476746,0.007178916968405247,41,-0.11999999999999966,-0.10999999999999965,1202,-203.61709594726562,215.74188232421875,0.04412451386451721,-0.11498060822486877,0.006828373298048973,y
0,0.0050119683146476746,0.007178916968405247,42,-0.10999999999999965,-0.09999999999999964,1212,-212.43276977539062,227.86195373535156,0.047080568969249725,-0.1049497053027153,0.0068444497883319855,y
0,0.0050119683146476746,0.007178916968405247,43,-0.09999999999999964,-0.08999999999999964,1242,-224.34622192382812,244.5577850341797,0.05064141005277634,-0.09494972974061966,0.006853911560028791,y
0,0.0050119683146476746,0.007178916968405247,44,-0.08999999999999964,-0.07999999999999963,1263,-223.68527221679688,277.7057800292969,0.045091744512319565,-0.08496998995542526,0.0068640876561403275,y
0,0.0050119683146476746,0.007178916968405247,45,-0.07999999999999963,-0.06999999999999962,1258,-234.96234130859375,298.9843444824219,0.04526059702038765,-0.07500666379928589,0.006850086618214846,y
0,0.0050119683146476746,0.007178916968405247,46,-0.06999999999999962,-0.05999999999999961,1230,-224.8461456298828,358.7472229003906,0.033558398485183716,-0.06497294455766678,0.006818506401032209,y
0,0.0050119683146476746,0.007178916968405247,47,-0.05999999999999961,-0.0499999999999996,1248,-240.35691833496094,430.5885925292969,0.033424556255340576,-0.05501518398523331,0.006789847277104855,y
0,0.0050119683146476746,0.007178916968405247,48,-0.0499999999999996,-0.03999999999999959,1299,-272.49407958984375,520.7169799804688,0.03634105995297432,-0.045006074011325836,0.006768893450498581,y
0,0.0050119683146476746,0.007178916968405247,49,-0.03999999999999959,-0.029999999999999583,1317,-320.9222106933594,669.0587158203125,0.03870167210698128,-0.03499335050582886,0.006750487722456455,y
0,0.0050119683146476746,0.007178916968405247,50,-0.029999999999999583,-0.019999999999999574,1319,-408.6112976074219,942.3803100585938,0.04132186993956566,-0.02499375119805336,0.006729878019541502,y
0,0.0050119683146476746,0.007178916968405247,51,-0.019999999999999574,-0.009999999999999565,1353,-699.6021728515625,1588.759765625,0.051403600722551346,-0.014975639060139656,0.006726440973579884,y
0,0.0050119683146476746,0.007178916968405247,52,-0.009999999999999565,4.440892098500626e-16,1268,-2129.451171875,7395.76171875,0.053844157606363297,-0.005527600180357695,0.006731771863996983,y
0,0.0050119683146476746,0.007178916968405247,53,4.440892098500626e-16,0.010000000000000453,1282,2196.228271484375,7196.1806640625,0.060518935322761536,0.005509914830327034,0.006731936242431402,y
0,0.0050119683146476746,0.007178916968405247,54,0.010000000000000453,0.020000000000000462,1443,504.8835754394531,1545.0704345703125,0.06374863535165787,0.014951818622648716,0.006737496703863144,y
0,0.0050119683146476746,0.007178916968405247,55,0.020000000000000462,0.03000000000000047,1483,220.36692810058594,888.3775634765625,0.06205868348479271,0.02499362640082836,0.00674429489299655,y
0,0.0050119683146476746,0.007178916968405247,56,0.03000000000000047,0.04000000000000048,1473,122.2548828125,607.4791870117188,0.06390132009983063,0.035032544285058975,0.006743293255567551,y
0,0.0050119683146476746,0.007178916968405247,57,0.04000000000000048,0.05000000000000049,1455,66.12303924560547,457.62103271484375,0.0656498521566391,0.04499827325344086,0.00673307292163372,y
0,0.0050119683146476746,0.007178916968405247,58,0.05000000000000049,0.0600000000000005,1468,21.850807189941406,380.04058837890625,0.06411565095186234,0.05499917268753052,0.006732454523444176,y
0,0.0050119683146476746,0.007178916968405247,59,0.0600000000000005,0.0700000000000005,1440,-5.1978678703308105,321.64324951171875,0.06388452649116516,0.06499924510717392,0.006722418591380119,y
0,0.0050119683146476746,0.007178916968405247,60,0.0700000000000005,0.08000000000000052,1422,-20.58972930908203,287.3051452636719,0.06581158936023712,0.07502613216638565,0.006713485810905695,y
0,0.0050119683146476746,0.007178916968405247,61,0.08000000000000052,0.09000000000000052,1436,-35.723052978515625,261.7978515625,0.06552639603614807,0.08505135029554367,0.006713309325277805,y
0,0.0050119683146476746,0.007178916968405247,62,0.09000000000000052,0.10000000000000053,1453,-41.7308464050293,238.40899658203125,0.06915678083896637,0.09507357329130173,0.006720260716974735,y
0,0.0050119683146476746,0.007178916968405247,63,0.10000000000000053,0.11000000000000054,1537,-36.728797912597656,222.95899963378906,0.0802059918642044,0.10506932437419891,0.006743297912180424,y
0,0.0050119683146476746,0.007178916968405247,64,0.11000000000000054,0.12000000000000055,1565,-40.18114471435547,208.50511169433594,0.08451883494853973,0.11500681936740875,0.006746635772287846,y
0,0.0050119683146476746,0.007178916968405247,65,0.12000000000000055,0.13000000000000056,1560,-53.28441619873047,192.48956298828125,0.08022656291723251,0.12503103911876678,0.006768320687115192,y
0,0.0050119683146476746,0.007178916968405247,66,0.13000000000000056,0.14000000000000057,1562,-58.42340087890625,178.1536102294922,0.08170057833194733,0.13501837849617004,0.006792708300054073,y
0,0.0050119683146476746,0.007178916968405247,67,0.14000000000000057,0.15000000000000058,1560,-61.118858337402344,165.3616180419922,0.08489346504211426,0.14508600533008575,0.006804775446653366,y
0,0.0050119683146476746,0.007178916968405247,68,0.15000000000000058,0.1600000000000006,1506,-63.192405700683594,153.97711181640625,0.0884212777018547,0.1550227552652359,0.006813644431531429,y
0,0.0050119683146476746,0.007178916968405247,69,0.1600000000000006,0.1700000000000006,1570,-60.228084564208984,147.35711669921875,0.09738699346780777,0.1649734377861023,0.006817409303039312,y
0,0.0050119683146476746,0.007178916968405247,70,0.1700000000000006,0.1800000000000006,1581,-67.43277740478516,138.6508331298828,0.09470421820878983,0.17504747211933136,0.006818127352744341,y
0,0.0050119683146476746,0.007178916968405247,71,0.1800000000000006,0.1900000000000006,1567,-76.68258666992188,130.63516235351562,0.08819518983364105,0.18503771722316742,0.0068144905380904675,y
0,0.0050119683146476746,0.007178916968405247,72,0.1900000000000006,0.20000000000000062,1538,-85.88213348388672,123.88666534423828,0.08087282627820969,0.19502639770507812,0.006809755694121122,y
0,0.0050119683146476746,0.007178916968405247,73,0.20000000000000062,0.21000000000000063,1553,-86.77262878417969,118.63309478759766,0.08403957635164261,0.20505543053150177,0.0067924559116363525,y
0,0.0050119683146476746,0.007178916968405247,74,0.21000000000000063,0.22000000000000064,1651,-88.87301635742188,114.12294006347656,0.08497349917888641,0.2150845229625702,0.006749393418431282,y
0,0.0050119683146476746,0.007178916968405247,75,0.22000000000000064,0.23000000000000065,1682,-93.44970703125,115.45427703857422,0.08168391138315201,0.22497393190860748,0.00676351273432374,y
0,0.0050119683146476746,0.007178916968405247,76,0.23000000000000065,0.24000000000000066,1606,-94.90091705322266,112.99101257324219,0.08284489065408707,0.23498468101024628,0.006807658821344376,y
0,0.0050119683146476746,0.007178916968405247,77,0.24000000000000066,0.25000000000000067,1484,-93.5312271118164,110.72930145263672,0.08885382115840912,0.2449796497821808,0.006810302846133709,y
0,0.0050119683146476746,0.007178916968405247,78,0.25000000000000067,0.2600000000000007,1398,-93.45338439941406,108.23725128173828,0.09254752099514008,0.2549755573272705,0.006816784385591745,y
0,0.0050119683146476746,0.007178916968405247,79,0.2600000000000007,0.2700000000000007,1348,-89.90872192382812,100.68212890625,0.10250767320394516,0.26492562890052795,0.0068380096927285194,y
0,0.0050119683146476746,0.007178916968405247,80,0.2700000000000007,0.2800000000000007,1200,-99.9116439819336,95.93341064453125,0.08744741231203079,0.2749095559120178,0.006819508969783783,y
0,0.0050119683146476746,0.007178916968405247,81,0.2800000000000007,0.2900000000000007,1051,-100.56851959228516,91.97015380859375,0.08988704532384872,0.2848942279815674,0.006781020201742649,y
0,0.0050119683146476746,0.007178916968405247,82,0.2900000000000007,0.3000000000000007,995,-94.74327087402344,89.72608947753906,0.10532111674547195,0.29496559500694275,0.006780911237001419,y
0,0.0050119683146476746,0.007178916968405247,83,0.3000000000000007,0.3100000000000007,2630,-33.05412292480469,69.8279037475586,0.23867447674274445,0.3072814345359802,0.006774025037884712,y
0,0.0050119683146476746,0.007178916968405247,84,0.3100000000000007,0.32000000000000073,6278,-17.072908401489258,46.290828704833984,0.2782461643218994,0.31459322571754456,0.00674213794991374,y
0,0.0050119683146476746,0.007178916968405247,85,0.32000000000000073,0.33000000000000074,2015,-46.75043869018555,72.9273452758789,0.22048215568065643,0.32486939430236816,0.006781354080885649,y
0,0.0050119683146476746,0.007178916968405247,86,0.33000000000000074,0.34000000000000075,2979,-38.315250396728516,77.54104614257812,0.2435918152332306,0.333729088306427,0.006796019617468119,y
0,0.0050119683146476746,0.007178916968405247,87,0.34000000000000075,0.35000000000000075,669,-107.05294799804688,88.59651184082031,0.08746731281280518,0.3446766436100006,0.0068616196513175964,y
0,0.0050119683146476746,0.007178916968405247,88,0.35000000000000075,0.36000000000000076,574,-95.12387084960938,82.87723541259766,0.11939989030361176,0.35517483949661255,0.00686695845797658,y
0,0.0050119683146476746,0.007178916968405247,89,0.36000000000000076,0.3700000000000008,761,-93.7426986694336,84.74376678466797,0.12594297528266907,0.3653019070625305,0.006886076647788286,y
0,0.0050119683146476746,0.007178916968405247,90,0.3700000000000008,0.3800000000000008,748,-79.9795913696289,84.00336456298828,0.16634097695350647,0.3746510148048401,0.006865435279905796,y
0,0.0050119683146476746,0.007178916968405247,91,0.3800000000000008,0.3900000000000008,380,-61.47847366333008,84.87173461914062,0.21877755224704742,0.3841486871242523,0.006942492909729481,y
0,0.0050119683146476746,0.007178916968405247,92,0.3900000000000008,0.4000000000000008,100,-73.6678237915039,93.3988265991211,0.18757151067256927,0.3934616148471832,0.007045019418001175,y
0,0.0050119683146476746,0.007178916968405247,93,0.4000000000000008,0.4100000000000008,31,-162.83755493164062,26.96082878112793,-0.05782422795891762,0.4049728512763977,0.007036668714135885,y
0,0.0050119683146476746,0.007178916968405247,94,0.4100000000000008,0.4200000000000008,8,-189.74124145507812,25.089563369750977,-0.12462985515594482,0.413777232170105,0.006876281462609768,y
1,0.007178916968405247,0.0077455384656786915,12,-0.4099999999999999,-0.3999999999999999,13,-56.12806701660156,72.08779907226562,-0.2315240502357483,-0.4040280878543854,0.007559885736554861,y
1,0.007178916968405247,0.0077455384656786915,13,-0.3999999999999999,-0.3899999999999999,175,-40.26300811767578,76.79032135009766,-0.27315598726272583,-0.39278092980384827,0.007529544644057751,y
1,0.007178916968405247,0.0077455384656786915,14,-0.3899999999999999,-0.3799999999999999,465,-68.6736831665039,88.84510040283203,-0.18630248308181763,-0.3850594162940979,0.007472586818039417,y
1,0.007178916968405247,0.0077455384656786915,15,-0.3799999999999999,-0.3699999999999999,622,-79.19298553466797,97.50056457519531,-0.15117992460727692,-0.37451234459877014,0.007486266549676657,y
1,0.007178916968405247,0.0077455384656786915,16,-0.3699999999999999,-0.3599999999999999,972,-84.6826400756836,91.47294616699219,-0.1337020993232727,-0.36474740505218506,0.007463693618774414,y
1,0.007178916968405247,0.0077455384656786915,17,-0.3599999999999999,-0.34999999999999987,936,-62.349952697753906,77.12796783447266,-0.1902153342962265,-0.35528087615966797,0.0074369041249156,y
1,0.007178916968405247,0.0077455384656786915,18,-0.34999999999999987,-0.33999999999999986,598,-66.77948760986328,90.93684387207031,-0.17406205832958221,-0.3454468846321106,0.007443559821695089,y
1,0.007178916968405247,0.0077455384656786915,19,-0.33999999999999986,-0.32999999999999985,427,-71.84689331054688,105.97711181640625,-0.1553308516740799,-0.3350139558315277,0.007468479685485363,y
1,0.007178916968405247,0.0077455384656786915,20,-0.32999999999999985,-0.31999999999999984,443,-62.671451568603516,110.62547302246094,-0.17317192256450653,-0.32495784759521484,0.007454178296029568,y
1,0.007178916968405247,0.0077455384656786915,21,-0.31999999999999984,-0.30999999999999983,502,-69.44207000732422,111.25120544433594,-0.15094628930091858,-0.3150002956390381,0.007474249694496393,y
1,0.007178916968405247,0.0077455384656786915,22,-0.30999999999999983,-0.2999999999999998,607,-74.03311920166016,112.12621307373047,-0.13619789481163025,-0.30472224950790405,0.007470347918570042,y
1,0.007178916968405247,0.0077455384656786915,23,-0.2999999999999998,-0.2899999999999998,1110,-58.48603439331055,100.61640930175781,-0.16582784056663513,-0.2945537865161896,0.007477366831153631,y
1,0.007178916968405247,0.0077455384656786915,24,-0.2899999999999998,-0.2799999999999998,1735,-53.00433349609375,105.98694610595703,-0.17210383713245392,-0.284963458776474,0.007457471918314695,y
1,0.007178916968405247,0.0077455384656786915,25,-0.2799999999999998,-0.2699999999999998,2231,-58.61661148071289,106.91325378417969,-0.1543925702571869,-0.27419179677963257,0.00742989219725132,y
1,0.007178916968405247,0.0077455384656786915,26,-0.2699999999999998,-0.2599999999999998,7005,-29.490680694580078,82.69606018066406,-0.20698648691177368,-0.26563796401023865,0.007463348098099232,y
1,0.007178916968405247,0.0077455384656786915,27,-0.2599999999999998,-0.24999999999999978,1964,-66.00739288330078,108.93091583251953,-0.1298680454492569,-0.2561231553554535,0.0074968161061406136,y
1,0.007178916968405247,0.0077455384656786915,28,-0.24999999999999978,-0.23999999999999977,1362,-84.39102172851562,118.69645690917969,-0.09011369943618774,-0.24488741159439087,0.007480337750166655,y
1,0.007178916968405247,0.0077455384656786915,29,-0.23999999999999977,-0.22999999999999976,1441,-76.61394500732422,122.80757141113281,-0.10000552982091904,-0.23488856852054596,0.00748745072633028,y
1,0.007178916968405247,0.0077455384656786915,30,-0.22999999999999976,-0.21999999999999975,1520,-66.67444610595703,116.3515625,-0.1122126430273056,-0.22498196363449097,0.007491399068385363,y
1,0.007178916968405247,0.0077455384656786915,31,-0.21999999999999975,-0.20999999999999974,1456,-68.25502014160156,121.13714599609375,-0.10479452461004257,-0.21500790119171143,0.007485433481633663,y
1,0.007178916968405247,0.0077455384656786915,32,-0.20999999999999974,-0.19999999999999973,1413,-79.98995971679688,127.13731384277344,-0.08207452297210693,-0.2050444483757019,0.007478736806660891,y
1,0.007178916968405247,0.0077455384656786915,33,-0.19999999999999973,-0.18999999999999972,1422,-88.11299133300781,135.6026611328125,-0.06615906208753586,-0.19499368965625763,0.0074817948043346405,y
1,0.007178916968405247,0.0077455384656786915,34,-0.18999999999999972,-0.17999999999999972,1435,-93.44007110595703,146.14976501464844,-0.05569843947887421,-0.18505780398845673,0.007477469276636839,y
1,0.007178916968405247,0.0077455384656786915,35,-0.17999999999999972,-0.1699999999999997,1365,-100.4860610961914,155.7837677001953,-0.0435069277882576,-0.1750485748052597,0.007467588409781456,y
1,0.007178916968405247,0.0077455384656786915,36,-0.1699999999999997,-0.1599999999999997,1279,-100.17931365966797,165.41766357421875,-0.041672952473163605,-0.16511473059654236,0.007464361842721701,y
1,0.007178916968405247,0.0077455384656786915,37,-0.1599999999999997,-0.1499999999999997,1209,-109.40437316894531,175.53250122070312,-0.02893580123782158,-0.15505966544151306,0.007457189727574587,y
1,0.007178916968405247,0.0077455384656786915,38,-0.1499999999999997,-0.13999999999999968,1171,-112.8205337524414,184.0166473388672,-0.02343728579580784,-0.14496593177318573,0.007453349884599447,y
1,0.007178916968405247,0.0077455384656786915,39,-0.13999999999999968,-0.12999999999999967,1177,-118.55650329589844,196.64939880371094,-0.01607007347047329,-0.13497298955917358,0.007457600440829992,y
1,0.007178916968405247,0.0077455384656786915,40,-0.12999999999999967,-0.11999999999999966,1169,-138.75765991210938,214.47140502929688,0.0037879575975239277,-0.12505006790161133,0.007458927575498819,y
1,0.007178916968405247,0.0077455384656786915,41,-0.11999999999999966,-0.10999999999999965,1239,-151.9689178466797,226.55276489257812,0.01523510180413723,-0.11507956683635712,0.007468986324965954,y
1,0.007178916968405247,0.0077455384656786915,42,-0.10999999999999965,-0.09999999999999964,1230,-152.7506103515625,239.64930725097656,0.014451269060373306,-0.10503464192152023,0.007468282710760832,y
1,0.007178916968405247,0.0077455384656786915,43,-0.09999999999999964,-0.08999999999999964,1208,-162.96551513671875,255.48187255859375,0.020292803645133972,-0.09500910341739655,0.007469756528735161,y
1,0.007178916968405247,0.0077455384656786915,44,-0.08999999999999964,-0.07999999999999963,1242,-162.02810668945312,286.14984130859375,0.017212286591529846,-0.08497774600982666,0.007458797190338373,y
1,0.007178916968405247,0.0077455384656786915,45,-0.07999999999999963,-0.06999999999999962,1265,-190.5388641357422,320.3626708984375,0.030641457065939903,-0.07492291182279587,0.0074449325911700726,y
1,0.007178916968405247,0.0077455384656786915,46,-0.06999999999999962,-0.05999999999999961,1367,-225.2404022216797,364.7041320800781,0.042922243475914,-0.06500305235385895,0.007436256390064955,y
1,0.007178916968405247,0.0077455384656786915,47,-0.05999999999999961,-0.0499999999999996,1371,-242.9674530029297,413.67376708984375,0.043595973402261734,-0.05506136640906334,0.007435973268002272,y
1,0.007178916968405247,0.0077455384656786915,48,-0.0499999999999996,-0.03999999999999959,1389,-268.82470703125,493.3756103515625,0.04437561333179474,-0.04505518451333046,0.0074478983879089355,y
1,0.007178916968405247,0.0077455384656786915,49,-0.03999999999999959,-0.029999999999999583,1396,-318.8399963378906,634.9868774414062,0.04711141809821129,-0.03499563783407211,0.007443000562489033,y
1,0.007178916968405247,0.0077455384656786915,50,-0.029999999999999583,-0.019999999999999574,1474,-385.3579406738281,883.1115112304688,0.04543690010905266,-0.02498513273894787,0.007449207827448845,y
1,0.007178916968405247,0.0077455384656786915,51,-0.019999999999999574,-0.009999999999999565,1439,-541.3826293945312,1519.451904296875,0.04321323335170746,-0.014996577054262161,0.007445184979587793,y
1,0.007178916968405247,0.0077455384656786915,52,-0.009999999999999565,4.440892098500626e-16,1285,-1421.4910888671875,6623.681640625,0.03852120041847229,-0.0054684169590473175,0.007456479128450155,y
1,0.007178916968405247,0.0077455384656786915,53,4.440892098500626e-16,0.010000000000000453,1328,1199.2740478515625,6578.62060546875,0.03990274295210838,0.005541399586945772,0.007476642727851868,y
1,0.007178916968405247,0.0077455384656786915,54,0.010000000000000453,0.020000000000000462,1524,272.9495544433594,1480.36279296875,0.044637974351644516,0.01502381730824709,0.007487786468118429,y
1,0.007178916968405247,0.0077455384656786915,55,0.020000000000000462,0.03000000000000047,1531,151.8062744140625,886.2432250976562,0.05298696830868721,0.024977117776870728,0.007483235560357571,y
1,0.007178916968405247,0.0077455384656786915,56,0.03000000000000047,0.04000000000000048,1486,87.49129486083984,638.1048583984375,0.057620979845523834,0.03501724824309349,0.007479953113943338,y
1,0.007178916968405247,0.0077455384656786915,57,0.04000000000000048,0.05000000000000049,1486,62.735782623291016,507.1822814941406,0.06594914942979813,0.045029252767562866,0.007477246690541506,y
1,0.007178916968405247,0.0077455384656786915,58,0.05000000000000049,0.0600000000000005,1445,39.752742767333984,429.1295166015625,0.07154321670532227,0.05501667782664299,0.007476472761482,y
1,0.007178916968405247,0.0077455384656786915,59,0.0600000000000005,0.0700000000000005,1450,15.9412260055542,368.19677734375,0.07289548963308334,0.0650414377450943,0.007468084339052439,y
1,0.007178916968405247,0.0077455384656786915,60,0.0700000000000005,0.08000000000000052,1480,-5.232031345367432,320.2866516113281,0.07242754101753235,0.07503917068243027,0.007462469860911369,y
1,0.007178916968405247,0.0077455384656786915,61,0.08000000000000052,0.09000000000000052,1524,-8.336153030395508,279.10089111328125,0.0799330547451973,0.08498242497444153,0.007465016096830368,y
1,0.007178916968405247,0.0077455384656786915,62,0.09000000000000052,0.10000000000000053,1599,-13.588739395141602,248.598388671875,0.08531796187162399,0.09505277127027512,0.007468399126082659,y
1,0.007178916968405247,0.0077455384656786915,63,0.10000000000000053,0.11000000000000054,1547,-30.797313690185547,219.6196746826172,0.08057460933923721,0.10501264035701752,0.0074806115590035915,y
1,0.007178916968405247,0.0077455384656786915,64,0.11000000000000054,0.12000000000000055,1525,-49.06174087524414,196.9920654296875,0.07246913760900497,0.11498548835515976,0.007476952858269215,y
1,0.007178916968405247,0.0077455384656786915,65,0.12000000000000055,0.13000000000000056,1552,-50.15593719482422,176.58334350585938,0.07737819850444794,0.12494967877864838,0.007473201025277376,y
1,0.007178916968405247,0.0077455384656786915,66,0.13000000000000056,0.14000000000000057,1530,-60.260311126708984,158.06251525878906,0.07349541038274765,0.1350034773349762,0.007474117446690798,y
1,0.007178916968405247,0.0077455384656786915,67,0.14000000000000057,0.15000000000000058,1539,-69.95438385009766,147.92166137695312,0.06868885457515717,0.14502859115600586,0.007476888597011566,y
1,0.007178916968405247,0.0077455384656786915,68,0.15000000000000058,0.1600000000000006,1600,-80.69668579101562,143.60409545898438,0.06117131561040878,0.1550377607345581,0.007474896963685751,y
1,0.007178916968405247,0.0077455384656786915,69,0.1600000000000006,0.1700000000000006,1663,-87.32398986816406,137.19004821777344,0.057303037494421005,0.1650000512599945,0.007467379793524742,y
1,0.007178916968405247,0.0077455384656786915,70,0.1700000000000006,0.1800000000000006,1689,-87.93788146972656,131.4757843017578,0.06049531325697899,0.17495132982730865,0.007455508690327406,y
1,0.007178916968405247,0.0077455384656786915,71,0.1800000000000006,0.1900000000000006,1695,-82.10297393798828,127.69606018066406,0.07217054069042206,0.18501660227775574,0.007442303467541933,y
1,0.007178916968405247,0.0077455384656786915,72,0.1900000000000006,0.20000000000000062,1743,-78.41394805908203,123.40422058105469,0.081351138651371,0.19515781104564667,0.007437811698764563,y
1,0.007178916968405247,0.0077455384656786915,73,0.20000000000000062,0.21000000000000063,1827,-76.87374114990234,119.69347381591797,0.08786609023809433,0.20506122708320618,0.007447455078363419,y
1,0.007178916968405247,0.0077455384656786915,74,0.21000000000000063,0.22000000000000064,1845,-80.15554809570312,117.49364471435547,0.08715459704399109,0.21496297419071198,0.007453213911503553,y
1,0.007178916968405247,0.0077455384656786915,75,0.22000000000000064,0.23000000000000065,1677,-83.9094009399414,113.44170379638672,0.08486133068799973,0.2248971164226532,0.007449062075465918,y
1,0.007178916968405247,0.0077455384656786915,76,0.23000000000000065,0.24000000000000066,1535,-79.57121276855469,107.2900161743164,0.09621813893318176,0.23492570221424103,0.007448606658726931,y
1,0.007178916968405247,0.0077455384656786915,77,0.24000000000000066,0.25000000000000067,1571,-84.03532409667969,102.80718231201172,0.09199105948209763,0.24500387907028198,0.007460286840796471,y
1,0.007178916968405247,0.0077455384656786915,78,0.25000000000000067,0.2600000000000007,1574,-84.07133483886719,100.1479721069336,0.09523899853229523,0.25492799282073975,0.007465811911970377,y
1,0.007178916968405247,0.0077455384656786915,79,0.2600000000000007,0.2700000000000007,1483,-85.42236328125,100.04832458496094,0.09603327512741089,0.26490864157676697,0.007466194219887257,y
1,0.007178916968405247,0.0077455384656786915,80,0.2700000000000007,0.2800000000000007,1537,-72.06640625,97.357177734375,0.1269960105419159,0.2749529480934143,0.007463531102985144,y
1,0.007178916968405247,0.0077455384656786915,81,0.2800000000000007,0.2900000000000007,1425,-75.6609115600586,95.50392150878906,0.12406257539987564,0.2848585247993469,0.007481132633984089,y
1,0.007178916968405247,0.0077455384656786915,82,0.2900000000000007,0.3000000000000007,1292,-76.0666732788086,94.83081817626953,0.1275160014629364,0.2949507534503937,0.007472503464668989,y
1,0.007178916968405247,0.0077455384656786915,83,0.3000000000000007,0.3100000000000007,3266,-29.77695083618164,68.13034057617188,0.23897810280323029,0.3068438470363617,0.007462888490408659,y
1,0.007178916968405247,0.0077455384656786915,84,0.3100000000000007,0.32000000000000073,6029,-25.96782684326172,56.6551628112793,0.2530985176563263,0.31435883045196533,0.007466766517609358,y
1,0.007178916968405247,0.0077455384656786915,85,0.32000000000000073,0.33000000000000074,3178,-49.774356842041016,69.37367248535156,0.20477429032325745,0.3253495693206787,0.007459423039108515,y
1,0.007178916968405247,0.0077455384656786915,86,0.33000000000000074,0.34000000000000075,3496,-49.14263153076172,64.99112701416016,0.21166007220745087,0.3338679373264313,0.007449970580637455,y
1,0.007178916968405247,0.0077455384656786915,87,0.34000000000000075,0.35000000000000075,1393,-74.79057312011719,83.18064880371094,0.1532304883003235,0.34471583366394043,0.007447948679327965,y
1,0.007178916968405247,0.0077455384656786915,88,0.35000000000000075,0.36000000000000076,1382,-89.83136749267578,87.83211517333984,0.11875298619270325,0.35490429401397705,0.007458489388227463,y
1,0.007178916968405247,0.0077455384656786915,89,0.36000000000000076,0.3700000000000008,1398,-86.33550262451172,82.38182067871094,0.13002224266529083,0.36495429277420044,0.007478838320821524,y
1,0.007178916968405247,0.0077455384656786915,90,0.3700000000000008,0.3800000000000008,1294,-93.4680404663086,78.89071655273438,0.11287563294172287,0.3748949468135834,0.0074825892224907875,y
1,0.007178916968405247,0.0077455384656786915,91,0.3800000000000008,0.3900000000000008,875,-86.88846588134766,76.96221160888672,0.13443301618099213,0.3844483196735382,0.007472227327525616,y
1,0.007178916968405247,0.0077455384656786915,92,0.3900000000000008,0.4000000000000008,502,-80.55772399902344,94.8233642578125,0.15643736720085144,0.3941586911678314,0.007491531316190958,y
1,0.007178916968405247,0.0077455384656786915,93,0.4000000000000008,0.4100000000000008,226,-123.6005859375,104.58989715576172,0.028674304485321045,0.4043746888637543,0.007507671136409044,y
1,0.007178916968405247,0.0077455384656786915,94,0.4100000000000008,0.4200000000000008,134,-109.79373931884766,89.43476867675781,0.07345715165138245,0.4146307706832886,0.007499712519347668,y
1,0.007178916968405247,0.0077455384656786915,95,0.4200000000000008,0.4300000000000008,59,-144.26837158203125,83.78638458251953,-0.04089842364192009,0.423976868391037,0.007595475297421217,y
1,0.007178916968405247,0.0077455384656786915,101,0.48000000000000087,0.4900000000000009,5,-195.7136688232422,0.9710516333580017,-0.24732010066509247,0.488567590713501,0.007696107961237431,y
2,0.0077455384656786915,0.008263843692839145,9,-0.43999999999999995,-0.42999999999999994,6,-211.80419921875,84.60501861572266,0.3186134099960327,-0.43521568179130554,0.008173772133886814,y
2,0.0077455384656786915,0.008263843692839145,10,-0.42999999999999994,-0.41999999999999993,8,-164.22921752929688,110.42514038085938,0.1434793770313263,-0.4254035949707031,0.008091446943581104,y
2,0.0077455384656786915,0.008263843692839145,11,-0.41999999999999993,-0.4099999999999999,17,-121.57572937011719,65.66317749023438,-0.006547219585627317,-0.4141079783439636,0.00808493047952652,y
2,0.0077455384656786915,0.008263843692839145,12,-0.4099999999999999,-0.3999999999999999,31,-158.18089294433594,51.48153305053711,0.11254850029945374,-0.40482982993125916,0.008074676617980003,y
2,0.0077455384656786915,0.008263843692839145,13,-0.3999999999999999,-0.3899999999999999,343,-62.909912109375,81.02574157714844,-0.19435928761959076,-0.3937392234802246,0.008027992211282253,y
2,0.0077455384656786915,0.008263843692839145,14,-0.3899999999999999,-0.3799999999999999,650,-85.75495147705078,83.54183197021484,-0.11968088150024414,-0.3845480680465698,0.00804459024220705,y
2,0.0077455384656786915,0.008263843692839145,15,-0.3799999999999999,-0.3699999999999999,844,-63.3382453918457,73.68187713623047,-0.18529634177684784,-0.37482449412345886,0.008018921129405499,y
2,0.0077455384656786915,0.008263843692839145,16,-0.3699999999999999,-0.3599999999999999,839,-53.8657112121582,66.64335632324219,-0.207921102643013,-0.3651134669780731,0.007999440655112267,y
2,0.0077455384656786915,0.008263843692839145,17,-0.3599999999999999,-0.34999999999999987,710,-68.64083862304688,78.71399688720703,-0.16002054512500763,-0.3551919460296631,0.008002251386642456,y
2,0.0077455384656786915,0.008263843692839145,18,-0.34999999999999987,-0.33999999999999986,681,-65.0814437866211,71.4081039428711,-0.16466769576072693,-0.34494829177856445,0.008018668740987778,y
2,0.0077455384656786915,0.008263843692839145,19,-0.33999999999999986,-0.32999999999999985,689,-71.8412094116211,75.53790283203125,-0.14149460196495056,-0.33496442437171936,0.00801766850054264,y
2,0.0077455384656786915,0.008263843692839145,20,-0.32999999999999985,-0.31999999999999984,667,-86.09691619873047,83.00093841552734,-0.10087619721889496,-0.32512661814689636,0.008017787709832191,y
2,0.0077455384656786915,0.008263843692839145,21,-0.31999999999999984,-0.30999999999999983,560,-91.52852630615234,85.7122802734375,-0.08493975549936295,-0.31514739990234375,0.00797771755605936,y
2,0.0077455384656786915,0.008263843692839145,22,-0.30999999999999983,-0.2999999999999998,525,-72.61881256103516,79.24130249023438,-0.12793287634849548,-0.30500805377960205,0.007993781007826328,y
2,0.0077455384656786915,0.008263843692839145,23,-0.2999999999999998,-0.2899999999999998,1200,-57.36554718017578,94.42200469970703,-0.15908904373645782,-0.29477474093437195,0.008015780709683895,y
2,0.0077455384656786915,0.008263843692839145,24,-0.2899999999999998,-0.2799999999999998,1331,-58.53365707397461,89.30145263671875,-0.15155701339244843,-0.28542211651802063,0.008012096397578716,y
2,0.0077455384656786915,0.008263843692839145,25,-0.2799999999999998,-0.2699999999999998,1675,-40.446044921875,83.64376831054688,-0.1849915087223053,-0.2739032208919525,0.0080259433016181,y
2,0.0077455384656786915,0.008263843692839145,26,-0.2699999999999998,-0.2599999999999998,5940,-44.59404373168945,85.83448028564453,-0.17063944041728973,-0.2653641998767853,0.008003505878150463,y
2,0.0077455384656786915,0.008263843692839145,27,-0.2599999999999998,-0.24999999999999978,3042,-29.04689598083496,86.28999328613281,-0.19749656319618225,-0.25657856464385986,0.008019124157726765,y
2,0.0077455384656786915,0.008263843692839145,28,-0.24999999999999978,-0.23999999999999977,1133,-78.5854721069336,106.6594009399414,-0.09130840003490448,-0.2449563890695572,0.0079966951161623,y
2,0.0077455384656786915,0.008263843692839145,29,-0.23999999999999977,-0.22999999999999976,1262,-73.7895278930664,106.1061782836914,-0.09633927792310715,-0.23488859832286835,0.00799576286226511,y
2,0.0077455384656786915,0.008263843692839145,30,-0.22999999999999976,-0.21999999999999975,1376,-83.79729461669922,110.15494537353516,-0.0746111199259758,-0.22477898001670837,0.007995674386620522,y
2,0.0077455384656786915,0.008263843692839145,31,-0.21999999999999975,-0.20999999999999974,1645,-86.94529724121094,116.56333923339844,-0.06562916189432144,-0.2148779034614563,0.007982106879353523,y
2,0.0077455384656786915,0.008263843692839145,32,-0.20999999999999974,-0.19999999999999973,1740,-82.60363006591797,117.48279571533203,-0.06942370533943176,-0.20500540733337402,0.007982633076608181,y
2,0.0077455384656786915,0.008263843692839145,33,-0.19999999999999973,-0.18999999999999972,1661,-75.16242218017578,118.41325378417969,-0.07772274315357208,-0.19510425627231598,0.007993477396667004,y
2,0.0077455384656786915,0.008263843692839145,34,-0.18999999999999972,-0.17999999999999972,1618,-73.2715835571289,123.22776794433594,-0.07653522491455078,-0.1850246787071228,0.008013494312763214,y
2,0.0077455384656786915,0.008263843692839145,35,-0.17999999999999972,-0.1699999999999997,1586,-76.5916519165039,127.59736633300781,-0.06767663359642029,-0.17496901750564575,0.008017239160835743,y
2,0.0077455384656786915,0.008263843692839145,36,-0.1699999999999997,-0.1599999999999997,1542,-79.965576171875,137.63409423828125,-0.05940408259630203,-0.16496990621089935,0.008008469827473164,y
2,0.0077455384656786915,0.008263843692839145,37,-0.1599999999999997,-0.1499999999999997,1610,-96.99827575683594,153.32025146484375,-0.03425910323858261,-0.15490679442882538,0.008010819554328918,y
2,0.0077455384656786915,0.008263843692839145,38,-0.1499999999999997,-0.13999999999999968,1722,-114.18521118164062,169.1493377685547,-0.012339726090431213,-0.14503797888755798,0.008014848455786705,y
2,0.0077455384656786915,0.008263843692839145,39,-0.13999999999999968,-0.12999999999999967,1678,-128.4481201171875,184.65802001953125,0.003831656416878104,-0.13504642248153687,0.00800944585353136,y
2,0.0077455384656786915,0.008263843692839145,40,-0.12999999999999967,-0.11999999999999966,1705,-141.2772216796875,202.6331787109375,0.01643339917063713,-0.12503241002559662,0.008005291223526001,y
2,0.0077455384656786915,0.008263843692839145,41,-0.11999999999999966,-0.10999999999999965,1614,-146.7248077392578,222.07131958007812,0.019815262407064438,-0.11505376547574997,0.008001436479389668,y
2,0.0077455384656786915,0.008263843692839145,42,-0.10999999999999965,-0.09999999999999964,1545,-151.92031860351562,241.393798828125,0.022399596869945526,-0.10506218671798706,0.00799841620028019,y
2,0.0077455384656786915,0.008263843692839145,43,-0.09999999999999964,-0.08999999999999964,1457,-158.13409423828125,263.47723388671875,0.02508576773107052,-0.09504872560501099,0.007998286746442318,y
2,0.0077455384656786915,0.008263843692839145,44,-0.08999999999999964,-0.07999999999999963,1390,-169.7855987548828,296.33026123046875,0.030355039983987808,-0.08501670509576797,0.008006040006875992,y
2,0.0077455384656786915,0.008263843692839145,45,-0.07999999999999963,-0.06999999999999962,1369,-175.63851928710938,329.4024353027344,0.03034893423318863,-0.07499130815267563,0.008015296421945095,y
2,0.0077455384656786915,0.008263843692839145,46,-0.06999999999999962,-0.05999999999999961,1388,-184.91773986816406,373.9687194824219,0.03144555538892746,-0.06502962112426758,0.008029676042497158,y
2,0.0077455384656786915,0.008263843692839145,47,-0.05999999999999961,-0.0499999999999996,1386,-196.3541717529297,431.4162292480469,0.031790658831596375,-0.05504202842712402,0.008031931705772877,y
2,0.0077455384656786915,0.008263843692839145,48,-0.0499999999999996,-0.03999999999999959,1362,-207.78843688964844,520.431396484375,0.030187610536813736,-0.04500933364033699,0.00802630465477705,y
2,0.0077455384656786915,0.008263843692839145,49,-0.03999999999999959,-0.029999999999999583,1413,-246.6092987060547,648.2311401367188,0.03437381237745285,-0.035053152590990067,0.008030201308429241,y
2,0.0077455384656786915,0.008263843692839145,50,-0.029999999999999583,-0.019999999999999574,1409,-305.640625,911.0446166992188,0.03562915697693825,-0.024992510676383972,0.008032298646867275,y
2,0.0077455384656786915,0.008263843692839145,51,-0.019999999999999574,-0.009999999999999565,1469,-476.3739929199219,1551.0478515625,0.04118192940950394,-0.014989690855145454,0.008026141673326492,y
2,0.0077455384656786915,0.008263843692839145,52,-0.009999999999999565,4.440892098500626e-16,1412,-1712.1949462890625,7320.50146484375,0.04792437702417374,-0.005446967668831348,0.008028825744986534,y
2,0.0077455384656786915,0.008263843692839145,53,4.440892098500626e-16,0.010000000000000453,1450,1625.2596435546875,7631.4013671875,0.05354085937142372,0.005439933855086565,0.008019162341952324,y
2,0.0077455384656786915,0.008263843692839145,54,0.010000000000000453,0.020000000000000462,1530,386.12884521484375,1622.4901123046875,0.058192409574985504,0.01497834175825119,0.008005203679203987,y
2,0.0077455384656786915,0.008263843692839145,55,0.020000000000000462,0.03000000000000047,1519,163.88211059570312,909.1858520507812,0.05730461701750755,0.024994928389787674,0.007996581494808197,y
2,0.0077455384656786915,0.008263843692839145,56,0.03000000000000047,0.04000000000000048,1576,102.99543762207031,637.3883056640625,0.06353627890348434,0.034981388598680496,0.007991945371031761,y
2,0.0077455384656786915,0.008263843692839145,57,0.04000000000000048,0.05000000000000049,1555,74.78517150878906,485.9682922363281,0.07170332223176956,0.044980261474847794,0.007989560253918171,y
2,0.0077455384656786915,0.008263843692839145,58,0.05000000000000049,0.0600000000000005,1621,44.57345962524414,386.96954345703125,0.07455412298440933,0.054977938532829285,0.00798935815691948,y
2,0.0077455384656786915,0.008263843692839145,59,0.0600000000000005,0.0700000000000005,1651,30.73542022705078,331.84674072265625,0.0809355229139328,0.06501036882400513,0.007987052202224731,y
2,0.0077455384656786915,0.008263843692839145,60,0.0700000000000005,0.08000000000000052,1636,16.279712677001953,285.47869873046875,0.08453040570020676,0.07504498958587646,0.007985290139913559,y
2,0.0077455384656786915,0.008263843692839145,61,0.08000000000000052,0.09000000000000052,1574,-2.581475257873535,252.35435485839844,0.08324940502643585,0.08504415303468704,0.007986010983586311,y
2,0.0077455384656786915,0.008263843692839145,62,0.09000000000000052,0.10000000000000053,1498,-16.557722091674805,223.81861877441406,0.08256824314594269,0.09496091306209564,0.007994131185114384,y
2,0.0077455384656786915,0.008263843692839145,63,0.10000000000000053,0.11000000000000054,1427,-32.76169204711914,204.58633422851562,0.07758036255836487,0.10505061596632004,0.007994718849658966,y
2,0.0077455384656786915,0.008263843692839145,64,0.11000000000000054,0.12000000000000055,1430,-31.753673553466797,187.49366760253906,0.085880808532238,0.11509869247674942,0.008001434616744518,y
2,0.0077455384656786915,0.008263843692839145,65,0.12000000000000055,0.13000000000000056,1416,-35.667301177978516,175.1151123046875,0.08928379416465759,0.12492844462394714,0.00800770241767168,y
2,0.0077455384656786915,0.008263843692839145,66,0.13000000000000056,0.14000000000000057,1439,-38.426124572753906,165.3603973388672,0.0933726355433464,0.1348917931318283,0.008012527599930763,y
2,0.0077455384656786915,0.008263843692839145,67,0.14000000000000057,0.15000000000000058,1307,-41.91810989379883,153.26654052734375,0.09658639132976532,0.14499728381633759,0.008013028651475906,y
2,0.0077455384656786915,0.008263843692839145,68,0.15000000000000058,0.1600000000000006,1247,-36.428123474121094,139.1729278564453,0.1099826991558075,0.15507051348686218,0.008006635122001171,y
2,0.0077455384656786915,0.008263843692839145,69,0.1600000000000006,0.1700000000000006,1242,-40.228145599365234,129.77377319335938,0.11197349429130554,0.16505424678325653,0.00800086185336113,y
2,0.0077455384656786915,0.008263843692839145,70,0.1700000000000006,0.1800000000000006,1307,-43.698272705078125,119.3077163696289,0.11400844156742096,0.1750393509864807,0.008000449277460575,y
2,0.0077455384656786915,0.008263843692839145,71,0.1800000000000006,0.1900000000000006,1361,-46.42983627319336,115.2214126586914,0.11649570614099503,0.18504154682159424,0.007999293506145477,y
2,0.0077455384656786915,0.008263843692839145,72,0.1900000000000006,0.20000000000000062,1405,-40.495887756347656,109.50120544433594,0.13187986612319946,0.19505412876605988,0.00799876544624567,y
2,0.0077455384656786915,0.008263843692839145,73,0.20000000000000062,0.21000000000000063,1453,-40.641876220703125,105.43582153320312,0.13814719021320343,0.20506520569324493,0.00800069235265255,y
2,0.0077455384656786915,0.008263843692839145,74,0.21000000000000063,0.22000000000000064,1474,-50.127071380615234,108.00791931152344,0.1284809559583664,0.21504375338554382,0.007998508401215076,y
2,0.0077455384656786915,0.008263843692839145,75,0.22000000000000064,0.23000000000000065,1597,-50.18172836303711,103.12932586669922,0.1343708485364914,0.22500334680080414,0.00800987146794796,y
2,0.0077455384656786915,0.008263843692839145,76,0.23000000000000065,0.24000000000000066,1534,-55.54386901855469,97.63777160644531,0.13003259897232056,0.23490895330905914,0.008021704852581024,y
2,0.0077455384656786915,0.008263843692839145,77,0.24000000000000066,0.25000000000000067,1360,-59.20523452758789,94.69438171386719,0.12886925041675568,0.24490153789520264,0.008007115684449673,y
2,0.0077455384656786915,0.008263843692839145,78,0.25000000000000067,0.2600000000000007,1293,-68.4395751953125,91.26778411865234,0.11534995585680008,0.2549418807029724,0.007997749373316765,y
2,0.0077455384656786915,0.008263843692839145,79,0.2600000000000007,0.2700000000000007,1211,-72.55796813964844,92.28621673583984,0.11096018552780151,0.2648821175098419,0.00801009964197874,y
2,0.0077455384656786915,0.008263843692839145,80,0.2700000000000007,0.2800000000000007,1095,-72.827392578125,90.8179931640625,0.11458540707826614,0.27485013008117676,0.008010710589587688,y
2,0.0077455384656786915,0.008263843692839145,81,0.2800000000000007,0.2900000000000007,1084,-60.55125045776367,89.13162231445312,0.14681023359298706,0.28495973348617554,0.007995898835361004,y
2,0.0077455384656786915,0.008263843692839145,82,0.2900000000000007,0.3000000000000007,1020,-54.41792297363281,81.67668151855469,0.16670607030391693,0.2949259877204895,0.007991313934326172,y
2,0.0077455384656786915,0.008263843692839145,83,0.3000000000000007,0.3100000000000007,3771,-42.99750900268555,77.54439544677734,0.2005734145641327,0.3067421615123749,0.008018017746508121,y
2,0.0077455384656786915,0.008263843692839145,84,0.3100000000000007,0.32000000000000073,5830,-43.27597427368164,67.1009521484375,0.20530354976654053,0.3146267533302307,0.0080110440030694,y
2,0.0077455384656786915,0.008263843692839145,85,0.32000000000000073,0.33000000000000074,2917,-43.09395217895508,57.979618072509766,0.21291665732860565,0.32501351833343506,0.008000248111784458,y
2,0.0077455384656786915,0.008263843692839145,86,0.33000000000000074,0.34000000000000075,3393,-44.71699142456055,58.06575393676758,0.2142464965581894,0.33387935161590576,0.008008535020053387,y
2,0.0077455384656786915,0.008263843692839145,87,0.34000000000000075,0.35000000000000075,1020,-61.98512649536133,78.10936737060547,0.17376580834388733,0.3443610668182373,0.007984189316630363,y
2,0.0077455384656786915,0.008263843692839145,88,0.35000000000000075,0.36000000000000076,1082,-66.0227279663086,76.85432434082031,0.16822251677513123,0.35528531670570374,0.007972768507897854,y
2,0.0077455384656786915,0.008263843692839145,89,0.36000000000000076,0.3700000000000008,1276,-65.50956726074219,68.71004486083984,0.1739240139722824,0.3650696873664856,0.007989948615431786,y
2,0.0077455384656786915,0.008263843692839145,90,0.3700000000000008,0.3800000000000008,1353,-70.23714447021484,67.46398162841797,0.16506944596767426,0.37502408027648926,0.007983672432601452,y
2,0.0077455384656786915,0.008263843692839145,91,0.3800000000000008,0.3900000000000008,1234,-81.22891998291016,67.57335662841797,0.13451945781707764,0.384500652551651,0.008013320155441761,y
2,0.0077455384656786915,0.008263843692839145,92,0.3900000000000008,0.4000000000000008,742,-73.10528564453125,69.03681182861328,0.16281940042972565,0.3942575752735138,0.008026552386581898,y
2,0.0077455384656786915,0.008263843692839145,93,0.4000000000000008,0.4100000000000008,278,-104.33538818359375,92.04813385009766,0.06637322157621384,0.40495455265045166,0.00801311805844307,y
2,0.0077455384656786915,0.008263843692839145,94,0.4100000000000008,0.4200000000000008,225,-130.66705322265625,96.20293426513672,-0.0205276757478714,0.4147384762763977,0.008030785247683525,y
2,0.0077455384656786915,0.008263843692839145,95,0.4200000000000008,0.4300000000000008,188,-139.53395080566406,98.68692779541016,-0.051317911595106125,0.424883097410202,0.008035161532461643,y
2,0.0077455384656786915,0.008263843692839145,96,0.4300000000000008,0.44000000000000083,107,-172.76422119140625,89.90299224853516,-0.1715865582227707,0.43391963839530945,0.008081434294581413,y
2,0.0077455384656786915,0.008263843692839145,97,0.44000000000000083,0.45000000000000084,9,-189.5347900390625,72.06482696533203,-0.24079254269599915,0.4414938688278198,0.00815933384001255,y
2,0.0077455384656786915,0.008263843692839145,101,0.48000000000000087,0.4900000000000009,38,-165.94076538085938,28.592472076416016,-0.15898758172988892,0.48686179518699646,0.007998284883797169,y
2,0.0077455384656786915,0.008263843692839145,102,0.4900000000000009,0.5000000000000009,37,-153.27821350097656,26.92379379272461,-0.11598800867795944,0.49232417345046997,0.00807115063071251,y
3,0.008263843692839145,0.008787248469889163,8,-0.44999999999999996,-0.43999999999999995,6,-204.922607421875,82.94712829589844,0.3274698555469513,-0.44496384263038635,0.008494844660162926,y
3,0.008263843692839145,0.008787248469889163,9,-0.43999999999999995,-0.42999999999999994,7,-145.82980346679688,108.14605712890625,0.10680939257144928,-0.4358045756816864,0.008576588705182076,y
3,0.008263843692839145,0.008787248469889163,10,-0.42999999999999994,-0.41999999999999993,14,-125.62298583984375,91.03783416748047,0.03462373465299606,-0.4256066679954529,0.008613111451268196,y
3,0.008263843692839145,0.008787248469889163,11,-0.41999999999999993,-0.4099999999999999,29,-144.33248901367188,75.12712097167969,0.09375367313623428,-0.41572335362434387,0.00850413367152214,y
3,0.008263843692839145,0.008787248469889163,12,-0.4099999999999999,-0.3999999999999999,32,-147.77920532226562,72.06639862060547,0.10570026189088821,-0.4042935371398926,0.008537917397916317,y
3,0.008263843692839145,0.008787248469889163,13,-0.3999999999999999,-0.3899999999999999,401,-88.85391998291016,79.47299194335938,-0.09432808309793472,-0.39339593052864075,0.008539512753486633,y
3,0.008263843692839145,0.008787248469889163,14,-0.3899999999999999,-0.3799999999999999,845,-70.60457611083984,71.83384704589844,-0.15300698578357697,-0.38488075137138367,0.00853367056697607,y
3,0.008263843692839145,0.008787248469889163,15,-0.3799999999999999,-0.3699999999999999,809,-75.95487213134766,66.68724060058594,-0.13175195455551147,-0.3752736449241638,0.008529344573616982,y
3,0.008263843692839145,0.008787248469889163,16,-0.3699999999999999,-0.3599999999999999,872,-79.48212432861328,72.57173156738281,-0.11769571155309677,-0.3649325370788574,0.008524822071194649,y
3,0.008263843692839145,0.008787248469889163,17,-0.3599999999999999,-0.34999999999999987,897,-76.12425231933594,73.87708282470703,-0.12360674142837524,-0.35486459732055664,0.008548654615879059,y
3,0.008263843692839145,0.008787248469889163,18,-0.34999999999999987,-0.33999999999999986,908,-76.73175048828125,75.78150177001953,-0.11907470971345901,-0.3452618718147278,0.008542058058083057,y
3,0.008263843692839145,0.008787248469889163,19,-0.33999999999999986,-0.32999999999999985,724,-71.99263000488281,74.59082794189453,-0.12965694069862366,-0.33524563908576965,0.008526106365025043,y
3,0.008263843692839145,0.008787248469889163,20,-0.32999999999999985,-0.31999999999999984,620,-74.63876342773438,82.46173858642578,-0.11867670714855194,-0.3250383138656616,0.008517872542142868,y
3,0.008263843692839145,0.008787248469889163,21,-0.31999999999999984,-0.30999999999999983,590,-63.62770080566406,79.28960418701172,-0.14377446472644806,-0.3151675760746002,0.008548825047910213,y
3,0.008263843692839145,0.008787248469889163,22,-0.30999999999999983,-0.2999999999999998,460,-62.11712646484375,77.33643341064453,-0.14313803613185883,-0.3048938810825348,0.008557084947824478,y
3,0.008263843692839145,0.008787248469889163,23,-0.2999999999999998,-0.2899999999999998,1735,-50.95090103149414,79.11802673339844,-0.16647154092788696,-0.2943747043609619,0.008536343462765217,y
3,0.008263843692839145,0.008787248469889163,24,-0.2899999999999998,-0.2799999999999998,1348,-39.732234954833984,73.11241149902344,-0.18877243995666504,-0.2851136326789856,0.00851542130112648,y
3,0.008263843692839145,0.008787248469889163,25,-0.2799999999999998,-0.2699999999999998,1966,-31.739429473876953,75.25326538085938,-0.19929425418376923,-0.2736598551273346,0.008540881797671318,y
3,0.008263843692839145,0.008787248469889163,26,-0.2699999999999998,-0.2599999999999998,5876,-45.42060852050781,84.67094421386719,-0.1624409705400467,-0.265424907207489,0.008526266552507877,y
3,0.008263843692839145,0.008787248469889163,27,-0.2599999999999998,-0.24999999999999978,2705,-27.99237823486328,81.09410095214844,-0.1953430026769638,-0.25614815950393677,0.008519435301423073,y
3,0.008263843692839145,0.008787248469889163,28,-0.24999999999999978,-0.23999999999999977,1065,-61.9061164855957,107.39946746826172,-0.11568749696016312,-0.24509836733341217,0.008542283438146114,y
3,0.008263843692839145,0.008787248469889163,29,-0.23999999999999977,-0.22999999999999976,1025,-79.74635314941406,116.97655487060547,-0.07466297596693039,-0.23488278687000275,0.008550022728741169,y
3,0.008263843692839145,0.008787248469889163,30,-0.22999999999999976,-0.21999999999999975,1222,-91.11212158203125,123.665283203125,-0.04979570955038071,-0.22483837604522705,0.008545401506125927,y
3,0.008263843692839145,0.008787248469889163,31,-0.21999999999999975,-0.20999999999999974,1259,-92.52838134765625,127.36417388916016,-0.04526560381054878,-0.21501822769641876,0.008527389727532864,y
3,0.008263843692839145,0.008787248469889163,32,-0.20999999999999974,-0.19999999999999973,1321,-84.94686126708984,131.84243774414062,-0.0564713291823864,-0.20504994690418243,0.008532358333468437,y
3,0.008263843692839145,0.008787248469889163,33,-0.19999999999999973,-0.18999999999999972,1402,-89.11894989013672,135.23855590820312,-0.04689051955938339,-0.19500917196273804,0.008533040061593056,y
3,0.008263843692839145,0.008787248469889163,34,-0.18999999999999972,-0.17999999999999972,1413,-91.9258041381836,141.87486267089844,-0.040076252073049545,-0.18497438728809357,0.008531281724572182,y
3,0.008263843692839145,0.008787248469889163,35,-0.17999999999999972,-0.1699999999999997,1519,-96.7974624633789,148.9565887451172,-0.03072471171617508,-0.17506417632102966,0.008528248406946659,y
3,0.008263843692839145,0.008787248469889163,36,-0.1699999999999997,-0.1599999999999997,1618,-112.9271011352539,156.5388946533203,-0.006498320493847132,-0.16495168209075928,0.008514849469065666,y
3,0.008263843692839145,0.008787248469889163,37,-0.1599999999999997,-0.1499999999999997,1516,-109.18556213378906,165.66351318359375,-0.010918404906988144,-0.15507449209690094,0.008512609638273716,y
3,0.008263843692839145,0.008787248469889163,38,-0.1499999999999997,-0.13999999999999968,1531,-103.5810775756836,175.83447265625,-0.01698661595582962,-0.14504645764827728,0.008516459725797176,y
3,0.008263843692839145,0.008787248469889163,39,-0.13999999999999968,-0.12999999999999967,1685,-100.51647186279297,185.02291870117188,-0.019430484622716904,-0.13490529358386993,0.00850497093051672,y
3,0.008263843692839145,0.008787248469889163,40,-0.12999999999999967,-0.11999999999999966,1769,-102.35855102539062,196.4357452392578,-0.01606903038918972,-0.12484318763017654,0.008513388223946095,y
3,0.008263843692839145,0.008787248469889163,41,-0.11999999999999966,-0.10999999999999965,1783,-106.64244842529297,211.40213012695312,-0.010472920723259449,-0.11494514346122742,0.00852181576192379,y
3,0.008263843692839145,0.008787248469889163,42,-0.10999999999999965,-0.09999999999999964,1807,-117.07667541503906,228.03770446777344,-0.0004441071941982955,-0.10500089824199677,0.008517909795045853,y
3,0.008263843692839145,0.008787248469889163,43,-0.09999999999999964,-0.08999999999999964,1740,-126.21041870117188,253.67361450195312,0.0068270014598965645,-0.09503813832998276,0.00851747952401638,y
3,0.008263843692839145,0.008787248469889163,44,-0.08999999999999964,-0.07999999999999963,1742,-126.20706939697266,276.72119140625,0.006014082580804825,-0.08509523421525955,0.008527019061148167,y
3,0.008263843692839145,0.008787248469889163,45,-0.07999999999999963,-0.06999999999999962,1676,-136.743896484375,310.4493408203125,0.012051939964294434,-0.07510262727737427,0.008536150678992271,y
3,0.008263843692839145,0.008787248469889163,46,-0.06999999999999962,-0.05999999999999961,1575,-144.0342254638672,354.7862548828125,0.01426975429058075,-0.06498385965824127,0.008546186611056328,y
3,0.008263843692839145,0.008787248469889163,47,-0.05999999999999961,-0.0499999999999996,1565,-136.724365234375,419.9880676269531,0.008265276439487934,-0.054898325353860855,0.008545544929802418,y
3,0.008263843692839145,0.008787248469889163,48,-0.0499999999999996,-0.03999999999999959,1705,-169.97547912597656,521.6185302734375,0.019470645114779472,-0.04493449255824089,0.00855118129402399,y
3,0.008263843692839145,0.008787248469889163,49,-0.03999999999999959,-0.029999999999999583,1757,-201.87765502929688,671.779541015625,0.024505509063601494,-0.03491714969277382,0.008553959429264069,y
3,0.008263843692839145,0.008787248469889163,50,-0.029999999999999583,-0.019999999999999574,1828,-249.821533203125,945.951904296875,0.02712762914597988,-0.024990184232592583,0.008548835292458534,y
3,0.008263843692839145,0.008787248469889163,51,-0.019999999999999574,-0.009999999999999565,1734,-299.0153503417969,1621.0970458984375,0.02169649861752987,-0.01503368653357029,0.008529768325388432,y
3,0.008263843692839145,0.008787248469889163,52,-0.009999999999999565,4.440892098500626e-16,1444,-562.679443359375,6874.95703125,0.017672032117843628,-0.0055708265863358974,0.00851854681968689,y
3,0.008263843692839145,0.008787248469889163,53,4.440892098500626e-16,0.010000000000000453,1372,510.5873718261719,7520.455078125,0.015524119138717651,0.005471322685480118,0.00851816963404417,y
3,0.008263843692839145,0.008787248469889163,54,0.010000000000000453,0.020000000000000462,1454,-15.094829559326172,1513.9808349609375,0.011738286353647709,0.015035568736493587,0.008522930555045605,y
3,0.008263843692839145,0.008787248469889163,55,0.020000000000000462,0.03000000000000047,1387,-53.597320556640625,859.8573608398438,0.013398096896708012,0.02496848814189434,0.008520682342350483,y
3,0.008263843692839145,0.008787248469889163,56,0.03000000000000047,0.04000000000000048,1426,-61.95235061645508,616.140380859375,0.016845205798745155,0.03497198969125748,0.00852897297590971,y
3,0.008263843692839145,0.008787248469889163,57,0.04000000000000048,0.05000000000000049,1433,-34.777652740478516,483.8910827636719,0.03149998560547829,0.04507729411125183,0.008517678827047348,y
3,0.008263843692839145,0.008787248469889163,58,0.05000000000000049,0.0600000000000005,1393,-42.1628303527832,400.1229248046875,0.03512990102171898,0.055076856166124344,0.008519026450812817,y
3,0.008263843692839145,0.008787248469889163,59,0.0600000000000005,0.0700000000000005,1314,-55.69979476928711,331.3609619140625,0.03398267924785614,0.065006323158741,0.0085205789655447,y
3,0.008263843692839145,0.008787248469889163,60,0.0700000000000005,0.08000000000000052,1277,-46.640625,278.91351318359375,0.04496391862630844,0.07494594901800156,0.008515250869095325,y
3,0.008263843692839145,0.008787248469889163,61,0.08000000000000052,0.09000000000000052,1282,-48.04933547973633,245.13673400878906,0.04995647072792053,0.08496587723493576,0.008527926169335842,y
3,0.008263843692839145,0.008787248469889163,62,0.09000000000000052,0.10000000000000053,1336,-53.55095672607422,222.55392456054688,0.05106169730424881,0.09499140083789825,0.00853013712912798,y
3,0.008263843692839145,0.008787248469889163,63,0.10000000000000053,0.11000000000000054,1328,-40.568260192871094,201.1222686767578,0.06848527491092682,0.10500949621200562,0.008520915172994137,y
3,0.008263843692839145,0.008787248469889163,64,0.11000000000000054,0.12000000000000055,1272,-50.53841018676758,183.16868591308594,0.06554623693227768,0.11492007970809937,0.008514735847711563,y
3,0.008263843692839145,0.008787248469889163,65,0.12000000000000055,0.13000000000000056,1260,-49.5374641418457,162.038330078125,0.07240665704011917,0.12497364729642868,0.008523421362042427,y
3,0.008263843692839145,0.008787248469889163,66,0.13000000000000056,0.14000000000000057,1289,-54.468387603759766,145.3447723388672,0.07251133024692535,0.13508354127407074,0.008533842861652374,y
3,0.008263843692839145,0.008787248469889163,67,0.14000000000000057,0.15000000000000058,1419,-54.1790885925293,136.58480834960938,0.07813888043165207,0.1450764536857605,0.008538870140910149,y
3,0.008263843692839145,0.008787248469889163,68,0.15000000000000058,0.1600000000000006,1432,-57.1364860534668,131.7004852294922,0.07955512404441833,0.15497447550296783,0.00853570643812418,y
3,0.008263843692839145,0.008787248469889163,69,0.1600000000000006,0.1700000000000006,1329,-58.04732131958008,126.50232696533203,0.08329958468675613,0.16501320898532867,0.008530422113835812,y
3,0.008263843692839145,0.008787248469889163,70,0.1700000000000006,0.1800000000000006,1226,-52.932796478271484,120.67757415771484,0.09590946137905121,0.17492058873176575,0.008526459336280823,y
3,0.008263843692839145,0.008787248469889163,71,0.1800000000000006,0.1900000000000006,1237,-50.10197830200195,111.61393737792969,0.10591990500688553,0.18507987260818481,0.008528098464012146,y
3,0.008263843692839145,0.008787248469889163,72,0.1900000000000006,0.20000000000000062,1276,-63.27931594848633,112.26058197021484,0.08934132754802704,0.19510555267333984,0.008523782715201378,y
3,0.008263843692839145,0.008787248469889163,73,0.20000000000000062,0.21000000000000063,1250,-72.6690673828125,117.29438781738281,0.07730033248662949,0.205062136054039,0.00853431411087513,y
3,0.008263843692839145,0.008787248469889163,74,0.21000000000000063,0.22000000000000064,1296,-74.49430084228516,115.7116928100586,0.07754998654127121,0.21505969762802124,0.00854144524782896,y
3,0.008263843692839145,0.008787248469889163,75,0.22000000000000064,0.23000000000000065,1387,-71.37873840332031,105.6507339477539,0.08747842907905579,0.22523866593837738,0.008540371432900429,y
3,0.008263843692839145,0.008787248469889163,76,0.23000000000000065,0.24000000000000066,1472,-64.84549713134766,98.86007690429688,0.10466521978378296,0.23508022725582123,0.008534430526196957,y
3,0.008263843692839145,0.008787248469889163,77,0.24000000000000066,0.25000000000000067,1499,-61.31271743774414,93.07847595214844,0.1165030226111412,0.2449834793806076,0.008526700548827648,y
3,0.008263843692839145,0.008787248469889163,78,0.25000000000000067,0.2600000000000007,1460,-60.489356994628906,90.0953369140625,0.12325385212898254,0.2550247013568878,0.008532034233212471,y
3,0.008263843692839145,0.008787248469889163,79,0.2600000000000007,0.2700000000000007,1409,-68.54267120361328,86.51522827148438,0.1097864881157875,0.26481330394744873,0.00855091493576765,y
3,0.008263843692839145,0.008787248469889163,80,0.2700000000000007,0.2800000000000007,1221,-79.3388900756836,83.78612518310547,0.08863934129476547,0.27486664056777954,0.008548847399652004,y
3,0.008263843692839145,0.008787248469889163,81,0.2800000000000007,0.2900000000000007,1185,-75.93140411376953,80.83155059814453,0.09991659969091415,0.28489041328430176,0.008552136830985546,y
3,0.008263843692839145,0.008787248469889163,82,0.2900000000000007,0.3000000000000007,1146,-65.62051391601562,76.84500122070312,0.1297282874584198,0.29507380723953247,0.008546601980924606,y
3,0.008263843692839145,0.008787248469889163,83,0.3000000000000007,0.3100000000000007,3641,-28.58247184753418,57.79991912841797,0.2313632369041443,0.3058890402317047,0.008519425056874752,y
3,0.008263843692839145,0.008787248469889163,84,0.3100000000000007,0.32000000000000073,6037,-45.13969039916992,72.57693481445312,0.19359296560287476,0.3145681917667389,0.008532403036952019,y
3,0.008263843692839145,0.008787248469889163,85,0.32000000000000073,0.33000000000000074,3171,-44.26886749267578,58.3787956237793,0.20286177098751068,0.32539102435112,0.00852521788328886,y
3,0.008263843692839145,0.008787248469889163,86,0.33000000000000074,0.34000000000000075,3840,-39.054420471191406,51.603126525878906,0.22252576053142548,0.333414763212204,0.008531594648957253,y
3,0.008263843692839145,0.008787248469889163,87,0.34000000000000075,0.35000000000000075,752,-62.4228515625,70.0171890258789,0.16142557561397552,0.3443168103694916,0.008501866832375526,y
3,0.008263843692839145,0.008787248469889163,88,0.35000000000000075,0.36000000000000076,733,-68.66239166259766,67.29757690429688,0.1471734493970871,0.3550926446914673,0.008516666479408741,y
3,0.008263843692839145,0.008787248469889163,89,0.36000000000000076,0.3700000000000008,846,-69.22437286376953,69.29581451416016,0.1505725234746933,0.36504340171813965,0.008488656021654606,y
3,0.008263843692839145,0.008787248469889163,90,0.3700000000000008,0.3800000000000008,933,-63.075477600097656,65.98529815673828,0.17408642172813416,0.37526729702949524,0.008492739871144295,y
3,0.008263843692839145,0.008787248469889163,91,0.3800000000000008,0.3900000000000008,1249,-68.86122131347656,64.54022216796875,0.1593499779701233,0.38513633608818054,0.008516903966665268,y
3,0.008263843692839145,0.008787248469889163,92,0.3900000000000008,0.4000000000000008,904,-69.39995574951172,59.06599426269531,0.16116969287395477,0.39442315697669983,0.0085194893181324,y
3,0.008263843692839145,0.008787248469889163,93,0.4000000000000008,0.4100000000000008,358,-90.51313781738281,78.65226745605469,0.09377425163984299,0.4050101637840271,0.008514050394296646,y
3,0.008263843692839145,0.008787248469889163,94,0.4100000000000008,0.4200000000000008,300,-88.79512023925781,84.16136932373047,0.10153409093618393,0.4146392047405243,0.008529703132808208,y
3,0.008263843692839145,0.008787248469889163,95,0.4200000000000008,0.4300000000000008,212,-112.02266693115234,88.90743255615234,0.01989620551466942,0.42498573660850525,0.008528599515557289,y
3,0.008263843692839145,0.008787248469889163,96,0.4300000000000008,0.44000000000000083,203,-112.89276123046875,90.6508560180664,0.0181021299213171,0.4350689649581909,0.008512022905051708,y
3,0.008263843692839145,0.008787248469889163,97,0.44000000000000083,0.45000000000000084,131,-102.33875274658203,96.56895446777344,0.054846230894327164,0.44386324286460876,0.008591409772634506,y
3,0.008263843692839145,0.008787248469889163,98,0.45000000000000084,0.46000000000000085,31,-10.338171005249023,38.816184997558594,0.413447767496109,0.4543687403202057,0.008618766441941261,y
3,0.008263843692839145,0.008787248469889163,99,0.46000000000000085,0.47000000000000086,5,-22.946210861206055,43.44190216064453,0.369729220867157,0.4633265435695648,0.008694025687873363,y
3,0.008263843692839145,0.008787248469889163,100,0.47000000000000086,0.48000000000000087,9,-109.58345031738281,9.828606605529785,0.030197421088814735,0.47644859552383423,0.00855973269790411,y
3,0.008263843692839145,0.008787248469889163,101,0.48000000000000087,0.4900000000000009,51,-155.0374755859375,25.154733657836914,-0.15577809512615204,0.4859069287776947,0.008513573557138443,y
3,0.008263843692839145,0.008787248469889163,102,0.4900000000000009,0.5000000000000009,48,-150.7285614013672,22.86075210571289,-0.14128847420215607,0.4933682382106781,0.008538381196558475,y
4,0.008787248469889163,0.009291491471230984,8,-0.44999999999999996,-0.43999999999999995,8,-49.20378875732422,66.94340515136719,-0.2471587359905243,-0.4439753293991089,0.00905197486281395,y
4,0.008787248469889163,0.009291491471230984,9,-0.43999999999999995,-0.42999999999999994,19,-85.0516128540039,68.95606994628906,-0.09810938686132431,-0.43448713421821594,0.009108834899961948,y
4,0.008787248469889163,0.009291491471230984,10,-0.42999999999999994,-0.41999999999999993,32,-108.77701568603516,63.5685920715332,-0.006934050470590591,-0.4242992401123047,0.009060125797986984,y
4,0.008787248469889163,0.009291491471230984,11,-0.41999999999999993,-0.4099999999999999,34,-146.77099609375,53.429405212402344,0.13177627325057983,-0.41510477662086487,0.008983669802546501,y
4,0.008787248469889163,0.009291491471230984,12,-0.4099999999999999,-0.3999999999999999,28,-124.05268859863281,62.23236846923828,0.05101173743605614,-0.4041823744773865,0.009081478230655193,y
4,0.008787248469889163,0.009291491471230984,13,-0.3999999999999999,-0.3899999999999999,525,-64.76531219482422,76.56033325195312,-0.16268664598464966,-0.39316052198410034,0.00904940813779831,y
4,0.008787248469889163,0.009291491471230984,14,-0.3899999999999999,-0.3799999999999999,873,-62.47684860229492,67.20602416992188,-0.16818134486675262,-0.38499680161476135,0.009018722921609879,y
4,0.008787248469889163,0.009291491471230984,15,-0.3799999999999999,-0.3699999999999999,830,-59.4581184387207,69.838134765625,-0.1744053065776825,-0.3749237358570099,0.009024041704833508,y
4,0.008787248469889163,0.009291491471230984,16,-0.3699999999999999,-0.3599999999999999,1001,-66.3891830444336,72.35200500488281,-0.1459902673959732,-0.3648602366447449,0.00905012059956789,y
4,0.008787248469889163,0.009291491471230984,17,-0.3599999999999999,-0.34999999999999987,1011,-64.26535034179688,67.65390014648438,-0.14911317825317383,-0.35493066906929016,0.009042998775839806,y
4,0.008787248469889163,0.009291491471230984,18,-0.34999999999999987,-0.33999999999999986,999,-59.24888229370117,69.65312957763672,-0.16077524423599243,-0.34503164887428284,0.009023797698318958,y
4,0.008787248469889163,0.009291491471230984,19,-0.33999999999999986,-0.32999999999999985,773,-74.08712768554688,72.7027587890625,-0.1110653504729271,-0.33528000116348267,0.009039807133376598,y
4,0.008787248469889163,0.009291491471230984,20,-0.32999999999999985,-0.31999999999999984,716,-70.60845184326172,75.59463500976562,-0.11736994236707687,-0.3250041902065277,0.009056215174496174,y
4,0.008787248469889163,0.009291491471230984,21,-0.31999999999999984,-0.30999999999999983,654,-64.6385726928711,79.80852508544922,-0.13106240332126617,-0.3149377107620239,0.009037709794938564,y
4,0.008787248469889163,0.009291491471230984,22,-0.30999999999999983,-0.2999999999999998,656,-65.8692855834961,79.37372589111328,-0.1230982095003128,-0.30517488718032837,0.009030171670019627,y
4,0.008787248469889163,0.009291491471230984,23,-0.2999999999999998,-0.2899999999999998,2011,-38.68178939819336,65.13435363769531,-0.1914258450269699,-0.2947287857532501,0.009057022631168365,y
4,0.008787248469889163,0.009291491471230984,24,-0.2899999999999998,-0.2799999999999998,1681,-37.532012939453125,67.56639099121094,-0.18831008672714233,-0.28520867228507996,0.009062498807907104,y
4,0.008787248469889163,0.009291491471230984,25,-0.2799999999999998,-0.2699999999999998,2547,-28.720319747924805,72.51627349853516,-0.20289281010627747,-0.27399033308029175,0.00905756838619709,y
4,0.008787248469889163,0.009291491471230984,26,-0.2699999999999998,-0.2599999999999998,5431,-44.264503479003906,80.32781219482422,-0.15897756814956665,-0.26557010412216187,0.009042391553521156,y
4,0.008787248469889163,0.009291491471230984,27,-0.2599999999999998,-0.24999999999999978,2505,-29.617191314697266,68.02027893066406,-0.1876910924911499,-0.25626540184020996,0.009045541286468506,y
4,0.008787248469889163,0.009291491471230984,28,-0.24999999999999978,-0.23999999999999977,1013,-56.975345611572266,99.5536880493164,-0.11891584098339081,-0.24492709338665009,0.00902469176799059,y
4,0.008787248469889163,0.009291491471230984,29,-0.23999999999999977,-0.22999999999999976,1171,-70.44661712646484,106.6094970703125,-0.08520288020372391,-0.23492549359798431,0.009029003791511059,y
4,0.008787248469889163,0.009291491471230984,30,-0.22999999999999976,-0.21999999999999975,1221,-75.8668212890625,106.226806640625,-0.07085227966308594,-0.22496894001960754,0.009033025242388248,y
4,0.008787248469889163,0.009291491471230984,31,-0.21999999999999975,-0.20999999999999974,1198,-76.081787109375,109.9955062866211,-0.06746062636375427,-0.214882031083107,0.009022041223943233,y
4,0.008787248469889163,0.009291491471230984,32,-0.20999999999999974,-0.19999999999999973,1121,-73.42961883544922,113.55416107177734,-0.06906783580780029,-0.2049357146024704,0.009029786102473736,y
4,0.008787248469889163,0.009291491471230984,33,-0.19999999999999973,-0.18999999999999972,1163,-88.49480438232422,126.87505340576172,-0.03943585231900215,-0.19493800401687622,0.009025373496115208,y
4,0.008787248469889163,0.009291491471230984,34,-0.18999999999999972,-0.17999999999999972,1196,-88.66171264648438,132.775634765625,-0.036655426025390625,-0.1849065124988556,0.009032758884131908,y
4,0.008787248469889163,0.009291491471230984,35,-0.17999999999999972,-0.1699999999999997,1306,-82.33367919921875,137.49801635742188,-0.044353026896715164,-0.17486266791820526,0.009042561985552311,y
4,0.008787248469889163,0.009291491471230984,36,-0.1699999999999997,-0.1599999999999997,1377,-79.49140167236328,144.31788635253906,-0.04642898961901665,-0.1649099737405777,0.009038910269737244,y
4,0.008787248469889163,0.009291491471230984,37,-0.1599999999999997,-0.1499999999999997,1456,-81.4140396118164,150.16232299804688,-0.04139959067106247,-0.15496505796909332,0.00902513787150383,y
4,0.008787248469889163,0.009291491471230984,38,-0.1499999999999997,-0.13999999999999968,1430,-85.11863708496094,158.63790893554688,-0.033948469907045364,-0.14501503109931946,0.00901838019490242,y
4,0.008787248469889163,0.009291491471230984,39,-0.13999999999999968,-0.12999999999999967,1437,-88.47711181640625,168.39112854003906,-0.027507375925779343,-0.13508085906505585,0.009030035696923733,y
4,0.008787248469889163,0.009291491471230984,40,-0.12999999999999967,-0.11999999999999966,1344,-88.92752838134766,186.31521606445312,-0.024784104898571968,-0.12513096630573273,0.009042794816195965,y
4,0.008787248469889163,0.009291491471230984,41,-0.11999999999999966,-0.10999999999999965,1335,-85.03878021240234,198.9175567626953,-0.026313140988349915,-0.11507466435432434,0.009040703997015953,y
4,0.008787248469889163,0.009291491471230984,42,-0.10999999999999965,-0.09999999999999964,1327,-82.9101791381836,214.5773162841797,-0.026221230626106262,-0.10502114146947861,0.009025292471051216,y
4,0.008787248469889163,0.009291491471230984,43,-0.09999999999999964,-0.08999999999999964,1422,-90.18758392333984,234.01239013671875,-0.01778356358408928,-0.09499015659093857,0.009022747166454792,y
4,0.008787248469889163,0.009291491471230984,44,-0.08999999999999964,-0.07999999999999963,1459,-93.06192016601562,256.0474548339844,-0.01366365235298872,-0.08490275591611862,0.009029204957187176,y
4,0.008787248469889163,0.009291491471230984,45,-0.07999999999999963,-0.06999999999999962,1521,-93.68743896484375,293.715576171875,-0.011771604418754578,-0.07490620017051697,0.009026089683175087,y
4,0.008787248469889163,0.009291491471230984,46,-0.06999999999999962,-0.05999999999999961,1588,-116.19613647460938,344.5010986328125,0.003203414846211672,-0.06495162844657898,0.009018582291901112,y
4,0.008787248469889163,0.009291491471230984,47,-0.05999999999999961,-0.0499999999999996,1595,-148.29104614257812,408.7876281738281,0.01862090267241001,-0.05505286902189255,0.009016145020723343,y
4,0.008787248469889163,0.009291491471230984,48,-0.0499999999999996,-0.03999999999999959,1499,-149.72552490234375,489.6957092285156,0.01583239808678627,-0.045106254518032074,0.009019767865538597,y
4,0.008787248469889163,0.009291491471230984,49,-0.03999999999999959,-0.029999999999999583,1405,-159.39605712890625,620.0520629882812,0.014953838661313057,-0.03512988239526749,0.00903007946908474,y
4,0.008787248469889163,0.009291491471230984,50,-0.029999999999999583,-0.019999999999999574,1341,-146.3615264892578,872.2210693359375,0.008324995636940002,-0.02503257803618908,0.009045741520822048,y
4,0.008787248469889163,0.009291491471230984,51,-0.019999999999999574,-0.009999999999999565,1383,-250.56190490722656,1490.1453857421875,0.018570853397250175,-0.014995568431913853,0.00904680136591196,y
4,0.008787248469889163,0.009291491471230984,52,-0.009999999999999565,4.440892098500626e-16,1247,-821.77685546875,6343.00927734375,0.025328807532787323,-0.005503559485077858,0.00903437752276659,y
4,0.008787248469889163,0.009291491471230984,53,4.440892098500626e-16,0.010000000000000453,1273,648.5914916992188,6224.060546875,0.03333083167672157,0.005582602694630623,0.009034311398863792,y
4,0.008787248469889163,0.009291491471230984,54,0.010000000000000453,0.020000000000000462,1474,199.6556396484375,1477.0550537109375,0.04068505018949509,0.015085360035300255,0.009040294215083122,y
4,0.008787248469889163,0.009291491471230984,55,0.020000000000000462,0.03000000000000047,1485,80.21900939941406,828.93115234375,0.04188993200659752,0.024971909821033478,0.00904317107051611,y
4,0.008787248469889163,0.009291491471230984,56,0.03000000000000047,0.04000000000000048,1387,10.176065444946289,591.4000244140625,0.03717496991157532,0.03487503528594971,0.009049135260283947,y
4,0.008787248469889163,0.009291491471230984,57,0.04000000000000048,0.05000000000000049,1360,-40.78982162475586,449.7425231933594,0.028153974562883377,0.044989075511693954,0.00904456153512001,y
4,0.008787248469889163,0.009291491471230984,58,0.05000000000000049,0.0600000000000005,1331,-49.7086181640625,356.8800354003906,0.03013046272099018,0.05507071316242218,0.009045161306858063,y
4,0.008787248469889163,0.009291491471230984,59,0.0600000000000005,0.0700000000000005,1354,-60.19819259643555,302.55340576171875,0.02956879511475563,0.06500701606273651,0.009046926163136959,y
4,0.008787248469889163,0.009291491471230984,60,0.0700000000000005,0.08000000000000052,1383,-62.16816329956055,269.8714294433594,0.033159803599119186,0.07496696710586548,0.00904566328972578,y
4,0.008787248469889163,0.009291491471230984,61,0.08000000000000052,0.09000000000000052,1394,-62.23971176147461,236.96493530273438,0.03717020899057388,0.08493006974458694,0.009046944789588451,y
4,0.008787248469889163,0.009291491471230984,62,0.09000000000000052,0.10000000000000053,1398,-60.168128967285156,210.2179412841797,0.04333824664354324,0.09501121938228607,0.009038643911480904,y
4,0.008787248469889163,0.009291491471230984,63,0.10000000000000053,0.11000000000000054,1365,-65.07769775390625,185.84445190429688,0.04308081418275833,0.10505164414644241,0.009036233648657799,y
4,0.008787248469889163,0.009291491471230984,64,0.11000000000000054,0.12000000000000055,1376,-58.239559173583984,176.32379150390625,0.05457022413611412,0.11507444828748703,0.009025540202856064,y
4,0.008787248469889163,0.009291491471230984,65,0.12000000000000055,0.13000000000000056,1369,-61.402557373046875,166.09812927246094,0.05569828674197197,0.1250576227903366,0.009019105695188046,y
4,0.008787248469889163,0.009291491471230984,66,0.13000000000000056,0.14000000000000057,1382,-63.69180679321289,158.59375,0.05728454515337944,0.13494934141635895,0.009019928053021431,y
4,0.008787248469889163,0.009291491471230984,67,0.14000000000000057,0.15000000000000058,1264,-68.62858581542969,147.7825927734375,0.05518128722906113,0.14494922757148743,0.009021398611366749,y
4,0.008787248469889163,0.009291491471230984,68,0.15000000000000058,0.1600000000000006,1274,-75.92125701904297,135.5882110595703,0.04871911182999611,0.15496763586997986,0.009021605364978313,y
4,0.008787248469889163,0.009291491471230984,69,0.1600000000000006,0.1700000000000006,1352,-74.94772338867188,131.271728515625,0.05328921973705292,0.16496257483959198,0.009028269909322262,y
4,0.008787248469889163,0.009291491471230984,70,0.1700000000000006,0.1800000000000006,1409,-75.76433563232422,123.62435150146484,0.055376894772052765,0.1749662160873413,0.009026220999658108,y
4,0.008787248469889163,0.009291491471230984,71,0.1800000000000006,0.1900000000000006,1391,-84.44892120361328,119.2305679321289,0.04415392503142357,0.18494223058223724,0.009030074812471867,y
4,0.008787248469889163,0.009291491471230984,72,0.1900000000000006,0.20000000000000062,1379,-80.06560516357422,110.99220275878906,0.054237768054008484,0.1949087530374527,0.009033596143126488,y
4,0.008787248469889163,0.009291491471230984,73,0.20000000000000062,0.21000000000000063,1415,-69.62700653076172,100.65061950683594,0.07637100666761398,0.20502908527851105,0.009045320563018322,y
4,0.008787248469889163,0.009291491471230984,74,0.21000000000000063,0.22000000000000064,1399,-63.78841018676758,92.24810791015625,0.09177620708942413,0.21502557396888733,0.009032642468810081,y
4,0.008787248469889163,0.009291491471230984,75,0.22000000000000064,0.23000000000000065,1452,-56.058921813964844,89.6089096069336,0.11168952286243439,0.22503428161144257,0.009030159562826157,y
4,0.008787248469889163,0.009291491471230984,76,0.23000000000000065,0.24000000000000066,1505,-57.84921646118164,91.85967254638672,0.11270388960838318,0.2350250482559204,0.009021078236401081,y
4,0.008787248469889163,0.009291491471230984,77,0.24000000000000066,0.25000000000000067,1529,-58.69753646850586,89.70934295654297,0.1156548485159874,0.24509009718894958,0.009012576192617416,y
4,0.008787248469889163,0.009291491471230984,78,0.25000000000000067,0.2600000000000007,1537,-55.8991813659668,83.46208953857422,0.1265595555305481,0.25495997071266174,0.00901392474770546,y
4,0.008787248469889163,0.009291491471230984,79,0.2600000000000007,0.2700000000000007,1567,-46.78647994995117,74.60151672363281,0.15348580479621887,0.2652040719985962,0.009014747105538845,y
4,0.008787248469889163,0.009291491471230984,80,0.2700000000000007,0.2800000000000007,1690,-45.57352066040039,71.8062744140625,0.16202598810195923,0.2750673294067383,0.009037241339683533,y
4,0.008787248469889163,0.009291491471230984,81,0.2800000000000007,0.2900000000000007,1611,-48.07542037963867,70.10540771484375,0.16167733073234558,0.28512781858444214,0.009040916338562965,y
4,0.008787248469889163,0.009291491471230984,82,0.2900000000000007,0.3000000000000007,1803,-49.51110076904297,69.87212371826172,0.16351456940174103,0.29499343037605286,0.009033423848450184,y
4,0.008787248469889163,0.009291491471230984,83,0.3000000000000007,0.3100000000000007,4219,-38.11894989013672,63.82585144042969,0.2005901336669922,0.30625954270362854,0.009043866768479347,y
4,0.008787248469889163,0.009291491471230984,84,0.3100000000000007,0.32000000000000073,6682,-39.7651252746582,65.54476165771484,0.20149953663349152,0.31467288732528687,0.009047462604939938,y
4,0.008787248469889163,0.009291491471230984,85,0.32000000000000073,0.33000000000000074,3269,-35.84639358520508,56.62388229370117,0.2199256271123886,0.3253691792488098,0.009046263061463833,y
4,0.008787248469889163,0.009291491471230984,86,0.33000000000000074,0.34000000000000075,4440,-22.31304931640625,41.53169250488281,0.2662714719772339,0.3334580957889557,0.009049128741025925,y
4,0.008787248469889163,0.009291491471230984,87,0.34000000000000075,0.35000000000000075,756,-48.66846466064453,59.50621795654297,0.19240471720695496,0.3442867696285248,0.00905593391507864,y
4,0.008787248469889163,0.009291491471230984,88,0.35000000000000075,0.36000000000000076,587,-64.6504135131836,65.20089721679688,0.14764219522476196,0.3549278676509857,0.009025736711919308,y
4,0.008787248469889163,0.009291491471230984,89,0.36000000000000076,0.3700000000000008,581,-58.15202713012695,67.26608276367188,0.17305485904216766,0.3649701476097107,0.00904067698866129,y
4,0.008787248469889163,0.009291491471230984,90,0.3700000000000008,0.3800000000000008,652,-63.91231155395508,70.85953521728516,0.15860767662525177,0.3750459551811218,0.009045426733791828,y
4,0.008787248469889163,0.009291491471230984,91,0.3800000000000008,0.3900000000000008,825,-65.26371002197266,65.69428253173828,0.15817537903785706,0.385366290807724,0.009025187231600285,y
4,0.008787248469889163,0.009291491471230984,92,0.3900000000000008,0.4000000000000008,889,-73.63024139404297,57.48030090332031,0.1314641833305359,0.3943692147731781,0.0090517932549119,y
4,0.008787248469889163,0.009291491471230984,93,0.4000000000000008,0.4100000000000008,261,-81.2165298461914,71.40522766113281,0.10771835595369339,0.4045853018760681,0.009032269939780235,y
4,0.008787248469889163,0.009291491471230984,94,0.4100000000000008,0.4200000000000008,248,-77.47290802001953,71.75801086425781,0.12457446753978729,0.4151080548763275,0.009028294123709202,y
4,0.008787248469889163,0.009291491471230984,95,0.4200000000000008,0.4300000000000008,216,-65.64644622802734,75.13915252685547,0.17301689088344574,0.42456239461898804,0.009044735692441463,y
4,0.008787248469889163,0.009291491471230984,96,0.4300000000000008,0.44000000000000083,212,-84.78082275390625,85.3597640991211,0.10272206366062164,0.43499794602394104,0.009045131504535675,y
4,0.008787248469889163,0.009291491471230984,97,0.44000000000000083,0.45000000000000084,170,-95.09283447265625,91.10478973388672,0.06227011978626251,0.44493138790130615,0.009052131325006485,y
4,0.008787248469889163,0.009291491471230984,98,0.45000000000000084,0.46000000000000085,73,-82.11538696289062,76.56076049804688,0.11586069315671921,0.4539797008037567,0.009051235392689705,y
4,0.008787248469889163,0.009291491471230984,99,0.46000000000000085,0.47000000000000086,27,-21.96865463256836,45.97004699707031,0.37038013339042664,0.4644601345062256,0.009064038284122944,y
4,0.008787248469889163,0.009291491471230984,100,0.47000000000000086,0.48000000000000087,27,-124.94140625,33.22645568847656,-0.06352242082357407,0.477650910615921,0.00906075444072485,y
4,0.008787248469889163,0.009291491471230984,101,0.48000000000000087,0.4900000000000009,65,-149.48886108398438,22.012651443481445,-0.17033998668193817,0.4855736196041107,0.009031590074300766,y
4,0.008787248469889163,0.009291491471230984,102,0.4900000000000009,0.5000000000000009,68,-151.7576904296875,18.84652328491211,-0.1852930784225464,0.49319198727607727,0.009061054326593876,y
5,0.009291491471230984,0.009859997779130936,6,-0.47,-0.45999999999999996,8,-31.170623779296875,7.8966593742370605,-0.32602447271347046,-0.46496257185935974,0.009589003399014473,y
5,0.009291491471230984,0.009859997779130936,7,-0.45999999999999996,-0.44999999999999996,19,-58.709808349609375,69.01829528808594,-0.1937524378299713,-0.4541734457015991,0.009698993526399136,y
5,0.009291491471230984,0.009859997779130936,8,-0.44999999999999996,-0.43999999999999995,41,-84.34951782226562,80.06820678710938,-0.0837520882487297,-0.4445561170578003,0.00960581935942173,y
5,0.009291491471230984,0.009859997779130936,9,-0.43999999999999995,-0.42999999999999994,35,-85.05449676513672,76.2381591796875,-0.08055499941110611,-0.43499141931533813,0.009564136154949665,y
5,0.009291491471230984,0.009859997779130936,10,-0.42999999999999994,-0.41999999999999993,32,-93.74082946777344,74.09934997558594,-0.041600003838539124,-0.4256957173347473,0.009607499465346336,y
5,0.009291491471230984,0.009859997779130936,11,-0.41999999999999993,-0.4099999999999999,27,-87.3350601196289,61.836116790771484,-0.06623498350381851,-0.4148426353931427,0.00961340218782425,y
5,0.009291491471230984,0.009859997779130936,12,-0.4099999999999999,-0.3999999999999999,44,-119.08346557617188,59.502986907958984,0.05500006675720215,-0.4027283787727356,0.009561965242028236,y
5,0.009291491471230984,0.009859997779130936,13,-0.3999999999999999,-0.3899999999999999,696,-55.240928649902344,68.15776062011719,-0.1855716109275818,-0.3935401439666748,0.009569743648171425,y
5,0.009291491471230984,0.009859997779130936,14,-0.3899999999999999,-0.3799999999999999,742,-57.78379440307617,62.286705017089844,-0.17195028066635132,-0.384843111038208,0.00956809427589178,y
5,0.009291491471230984,0.009859997779130936,15,-0.3799999999999999,-0.3699999999999999,879,-60.57124710083008,63.459327697753906,-0.1575697511434555,-0.3750779926776886,0.00957131665199995,y
5,0.009291491471230984,0.009859997779130936,16,-0.3699999999999999,-0.3599999999999999,1157,-45.393741607666016,60.17202377319336,-0.20619791746139526,-0.36490607261657715,0.00958965066820383,y
5,0.009291491471230984,0.009859997779130936,17,-0.3599999999999999,-0.34999999999999987,1087,-47.289974212646484,55.59208679199219,-0.19505634903907776,-0.35536038875579834,0.009558651596307755,y
5,0.009291491471230984,0.009859997779130936,18,-0.34999999999999987,-0.33999999999999986,891,-56.42100524902344,61.46904373168945,-0.15902504324913025,-0.34490278363227844,0.009564743377268314,y
5,0.009291491471230984,0.009859997779130936,19,-0.33999999999999986,-0.32999999999999985,851,-52.54079818725586,63.62566375732422,-0.16657860577106476,-0.3350587785243988,0.009563284926116467,y
5,0.009291491471230984,0.009859997779130936,20,-0.32999999999999985,-0.31999999999999984,664,-66.6402816772461,66.70124816894531,-0.1181560531258583,-0.3253009617328644,0.009572288952767849,y
5,0.009291491471230984,0.009859997779130936,21,-0.31999999999999984,-0.30999999999999983,702,-68.6041030883789,70.16799926757812,-0.1082945391535759,-0.31496456265449524,0.009583902545273304,y
5,0.009291491471230984,0.009859997779130936,22,-0.30999999999999983,-0.2999999999999998,743,-70.14962768554688,72.90638732910156,-0.10002677142620087,-0.3048251271247864,0.009576567448675632,y
5,0.009291491471230984,0.009859997779130936,23,-0.2999999999999998,-0.2899999999999998,1628,-51.76258087158203,71.51297760009766,-0.14845338463783264,-0.29471927881240845,0.0095612658187747,y
5,0.009291491471230984,0.009859997779130936,24,-0.2899999999999998,-0.2799999999999998,1852,-40.00339889526367,72.10381317138672,-0.1754399836063385,-0.285038024187088,0.009559954516589642,y
5,0.009291491471230984,0.009859997779130936,25,-0.2799999999999998,-0.2699999999999998,2688,-34.632511138916016,72.8656997680664,-0.18299224972724915,-0.27403825521469116,0.00955743808299303,y
5,0.009291491471230984,0.009859997779130936,26,-0.2699999999999998,-0.2599999999999998,6012,-48.02192306518555,76.95697784423828,-0.14329804480075836,-0.26547563076019287,0.00956542044878006,y
5,0.009291491471230984,0.009859997779130936,27,-0.2599999999999998,-0.24999999999999978,2544,-36.922306060791016,70.12097930908203,-0.1656503677368164,-0.2562596797943115,0.009559542872011662,y
5,0.009291491471230984,0.009859997779130936,28,-0.24999999999999978,-0.23999999999999977,1181,-76.67647552490234,96.01673126220703,-0.06434541940689087,-0.2448757290840149,0.009590063244104385,y
5,0.009291491471230984,0.009859997779130936,29,-0.23999999999999977,-0.22999999999999976,1245,-82.88243103027344,96.77545928955078,-0.04830062389373779,-0.23496030271053314,0.009568285197019577,y
5,0.009291491471230984,0.009859997779130936,30,-0.22999999999999976,-0.21999999999999975,1086,-71.09156036376953,100.39950561523438,-0.07134345918893814,-0.2249450385570526,0.009580995887517929,y
5,0.009291491471230984,0.009859997779130936,31,-0.21999999999999975,-0.20999999999999974,1005,-64.40769958496094,102.14897155761719,-0.08199892938137054,-0.21491672098636627,0.009565082378685474,y
5,0.009291491471230984,0.009859997779130936,32,-0.20999999999999974,-0.19999999999999973,1111,-66.25849914550781,107.45262145996094,-0.07471708953380585,-0.20493605732917786,0.009561791084706783,y
5,0.009291491471230984,0.009859997779130936,33,-0.19999999999999973,-0.18999999999999972,1119,-67.68526458740234,113.90493774414062,-0.06813438981771469,-0.19486209750175476,0.009570556692779064,y
5,0.009291491471230984,0.009859997779130936,34,-0.18999999999999972,-0.17999999999999972,1148,-74.48194122314453,124.81829071044922,-0.053056709468364716,-0.1850004643201828,0.009577319025993347,y
5,0.009291491471230984,0.009859997779130936,35,-0.17999999999999972,-0.1699999999999997,1206,-84.90530395507812,130.33868408203125,-0.032843947410583496,-0.17494724690914154,0.009580446407198906,y
5,0.009291491471230984,0.009859997779130936,36,-0.1699999999999997,-0.1599999999999997,1206,-89.26066589355469,137.4434814453125,-0.023936880752444267,-0.16498346626758575,0.009571200236678123,y
5,0.009291491471230984,0.009859997779130936,37,-0.1599999999999997,-0.1499999999999997,1287,-84.21739196777344,144.14413452148438,-0.029847439378499985,-0.15508833527565002,0.00956815853714943,y
5,0.009291491471230984,0.009859997779130936,38,-0.1499999999999997,-0.13999999999999968,1357,-76.49620819091797,149.6828155517578,-0.03868391364812851,-0.14505551755428314,0.00957469642162323,y
5,0.009291491471230984,0.009859997779130936,39,-0.13999999999999968,-0.12999999999999967,1374,-70.00746154785156,155.17654418945312,-0.044480402022600174,-0.13497956097126007,0.009589635767042637,y
5,0.009291491471230984,0.009859997779130936,40,-0.12999999999999967,-0.11999999999999966,1432,-70.93579864501953,163.42955017089844,-0.040462370961904526,-0.12491798400878906,0.009579458273947239,y
5,0.009291491471230984,0.009859997779130936,41,-0.11999999999999966,-0.10999999999999965,1516,-72.6016845703125,173.97691345214844,-0.0354030579328537,-0.1149560958147049,0.009576101787388325,y
5,0.009291491471230984,0.009859997779130936,42,-0.10999999999999965,-0.09999999999999964,1597,-79.58717346191406,193.0796356201172,-0.02510150894522667,-0.10498644411563873,0.009580682963132858,y
5,0.009291491471230984,0.009859997779130936,43,-0.09999999999999964,-0.08999999999999964,1632,-81.0006103515625,210.27825927734375,-0.0211948212236166,-0.09501802176237106,0.009591026231646538,y
5,0.009291491471230984,0.009859997779130936,44,-0.08999999999999964,-0.07999999999999963,1557,-77.70121002197266,241.33168029785156,-0.021876193583011627,-0.08506511151790619,0.009579437784850597,y
5,0.009291491471230984,0.009859997779130936,45,-0.07999999999999963,-0.06999999999999962,1523,-76.75949096679688,272.0815734863281,-0.019867565482854843,-0.0750584527850151,0.009574047289788723,y
5,0.009291491471230984,0.009859997779130936,46,-0.06999999999999962,-0.05999999999999961,1484,-73.55906677246094,306.97308349609375,-0.019011495634913445,-0.06496110558509827,0.009568491950631142,y
5,0.009291491471230984,0.009859997779130936,47,-0.05999999999999961,-0.0499999999999996,1441,-49.381778717041016,351.3343200683594,-0.029051601886749268,-0.054941944777965546,0.009573198854923248,y
5,0.009291491471230984,0.009859997779130936,48,-0.0499999999999996,-0.03999999999999959,1387,-46.938209533691406,434.7417297363281,-0.024797221645712852,-0.045012783259153366,0.00956906657665968,y
5,0.009291491471230984,0.009859997779130936,49,-0.03999999999999959,-0.029999999999999583,1391,-42.148643493652344,555.1419677734375,-0.020949266850948334,-0.03498920053243637,0.009580736048519611,y
5,0.009291491471230984,0.009859997779130936,50,-0.029999999999999583,-0.019999999999999574,1384,-54.275306701660156,779.3652954101562,-0.01203871425241232,-0.024980897083878517,0.009594619274139404,y
5,0.009291491471230984,0.009859997779130936,51,-0.019999999999999574,-0.009999999999999565,1353,-70.04331970214844,1358.07861328125,-0.006474154535681009,-0.014866160228848457,0.009600017219781876,y
5,0.009291491471230984,0.009859997779130936,52,-0.009999999999999565,4.440892098500626e-16,1226,-86.06614685058594,6052.36572265625,0.0004478473274502903,-0.005422373302280903,0.009594199247658253,y
5,0.009291491471230984,0.009859997779130936,53,4.440892098500626e-16,0.010000000000000453,1307,-14.611754417419434,6011.11474609375,0.0066354162991046906,0.005622305907309055,0.009591537527740002,y
5,0.009291491471230984,0.009859997779130936,54,0.010000000000000453,0.020000000000000462,1445,-31.071075439453125,1375.041015625,0.009594583883881569,0.015026523731648922,0.009593469090759754,y
5,0.009291491471230984,0.009859997779130936,55,0.020000000000000462,0.03000000000000047,1424,-36.516902923583984,812.2607421875,0.01602097600698471,0.025001011788845062,0.009582601487636566,y
5,0.009291491471230984,0.009859997779130936,56,0.03000000000000047,0.04000000000000048,1426,-33.40382766723633,569.4811401367188,0.023670386523008347,0.034991972148418427,0.009564921259880066,y
5,0.009291491471230984,0.009859997779130936,57,0.04000000000000048,0.05000000000000049,1426,-26.758527755737305,427.4008483886719,0.03305671736598015,0.04485396295785904,0.00956317875534296,y
5,0.009291491471230984,0.009859997779130936,58,0.05000000000000049,0.0600000000000005,1346,-41.34672927856445,341.794189453125,0.03317594155669212,0.05489090457558632,0.009567154571413994,y
5,0.009291491471230984,0.009859997779130936,59,0.0600000000000005,0.0700000000000005,1266,-54.982139587402344,288.640380859375,0.030752679333090782,0.06489285826683044,0.009558908641338348,y
5,0.009291491471230984,0.009859997779130936,60,0.0700000000000005,0.08000000000000052,1236,-78.0866470336914,245.3874969482422,0.018923865631222725,0.07491059601306915,0.009553797543048859,y
5,0.009291491471230984,0.009859997779130936,61,0.08000000000000052,0.09000000000000052,1147,-88.8826675415039,217.15310668945312,0.01263947319239378,0.0849575474858284,0.009547454304993153,y
5,0.009291491471230984,0.009859997779130936,62,0.09000000000000052,0.10000000000000053,1208,-88.2457504272461,201.2438201904297,0.014705680310726166,0.09504934400320053,0.009559250436723232,y
5,0.009291491471230984,0.009859997779130936,63,0.10000000000000053,0.11000000000000054,1318,-78.37007904052734,188.12408447265625,0.026372021064162254,0.10504499822854996,0.009563874453306198,y
5,0.009291491471230984,0.009859997779130936,64,0.11000000000000054,0.12000000000000055,1389,-77.36992645263672,174.78207397460938,0.02986838109791279,0.11502400040626526,0.009575295262038708,y
5,0.009291491471230984,0.009859997779130936,65,0.12000000000000055,0.13000000000000056,1381,-78.361572265625,165.19448852539062,0.031400371342897415,0.12495129555463791,0.009572519920766354,y
5,0.009291491471230984,0.009859997779130936,66,0.13000000000000056,0.14000000000000057,1307,-71.9957046508789,155.2920684814453,0.042250268161296844,0.13496659696102142,0.00957176461815834,y
5,0.009291491471230984,0.009859997779130936,67,0.14000000000000057,0.15000000000000058,1321,-61.4736213684082,148.3672332763672,0.06015778332948685,0.14494572579860687,0.009561397135257721,y
5,0.009291491471230984,0.009859997779130936,68,0.15000000000000058,0.1600000000000006,1351,-60.222347259521484,139.88430786132812,0.06582716107368469,0.15503911674022675,0.009573856368660927,y
5,0.009291491471230984,0.009859997779130936,69,0.1600000000000006,0.1700000000000006,1364,-56.228607177734375,130.91587829589844,0.0764927789568901,0.1649886965751648,0.009575954638421535,y
5,0.009291491471230984,0.009859997779130936,70,0.1700000000000006,0.1800000000000006,1404,-50.31071853637695,122.39547729492188,0.09107168763875961,0.17503061890602112,0.009576653130352497,y
5,0.009291491471230984,0.009859997779130936,71,0.1800000000000006,0.1900000000000006,1435,-50.1971435546875,113.9718246459961,0.09633032232522964,0.18496493995189667,0.00956131611019373,y
5,0.009291491471230984,0.009859997779130936,72,0.1900000000000006,0.20000000000000062,1349,-47.27824020385742,107.57755279541016,0.10692097991704941,0.19503431022167206,0.009553013369441032,y
5,0.009291491471230984,0.009859997779130936,73,0.20000000000000062,0.21000000000000063,1244,-58.07915496826172,111.76026916503906,0.09080395847558975,0.20494520664215088,0.009551431983709335,y
5,0.009291491471230984,0.009859997779130936,74,0.21000000000000063,0.22000000000000064,1194,-59.90205001831055,107.94389343261719,0.09174312651157379,0.21505926549434662,0.009565806947648525,y
5,0.009291491471230984,0.009859997779130936,75,0.22000000000000064,0.23000000000000065,1176,-59.93159484863281,105.71969604492188,0.09592881798744202,0.22497215867042542,0.009560438804328442,y
5,0.009291491471230984,0.009859997779130936,76,0.23000000000000065,0.24000000000000066,1149,-58.735877990722656,99.02155303955078,0.10280760377645493,0.23493342101573944,0.009561050683259964,y
5,0.009291491471230984,0.009859997779130936,77,0.24000000000000066,0.25000000000000067,1132,-50.16970443725586,92.38626861572266,0.12726613879203796,0.24495548009872437,0.009571204893290997,y
5,0.009291491471230984,0.009859997779130936,78,0.25000000000000067,0.2600000000000007,1307,-39.28916931152344,84.39591217041016,0.15933892130851746,0.25523170828819275,0.009574830532073975,y
5,0.009291491471230984,0.009859997779130936,79,0.2600000000000007,0.2700000000000007,1424,-38.79365539550781,83.7274169921875,0.16648545861244202,0.26493167877197266,0.00957522913813591,y
5,0.009291491471230984,0.009859997779130936,80,0.2700000000000007,0.2800000000000007,1362,-42.66239929199219,78.63182830810547,0.1626918762922287,0.275073766708374,0.009562171995639801,y
5,0.009291491471230984,0.009859997779130936,81,0.2800000000000007,0.2900000000000007,1477,-46.51908874511719,78.82793426513672,0.15824799239635468,0.2850015461444855,0.009540575556457043,y
5,0.009291491471230984,0.009859997779130936,82,0.2900000000000007,0.3000000000000007,1516,-47.627845764160156,73.34796905517578,0.16045157611370087,0.29510754346847534,0.009551094844937325,y
5,0.009291491471230984,0.009859997779130936,83,0.3000000000000007,0.3100000000000007,3929,-39.72996520996094,66.49129486083984,0.19019237160682678,0.3063328266143799,0.009556050412356853,y
5,0.009291491471230984,0.009859997779130936,84,0.3100000000000007,0.32000000000000073,7696,-39.51909637451172,65.00102996826172,0.19548863172531128,0.31461548805236816,0.009574253112077713,y
5,0.009291491471230984,0.009859997779130936,85,0.32000000000000073,0.33000000000000074,3440,-25.383325576782227,52.33232498168945,0.2463749200105667,0.32529395818710327,0.009573531337082386,y
5,0.009291491471230984,0.009859997779130936,86,0.33000000000000074,0.34000000000000075,4798,-18.896989822387695,42.83281326293945,0.2727481722831726,0.3333381116390228,0.009562503546476364,y
5,0.009291491471230984,0.009859997779130936,87,0.34000000000000075,0.35000000000000075,857,-42.795631408691406,51.94373321533203,0.2032991647720337,0.34408125281333923,0.009562247432768345,y
5,0.009291491471230984,0.009859997779130936,88,0.35000000000000075,0.36000000000000076,698,-44.23757553100586,56.86265182495117,0.20483650267124176,0.3549997806549072,0.009570595808327198,y
5,0.009291491471230984,0.009859997779130936,89,0.36000000000000076,0.3700000000000008,786,-53.83127212524414,65.58123016357422,0.17687879502773285,0.36503469944000244,0.009592852555215359,y
5,0.009291491471230984,0.009859997779130936,90,0.3700000000000008,0.3800000000000008,701,-48.39961242675781,65.78892517089844,0.20128360390663147,0.37493738532066345,0.009583182632923126,y
5,0.009291491471230984,0.009859997779130936,91,0.3800000000000008,0.3900000000000008,876,-53.167236328125,65.12727355957031,0.189054474234581,0.38519713282585144,0.009583472274243832,y
5,0.009291491471230984,0.009859997779130936,92,0.3900000000000008,0.4000000000000008,1040,-75.6989974975586,56.0531005859375,0.10793140530586243,0.39419081807136536,0.009585999883711338,y
5,0.009291491471230984,0.009859997779130936,93,0.4000000000000008,0.4100000000000008,274,-80.11279296875,71.44347381591797,0.093594491481781,0.4045814871788025,0.009573692455887794,y
5,0.009291491471230984,0.009859997779130936,94,0.4100000000000008,0.4200000000000008,269,-81.44685363769531,67.60026550292969,0.09155862033367157,0.4152284562587738,0.009572288021445274,y
5,0.009291491471230984,0.009859997779130936,95,0.4200000000000008,0.4300000000000008,282,-73.58191680908203,64.1539306640625,0.12546487152576447,0.4251728951931,0.009586440399289131,y
5,0.009291491471230984,0.009859997779130936,96,0.4300000000000008,0.44000000000000083,247,-61.94404602050781,68.93379211425781,0.17616546154022217,0.4347590506076813,0.009584005922079086,y
5,0.009291491471230984,0.009859997779130936,97,0.44000000000000083,0.45000000000000084,230,-66.41267395019531,78.70813751220703,0.1619940996170044,0.44462916254997253,0.009578447788953781,y
5,0.009291491471230984,0.009859997779130936,98,0.45000000000000084,0.46000000000000085,168,-62.16200637817383,81.20467376708984,0.1838935911655426,0.4541894793510437,0.009579642675817013,y
5,0.009291491471230984,0.009859997779130936,99,0.46000000000000085,0.47000000000000086,66,-71.72901153564453,67.7281494140625,0.14539025723934174,0.46443015336990356,0.009597457014024258,y
5,0.009291491471230984,0.009859997779130936,100,0.47000000000000086,0.48000000000000087,66,-117.7803726196289,47.204647064208984,-0.0629684254527092,0.4751332700252533,0.009615937247872353,y
5,0.009291491471230984,0.009859997779130936,101,0.48000000000000087,0.4900000000000009,99,-151.85244750976562,27.28399085998535,-0.22002393007278442,0.4853411912918091,0.009569162502884865,y
5,0.009291491471230984,0.009859997779130936,102,0.4900000000000009,0.5000000000000009,105,-157.6381378173828,18.331188201904297,-0.25098612904548645,0.4942208528518677,0.009568123146891594,y
5,0.009291491471230984,0.009859997779130936,103,0.5000000000000009,0.5100000000000009,14,-161.5500030517578,1.2487643957138062,-0.28274548053741455,0.5013415217399597,0.00968159455806017,y
6,0.009859997779130936,0.01049993634223938,1,-0.52,-0.51,5,-6.349486351013184,13.609663009643555,-0.4814041256904602,-0.5148879885673523,0.010154814459383488,y
6,0.009859997779130936,0.01049993634223938,2,-0.51,-0.5,6,-28.006460189819336,12.136127471923828,-0.36175045371055603,-0.506294310092926,0.010202881880104542,y
6,0.009859997779130936,0.01049993634223938,3,-0.5,-0.49,8,-29.660255432128906,11.106850624084473,-0.3473196029663086,-0.495689332485199,0.010081041604280472,y
6,0.009859997779130936,0.01049993634223938,4,-0.49,-0.48,7,-28.57663345336914,11.718424797058105,-0.3457253873348236,-0.48593172430992126,0.010109683498740196,y
6,0.009859997779130936,0.01049993634223938,5,-0.48,-0.47,15,-113.53093719482422,67.59672546386719,0.07819730788469315,-0.47370535135269165,0.01026949007064104,y
6,0.009859997779130936,0.01049993634223938,6,-0.47,-0.45999999999999996,16,-78.5083236694336,82.30249786376953,-0.0967690646648407,-0.4645346403121948,0.010146820917725563,y
6,0.009859997779130936,0.01049993634223938,7,-0.45999999999999996,-0.44999999999999996,31,-86.54991912841797,70.84709930419922,-0.056796543300151825,-0.4552682340145111,0.010162262246012688,y
6,0.009859997779130936,0.01049993634223938,8,-0.44999999999999996,-0.43999999999999995,34,-89.25989532470703,63.32200622558594,-0.039226680994033813,-0.4446752071380615,0.010184510610997677,y
6,0.009859997779130936,0.01049993634223938,9,-0.43999999999999995,-0.42999999999999994,30,-93.37825775146484,61.824825286865234,-0.02220083959400654,-0.43482130765914917,0.01018395833671093,y
6,0.009859997779130936,0.01049993634223938,10,-0.42999999999999994,-0.41999999999999993,32,-81.82677459716797,65.14756774902344,-0.07213391363620758,-0.4249976575374603,0.010180851444602013,y
6,0.009859997779130936,0.01049993634223938,11,-0.41999999999999993,-0.4099999999999999,27,-72.18010711669922,57.20742416381836,-0.10828804224729538,-0.4146743416786194,0.010209236294031143,y
6,0.009859997779130936,0.01049993634223938,12,-0.4099999999999999,-0.3999999999999999,49,-90.3654556274414,61.542057037353516,-0.03472228720784187,-0.4034147560596466,0.010160164907574654,y
6,0.009859997779130936,0.01049993634223938,13,-0.3999999999999999,-0.3899999999999999,695,-45.98060989379883,59.94193649291992,-0.20936991274356842,-0.3939651548862457,0.0101754330098629,y
6,0.009859997779130936,0.01049993634223938,14,-0.3899999999999999,-0.3799999999999999,874,-59.24226760864258,57.09218978881836,-0.15251456201076508,-0.3848775625228882,0.010197737254202366,y
6,0.009859997779130936,0.01049993634223938,15,-0.3799999999999999,-0.3699999999999999,1021,-57.460540771484375,60.82683563232422,-0.1553919017314911,-0.3747822344303131,0.01018563937395811,y
6,0.009859997779130936,0.01049993634223938,16,-0.3699999999999999,-0.3599999999999999,1189,-50.361454010009766,57.56007766723633,-0.17781789600849152,-0.36504927277565,0.010159773752093315,y
6,0.009859997779130936,0.01049993634223938,17,-0.3599999999999999,-0.34999999999999987,990,-40.89528274536133,54.68867874145508,-0.2075543850660324,-0.3552291691303253,0.010180801153182983,y
6,0.009859997779130936,0.01049993634223938,18,-0.34999999999999987,-0.33999999999999986,788,-51.3763542175293,62.33851623535156,-0.1649334579706192,-0.34491291642189026,0.01017337292432785,y
6,0.009859997779130936,0.01049993634223938,19,-0.33999999999999986,-0.32999999999999985,695,-54.38003158569336,65.30765533447266,-0.14969901740550995,-0.3350474536418915,0.010182812809944153,y
6,0.009859997779130936,0.01049993634223938,20,-0.32999999999999985,-0.31999999999999984,734,-54.4497184753418,61.947811126708984,-0.14530730247497559,-0.32490673661231995,0.010163635015487671,y
6,0.009859997779130936,0.01049993634223938,21,-0.31999999999999984,-0.30999999999999983,723,-58.532623291015625,67.1735610961914,-0.12765853106975555,-0.3149411082267761,0.01018119603395462,y
6,0.009859997779130936,0.01049993634223938,22,-0.30999999999999983,-0.2999999999999998,761,-56.151737213134766,66.25774383544922,-0.13130521774291992,-0.3049151599407196,0.01018183771520853,y
6,0.009859997779130936,0.01049993634223938,23,-0.2999999999999998,-0.2899999999999998,1925,-41.022335052490234,61.032405853271484,-0.1713399738073349,-0.2942791283130646,0.01015219371765852,y
6,0.009859997779130936,0.01049993634223938,24,-0.2899999999999998,-0.2799999999999998,1773,-47.247894287109375,69.8568115234375,-0.14813150465488434,-0.285060852766037,0.010182722471654415,y
6,0.009859997779130936,0.01049993634223938,25,-0.2799999999999998,-0.2699999999999998,2434,-45.86214065551758,71.53854370117188,-0.1463036984205246,-0.2742750346660614,0.010184600949287415,y
6,0.009859997779130936,0.01049993634223938,26,-0.2699999999999998,-0.2599999999999998,5094,-45.63814926147461,72.09664916992188,-0.14233878254890442,-0.26557156443595886,0.010163560509681702,y
6,0.009859997779130936,0.01049993634223938,27,-0.2599999999999998,-0.24999999999999978,2318,-46.32157897949219,73.78850555419922,-0.13546326756477356,-0.2559618651866913,0.01017972081899643,y
6,0.009859997779130936,0.01049993634223938,28,-0.24999999999999978,-0.23999999999999977,1260,-60.89262771606445,87.62354278564453,-0.09349462389945984,-0.24487216770648956,0.010163236409425735,y
6,0.009859997779130936,0.01049993634223938,29,-0.23999999999999977,-0.22999999999999976,1233,-70.25585174560547,96.18634033203125,-0.0678868219256401,-0.23495011031627655,0.010161342099308968,y
6,0.009859997779130936,0.01049993634223938,30,-0.22999999999999976,-0.21999999999999975,1298,-79.75911712646484,100.8769760131836,-0.04290380701422691,-0.22496764361858368,0.010164112783968449,y
6,0.009859997779130936,0.01049993634223938,31,-0.21999999999999975,-0.20999999999999974,1260,-82.61324310302734,104.58869171142578,-0.03481637313961983,-0.21504773199558258,0.010174095630645752,y
6,0.009859997779130936,0.01049993634223938,32,-0.20999999999999974,-0.19999999999999973,1237,-81.54270935058594,107.70851135253906,-0.035399794578552246,-0.20493729412555695,0.010178927332162857,y
6,0.009859997779130936,0.01049993634223938,33,-0.19999999999999973,-0.18999999999999972,1220,-86.56864929199219,113.3012466430664,-0.02341729961335659,-0.1950627565383911,0.010173313319683075,y
6,0.009859997779130936,0.01049993634223938,34,-0.18999999999999972,-0.17999999999999972,1270,-84.14776611328125,118.56331634521484,-0.026549939066171646,-0.184990793466568,0.010183160193264484,y
6,0.009859997779130936,0.01049993634223938,35,-0.17999999999999972,-0.1699999999999997,1210,-74.07135772705078,124.34257507324219,-0.043353501707315445,-0.1749931424856186,0.010179414413869381,y
6,0.009859997779130936,0.01049993634223938,36,-0.1699999999999997,-0.1599999999999997,1225,-67.71881103515625,130.3164520263672,-0.05123645067214966,-0.16493532061576843,0.010181060060858727,y
6,0.009859997779130936,0.01049993634223938,37,-0.1599999999999997,-0.1499999999999997,1279,-64.7048110961914,136.3939666748047,-0.05298015475273132,-0.155021071434021,0.010185561142861843,y
6,0.009859997779130936,0.01049993634223938,38,-0.1499999999999997,-0.13999999999999968,1414,-56.92575454711914,139.48728942871094,-0.060823556035757065,-0.14497438073158264,0.010185371153056622,y
6,0.009859997779130936,0.01049993634223938,39,-0.13999999999999968,-0.12999999999999967,1440,-56.91707992553711,151.44956970214844,-0.056394465267658234,-0.1349640041589737,0.01017739623785019,y
6,0.009859997779130936,0.01049993634223938,40,-0.12999999999999967,-0.11999999999999966,1437,-52.66618347167969,160.1025848388672,-0.057991765439510345,-0.1250278800725937,0.010157405398786068,y
6,0.009859997779130936,0.01049993634223938,41,-0.11999999999999966,-0.10999999999999965,1453,-42.74162673950195,168.68603515625,-0.06490426510572433,-0.11501646786928177,0.010169312357902527,y
6,0.009859997779130936,0.01049993634223938,42,-0.10999999999999965,-0.09999999999999964,1512,-43.19919967651367,183.40997314453125,-0.05877237021923065,-0.1049860417842865,0.010168123058974743,y
6,0.009859997779130936,0.01049993634223938,43,-0.09999999999999964,-0.08999999999999964,1525,-45.486671447753906,202.3979034423828,-0.05107394978404045,-0.09497154504060745,0.010181879624724388,y
6,0.009859997779130936,0.01049993634223938,44,-0.08999999999999964,-0.07999999999999963,1620,-55.167930603027344,221.83067321777344,-0.037495192140340805,-0.08499056845903397,0.010176765732467175,y
6,0.009859997779130936,0.01049993634223938,45,-0.07999999999999963,-0.06999999999999962,1678,-52.587493896484375,248.48281860351562,-0.03507717326283455,-0.07495768368244171,0.010179395787417889,y
6,0.009859997779130936,0.01049993634223938,46,-0.06999999999999962,-0.05999999999999961,1677,-46.94712448120117,280.3089904785156,-0.033750757575035095,-0.06499331444501877,0.010182742029428482,y
6,0.009859997779130936,0.01049993634223938,47,-0.05999999999999961,-0.0499999999999996,1669,-60.897247314453125,328.06781005859375,-0.020692067220807076,-0.05499197170138359,0.010188882239162922,y
6,0.009859997779130936,0.01049993634223938,48,-0.0499999999999996,-0.03999999999999959,1638,-50.45253372192383,394.96044921875,-0.021771637722849846,-0.04495745152235031,0.010185851715505123,y
6,0.009859997779130936,0.01049993634223938,49,-0.03999999999999959,-0.029999999999999583,1553,-52.08415222167969,507.8837890625,-0.016498051583766937,-0.03503584489226341,0.010186281055212021,y
6,0.009859997779130936,0.01049993634223938,50,-0.029999999999999583,-0.019999999999999574,1615,-77.00175476074219,709.94580078125,-0.006111284252256155,-0.024937912821769714,0.010179700329899788,y
6,0.009859997779130936,0.01049993634223938,51,-0.019999999999999574,-0.009999999999999565,1620,-87.55335998535156,1207.3077392578125,-0.001967024989426136,-0.014975500293076038,0.010183614678680897,y
6,0.009859997779130936,0.01049993634223938,52,-0.009999999999999565,4.440892098500626e-16,1491,-81.8228530883789,5271.65478515625,-0.0008822440286166966,-0.005528524983674288,0.010177277959883213,y
6,0.009859997779130936,0.01049993634223938,53,4.440892098500626e-16,0.010000000000000453,1473,-162.07479858398438,5391.4052734375,0.0008881019311957061,0.00542444596067071,0.010177898220717907,y
6,0.009859997779130936,0.01049993634223938,54,0.010000000000000453,0.020000000000000462,1573,-81.9733657836914,1182.2142333984375,0.003327331505715847,0.014998706988990307,0.010177218355238438,y
6,0.009859997779130936,0.01049993634223938,55,0.020000000000000462,0.03000000000000047,1581,-74.99697875976562,681.5421142578125,0.005830560810863972,0.024987149983644485,0.010176273062825203,y
6,0.009859997779130936,0.01049993634223938,56,0.03000000000000047,0.04000000000000048,1604,-50.841129302978516,487.9289855957031,0.016541067510843277,0.034978777170181274,0.010174023918807507,y
6,0.009859997779130936,0.01049993634223938,57,0.04000000000000048,0.05000000000000049,1592,-64.51222229003906,396.9883728027344,0.015469655394554138,0.04495934024453163,0.010189607739448547,y
6,0.009859997779130936,0.01049993634223938,58,0.05000000000000049,0.0600000000000005,1506,-70.66971588134766,335.190673828125,0.015252131968736649,0.05497771501541138,0.010189094580709934,y
6,0.009859997779130936,0.01049993634223938,59,0.0600000000000005,0.0700000000000005,1481,-55.504947662353516,292.0795593261719,0.02813425473868847,0.0649736151099205,0.010183125734329224,y
6,0.009859997779130936,0.01049993634223938,60,0.0700000000000005,0.08000000000000052,1486,-48.3177375793457,250.229736328125,0.03792374208569527,0.07496222108602524,0.010183272883296013,y
6,0.009859997779130936,0.01049993634223938,61,0.08000000000000052,0.09000000000000052,1516,-48.07737731933594,221.83619689941406,0.04334303364157677,0.08493544161319733,0.010173527523875237,y
6,0.009859997779130936,0.01049993634223938,62,0.09000000000000052,0.10000000000000053,1434,-48.25058364868164,200.53982543945312,0.047987375408411026,0.09493036568164825,0.010172229260206223,y
6,0.009859997779130936,0.01049993634223938,63,0.10000000000000053,0.11000000000000054,1381,-51.60828399658203,183.2218780517578,0.04965175315737724,0.104998879134655,0.01018624845892191,y
6,0.009859997779130936,0.01049993634223938,64,0.11000000000000054,0.12000000000000055,1308,-55.60337829589844,167.08201599121094,0.050007134675979614,0.11499406397342682,0.010179406963288784,y
6,0.009859997779130936,0.01049993634223938,65,0.12000000000000055,0.13000000000000056,1236,-50.27742385864258,150.0618438720703,0.06088835746049881,0.1250307261943817,0.010180908255279064,y
6,0.009859997779130936,0.01049993634223938,66,0.13000000000000056,0.14000000000000057,1286,-51.622005462646484,137.14088439941406,0.0637819841504097,0.13501203060150146,0.01018110103905201,y
6,0.009859997779130936,0.01049993634223938,67,0.14000000000000057,0.15000000000000058,1337,-49.115447998046875,128.7459259033203,0.07257740944623947,0.14500755071640015,0.010182312689721584,y
6,0.009859997779130936,0.01049993634223938,68,0.15000000000000058,0.1600000000000006,1304,-55.98104476928711,121.52314758300781,0.06672638654708862,0.1549069732427597,0.010160102508962154,y
6,0.009859997779130936,0.01049993634223938,69,0.1600000000000006,0.1700000000000006,1291,-57.657920837402344,115.98838806152344,0.06793640553951263,0.1650090515613556,0.01016280334442854,y
6,0.009859997779130936,0.01049993634223938,70,0.1700000000000006,0.1800000000000006,1167,-60.99665451049805,110.29685974121094,0.06615032255649567,0.17491121590137482,0.01017912570387125,y
6,0.009859997779130936,0.01049993634223938,71,0.1800000000000006,0.1900000000000006,1155,-59.358009338378906,107.72398376464844,0.07312805950641632,0.1850569248199463,0.010182755999267101,y
6,0.009859997779130936,0.01049993634223938,72,0.1900000000000006,0.20000000000000062,1140,-59.92469024658203,103.86398315429688,0.07570301741361618,0.1949806809425354,0.010196416638791561,y
6,0.009859997779130936,0.01049993634223938,73,0.20000000000000062,0.21000000000000063,1140,-64.27625274658203,100.98789978027344,0.07084665447473526,0.20499244332313538,0.010181874968111515,y
6,0.009859997779130936,0.01049993634223938,74,0.21000000000000063,0.22000000000000064,1131,-67.4805679321289,100.2893295288086,0.06729139387607574,0.21497483551502228,0.01017809472978115,y
6,0.009859997779130936,0.01049993634223938,75,0.22000000000000064,0.23000000000000065,1089,-66.99225616455078,95.3871841430664,0.07166460156440735,0.2249646931886673,0.010170486755669117,y
6,0.009859997779130936,0.01049993634223938,76,0.23000000000000065,0.24000000000000066,1104,-71.86349487304688,94.27322387695312,0.06248748302459717,0.23517929017543793,0.010189974680542946,y
6,0.009859997779130936,0.01049993634223938,77,0.24000000000000066,0.25000000000000067,1285,-68.6900863647461,93.33262634277344,0.07353287935256958,0.24521204829216003,0.010198135860264301,y
6,0.009859997779130936,0.01049993634223938,78,0.25000000000000067,0.2600000000000007,1426,-58.802223205566406,93.42511749267578,0.10226551443338394,0.2550784945487976,0.010178050957620144,y
6,0.009859997779130936,0.01049993634223938,79,0.2600000000000007,0.2700000000000007,1479,-52.22808837890625,87.1020736694336,0.12407859414815903,0.26492875814437866,0.010181303136050701,y
6,0.009859997779130936,0.01049993634223938,80,0.2700000000000007,0.2800000000000007,1331,-43.5540771484375,80.3873291015625,0.15289491415023804,0.2748609781265259,0.010184451006352901,y
6,0.009859997779130936,0.01049993634223938,81,0.2800000000000007,0.2900000000000007,1250,-38.80642318725586,75.75234985351562,0.1727180927991867,0.2850220203399658,0.010180243290960789,y
6,0.009859997779130936,0.01049993634223938,82,0.2900000000000007,0.3000000000000007,1132,-50.430728912353516,77.69056701660156,0.14398503303527832,0.2949744462966919,0.010158094577491283,y
6,0.009859997779130936,0.01049993634223938,83,0.3000000000000007,0.3100000000000007,3192,-29.875593185424805,59.88336181640625,0.21347250044345856,0.30602359771728516,0.010168842040002346,y
6,0.009859997779130936,0.01049993634223938,84,0.3100000000000007,0.32000000000000073,6927,-35.382598876953125,61.87549591064453,0.20166142284870148,0.31460726261138916,0.010155994445085526,y
6,0.009859997779130936,0.01049993634223938,85,0.32000000000000073,0.33000000000000074,3267,-28.20143699645996,53.99246597290039,0.23184455931186676,0.32524171471595764,0.01016599778085947,y
6,0.009859997779130936,0.01049993634223938,86,0.33000000000000074,0.34000000000000075,3245,-32.25510787963867,50.58604049682617,0.22443659603595734,0.33389759063720703,0.010144755244255066,y
6,0.009859997779130936,0.01049993634223938,87,0.34000000000000075,0.35000000000000075,814,-38.12812423706055,52.50123977661133,0.21061301231384277,0.34470808506011963,0.010186209343373775,y
6,0.009859997779130936,0.01049993634223938,88,0.35000000000000075,0.36000000000000076,909,-40.90785598754883,56.01647186279297,0.2068147510290146,0.35507622361183167,0.010181926190853119,y
6,0.009859997779130936,0.01049993634223938,89,0.36000000000000076,0.3700000000000008,957,-46.522621154785156,55.95711135864258,0.19247260689735413,0.36514702439308167,0.010146955028176308,y
6,0.009859997779130936,0.01049993634223938,90,0.3700000000000008,0.3800000000000008,932,-54.94709014892578,59.126708984375,0.1656051129102707,0.37496528029441833,0.010162724182009697,y
6,0.009859997779130936,0.01049993634223938,91,0.3800000000000008,0.3900000000000008,1009,-53.14393615722656,61.24363327026367,0.177078977227211,0.38529762625694275,0.010180315934121609,y
6,0.009859997779130936,0.01049993634223938,92,0.3900000000000008,0.4000000000000008,1093,-69.80464935302734,55.00088882446289,0.11453360319137573,0.394357293844223,0.010167572647333145,y
6,0.009859997779130936,0.01049993634223938,93,0.4000000000000008,0.4100000000000008,309,-78.9271240234375,67.71101379394531,0.07979509979486465,0.4044886827468872,0.01015329547226429,y
6,0.009859997779130936,0.01049993634223938,94,0.4100000000000008,0.4200000000000008,324,-77.29496002197266,68.02913665771484,0.08833439648151398,0.41515591740608215,0.0101875439286232,y
6,0.009859997779130936,0.01049993634223938,95,0.4200000000000008,0.4300000000000008,351,-76.89143371582031,63.471336364746094,0.0917656421661377,0.4248625934123993,0.010185252875089645,y
6,0.009859997779130936,0.01049993634223938,96,0.4300000000000008,0.44000000000000083,344,-80.29637908935547,64.19996643066406,0.07806418836116791,0.43509620428085327,0.010204213671386242,y
6,0.009859997779130936,0.01049993634223938,97,0.44000000000000083,0.45000000000000084,368,-74.7822036743164,66.75238037109375,0.10493521392345428,0.4448292851448059,0.010206411592662334,y
6,0.009859997779130936,0.01049993634223938,98,0.45000000000000084,0.46000000000000085,297,-69.92894744873047,74.2867660522461,0.13043934106826782,0.45451831817626953,0.010204488411545753,y
6,0.009859997779130936,0.01049993634223938,99,0.46000000000000085,0.47000000000000086,152,-76.25267028808594,69.28268432617188,0.10370077937841415,0.46426963806152344,0.010199147276580334,y
6,0.009859997779130936,0.01049993634223938,100,0.47000000000000086,0.48000000000000087,78,-90.2955322265625,60.230831146240234,0.03844793140888214,0.4755750298500061,0.010207480750977993,y
6,0.009859997779130936,0.01049993634223938,101,0.48000000000000087,0.4900000000000009,76,-140.58534240722656,27.794002532958984,-0.20971326529979706,0.48491087555885315,0.01019512489438057,y
6,0.009859997779130936,0.01049993634223938,102,0.4900000000000009,0.5000000000000009,78,-149.25270080566406,17.445268630981445,-0.2576139271259308,0.49411725997924805,0.010193612426519394,y
6,0.009859997779130936,0.01049993634223938,103,0.5000000000000009,0.5100000000000009,25,-155.01344299316406,2.8082306385040283,-0.2887151837348938,0.5017463564872742,0.010166146792471409,y
7,0.01049993634223938,0.011299544386565686,0,-inf,-0.52,13,-19.49297523498535,15.274754524230957,-0.4139851927757263,-0.5261615514755249,0.010972242802381516,y
7,0.01049993634223938,0.011299544386565686,1,-0.52,-0.51,11,-23.377962112426758,14.161966323852539,-0.3856775164604187,-0.5159780383110046,0.010846628807485104,y
7,0.01049993634223938,0.011299544386565686,2,-0.51,-0.5,5,-25.40064239501953,12.298507690429688,-0.3650650978088379,-0.5043892860412598,0.010793108493089676,y
7,0.01049993634223938,0.011299544386565686,3,-0.5,-0.49,5,-24.52301788330078,11.919203758239746,-0.3632679581642151,-0.49457329511642456,0.01079595647752285,y
7,0.01049993634223938,0.011299544386565686,4,-0.49,-0.48,16,-98.52735137939453,65.75186157226562,0.041097916662693024,-0.48488134145736694,0.011032394133508205,y
7,0.01049993634223938,0.011299544386565686,5,-0.48,-0.47,25,-66.66584777832031,75.25344848632812,-0.13087834417819977,-0.4743228256702423,0.010891372337937355,y
7,0.01049993634223938,0.011299544386565686,6,-0.47,-0.45999999999999996,30,-72.86459350585938,63.796024322509766,-0.0929974615573883,-0.4644452929496765,0.010906537994742393,y
7,0.01049993634223938,0.011299544386565686,7,-0.45999999999999996,-0.44999999999999996,32,-101.07991790771484,60.40696716308594,0.043880388140678406,-0.45480334758758545,0.010850001126527786,y
7,0.01049993634223938,0.011299544386565686,8,-0.44999999999999996,-0.43999999999999995,36,-98.9447250366211,59.739166259765625,0.0330030582845211,-0.4456159174442291,0.010859272442758083,y
7,0.01049993634223938,0.011299544386565686,9,-0.43999999999999995,-0.42999999999999994,32,-67.38493347167969,61.05567932128906,-0.11647399514913559,-0.4343886375427246,0.010875934734940529,y
7,0.01049993634223938,0.011299544386565686,10,-0.42999999999999994,-0.41999999999999993,42,-85.39684295654297,67.39112091064453,-0.030407272279262543,-0.42466673254966736,0.010935849510133266,y
7,0.01049993634223938,0.011299544386565686,11,-0.41999999999999993,-0.4099999999999999,30,-43.353145599365234,49.90188980102539,-0.2203081250190735,-0.4153551757335663,0.010859692469239235,y
7,0.01049993634223938,0.011299544386565686,12,-0.4099999999999999,-0.3999999999999999,87,-41.75783920288086,56.66796112060547,-0.2204504758119583,-0.40304315090179443,0.01092058140784502,y
7,0.01049993634223938,0.011299544386565686,13,-0.3999999999999999,-0.3899999999999999,853,-51.28587341308594,55.94757843017578,-0.17363478243350983,-0.3940012454986572,0.01089570578187704,y
7,0.01049993634223938,0.011299544386565686,14,-0.3899999999999999,-0.3799999999999999,1013,-52.5937614440918,48.603939056396484,-0.16428014636039734,-0.38507896661758423,0.010901612229645252,y
7,0.01049993634223938,0.011299544386565686,15,-0.3799999999999999,-0.3699999999999999,979,-63.401248931884766,57.52035903930664,-0.11627732962369919,-0.3751678764820099,0.010881541296839714,y
7,0.01049993634223938,0.011299544386565686,16,-0.3699999999999999,-0.3599999999999999,1012,-56.363563537597656,60.60468292236328,-0.14112812280654907,-0.3649369180202484,0.0108723696321249,y
7,0.01049993634223938,0.011299544386565686,17,-0.3599999999999999,-0.34999999999999987,905,-50.56193923950195,60.9141960144043,-0.1599048227071762,-0.3549526035785675,0.010852943174540997,y
7,0.01049993634223938,0.011299544386565686,18,-0.34999999999999987,-0.33999999999999986,820,-51.54713821411133,62.52180862426758,-0.1524890810251236,-0.34496641159057617,0.010852038860321045,y
7,0.01049993634223938,0.011299544386565686,19,-0.33999999999999986,-0.32999999999999985,782,-58.73539352416992,63.4564094543457,-0.12157130241394043,-0.3349262475967407,0.010875504463911057,y
7,0.01049993634223938,0.011299544386565686,20,-0.32999999999999985,-0.31999999999999984,797,-53.98451614379883,64.78507232666016,-0.1342317909002304,-0.32499849796295166,0.0108807273209095,y
7,0.01049993634223938,0.011299544386565686,21,-0.31999999999999984,-0.30999999999999983,745,-57.34632110595703,64.60908508300781,-0.11833418160676956,-0.31507518887519836,0.010907020419836044,y
7,0.01049993634223938,0.011299544386565686,22,-0.30999999999999983,-0.2999999999999998,765,-61.265594482421875,70.0378646850586,-0.10193303227424622,-0.30476343631744385,0.010885976254940033,y
7,0.01049993634223938,0.011299544386565686,23,-0.2999999999999998,-0.2899999999999998,1525,-48.60367965698242,61.792659759521484,-0.13874280452728271,-0.2946120798587799,0.010891595855355263,y
7,0.01049993634223938,0.011299544386565686,24,-0.2899999999999998,-0.2799999999999998,1739,-40.895729064941406,61.7319450378418,-0.1582535356283188,-0.28517869114875793,0.01087129581719637,y
7,0.01049993634223938,0.011299544386565686,25,-0.2799999999999998,-0.2699999999999998,2290,-44.155311584472656,67.31166076660156,-0.1423700451850891,-0.2744596004486084,0.010881717316806316,y
7,0.01049993634223938,0.011299544386565686,26,-0.2699999999999998,-0.2599999999999998,4287,-41.6784553527832,70.76293182373047,-0.14529217779636383,-0.2651726305484772,0.010869071818888187,y
7,0.01049993634223938,0.011299544386565686,27,-0.2599999999999998,-0.24999999999999978,2448,-43.59180450439453,71.14283752441406,-0.13494166731834412,-0.256161093711853,0.01088610291481018,y
7,0.01049993634223938,0.011299544386565686,28,-0.24999999999999978,-0.23999999999999977,1146,-68.88489532470703,88.31212615966797,-0.06184884533286095,-0.24505232274532318,0.01089861337095499,y
7,0.01049993634223938,0.011299544386565686,29,-0.23999999999999977,-0.22999999999999976,1234,-78.83773803710938,94.71141815185547,-0.03353242576122284,-0.2349749207496643,0.010897362604737282,y
7,0.01049993634223938,0.011299544386565686,30,-0.22999999999999976,-0.21999999999999975,1211,-77.41976165771484,98.32549285888672,-0.03567051142454147,-0.22492986917495728,0.010874329134821892,y
7,0.01049993634223938,0.011299544386565686,31,-0.21999999999999975,-0.20999999999999974,1283,-75.50796508789062,102.5848617553711,-0.038318779319524765,-0.21496498584747314,0.010874270461499691,y
7,0.01049993634223938,0.011299544386565686,32,-0.20999999999999974,-0.19999999999999973,1266,-74.45924377441406,106.80028533935547,-0.038839440792798996,-0.20507948100566864,0.010870788246393204,y
7,0.01049993634223938,0.011299544386565686,33,-0.19999999999999973,-0.18999999999999972,1294,-79.42991638183594,111.24288177490234,-0.026053523644804955,-0.1949469894170761,0.010886212810873985,y
7,0.01049993634223938,0.011299544386565686,34,-0.18999999999999972,-0.17999999999999972,1339,-77.88813781738281,116.11656951904297,-0.028132978826761246,-0.18499773740768433,0.010886654257774353,y
7,0.01049993634223938,0.011299544386565686,35,-0.17999999999999972,-0.1699999999999997,1353,-78.83487701416016,120.04715728759766,-0.024823466315865517,-0.1749875694513321,0.010884967632591724,y
7,0.01049993634223938,0.011299544386565686,36,-0.1699999999999997,-0.1599999999999997,1395,-78.48035430908203,126.71935272216797,-0.023756520822644234,-0.16502328217029572,0.010891366750001907,y
7,0.01049993634223938,0.011299544386565686,37,-0.1599999999999997,-0.1499999999999997,1368,-77.17265319824219,133.9887237548828,-0.024729160591959953,-0.155010387301445,0.010884128510951996,y
7,0.01049993634223938,0.011299544386565686,38,-0.1499999999999997,-0.13999999999999968,1317,-78.62596130371094,141.40721130371094,-0.02102050930261612,-0.1450701653957367,0.010870110243558884,y
7,0.01049993634223938,0.011299544386565686,39,-0.13999999999999968,-0.12999999999999967,1204,-74.78582000732422,147.11077880859375,-0.025004738941788673,-0.13497598469257355,0.010876151733100414,y
7,0.01049993634223938,0.011299544386565686,40,-0.12999999999999967,-0.11999999999999966,1286,-75.75982666015625,154.79835510253906,-0.02199324406683445,-0.1250559240579605,0.01086913887411356,y
7,0.01049993634223938,0.011299544386565686,41,-0.11999999999999966,-0.10999999999999965,1261,-77.98089599609375,168.7368927001953,-0.017320793122053146,-0.11503690481185913,0.010854964144527912,y
7,0.01049993634223938,0.011299544386565686,42,-0.10999999999999965,-0.09999999999999964,1326,-77.11196899414062,180.05465698242188,-0.016880696639418602,-0.10503916442394257,0.010840109549462795,y
7,0.01049993634223938,0.011299544386565686,43,-0.09999999999999964,-0.08999999999999964,1335,-73.85969543457031,199.0029296875,-0.01872967556118965,-0.09495396912097931,0.010842188261449337,y
7,0.01049993634223938,0.011299544386565686,44,-0.08999999999999964,-0.07999999999999963,1392,-72.24102020263672,219.82212829589844,-0.01815897226333618,-0.08503466844558716,0.010855562053620815,y
7,0.01049993634223938,0.011299544386565686,45,-0.07999999999999963,-0.06999999999999962,1374,-80.51409149169922,249.9830780029297,-0.009328546933829784,-0.07503384351730347,0.01085725985467434,y
7,0.01049993634223938,0.011299544386565686,46,-0.06999999999999962,-0.05999999999999961,1401,-81.41032409667969,292.53656005859375,-0.007362733129411936,-0.06503390520811081,0.010858587920665741,y
7,0.01049993634223938,0.011299544386565686,47,-0.05999999999999961,-0.0499999999999996,1454,-90.5522232055664,346.43524169921875,-0.0007475048769265413,-0.05500509962439537,0.01085622701793909,y
7,0.01049993634223938,0.011299544386565686,48,-0.0499999999999996,-0.03999999999999959,1506,-103.53987121582031,422.4313659667969,0.0056215329095721245,-0.04495739936828613,0.010863753966987133,y
7,0.01049993634223938,0.011299544386565686,49,-0.03999999999999959,-0.029999999999999583,1522,-109.73135375976562,532.7479858398438,0.0067939055152237415,-0.03496148809790611,0.010867270641028881,y
7,0.01049993634223938,0.011299544386565686,50,-0.029999999999999583,-0.019999999999999574,1464,-96.34722900390625,744.491455078125,0.002148305531591177,-0.025006039068102837,0.010871785692870617,y
7,0.01049993634223938,0.011299544386565686,51,-0.019999999999999574,-0.009999999999999565,1416,-123.66724395751953,1284.567138671875,0.0051003722473979,-0.014891711063683033,0.010885398834943771,y
7,0.01049993634223938,0.011299544386565686,52,-0.009999999999999565,4.440892098500626e-16,1240,-237.530517578125,5789.44970703125,0.005193843971937895,-0.005480267573148012,0.010876098647713661,y
7,0.01049993634223938,0.011299544386565686,53,4.440892098500626e-16,0.010000000000000453,1239,143.5701904296875,5935.10986328125,0.00781012699007988,0.00545941898599267,0.010872895829379559,y
7,0.01049993634223938,0.011299544386565686,54,0.010000000000000453,0.020000000000000462,1383,-47.35325622558594,1246.097900390625,0.007287227548658848,0.014992579817771912,0.010877832770347595,y
7,0.01049993634223938,0.011299544386565686,55,0.020000000000000462,0.03000000000000047,1457,-78.12010192871094,718.71923828125,0.004239416215568781,0.025048930197954178,0.010895895771682262,y
7,0.01049993634223938,0.011299544386565686,56,0.03000000000000047,0.04000000000000048,1446,-65.96941375732422,505.7304992675781,0.010375501587986946,0.034968212246894836,0.010892496444284916,y
7,0.01049993634223938,0.011299544386565686,57,0.04000000000000048,0.05000000000000049,1464,-60.771392822265625,380.6833801269531,0.015541660599410534,0.0450248196721077,0.010883725248277187,y
7,0.01049993634223938,0.011299544386565686,58,0.05000000000000049,0.0600000000000005,1506,-63.750877380371094,308.2581787109375,0.01719416305422783,0.05497944355010986,0.010864577256143093,y
7,0.01049993634223938,0.011299544386565686,59,0.0600000000000005,0.0700000000000005,1578,-69.73223876953125,262.8976135253906,0.01582232117652893,0.06502578407526016,0.010866209864616394,y
7,0.01049993634223938,0.011299544386565686,60,0.0700000000000005,0.08000000000000052,1584,-60.34623718261719,235.6916046142578,0.025831328704953194,0.07502074539661407,0.010882277972996235,y
7,0.01049993634223938,0.011299544386565686,61,0.08000000000000052,0.09000000000000052,1579,-50.36833953857422,212.52804565429688,0.03838096931576729,0.08494707942008972,0.010895178653299809,y
7,0.01049993634223938,0.011299544386565686,62,0.09000000000000052,0.10000000000000053,1557,-43.58668899536133,189.42416381835938,0.05007303133606911,0.094991035759449,0.010893972590565681,y
7,0.01049993634223938,0.011299544386565686,63,0.10000000000000053,0.11000000000000054,1475,-61.70560836791992,180.65208435058594,0.03449419513344765,0.10497448593378067,0.010893447324633598,y
7,0.01049993634223938,0.011299544386565686,64,0.11000000000000054,0.12000000000000055,1406,-67.3509292602539,179.35826110839844,0.031184328719973564,0.1149546355009079,0.010881372727453709,y
7,0.01049993634223938,0.011299544386565686,65,0.12000000000000055,0.13000000000000056,1371,-67.70796966552734,167.33900451660156,0.03319131210446358,0.12496571242809296,0.010876834392547607,y
7,0.01049993634223938,0.011299544386565686,66,0.13000000000000056,0.14000000000000057,1340,-57.34116744995117,149.21929931640625,0.05090503394603729,0.1349634826183319,0.010865336284041405,y
7,0.01049993634223938,0.011299544386565686,67,0.14000000000000057,0.15000000000000058,1294,-61.308467864990234,141.346435546875,0.04856230691075325,0.14497940242290497,0.010872927494347095,y
7,0.01049993634223938,0.011299544386565686,68,0.15000000000000058,0.1600000000000006,1314,-59.49209213256836,128.48829650878906,0.054847922176122665,0.15504255890846252,0.010885924100875854,y
7,0.01049993634223938,0.011299544386565686,69,0.1600000000000006,0.1700000000000006,1289,-59.681026458740234,123.50364685058594,0.0581296868622303,0.16504539549350739,0.010890475474298,y
7,0.01049993634223938,0.011299544386565686,70,0.1700000000000006,0.1800000000000006,1319,-52.28534698486328,110.11425018310547,0.07548562437295914,0.1750117689371109,0.010897676460444927,y
7,0.01049993634223938,0.011299544386565686,71,0.1800000000000006,0.1900000000000006,1345,-52.783485412597656,102.85841369628906,0.07883565127849579,0.1849975287914276,0.010902831330895424,y
7,0.01049993634223938,0.011299544386565686,72,0.1900000000000006,0.20000000000000062,1385,-59.90287780761719,102.19679260253906,0.06735850125551224,0.19494591653347015,0.010920480825006962,y
7,0.01049993634223938,0.011299544386565686,73,0.20000000000000062,0.21000000000000063,1320,-65.30709075927734,96.19779968261719,0.05898185074329376,0.2049834281206131,0.010929940268397331,y
7,0.01049993634223938,0.011299544386565686,74,0.21000000000000063,0.22000000000000064,1288,-63.667945861816406,90.232421875,0.06569177657365799,0.21501000225543976,0.010913691483438015,y
7,0.01049993634223938,0.011299544386565686,75,0.22000000000000064,0.23000000000000065,1316,-67.3093032836914,88.27117919921875,0.060844067484140396,0.2250843495130539,0.010865743272006512,y
7,0.01049993634223938,0.011299544386565686,76,0.23000000000000065,0.24000000000000066,1352,-61.41878890991211,87.19375610351562,0.07879450917243958,0.23506905138492584,0.010851096361875534,y
7,0.01049993634223938,0.011299544386565686,77,0.24000000000000066,0.25000000000000067,1358,-57.050601959228516,85.70066833496094,0.09318412095308304,0.2450231909751892,0.0108702527359128,y
7,0.01049993634223938,0.011299544386565686,78,0.25000000000000067,0.2600000000000007,1459,-56.374691009521484,83.6986083984375,0.09831102937459946,0.2550092935562134,0.010892609134316444,y
7,0.01049993634223938,0.011299544386565686,79,0.2600000000000007,0.2700000000000007,1524,-62.7994499206543,82.31444549560547,0.08400256931781769,0.26507991552352905,0.010877354070544243,y
7,0.01049993634223938,0.011299544386565686,80,0.2700000000000007,0.2800000000000007,1550,-58.219032287597656,80.37459564208984,0.10017762333154678,0.27486732602119446,0.010890493169426918,y
7,0.01049993634223938,0.011299544386565686,81,0.2800000000000007,0.2900000000000007,1354,-52.17027282714844,74.27790832519531,0.12320411950349808,0.28491970896720886,0.01087083388119936,y
7,0.01049993634223938,0.011299544386565686,82,0.2900000000000007,0.3000000000000007,1302,-52.76462173461914,71.23567199707031,0.1252817064523697,0.2949489951133728,0.01089558657258749,y
7,0.01049993634223938,0.011299544386565686,83,0.3000000000000007,0.3100000000000007,3681,-31.335493087768555,60.382633209228516,0.201898992061615,0.3062627613544464,0.01089329645037651,y
7,0.01049993634223938,0.011299544386565686,84,0.3100000000000007,0.32000000000000073,6520,-32.547691345214844,56.37601852416992,0.2030160129070282,0.3146294057369232,0.010890965349972248,y
7,0.01049993634223938,0.011299544386565686,85,0.32000000000000073,0.33000000000000074,3012,-39.03489685058594,59.1881103515625,0.18650253117084503,0.32512393593788147,0.010872715152800083,y
7,0.01049993634223938,0.011299544386565686,86,0.33000000000000074,0.34000000000000075,2904,-46.22370147705078,58.57698059082031,0.16535498201847076,0.33413100242614746,0.010898256674408913,y
7,0.01049993634223938,0.011299544386565686,87,0.34000000000000075,0.35000000000000075,975,-55.636226654052734,66.01544952392578,0.134243443608284,0.3445756733417511,0.010921964421868324,y
7,0.01049993634223938,0.011299544386565686,88,0.35000000000000075,0.36000000000000076,842,-58.793312072753906,65.79643249511719,0.12625011801719666,0.35490211844444275,0.010884210467338562,y
7,0.01049993634223938,0.011299544386565686,89,0.36000000000000076,0.3700000000000008,846,-60.623374938964844,64.05651092529297,0.12281344830989838,0.36495575308799744,0.010903236456215382,y
7,0.01049993634223938,0.011299544386565686,90,0.3700000000000008,0.3800000000000008,1023,-63.77168273925781,61.82505798339844,0.11435633897781372,0.37527772784233093,0.01088960375636816,y
7,0.01049993634223938,0.011299544386565686,91,0.3800000000000008,0.3900000000000008,1437,-56.02919387817383,55.986602783203125,0.1498769074678421,0.38519829511642456,0.010900694876909256,y
7,0.01049993634223938,0.011299544386565686,92,0.3900000000000008,0.4000000000000008,1314,-58.346195220947266,55.948394775390625,0.1430789977312088,0.3945402204990387,0.01090887188911438,y
7,0.01049993634223938,0.011299544386565686,93,0.4000000000000008,0.4100000000000008,552,-69.22388458251953,62.18410873413086,0.09867501258850098,0.40437570214271545,0.010922694578766823,y
7,0.01049993634223938,0.011299544386565686,94,0.4100000000000008,0.4200000000000008,446,-80.37992095947266,64.7884292602539,0.05221172794699669,0.41502052545547485,0.0108906589448452,y
7,0.01049993634223938,0.011299544386565686,95,0.4200000000000008,0.4300000000000008,457,-87.33795166015625,63.64155960083008,0.021118365228176117,0.42524442076683044,0.010888352990150452,y
7,0.01049993634223938,0.011299544386565686,96,0.4300000000000008,0.44000000000000083,452,-81.06915283203125,60.53412628173828,0.051234401762485504,0.43481412529945374,0.010877495631575584,y
7,0.01049993634223938,0.011299544386565686,97,0.44000000000000083,0.45000000000000084,475,-75.24469757080078,58.9162483215332,0.07987667620182037,0.44499528408050537,0.010914726182818413,y
7,0.01049993634223938,0.011299544386565686,98,0.45000000000000084,0.46000000000000085,520,-66.7378158569336,60.27954864501953,0.12470167875289917,0.45515644550323486,0.010882047936320305,y
7,0.01049993634223938,0.011299544386565686,99,0.46000000000000085,0.47000000000000086,386,-59.829891204833984,58.96744918823242,0.16128095984458923,0.46435078978538513,0.010924126952886581,y
7,0.01049993634223938,0.011299544386565686,100,0.47000000000000086,0.48000000000000087,161,-68.15493774414062,56.24119567871094,0.12203344702720642,0.4744656980037689,0.010918761603534222,y
7,0.01049993634223938,0.011299544386565686,101,0.48000000000000087,0.4900000000000009,100,-118.27859497070312,42.56511688232422,-0.14033247530460358,0.48444801568984985,0.010913359001278877,y
7,0.01049993634223938,0.011299544386565686,102,0.4900000000000009,0.5000000000000009,83,-140.85865783691406,16.731712341308594,-0.2640458643436432,0.49490976333618164,0.010891309008002281,y
7,0.01049993634223938,0.011299544386565686,103,0.5000000000000009,0.5100000000000009,24,-146.4080047607422,3.0162081718444824,-0.29451093077659607,0.5011593699455261,0.010848094709217548,y
8,0.011299544386565686,0.012280747294425964,0,-inf,-0.52,44,-66.88595581054688,60.16424560546875,-0.11633282154798508,-0.5303654074668884,0.011786818504333496,y
8,0.011299544386565686,0.012280747294425964,1,-0.52,-0.51,20,-103.2468032836914,52.55384063720703,0.10346893221139908,-0.514255940914154,0.011684911325573921,y
8,0.011299544386565686,0.012280747294425964,2,-0.51,-0.5,20,-96.66482543945312,56.103397369384766,0.06739570200443268,-0.50382399559021,0.01174105890095234,y
8,0.011299544386565686,0.012280747294425964,3,-0.5,-0.49,17,-63.99787521362305,64.09107208251953,-0.1255389004945755,-0.4947984218597412,0.011783219873905182,y
8,0.011299544386565686,0.012280747294425964,4,-0.49,-0.48,28,-49.93722915649414,63.95674514770508,-0.19777414202690125,-0.48544150590896606,0.011870148591697216,y
8,0.011299544386565686,0.012280747294425964,5,-0.48,-0.47,31,-78.52507019042969,52.82582092285156,-0.030161099508404732,-0.4750032424926758,0.011871833354234695,y
8,0.011299544386565686,0.012280747294425964,6,-0.47,-0.45999999999999996,33,-82.6993179321289,50.314884185791016,-0.013354197144508362,-0.4645155072212219,0.011779284104704857,y
8,0.011299544386565686,0.012280747294425964,7,-0.45999999999999996,-0.44999999999999996,32,-82.01753997802734,59.00876235961914,-0.014655417762696743,-0.45443853735923767,0.011805793270468712,y
8,0.011299544386565686,0.012280747294425964,8,-0.44999999999999996,-0.43999999999999995,41,-56.140987396240234,54.445152282714844,-0.1498621106147766,-0.4450881779193878,0.011817517690360546,y
8,0.011299544386565686,0.012280747294425964,9,-0.43999999999999995,-0.42999999999999994,54,-49.352176666259766,52.27488708496094,-0.18315710127353668,-0.434853196144104,0.011710081249475479,y
8,0.011299544386565686,0.012280747294425964,10,-0.42999999999999994,-0.41999999999999993,55,-47.89854431152344,53.81809616088867,-0.18362286686897278,-0.42437636852264404,0.011831125244498253,y
8,0.011299544386565686,0.012280747294425964,11,-0.41999999999999993,-0.4099999999999999,52,-45.69292449951172,51.728919982910156,-0.19099679589271545,-0.4147241711616516,0.011834418401122093,y
8,0.011299544386565686,0.012280747294425964,12,-0.4099999999999999,-0.3999999999999999,102,-38.924713134765625,49.972225189208984,-0.2185661345720291,-0.403727650642395,0.011767140589654446,y
8,0.011299544386565686,0.012280747294425964,13,-0.3999999999999999,-0.3899999999999999,1047,-48.99292755126953,49.89533615112305,-0.16614864766597748,-0.3939012587070465,0.011785391718149185,y
8,0.011299544386565686,0.012280747294425964,14,-0.3899999999999999,-0.3799999999999999,1269,-63.59038162231445,51.04410934448242,-0.09674550592899323,-0.38555797934532166,0.01179185789078474,y
8,0.011299544386565686,0.012280747294425964,15,-0.3799999999999999,-0.3699999999999999,902,-71.96043395996094,58.80593490600586,-0.05705961585044861,-0.37492474913597107,0.011776214465498924,y
8,0.011299544386565686,0.012280747294425964,16,-0.3699999999999999,-0.3599999999999999,938,-60.251373291015625,56.48078536987305,-0.10757099837064743,-0.36543115973472595,0.011721529997885227,y
8,0.011299544386565686,0.012280747294425964,17,-0.3599999999999999,-0.34999999999999987,641,-74.05494689941406,62.067378997802734,-0.046855777502059937,-0.3548160791397095,0.011760069988667965,y
8,0.011299544386565686,0.012280747294425964,18,-0.34999999999999987,-0.33999999999999986,743,-58.750274658203125,60.167442321777344,-0.10718867927789688,-0.3449360430240631,0.011753566563129425,y
8,0.011299544386565686,0.012280747294425964,19,-0.33999999999999986,-0.32999999999999985,812,-53.115753173828125,61.291080474853516,-0.1261536329984665,-0.3348578214645386,0.011736612766981125,y
8,0.011299544386565686,0.012280747294425964,20,-0.32999999999999985,-0.31999999999999984,805,-53.71318817138672,61.58523941040039,-0.11970165371894836,-0.3249147832393646,0.011763942427933216,y
8,0.011299544386565686,0.012280747294425964,21,-0.31999999999999984,-0.30999999999999983,817,-49.883514404296875,60.66232681274414,-0.1302981823682785,-0.31485515832901,0.011757368221879005,y
8,0.011299544386565686,0.012280747294425964,22,-0.30999999999999983,-0.2999999999999998,924,-52.57030487060547,58.834197998046875,-0.11636117845773697,-0.30469462275505066,0.011770345270633698,y
8,0.011299544386565686,0.012280747294425964,23,-0.2999999999999998,-0.2899999999999998,1561,-42.184391021728516,55.68282699584961,-0.14796847105026245,-0.29460740089416504,0.011810561642050743,y
8,0.011299544386565686,0.012280747294425964,24,-0.2899999999999998,-0.2799999999999998,1783,-42.207183837890625,57.84269332885742,-0.14326906204223633,-0.2848905026912689,0.011807925067842007,y
8,0.011299544386565686,0.012280747294425964,25,-0.2799999999999998,-0.2699999999999998,2068,-44.18770980834961,62.29881286621094,-0.13202311098575592,-0.2748539447784424,0.011785621754825115,y
8,0.011299544386565686,0.012280747294425964,26,-0.2699999999999998,-0.2599999999999998,3689,-34.5669059753418,60.519954681396484,-0.15716026723384857,-0.26512303948402405,0.011778546497225761,y
8,0.011299544386565686,0.012280747294425964,27,-0.2599999999999998,-0.24999999999999978,1719,-53.02358627319336,69.32560729980469,-0.0965871587395668,-0.25577211380004883,0.011744294315576553,y
8,0.011299544386565686,0.012280747294425964,28,-0.24999999999999978,-0.23999999999999977,1079,-65.7176513671875,83.9691390991211,-0.05572444200515747,-0.24497641623020172,0.01175980269908905,y
8,0.011299544386565686,0.012280747294425964,29,-0.23999999999999977,-0.22999999999999976,1064,-59.39484786987305,87.97566223144531,-0.06984580308198929,-0.23509138822555542,0.011761144734919071,y
8,0.011299544386565686,0.012280747294425964,30,-0.22999999999999976,-0.21999999999999975,1126,-63.54082489013672,96.10784149169922,-0.05613044649362564,-0.2251213639974594,0.011749442666769028,y
8,0.011299544386565686,0.012280747294425964,31,-0.21999999999999975,-0.20999999999999974,1153,-71.42035675048828,101.12183380126953,-0.03312627598643303,-0.21494461596012115,0.011782430112361908,y
8,0.011299544386565686,0.012280747294425964,32,-0.20999999999999974,-0.19999999999999973,1264,-73.0773696899414,104.59922790527344,-0.02844754420220852,-0.20493417978286743,0.011790313757956028,y
8,0.011299544386565686,0.012280747294425964,33,-0.19999999999999973,-0.18999999999999972,1325,-73.97088623046875,107.134033203125,-0.025376610457897186,-0.19501496851444244,0.01177856046706438,y
8,0.011299544386565686,0.012280747294425964,34,-0.18999999999999972,-0.17999999999999972,1233,-69.1002197265625,112.4815673828125,-0.03462565317749977,-0.1850069761276245,0.01179502997547388,y
8,0.011299544386565686,0.012280747294425964,35,-0.17999999999999972,-0.1699999999999997,1185,-65.0595474243164,118.39987182617188,-0.041488658636808395,-0.17499341070652008,0.011784941889345646,y
8,0.011299544386565686,0.012280747294425964,36,-0.1699999999999997,-0.1599999999999997,1121,-65.75606536865234,122.74949645996094,-0.037524331361055374,-0.16501714289188385,0.011778855696320534,y
8,0.011299544386565686,0.012280747294425964,37,-0.1599999999999997,-0.1499999999999997,1116,-70.86896514892578,127.81301879882812,-0.026279266923666,-0.15502981841564178,0.011782157234847546,y
8,0.011299544386565686,0.012280747294425964,38,-0.1499999999999997,-0.13999999999999968,1100,-77.8047866821289,134.4230499267578,-0.012638206593692303,-0.14501415193080902,0.011778352782130241,y
8,0.011299544386565686,0.012280747294425964,39,-0.13999999999999968,-0.12999999999999967,1130,-85.51356506347656,143.28944396972656,0.0004923195810988545,-0.13501617312431335,0.01177007146179676,y
8,0.011299544386565686,0.012280747294425964,40,-0.12999999999999967,-0.11999999999999966,1128,-90.11717224121094,152.71241760253906,0.007023214362561703,-0.12499932199716568,0.011771246790885925,y
8,0.011299544386565686,0.012280747294425964,41,-0.11999999999999966,-0.10999999999999965,1178,-91.4842758178711,165.9059600830078,0.0085517056286335,-0.11503954976797104,0.011765049770474434,y
8,0.011299544386565686,0.012280747294425964,42,-0.10999999999999965,-0.09999999999999964,1156,-99.61863708496094,182.84523010253906,0.01757843978703022,-0.1049603745341301,0.011741334572434425,y
8,0.011299544386565686,0.012280747294425964,43,-0.09999999999999964,-0.08999999999999964,1198,-110.17398834228516,200.02903747558594,0.027595888823270798,-0.09489543735980988,0.011760608293116093,y
8,0.011299544386565686,0.012280747294425964,44,-0.08999999999999964,-0.07999999999999963,1199,-106.55728912353516,222.24365234375,0.021021205931901932,-0.08496178686618805,0.011758350767195225,y
8,0.011299544386565686,0.012280747294425964,45,-0.07999999999999963,-0.06999999999999962,1297,-114.24879455566406,246.88780212402344,0.025385748594999313,-0.0749768391251564,0.011740564368665218,y
8,0.011299544386565686,0.012280747294425964,46,-0.06999999999999962,-0.05999999999999961,1286,-119.43064880371094,280.3987731933594,0.02558695711195469,-0.06491918116807938,0.011743099428713322,y
8,0.011299544386565686,0.012280747294425964,47,-0.05999999999999961,-0.0499999999999996,1273,-116.80937957763672,335.22796630859375,0.02020234987139702,-0.05496266856789589,0.011756615713238716,y
8,0.011299544386565686,0.012280747294425964,48,-0.0499999999999996,-0.03999999999999959,1290,-128.42124938964844,406.324462890625,0.022182006388902664,-0.04493539780378342,0.011764481663703918,y
8,0.011299544386565686,0.012280747294425964,49,-0.03999999999999959,-0.029999999999999583,1321,-140.8311004638672,536.7467651367188,0.02221764624118805,-0.03491613641381264,0.0117517514154315,y
8,0.011299544386565686,0.012280747294425964,50,-0.029999999999999583,-0.019999999999999574,1443,-202.6182861328125,767.9553833007812,0.03370687738060951,-0.024922721087932587,0.011769885197281837,y
8,0.011299544386565686,0.012280747294425964,51,-0.019999999999999574,-0.009999999999999565,1523,-320.8194274902344,1339.418212890625,0.03884781897068024,-0.015011412091553211,0.011787552386522293,y
8,0.011299544386565686,0.012280747294425964,52,-0.009999999999999565,4.440892098500626e-16,1383,-948.5686645507812,5822.365234375,0.03865751251578331,-0.005556013435125351,0.011792715638875961,y
8,0.011299544386565686,0.012280747294425964,53,4.440892098500626e-16,0.010000000000000453,1373,970.4153442382812,5989.11767578125,0.04927535355091095,0.005499386694282293,0.011789401061832905,y
8,0.011299544386565686,0.012280747294425964,54,0.010000000000000453,0.020000000000000462,1497,220.42384338378906,1307.1212158203125,0.052331335842609406,0.014950505457818508,0.011791844852268696,y
8,0.011299544386565686,0.012280747294425964,55,0.020000000000000462,0.03000000000000047,1349,82.51453399658203,744.8109130859375,0.04933791980147362,0.024942107498645782,0.011786030605435371,y
8,0.011299544386565686,0.012280747294425964,56,0.03000000000000047,0.04000000000000048,1385,-4.6989030838012695,518.5234985351562,0.033925577998161316,0.035072457045316696,0.011774265207350254,y
8,0.011299544386565686,0.012280747294425964,57,0.04000000000000048,0.05000000000000049,1346,-29.407608032226562,401.3628234863281,0.02985215373337269,0.04504109546542168,0.011758828535676003,y
8,0.011299544386565686,0.012280747294425964,58,0.05000000000000049,0.0600000000000005,1399,-41.51254653930664,329.1687316894531,0.028473395854234695,0.05503404513001442,0.011741766706109047,y
8,0.011299544386565686,0.012280747294425964,59,0.0600000000000005,0.0700000000000005,1431,-44.58661651611328,273.9738464355469,0.030872661620378494,0.06508679687976837,0.011759178712964058,y
8,0.011299544386565686,0.012280747294425964,60,0.0700000000000005,0.08000000000000052,1445,-40.22834777832031,239.1251983642578,0.0394548736512661,0.07500225305557251,0.01178674679249525,y
8,0.011299544386565686,0.012280747294425964,61,0.08000000000000052,0.09000000000000052,1563,-42.36970520019531,202.34788513183594,0.042691465467214584,0.08507087081670761,0.011804867535829544,y
8,0.011299544386565686,0.012280747294425964,62,0.09000000000000052,0.10000000000000053,1543,-38.62837600708008,182.36268615722656,0.05206258222460747,0.09498670697212219,0.011793733574450016,y
8,0.011299544386565686,0.012280747294425964,63,0.10000000000000053,0.11000000000000054,1580,-39.481903076171875,164.33103942871094,0.05615696310997009,0.10505074262619019,0.011777964420616627,y
8,0.011299544386565686,0.012280747294425964,64,0.11000000000000054,0.12000000000000055,1612,-40.22752380371094,151.09268188476562,0.06090317666530609,0.11504454165697098,0.011787558905780315,y
8,0.011299544386565686,0.012280747294425964,65,0.12000000000000055,0.13000000000000056,1627,-42.70967102050781,139.06735229492188,0.06198953464627266,0.12493150681257248,0.011792238801717758,y
8,0.011299544386565686,0.012280747294425964,66,0.13000000000000056,0.14000000000000057,1559,-43.423248291015625,130.87261962890625,0.06586286425590515,0.13500827550888062,0.011785202659666538,y
8,0.011299544386565686,0.012280747294425964,67,0.14000000000000057,0.15000000000000058,1485,-43.957942962646484,121.93207550048828,0.0699765607714653,0.14502647519111633,0.011794188991189003,y
8,0.011299544386565686,0.012280747294425964,68,0.15000000000000058,0.1600000000000006,1473,-40.592281341552734,115.69108581542969,0.0808916762471199,0.15500454604625702,0.01180682610720396,y
8,0.011299544386565686,0.012280747294425964,69,0.1600000000000006,0.1700000000000006,1492,-40.812904357910156,108.67495727539062,0.08574146777391434,0.16504375636577606,0.01178835704922676,y
8,0.011299544386565686,0.012280747294425964,70,0.1700000000000006,0.1800000000000006,1556,-38.24668884277344,103.97627258300781,0.09651809930801392,0.17509378492832184,0.011763602495193481,y
8,0.011299544386565686,0.012280747294425964,71,0.1800000000000006,0.1900000000000006,1525,-49.92890548706055,102.48690032958984,0.07572613656520844,0.18489417433738708,0.011757006868720055,y
8,0.011299544386565686,0.012280747294425964,72,0.1900000000000006,0.20000000000000062,1516,-56.80644989013672,97.98609161376953,0.06412318348884583,0.1950032114982605,0.011771072633564472,y
8,0.011299544386565686,0.012280747294425964,73,0.20000000000000062,0.21000000000000063,1470,-57.68641662597656,93.23843383789062,0.06519995629787445,0.20492491126060486,0.011792870238423347,y
8,0.011299544386565686,0.012280747294425964,74,0.21000000000000063,0.22000000000000064,1428,-67.21367645263672,89.2596435546875,0.04437646269798279,0.2149779200553894,0.011791379190981388,y
8,0.011299544386565686,0.012280747294425964,75,0.22000000000000064,0.23000000000000065,1419,-73.2856674194336,87.65324401855469,0.03080296516418457,0.22497382760047913,0.011790215969085693,y
8,0.011299544386565686,0.012280747294425964,76,0.23000000000000065,0.24000000000000066,1458,-66.70967102050781,88.93824768066406,0.0506708063185215,0.23496480286121368,0.011795208789408207,y
8,0.011299544386565686,0.012280747294425964,77,0.24000000000000066,0.25000000000000067,1437,-60.26047134399414,88.35641479492188,0.07166360318660736,0.2451104372739792,0.011780312284827232,y
8,0.011299544386565686,0.012280747294425964,78,0.25000000000000067,0.2600000000000007,1375,-59.93122863769531,85.08985137939453,0.07524444907903671,0.2550085783004761,0.011768177151679993,y
8,0.011299544386565686,0.012280747294425964,79,0.2600000000000007,0.2700000000000007,1275,-67.97900390625,80.50193786621094,0.05312062427401543,0.2650919556617737,0.011753995902836323,y
8,0.011299544386565686,0.012280747294425964,80,0.2700000000000007,0.2800000000000007,1431,-74.9000473022461,74.858154296875,0.032683536410331726,0.27527108788490295,0.011761483736336231,y
8,0.011299544386565686,0.012280747294425964,81,0.2800000000000007,0.2900000000000007,1400,-75.58312225341797,74.64305877685547,0.030370963737368584,0.2848006784915924,0.011787478812038898,y
8,0.011299544386565686,0.012280747294425964,82,0.2900000000000007,0.3000000000000007,1296,-58.67037582397461,73.5674819946289,0.09014660865068436,0.2951014041900635,0.011803969740867615,y
8,0.011299544386565686,0.012280747294425964,83,0.3000000000000007,0.3100000000000007,3351,-35.17659378051758,61.1823616027832,0.17918284237384796,0.306206077337265,0.01176595501601696,y
8,0.011299544386565686,0.012280747294425964,84,0.3100000000000007,0.32000000000000073,5752,-28.314542770385742,54.3223876953125,0.20949091017246246,0.3144714832305908,0.011765917763113976,y
8,0.011299544386565686,0.012280747294425964,85,0.32000000000000073,0.33000000000000074,3305,-43.10741424560547,57.053428649902344,0.16008281707763672,0.32510778307914734,0.011776897124946117,y
8,0.011299544386565686,0.012280747294425964,86,0.33000000000000074,0.34000000000000075,2852,-52.90092849731445,59.79218292236328,0.12630370259284973,0.3339065611362457,0.011741366237401962,y
8,0.011299544386565686,0.012280747294425964,87,0.34000000000000075,0.35000000000000075,1254,-70.2315902709961,62.70237731933594,0.06025466322898865,0.34494832158088684,0.011748472228646278,y
8,0.011299544386565686,0.012280747294425964,88,0.35000000000000075,0.36000000000000076,1285,-77.50843811035156,60.69419479370117,0.03122800774872303,0.3551017642021179,0.011771987192332745,y
8,0.011299544386565686,0.012280747294425964,89,0.36000000000000076,0.3700000000000008,1272,-67.142822265625,57.566349029541016,0.07632061094045639,0.36493346095085144,0.011817160993814468,y
8,0.011299544386565686,0.012280747294425964,90,0.3700000000000008,0.3800000000000008,1218,-67.5037612915039,55.03300857543945,0.07649289816617966,0.3750879466533661,0.011809145100414753,y
8,0.011299544386565686,0.012280747294425964,91,0.3800000000000008,0.3900000000000008,1756,-56.699466705322266,52.93268585205078,0.12819147109985352,0.38542741537094116,0.01179751567542553,y
8,0.011299544386565686,0.012280747294425964,92,0.3900000000000008,0.4000000000000008,1885,-55.71319580078125,51.86527633666992,0.13563700020313263,0.39442169666290283,0.011785385198891163,y
8,0.011299544386565686,0.012280747294425964,93,0.4000000000000008,0.4100000000000008,765,-65.53394317626953,54.47999954223633,0.09230037778615952,0.40459853410720825,0.011798192746937275,y
8,0.011299544386565686,0.012280747294425964,94,0.4100000000000008,0.4200000000000008,674,-63.06006622314453,57.49593734741211,0.10620709508657455,0.41509488224983215,0.011809105984866619,y
8,0.011299544386565686,0.012280747294425964,95,0.4200000000000008,0.4300000000000008,661,-66.8655014038086,55.73521041870117,0.09033181518316269,0.42489731311798096,0.011789362877607346,y
8,0.011299544386565686,0.012280747294425964,96,0.4300000000000008,0.44000000000000083,554,-77.31389617919922,53.64934539794922,0.038367293775081635,0.4348405599594116,0.01178840920329094,y
8,0.011299544386565686,0.012280747294425964,97,0.44000000000000083,0.45000000000000084,446,-80.21226501464844,54.952056884765625,0.023774975910782814,0.44491735100746155,0.01179638970643282,y
8,0.011299544386565686,0.012280747294425964,98,0.45000000000000084,0.46000000000000085,456,-78.2649917602539,55.97692108154297,0.03565984591841698,0.4550747871398926,0.011785603128373623,y
8,0.011299544386565686,0.012280747294425964,99,0.46000000000000085,0.47000000000000086,519,-55.84967041015625,55.634986877441406,0.15870530903339386,0.4648435115814209,0.011790968477725983,y
8,0.011299544386565686,0.012280747294425964,100,0.47000000000000086,0.48000000000000087,262,-55.30876541137695,52.195716857910156,0.16449947655200958,0.47423645853996277,0.011812365613877773,y
8,0.011299544386565686,0.012280747294425964,101,0.48000000000000087,0.4900000000000009,144,-88.84014129638672,53.07219696044922,-0.02394619956612587,0.4843585193157196,0.011812018230557442,y
8,0.011299544386565686,0.012280747294425964,102,0.4900000000000009,0.5000000000000009,82,-128.33409118652344,28.845680236816406,-0.25004085898399353,0.49546706676483154,0.011747733689844608,y
8,0.011299544386565686,0.012280747294425964,103,0.5000000000000009,0.5100000000000009,18,-137.73069763183594,2.821765184402466,-0.2988964319229126,0.5006560683250427,0.011600078083574772,y
9,0.012280747294425964,0.01339798979461193,0,-inf,-0.52,57,-66.76145935058594,53.597251892089844,-0.07729362696409225,-0.5390396118164062,0.01282765157520771,y
9,0.012280747294425964,0.01339798979461193,1,-0.52,-0.51,11,-62.84132385253906,54.55479431152344,-0.09946773201227188,-0.5152207612991333,0.012833241373300552,y
9,0.012280747294425964,0.01339798979461193,2,-0.51,-0.5,34,-45.746253967285156,51.679683685302734,-0.20279639959335327,-0.5043632388114929,0.013046976178884506,y
9,0.012280747294425964,0.01339798979461193,3,-0.5,-0.49,48,-50.61781692504883,51.81007385253906,-0.17118234932422638,-0.4944893419742584,0.012847921811044216,y
9,0.012280747294425964,0.01339798979461193,4,-0.49,-0.48,30,-55.6314811706543,49.91536331176758,-0.1416444480419159,-0.48543834686279297,0.012851608917117119,y
9,0.012280747294425964,0.01339798979461193,5,-0.48,-0.47,45,-55.68688201904297,47.75880813598633,-0.1368105709552765,-0.47552648186683655,0.012871130369603634,y
9,0.012280747294425964,0.01339798979461193,6,-0.47,-0.45999999999999996,49,-63.99602508544922,52.056453704833984,-0.08203382790088654,-0.4642239809036255,0.01287346426397562,y
9,0.012280747294425964,0.01339798979461193,7,-0.45999999999999996,-0.44999999999999996,53,-58.416175842285156,53.23023223876953,-0.11173179745674133,-0.4549279808998108,0.01288750022649765,y
9,0.012280747294425964,0.01339798979461193,8,-0.44999999999999996,-0.43999999999999995,66,-63.74317169189453,53.6317024230957,-0.07826162129640579,-0.4446547329425812,0.012860393151640892,y
9,0.012280747294425964,0.01339798979461193,9,-0.43999999999999995,-0.42999999999999994,62,-58.31062698364258,50.50369644165039,-0.1053863912820816,-0.43462496995925903,0.012852801010012627,y
9,0.012280747294425964,0.01339798979461193,10,-0.42999999999999994,-0.41999999999999993,64,-61.31978988647461,52.73957824707031,-0.09010384976863861,-0.42462438344955444,0.01283487118780613,y
9,0.012280747294425964,0.01339798979461193,11,-0.41999999999999993,-0.4099999999999999,73,-51.05863952636719,52.30644989013672,-0.14313119649887085,-0.4150294065475464,0.012773492373526096,y
9,0.012280747294425964,0.01339798979461193,12,-0.4099999999999999,-0.3999999999999999,76,-45.159881591796875,51.74992370605469,-0.17118501663208008,-0.40420836210250854,0.01276280079036951,y
9,0.012280747294425964,0.01339798979461193,13,-0.3999999999999999,-0.3899999999999999,1057,-46.673065185546875,45.33662033081055,-0.15822573006153107,-0.3936041593551636,0.0128180468454957,y
9,0.012280747294425964,0.01339798979461193,14,-0.3899999999999999,-0.3799999999999999,1078,-60.630184173583984,51.16534423828125,-0.08613657206296921,-0.3856872618198395,0.012810657732188702,y
9,0.012280747294425964,0.01339798979461193,15,-0.3799999999999999,-0.3699999999999999,627,-71.24175262451172,54.13044357299805,-0.033003248274326324,-0.37517690658569336,0.01279384084045887,y
9,0.012280747294425964,0.01339798979461193,16,-0.3699999999999999,-0.3599999999999999,629,-59.3636474609375,53.2777099609375,-0.08698561042547226,-0.36508533358573914,0.01282730046659708,y
9,0.012280747294425964,0.01339798979461193,17,-0.3599999999999999,-0.34999999999999987,613,-59.224090576171875,54.002620697021484,-0.08439556509256363,-0.35538995265960693,0.012852076441049576,y
9,0.012280747294425964,0.01339798979461193,18,-0.34999999999999987,-0.33999999999999986,529,-47.95928192138672,53.925113677978516,-0.13251687586307526,-0.3448670506477356,0.012839902192354202,y
9,0.012280747294425964,0.01339798979461193,19,-0.33999999999999986,-0.32999999999999985,595,-51.268367767333984,56.3168830871582,-0.11563928425312042,-0.33489465713500977,0.01282409392297268,y
9,0.012280747294425964,0.01339798979461193,20,-0.32999999999999985,-0.31999999999999984,648,-51.69461441040039,58.170719146728516,-0.11064182966947556,-0.325061172246933,0.01280511636286974,y
9,0.012280747294425964,0.01339798979461193,21,-0.31999999999999984,-0.30999999999999983,577,-48.86493682861328,56.70759582519531,-0.11761904507875443,-0.3149891495704651,0.012809304520487785,y
9,0.012280747294425964,0.01339798979461193,22,-0.30999999999999983,-0.2999999999999998,700,-50.803436279296875,58.604583740234375,-0.10638147592544556,-0.30466902256011963,0.012811622582376003,y
9,0.012280747294425964,0.01339798979461193,23,-0.2999999999999998,-0.2899999999999998,1690,-35.872615814208984,49.542823791503906,-0.159113347530365,-0.29468774795532227,0.01283853780478239,y
9,0.012280747294425964,0.01339798979461193,24,-0.2899999999999998,-0.2799999999999998,1967,-38.84674835205078,54.039894104003906,-0.143432155251503,-0.28500571846961975,0.012813795357942581,y
9,0.012280747294425964,0.01339798979461193,25,-0.2799999999999998,-0.2699999999999998,2167,-37.01388168334961,57.30837631225586,-0.14462676644325256,-0.2746404707431793,0.012803450226783752,y
9,0.012280747294425964,0.01339798979461193,26,-0.2699999999999998,-0.2599999999999998,3996,-32.7290153503418,59.088661193847656,-0.1539381444454193,-0.265208899974823,0.012816693633794785,y
9,0.012280747294425964,0.01339798979461193,27,-0.2599999999999998,-0.24999999999999978,1576,-53.81422424316406,66.47572326660156,-0.0799659863114357,-0.25572553277015686,0.012797730043530464,y
9,0.012280747294425964,0.01339798979461193,28,-0.24999999999999978,-0.23999999999999977,1071,-61.39883804321289,77.51030731201172,-0.052571576088666916,-0.2450527846813202,0.012793125584721565,y
9,0.012280747294425964,0.01339798979461193,29,-0.23999999999999977,-0.22999999999999976,1048,-66.76709747314453,81.4763412475586,-0.03490453213453293,-0.23492978513240814,0.012783952988684177,y
9,0.012280747294425964,0.01339798979461193,30,-0.22999999999999976,-0.21999999999999975,1073,-69.5036392211914,84.24003601074219,-0.025426216423511505,-0.2248525172472,0.01280891802161932,y
9,0.012280747294425964,0.01339798979461193,31,-0.21999999999999975,-0.20999999999999974,1106,-73.94548797607422,88.11859130859375,-0.012217160314321518,-0.21506355702877045,0.012808224186301231,y
9,0.012280747294425964,0.01339798979461193,32,-0.20999999999999974,-0.19999999999999973,1068,-71.81202697753906,88.92709350585938,-0.01692340336740017,-0.2050079107284546,0.01282021775841713,y
9,0.012280747294425964,0.01339798979461193,33,-0.19999999999999973,-0.18999999999999972,1047,-68.23995971679688,93.27141571044922,-0.02442784234881401,-0.19497866928577423,0.012823289260268211,y
9,0.012280747294425964,0.01339798979461193,34,-0.18999999999999972,-0.17999999999999972,1043,-62.506160736083984,93.40796661376953,-0.03663937374949455,-0.1850333958864212,0.012816172093153,y
9,0.012280747294425964,0.01339798979461193,35,-0.17999999999999972,-0.1699999999999997,1099,-66.29310607910156,98.57215118408203,-0.02690465748310089,-0.17495274543762207,0.012802280485630035,y
9,0.012280747294425964,0.01339798979461193,36,-0.1699999999999997,-0.1599999999999997,1159,-61.92314147949219,102.17235565185547,-0.034248821437358856,-0.16499881446361542,0.012807538732886314,y
9,0.012280747294425964,0.01339798979461193,37,-0.1599999999999997,-0.1499999999999997,1146,-59.17597961425781,108.1184310913086,-0.03687867149710655,-0.15497590601444244,0.012820417061448097,y
9,0.012280747294425964,0.01339798979461193,38,-0.1499999999999997,-0.13999999999999968,1184,-51.56973648071289,113.79082489013672,-0.04852294921875,-0.14496730268001556,0.012795625254511833,y
9,0.012280747294425964,0.01339798979461193,39,-0.13999999999999968,-0.12999999999999967,1262,-49.78261184692383,122.49353790283203,-0.04817965254187584,-0.13499853014945984,0.012824560515582561,y
9,0.012280747294425964,0.01339798979461193,40,-0.12999999999999967,-0.11999999999999966,1286,-47.31087875366211,133.50335693359375,-0.04893867298960686,-0.12492190301418304,0.012813922949135303,y
9,0.012280747294425964,0.01339798979461193,41,-0.11999999999999966,-0.10999999999999965,1316,-40.45127868652344,142.3084259033203,-0.05511072278022766,-0.11497560143470764,0.012842091731727123,y
9,0.012280747294425964,0.01339798979461193,42,-0.10999999999999965,-0.09999999999999964,1405,-44.61661911010742,160.1551055908203,-0.044584374874830246,-0.1049545481801033,0.0128612807020545,y
9,0.012280747294425964,0.01339798979461193,43,-0.09999999999999964,-0.08999999999999964,1367,-41.30209732055664,178.3381805419922,-0.04433603957295418,-0.09489408880472183,0.012883936055004597,y
9,0.012280747294425964,0.01339798979461193,44,-0.08999999999999964,-0.07999999999999963,1365,-45.214195251464844,200.37681579589844,-0.03566203638911247,-0.08495684713125229,0.012894578278064728,y
9,0.012280747294425964,0.01339798979461193,45,-0.07999999999999963,-0.06999999999999962,1428,-50.57404327392578,225.21176147460938,-0.026404263451695442,-0.07498627156019211,0.012886607088148594,y
9,0.012280747294425964,0.01339798979461193,46,-0.06999999999999962,-0.05999999999999961,1432,-69.72407531738281,259.8797912597656,-0.007348284590989351,-0.06497711688280106,0.012864725664258003,y
9,0.012280747294425964,0.01339798979461193,47,-0.05999999999999961,-0.0499999999999996,1437,-81.5787353515625,306.0677490234375,0.002015060046687722,-0.054960500448942184,0.012852096930146217,y
9,0.012280747294425964,0.01339798979461193,48,-0.0499999999999996,-0.03999999999999959,1432,-87.73707580566406,370.4682312011719,0.005389774218201637,-0.044992681592702866,0.01283156406134367,y
9,0.012280747294425964,0.01339798979461193,49,-0.03999999999999959,-0.029999999999999583,1456,-89.91426849365234,477.6446838378906,0.004935099743306637,-0.03506585210561752,0.012812457047402859,y
9,0.012280747294425964,0.01339798979461193,50,-0.029999999999999583,-0.019999999999999574,1466,-93.23165893554688,651.9114379882812,0.004394152667373419,-0.025054821744561195,0.012814471498131752,y
9,0.012280747294425964,0.01339798979461193,51,-0.019999999999999574,-0.009999999999999565,1412,-142.07460021972656,1115.098876953125,0.011643944308161736,-0.014941491186618805,0.012832723557949066,y
9,0.012280747294425964,0.01339798979461193,52,-0.009999999999999565,4.440892098500626e-16,1309,-573.1766357421875,5105.546875,0.02456754259765148,-0.005479760002344847,0.012835555709898472,y
9,0.012280747294425964,0.01339798979461193,53,4.440892098500626e-16,0.010000000000000453,1373,443.9078674316406,4775.70703125,0.02745792455971241,0.005590775515884161,0.012837120331823826,y
9,0.012280747294425964,0.01339798979461193,54,0.010000000000000453,0.020000000000000462,1639,134.86561584472656,1114.2359619140625,0.03948644548654556,0.015088340267539024,0.012831980362534523,y
9,0.012280747294425964,0.01339798979461193,55,0.020000000000000462,0.03000000000000047,1629,83.06993103027344,645.7383422851562,0.05142415687441826,0.025019701570272446,0.012823806144297123,y
9,0.012280747294425964,0.01339798979461193,56,0.03000000000000047,0.04000000000000048,1664,47.75459289550781,450.7220153808594,0.05598044395446777,0.03495568782091141,0.012828793376684189,y
9,0.012280747294425964,0.01339798979461193,57,0.04000000000000048,0.05000000000000049,1663,17.726947784423828,347.6455383300781,0.05477931350469589,0.045039962977170944,0.012829695828258991,y
9,0.012280747294425964,0.01339798979461193,58,0.05000000000000049,0.0600000000000005,1714,7.6284871101379395,280.4404296875,0.06039325147867203,0.05500829964876175,0.012829802930355072,y
9,0.012280747294425964,0.01339798979461193,59,0.0600000000000005,0.0700000000000005,1741,-7.178756237030029,245.57827758789062,0.058861780911684036,0.06498873233795166,0.012826013378798962,y
9,0.012280747294425964,0.01339798979461193,60,0.0700000000000005,0.08000000000000052,1650,-20.254348754882812,215.17654418945312,0.055581942200660706,0.07502667605876923,0.012812023982405663,y
9,0.012280747294425964,0.01339798979461193,61,0.08000000000000052,0.09000000000000052,1549,-40.6923713684082,197.9050750732422,0.040373872965574265,0.08491385728120804,0.012807376682758331,y
9,0.012280747294425964,0.01339798979461193,62,0.09000000000000052,0.10000000000000053,1582,-42.04153060913086,179.84310913085938,0.043976496905088425,0.0949973464012146,0.012803630903363228,y
9,0.012280747294425964,0.01339798979461193,63,0.10000000000000053,0.11000000000000054,1588,-47.4755744934082,162.750244140625,0.04116721451282501,0.1050076112151146,0.01281372457742691,y
9,0.012280747294425964,0.01339798979461193,64,0.11000000000000054,0.12000000000000055,1628,-53.7761344909668,151.98492431640625,0.03548819571733475,0.11496766656637192,0.01282935868948698,y
9,0.012280747294425964,0.01339798979461193,65,0.12000000000000055,0.13000000000000056,1641,-53.69915008544922,138.82901000976562,0.03872324153780937,0.12501756846904755,0.01285131648182869,y
9,0.012280747294425964,0.01339798979461193,66,0.13000000000000056,0.14000000000000057,1722,-60.763118743896484,127.85709381103516,0.02949279174208641,0.134992316365242,0.012849388644099236,y
9,0.012280747294425964,0.01339798979461193,67,0.14000000000000057,0.15000000000000058,1719,-70.61385345458984,121.76862335205078,0.013303643092513084,0.14504587650299072,0.012829244136810303,y
9,0.012280747294425964,0.01339798979461193,68,0.15000000000000058,0.1600000000000006,1742,-70.8472900390625,115.04312896728516,0.013691209256649017,0.15506333112716675,0.012820977717638016,y
9,0.012280747294425964,0.01339798979461193,69,0.1600000000000006,0.1700000000000006,1642,-74.89289093017578,108.76457214355469,0.006065024994313717,0.1649829000234604,0.01281107496470213,y
9,0.012280747294425964,0.01339798979461193,70,0.1700000000000006,0.1800000000000006,1614,-80.33753204345703,104.10336303710938,-0.005552428774535656,0.1749543398618698,0.012810918502509594,y
9,0.012280747294425964,0.01339798979461193,71,0.1800000000000006,0.1900000000000006,1542,-76.46263885498047,101.59788513183594,0.003674127394333482,0.1849580556154251,0.012811017222702503,y
9,0.012280747294425964,0.01339798979461193,72,0.1900000000000006,0.20000000000000062,1436,-74.72299194335938,95.61532592773438,0.007753703743219376,0.19488918781280518,0.012821175158023834,y
9,0.012280747294425964,0.01339798979461193,73,0.20000000000000062,0.21000000000000063,1362,-75.14479064941406,90.65853881835938,0.007131547201424837,0.2050422728061676,0.012823918834328651,y
9,0.012280747294425964,0.01339798979461193,74,0.21000000000000063,0.22000000000000064,1374,-72.7964096069336,88.01499938964844,0.014482500962913036,0.21500694751739502,0.012802246026694775,y
9,0.012280747294425964,0.01339798979461193,75,0.22000000000000064,0.23000000000000065,1428,-75.0595474243164,86.42668914794922,0.008131398819386959,0.2250739187002182,0.012787050567567348,y
9,0.012280747294425964,0.01339798979461193,76,0.23000000000000065,0.24000000000000066,1599,-73.01203155517578,82.10503387451172,0.014037012122571468,0.23500216007232666,0.01282450370490551,y
9,0.012280747294425964,0.01339798979461193,77,0.24000000000000066,0.25000000000000067,1726,-67.42527770996094,80.0213851928711,0.031945906579494476,0.24499911069869995,0.0128280408680439,y
9,0.012280747294425964,0.01339798979461193,78,0.25000000000000067,0.2600000000000007,1489,-72.7391128540039,74.64053344726562,0.01660911925137043,0.25493350625038147,0.012836258858442307,y
9,0.012280747294425964,0.01339798979461193,79,0.2600000000000007,0.2700000000000007,1313,-74.86434936523438,71.50336456298828,0.010973910801112652,0.26487985253334045,0.012829753570258617,y
9,0.012280747294425964,0.01339798979461193,80,0.2700000000000007,0.2800000000000007,1254,-72.17850494384766,70.3562240600586,0.021735966205596924,0.2749221622943878,0.01281745731830597,y
9,0.012280747294425964,0.01339798979461193,81,0.2800000000000007,0.2900000000000007,1460,-74.27593994140625,65.27406311035156,0.014735843986272812,0.28518757224082947,0.01280612125992775,y
9,0.012280747294425964,0.01339798979461193,82,0.2900000000000007,0.3000000000000007,1263,-62.1539306640625,64.3211669921875,0.06011590734124184,0.2949150502681732,0.012811310589313507,y
9,0.012280747294425964,0.01339798979461193,83,0.3000000000000007,0.3100000000000007,2909,-35.592132568359375,56.05806350708008,0.1670229285955429,0.30634844303131104,0.012817193754017353,y
9,0.012280747294425964,0.01339798979461193,84,0.3100000000000007,0.32000000000000073,4811,-24.416690826416016,49.821407318115234,0.2162133902311325,0.31471163034439087,0.012807239778339863,y
9,0.012280747294425964,0.01339798979461193,85,0.32000000000000073,0.33000000000000074,3095,-36.213069915771484,50.743770599365234,0.17431902885437012,0.3249660134315491,0.012808885425329208,y
9,0.012280747294425964,0.01339798979461193,86,0.33000000000000074,0.34000000000000075,2298,-37.70532989501953,48.61920166015625,0.1726941466331482,0.33380964398384094,0.012820560485124588,y
9,0.012280747294425964,0.01339798979461193,87,0.34000000000000075,0.35000000000000075,855,-53.465614318847656,56.14824295043945,0.10951309651136398,0.3448973596096039,0.012811290100216866,y
9,0.012280747294425964,0.01339798979461193,88,0.35000000000000075,0.36000000000000076,1022,-51.513206481933594,54.07367706298828,0.12188472598791122,0.35507863759994507,0.012794451788067818,y
9,0.012280747294425964,0.01339798979461193,89,0.36000000000000076,0.3700000000000008,1126,-57.379066467285156,54.53150177001953,0.09782297164201736,0.3650992810726166,0.012796512804925442,y
9,0.012280747294425964,0.01339798979461193,90,0.3700000000000008,0.3800000000000008,1447,-54.39234161376953,51.93806457519531,0.11461232602596283,0.37518149614334106,0.012797473929822445,y
9,0.012280747294425964,0.01339798979461193,91,0.3800000000000008,0.3900000000000008,1980,-51.680641174316406,47.74521255493164,0.13014429807662964,0.38525134325027466,0.012824694626033306,y
9,0.012280747294425964,0.01339798979461193,92,0.3900000000000008,0.4000000000000008,1689,-55.57426834106445,47.89168930053711,0.11360848695039749,0.3946056067943573,0.012814473360776901,y
9,0.012280747294425964,0.01339798979461193,93,0.4000000000000008,0.4100000000000008,767,-66.72695922851562,48.76994705200195,0.05883699655532837,0.40470972657203674,0.012826645746827126,y
9,0.012280747294425964,0.01339798979461193,94,0.4100000000000008,0.4200000000000008,738,-60.113853454589844,51.5866813659668,0.09489225596189499,0.4149501621723175,0.01284120511263609,y
9,0.012280747294425964,0.01339798979461193,95,0.4200000000000008,0.4300000000000008,565,-60.0643310546875,51.22621154785156,0.09902402758598328,0.42490434646606445,0.012776217423379421,y
9,0.012280747294425964,0.01339798979461193,96,0.4300000000000008,0.44000000000000083,472,-63.84049987792969,51.41871643066406,0.07935971766710281,0.4348660707473755,0.01281126867979765,y
9,0.012280747294425964,0.01339798979461193,97,0.44000000000000083,0.45000000000000084,449,-69.69993591308594,49.01277160644531,0.04837223142385483,0.44478079676628113,0.012827866710722446,y
9,0.012280747294425964,0.01339798979461193,98,0.45000000000000084,0.46000000000000085,410,-83.38624572753906,49.29829788208008,-0.031508415937423706,0.4551694691181183,0.012821424752473831,y
9,0.012280747294425964,0.01339798979461193,99,0.46000000000000085,0.47000000000000086,501,-69.8434066772461,52.1056022644043,0.046656448394060135,0.46539896726608276,0.012845592573285103,y
9,0.012280747294425964,0.01339798979461193,100,0.47000000000000086,0.48000000000000087,389,-53.50670623779297,52.363346099853516,0.14789801836013794,0.4744461178779602,0.01286671869456768,y
9,0.012280747294425964,0.01339798979461193,101,0.48000000000000087,0.4900000000000009,183,-73.52262878417969,51.859413146972656,0.02675917185842991,0.4839596748352051,0.012845147401094437,y
9,0.012280747294425964,0.01339798979461193,102,0.4900000000000009,0.5000000000000009,87,-100.30664825439453,48.495704650878906,-0.14023636281490326,0.49507153034210205,0.012814284302294254,y
10,0.01339798979461193,0.014820000529289246,0,-inf,-0.52,104,-51.84394836425781,45.1348762512207,-0.14471012353897095,-0.5394626259803772,0.014138376340270042,y
10,0.01339798979461193,0.014820000529289246,1,-0.52,-0.51,50,-28.8468017578125,40.15434265136719,-0.30586013197898865,-0.5147485733032227,0.014115119352936745,y
10,0.01339798979461193,0.014820000529289246,2,-0.51,-0.5,51,-39.139923095703125,44.50412368774414,-0.22699692845344543,-0.5048180222511292,0.01409241184592247,y
10,0.01339798979461193,0.014820000529289246,3,-0.5,-0.49,49,-54.32231521606445,44.66522979736328,-0.11424780637025833,-0.4954926669597626,0.014081419445574284,y
10,0.01339798979461193,0.014820000529289246,4,-0.49,-0.48,61,-60.67853546142578,47.92822265625,-0.07044973224401474,-0.4855702519416809,0.014091982506215572,y
10,0.01339798979461193,0.014820000529289246,5,-0.48,-0.47,68,-67.36808776855469,50.676673889160156,-0.02348090335726738,-0.47495001554489136,0.014084975235164165,y
10,0.01339798979461193,0.014820000529289246,6,-0.47,-0.45999999999999996,67,-68.5527572631836,53.14387130737305,-0.016716135665774345,-0.4651845395565033,0.014071027748286724,y
10,0.01339798979461193,0.014820000529289246,7,-0.45999999999999996,-0.44999999999999996,55,-66.14592742919922,52.04741668701172,-0.03340601548552513,-0.4553621709346771,0.014055661857128143,y
10,0.01339798979461193,0.014820000529289246,8,-0.44999999999999996,-0.43999999999999995,56,-53.48590850830078,50.619144439697266,-0.10970288515090942,-0.4448946416378021,0.014133365824818611,y
10,0.01339798979461193,0.014820000529289246,9,-0.43999999999999995,-0.42999999999999994,57,-58.18039321899414,45.00890350341797,-0.07861160486936569,-0.43482527136802673,0.014115153811872005,y
10,0.01339798979461193,0.014820000529289246,10,-0.42999999999999994,-0.41999999999999993,57,-56.39731216430664,52.60068130493164,-0.08593612909317017,-0.4257812201976776,0.014098746702075005,y
10,0.01339798979461193,0.014820000529289246,11,-0.41999999999999993,-0.4099999999999999,73,-52.95894241333008,52.79682922363281,-0.10483548790216446,-0.4150344133377075,0.0141065688803792,y
10,0.01339798979461193,0.014820000529289246,12,-0.4099999999999999,-0.3999999999999999,77,-42.730194091796875,42.413536071777344,-0.1617576628923416,-0.4050898253917694,0.014006792567670345,y
10,0.01339798979461193,0.014820000529289246,13,-0.3999999999999999,-0.3899999999999999,1082,-48.674957275390625,44.852046966552734,-0.12301521748304367,-0.3935425281524658,0.014095377177000046,y
10,0.01339798979461193,0.014820000529289246,14,-0.3899999999999999,-0.3799999999999999,1005,-64.23607635498047,49.17853927612305,-0.03773247078061104,-0.38589322566986084,0.014071892946958542,y
10,0.01339798979461193,0.014820000529289246,15,-0.3799999999999999,-0.3699999999999999,713,-62.13542556762695,48.510406494140625,-0.045890405774116516,-0.3747110962867737,0.014135067351162434,y
10,0.01339798979461193,0.014820000529289246,16,-0.3699999999999999,-0.3599999999999999,839,-64.27761840820312,50.775779724121094,-0.035134535282850266,-0.36511731147766113,0.01406389381736517,y
10,0.01339798979461193,0.014820000529289246,17,-0.3599999999999999,-0.34999999999999987,723,-66.14163208007812,55.68410110473633,-0.026251163333654404,-0.3549875319004059,0.01402516569942236,y
10,0.01339798979461193,0.014820000529289246,18,-0.34999999999999987,-0.33999999999999986,605,-63.93981170654297,55.88687515258789,-0.032686326652765274,-0.34530967473983765,0.014118761755526066,y
10,0.01339798979461193,0.014820000529289246,19,-0.33999999999999986,-0.32999999999999985,593,-52.99998092651367,49.16741180419922,-0.08279169350862503,-0.33508676290512085,0.014189292676746845,y
10,0.01339798979461193,0.014820000529289246,20,-0.32999999999999985,-0.31999999999999984,604,-57.064762115478516,52.23320770263672,-0.06242263317108154,-0.3250623643398285,0.014137081801891327,y
10,0.01339798979461193,0.014820000529289246,21,-0.31999999999999984,-0.30999999999999983,577,-61.69937515258789,55.67719268798828,-0.03977460414171219,-0.31512874364852905,0.01412434596568346,y
10,0.01339798979461193,0.014820000529289246,22,-0.30999999999999983,-0.2999999999999998,646,-59.17879104614258,57.17430114746094,-0.05009942129254341,-0.30448317527770996,0.014087364077568054,y
10,0.01339798979461193,0.014820000529289246,23,-0.2999999999999998,-0.2899999999999998,1867,-30.16323471069336,45.596466064453125,-0.16911236941814423,-0.29474329948425293,0.014129477553069592,y
10,0.01339798979461193,0.014820000529289246,24,-0.2899999999999998,-0.2799999999999998,1760,-37.34116744995117,49.71968078613281,-0.13531634211540222,-0.28517279028892517,0.014079430140554905,y
10,0.01339798979461193,0.014820000529289246,25,-0.2799999999999998,-0.2699999999999998,1864,-38.28541946411133,52.462730407714844,-0.1262914091348648,-0.2745627462863922,0.01406195480376482,y
10,0.01339798979461193,0.014820000529289246,26,-0.2699999999999998,-0.2599999999999998,4056,-39.40074157714844,55.545310974121094,-0.11716911196708679,-0.26513010263442993,0.01409640721976757,y
10,0.01339798979461193,0.014820000529289246,27,-0.2599999999999998,-0.24999999999999978,1811,-45.13469696044922,62.67532730102539,-0.09362529963254929,-0.2559394836425781,0.014072458259761333,y
10,0.01339798979461193,0.014820000529289246,28,-0.24999999999999978,-0.23999999999999977,1171,-62.107452392578125,72.87920379638672,-0.031321946531534195,-0.24516956508159637,0.014081855304539204,y
10,0.01339798979461193,0.014820000529289246,29,-0.23999999999999977,-0.22999999999999976,1111,-67.65006256103516,71.18965148925781,-0.010790866799652576,-0.23494793474674225,0.014127646572887897,y
10,0.01339798979461193,0.014820000529289246,30,-0.22999999999999976,-0.21999999999999975,1212,-68.8998794555664,72.35520935058594,-0.005269008222967386,-0.22492842376232147,0.014155282638967037,y
10,0.01339798979461193,0.014820000529289246,31,-0.21999999999999975,-0.20999999999999974,1229,-68.08404541015625,78.31391906738281,-0.00735576543956995,-0.21492759883403778,0.01414920762181282,y
10,0.01339798979461193,0.014820000529289246,32,-0.20999999999999974,-0.19999999999999973,1261,-75.1520767211914,82.62509155273438,0.012944875285029411,-0.20498184859752655,0.014129580929875374,y
10,0.01339798979461193,0.014820000529289246,33,-0.19999999999999973,-0.18999999999999972,1273,-78.0072021484375,85.39817810058594,0.019717641174793243,-0.19495706260204315,0.014102267101407051,y
10,0.01339798979461193,0.014820000529289246,34,-0.18999999999999972,-0.17999999999999972,1317,-78.58683013916016,86.61797332763672,0.020196080207824707,-0.18491138517856598,0.014115984551608562,y
10,0.01339798979461193,0.014820000529289246,35,-0.17999999999999972,-0.1699999999999997,1323,-81.4117202758789,89.543701171875,0.026168765500187874,-0.17501018941402435,0.014100800268352032,y
10,0.01339798979461193,0.014820000529289246,36,-0.1699999999999997,-0.1599999999999997,1248,-82.34334564208984,93.12631225585938,0.026824627071619034,-0.16506096720695496,0.01407732255756855,y
10,0.01339798979461193,0.014820000529289246,37,-0.1599999999999997,-0.1499999999999997,1258,-81.62605285644531,98.990478515625,0.023107701912522316,-0.15494802594184875,0.014041192829608917,y
10,0.01339798979461193,0.014820000529289246,38,-0.1499999999999997,-0.13999999999999968,1244,-79.77436828613281,106.40234375,0.018059438094496727,-0.14495570957660675,0.01407685037702322,y
10,0.01339798979461193,0.014820000529289246,39,-0.13999999999999968,-0.12999999999999967,1249,-76.97904205322266,115.84072875976562,0.011698967777192593,-0.1349724680185318,0.01411436777561903,y
10,0.01339798979461193,0.014820000529289246,40,-0.12999999999999967,-0.11999999999999966,1272,-77.1794662475586,123.60161590576172,0.010699008591473103,-0.12493392825126648,0.014101472683250904,y
10,0.01339798979461193,0.014820000529289246,41,-0.11999999999999966,-0.10999999999999965,1286,-78.25067138671875,132.4877166748047,0.011272858828306198,-0.11489732563495636,0.01409525703638792,y
10,0.01339798979461193,0.014820000529289246,42,-0.10999999999999965,-0.09999999999999964,1330,-78.0337142944336,141.07034301757812,0.010262681171298027,-0.10492632538080215,0.014101220294833183,y
10,0.01339798979461193,0.014820000529289246,43,-0.09999999999999964,-0.08999999999999964,1369,-77.2075424194336,154.82020568847656,0.00778214493766427,-0.0950310230255127,0.014083839021623135,y
10,0.01339798979461193,0.014820000529289246,44,-0.08999999999999964,-0.07999999999999963,1406,-81.02609252929688,175.15603637695312,0.0115346759557724,-0.08500923961400986,0.014062046073377132,y
10,0.01339798979461193,0.014820000529289246,45,-0.07999999999999963,-0.06999999999999962,1450,-72.90763854980469,198.27101135253906,0.0020670422818511724,-0.0749671533703804,0.014075330458581448,y
10,0.01339798979461193,0.014820000529289246,46,-0.06999999999999962,-0.05999999999999961,1578,-63.78913497924805,233.8308563232422,-0.005858886521309614,-0.06495994329452515,0.014066087082028389,y
10,0.01339798979461193,0.014820000529289246,47,-0.05999999999999961,-0.0499999999999996,1628,-43.617164611816406,274.8925476074219,-0.020956076681613922,-0.05490021035075188,0.014058695174753666,y
10,0.01339798979461193,0.014820000529289246,48,-0.0499999999999996,-0.03999999999999959,1702,-35.80394744873047,340.83660888671875,-0.02272729016840458,-0.04491167888045311,0.014053999446332455,y
10,0.01339798979461193,0.014820000529289246,49,-0.03999999999999959,-0.029999999999999583,1711,-14.831374168395996,439.1559143066406,-0.028239203616976738,-0.03489777445793152,0.014059322886168957,y
10,0.01339798979461193,0.014820000529289246,50,-0.029999999999999583,-0.019999999999999574,1718,1.005031704902649,603.810791015625,-0.025615638121962547,-0.024957677349448204,0.014068949967622757,y
10,0.01339798979461193,0.014820000529289246,51,-0.019999999999999574,-0.009999999999999565,1720,39.48961639404297,1019.1663818359375,-0.0231549721211195,-0.015037198550999165,0.014080612920224667,y
10,0.01339798979461193,0.014820000529289246,52,-0.009999999999999565,4.440892098500626e-16,1514,382.1420593261719,4507.72216796875,-0.028299003839492798,-0.0055628614500164986,0.01408715546131134,y
10,0.01339798979461193,0.014820000529289246,53,4.440892098500626e-16,0.010000000000000453,1509,-593.9834594726562,4618.279296875,-0.026844322681427002,0.005490269977599382,0.014068236574530602,y
10,0.01339798979461193,0.014820000529289246,54,0.010000000000000453,0.020000000000000462,1663,-191.42140197753906,1033.2315673828125,-0.024661334231495857,0.01505049504339695,0.014084188267588615,y
10,0.01339798979461193,0.014820000529289246,55,0.020000000000000462,0.03000000000000047,1701,-141.6673583984375,611.5494384765625,-0.024631798267364502,0.025011371821165085,0.014088480733335018,y
10,0.01339798979461193,0.014820000529289246,56,0.03000000000000047,0.04000000000000048,1765,-99.49419403076172,440.7391357421875,-0.01422430295497179,0.034980978816747665,0.014098859392106533,y
10,0.01339798979461193,0.014820000529289246,57,0.04000000000000048,0.05000000000000049,1736,-72.46652221679688,344.13079833984375,-0.0014083638088777661,0.04497820883989334,0.014083679765462875,y
10,0.01339798979461193,0.014820000529289246,58,0.05000000000000049,0.0600000000000005,1675,-72.63333129882812,281.36553955078125,-0.0019876325968652964,0.05499051511287689,0.014065271243453026,y
10,0.01339798979461193,0.014820000529289246,59,0.0600000000000005,0.0700000000000005,1650,-78.3974609375,236.19158935546875,-0.007142507471144199,0.06502198427915573,0.014055117033421993,y
10,0.01339798979461193,0.014820000529289246,60,0.0700000000000005,0.08000000000000052,1636,-76.5398178100586,204.5365753173828,-0.005615693517029285,0.07493575662374496,0.014035038650035858,y
10,0.01339798979461193,0.014820000529289246,61,0.08000000000000052,0.09000000000000052,1643,-65.19132232666016,181.37428283691406,0.007291565183550119,0.08493853360414505,0.014018630608916283,y
10,0.01339798979461193,0.014820000529289246,62,0.09000000000000052,0.10000000000000053,1565,-64.99237823486328,162.33737182617188,0.008797917515039444,0.09504944086074829,0.014012418687343597,y
10,0.01339798979461193,0.014820000529289246,63,0.10000000000000053,0.11000000000000054,1472,-69.72480010986328,148.03973388671875,0.002938633318990469,0.10497530549764633,0.014010102488100529,y
10,0.01339798979461193,0.014820000529289246,64,0.11000000000000054,0.12000000000000055,1401,-69.88693237304688,129.93519592285156,0.0024929114151746035,0.11487750709056854,0.014026250690221786,y
10,0.01339798979461193,0.014820000529289246,65,0.12000000000000055,0.13000000000000056,1332,-75.60615539550781,116.63668823242188,-0.00743384612724185,0.12500904500484467,0.01404635701328516,y
10,0.01339798979461193,0.014820000529289246,66,0.13000000000000056,0.14000000000000057,1282,-78.0760498046875,111.82341003417969,-0.013185720890760422,0.13505622744560242,0.014061578549444675,y
10,0.01339798979461193,0.014820000529289246,67,0.14000000000000057,0.15000000000000058,1236,-75.84904479980469,104.5276870727539,-0.009358634240925312,0.14497695863246918,0.01406584121286869,y
10,0.01339798979461193,0.014820000529289246,68,0.15000000000000058,0.1600000000000006,1260,-77.1489486694336,100.13458251953125,-0.0133290383964777,0.15499038994312286,0.01408223994076252,y
10,0.01339798979461193,0.014820000529289246,69,0.1600000000000006,0.1700000000000006,1218,-77.86797332763672,95.25904846191406,-0.01536171417683363,0.16492025554180145,0.014031649567186832,y
10,0.01339798979461193,0.014820000529289246,70,0.1700000000000006,0.1800000000000006,1149,-80.2161636352539,88.72718811035156,-0.021933255717158318,0.17495682835578918,0.014003084972500801,y
10,0.01339798979461193,0.014820000529289246,71,0.1800000000000006,0.1900000000000006,1262,-80.35244750976562,85.16805267333984,-0.022886255756020546,0.18506349623203278,0.014009995386004448,y
10,0.01339798979461193,0.014820000529289246,72,0.1900000000000006,0.20000000000000062,1289,-76.89778900146484,82.89682006835938,-0.014654423110187054,0.195159912109375,0.014046280644834042,y
10,0.01339798979461193,0.014820000529289246,73,0.20000000000000062,0.21000000000000063,1369,-73.84165954589844,78.99082946777344,-0.007709712255746126,0.2049626111984253,0.014069718308746815,y
10,0.01339798979461193,0.014820000529289246,74,0.21000000000000063,0.22000000000000064,1431,-78.95884704589844,75.48133850097656,-0.023295478895306587,0.21495282649993896,0.014090162701904774,y
10,0.01339798979461193,0.014820000529289246,75,0.22000000000000064,0.23000000000000065,1370,-76.95487976074219,71.89966583251953,-0.017466727644205093,0.22499553859233856,0.01406425703316927,y
10,0.01339798979461193,0.014820000529289246,76,0.23000000000000065,0.24000000000000066,1426,-61.050716400146484,71.41769409179688,0.034134138375520706,0.2352364957332611,0.014099378138780594,y
10,0.01339798979461193,0.014820000529289246,77,0.24000000000000066,0.25000000000000067,1427,-56.317405700683594,69.02037811279297,0.05030139535665512,0.24480696022510529,0.014104582369327545,y
10,0.01339798979461193,0.014820000529289246,78,0.25000000000000067,0.2600000000000007,1304,-65.74117279052734,66.47527313232422,0.018833763897418976,0.255018949508667,0.01412171684205532,y
10,0.01339798979461193,0.014820000529289246,79,0.2600000000000007,0.2700000000000007,1255,-66.85160827636719,66.05557250976562,0.0159998070448637,0.2651313245296478,0.014094765298068523,y
10,0.01339798979461193,0.014820000529289246,80,0.2700000000000007,0.2800000000000007,1284,-63.50165939331055,64.18040466308594,0.029280228540301323,0.2750511169433594,0.014090018346905708,y
10,0.01339798979461193,0.014820000529289246,81,0.2800000000000007,0.2900000000000007,1243,-59.074642181396484,63.29433059692383,0.0485437847673893,0.28502553701400757,0.014083675108850002,y
10,0.01339798979461193,0.014820000529289246,82,0.2900000000000007,0.3000000000000007,1304,-60.68760681152344,60.077335357666016,0.04387369379401207,0.2947583794593811,0.014100762084126472,y
10,0.01339798979461193,0.014820000529289246,83,0.3000000000000007,0.3100000000000007,2565,-30.556556701660156,49.50457763671875,0.17491675913333893,0.30640363693237305,0.014104562811553478,y
10,0.01339798979461193,0.014820000529289246,84,0.3100000000000007,0.32000000000000073,4655,-24.10460662841797,42.67483901977539,0.20782922208309174,0.31469327211380005,0.014075620099902153,y
10,0.01339798979461193,0.014820000529289246,85,0.32000000000000073,0.33000000000000074,2917,-30.340717315673828,41.678836822509766,0.1859307438135147,0.32478082180023193,0.014085994102060795,y
10,0.01339798979461193,0.014820000529289246,86,0.33000000000000074,0.34000000000000075,3187,-22.257314682006836,36.15715408325195,0.22880737483501434,0.3331378996372223,0.014140202663838863,y
10,0.01339798979461193,0.014820000529289246,87,0.34000000000000075,0.35000000000000075,733,-52.76692581176758,45.21748733520508,0.08982634544372559,0.34497010707855225,0.014047482050955296,y
10,0.01339798979461193,0.014820000529289246,88,0.35000000000000075,0.36000000000000076,844,-54.05155563354492,43.01557540893555,0.08531646430492401,0.3552153408527374,0.014051548205316067,y
10,0.01339798979461193,0.014820000529289246,89,0.36000000000000076,0.3700000000000008,1034,-48.17848587036133,43.392494201660156,0.11837070435285568,0.36534392833709717,0.01404793281108141,y
10,0.01339798979461193,0.014820000529289246,90,0.3700000000000008,0.3800000000000008,1399,-44.83358383178711,43.661258697509766,0.13937723636627197,0.3751774728298187,0.014066280797123909,y
10,0.01339798979461193,0.014820000529289246,91,0.3800000000000008,0.3900000000000008,1777,-41.66022872924805,41.91464614868164,0.15963338315486908,0.38536128401756287,0.01407512929290533,y
10,0.01339798979461193,0.014820000529289246,92,0.3900000000000008,0.4000000000000008,1935,-48.45777893066406,41.328895568847656,0.1250365525484085,0.3944645822048187,0.014099553227424622,y
10,0.01339798979461193,0.014820000529289246,93,0.4000000000000008,0.4100000000000008,921,-55.55742645263672,43.374847412109375,0.0873105600476265,0.4045535624027252,0.014118721708655357,y
10,0.01339798979461193,0.014820000529289246,94,0.4100000000000008,0.4200000000000008,689,-52.7451057434082,46.734317779541016,0.10690227150917053,0.4147959351539612,0.014070624485611916,y
10,0.01339798979461193,0.014820000529289246,95,0.4200000000000008,0.4300000000000008,525,-56.45197296142578,48.02037048339844,0.08781612664461136,0.424819678068161,0.014091003686189651,y
10,0.01339798979461193,0.014820000529289246,96,0.4300000000000008,0.44000000000000083,516,-58.47285079956055,47.51001739501953,0.07743625342845917,0.4350986182689667,0.014065866358578205,y
10,0.01339798979461193,0.014820000529289246,97,0.44000000000000083,0.45000000000000084,482,-60.82389450073242,44.146697998046875,0.06477819383144379,0.4449509084224701,0.014064425602555275,y
10,0.01339798979461193,0.014820000529289246,98,0.45000000000000084,0.46000000000000085,461,-64.53390502929688,46.46287536621094,0.04262739419937134,0.45498430728912354,0.014069805853068829,y
10,0.01339798979461193,0.014820000529289246,99,0.46000000000000085,0.47000000000000086,539,-74.01362609863281,46.11980056762695,-0.01823597215116024,0.46518000960350037,0.014075534418225288,y
10,0.01339798979461193,0.014820000529289246,100,0.47000000000000086,0.48000000000000087,470,-48.39056396484375,46.39994430541992,0.15065515041351318,0.4748668968677521,0.014096866361796856,y
10,0.01339798979461193,0.014820000529289246,101,0.48000000000000087,0.4900000000000009,293,-59.43204116821289,51.121788024902344,0.07774193584918976,0.4841194450855255,0.014132138341665268,y
10,0.01339798979461193,0.014820000529289246,102,0.4900000000000009,0.5000000000000009,105,-87.06829071044922,43.419456481933594,-0.11465378850698471,0.4943065047264099,0.014143774285912514,y
10,0.01339798979461193,0.014820000529289246,103,0.5000000000000009,0.5100000000000009,20,-42.02449417114258,49.90463638305664,0.19918087124824524,0.5044773817062378,0.014179575257003307,y
11,0.014820000529289246,0.0168647576123476,0,-inf,-0.52,220,-24.762601852416992,36.48095703125,-0.32885193824768066,-0.5400522351264954,0.01594276912510395,y
11,0.014820000529289246,0.0168647576123476,1,-0.52,-0.51,61,-44.19123458862305,39.534889221191406,-0.15340831875801086,-0.5147098898887634,0.015894269570708275,y
11,0.014820000529289246,0.0168647576123476,2,-0.51,-0.5,55,-48.20264434814453,38.15703201293945,-0.12021166831254959,-0.5054824352264404,0.015813611447811127,y
11,0.014820000529289246,0.0168647576123476,3,-0.5,-0.49,73,-56.140933990478516,42.167564392089844,-0.056682802736759186,-0.49497318267822266,0.01580062508583069,y
11,0.014820000529289246,0.0168647576123476,4,-0.49,-0.48,53,-60.67620849609375,40.7673454284668,-0.02134404517710209,-0.4849243462085724,0.015769613906741142,y
11,0.014820000529289246,0.0168647576123476,5,-0.48,-0.47,63,-60.99822998046875,45.65010452270508,-0.023559248074889183,-0.4747519791126251,0.0157221257686615,y
11,0.014820000529289246,0.0168647576123476,6,-0.47,-0.45999999999999996,61,-64.91114807128906,44.87819290161133,0.010368687100708485,-0.46510955691337585,0.015763022005558014,y
11,0.014820000529289246,0.0168647576123476,7,-0.45999999999999996,-0.44999999999999996,66,-60.317588806152344,45.88581848144531,-0.019404582679271698,-0.45477524399757385,0.01586904376745224,y
11,0.014820000529289246,0.0168647576123476,8,-0.44999999999999996,-0.43999999999999995,62,-51.83241653442383,45.822242736816406,-0.08451279252767563,-0.4450584352016449,0.015709852799773216,y
11,0.014820000529289246,0.0168647576123476,9,-0.43999999999999995,-0.42999999999999994,51,-47.144718170166016,45.92485046386719,-0.11295942962169647,-0.4354325830936432,0.01579471118748188,y
11,0.014820000529289246,0.0168647576123476,10,-0.42999999999999994,-0.41999999999999993,53,-48.33456039428711,48.299320220947266,-0.09937507659196854,-0.4256470799446106,0.015902141109108925,y
11,0.014820000529289246,0.0168647576123476,11,-0.41999999999999993,-0.4099999999999999,85,-47.00341033935547,42.734092712402344,-0.10476597398519516,-0.41557320952415466,0.015870599076151848,y
11,0.014820000529289246,0.0168647576123476,12,-0.4099999999999999,-0.3999999999999999,68,-32.89695358276367,32.048004150390625,-0.1949678510427475,-0.4044968783855438,0.015732428058981895,y
11,0.014820000529289246,0.0168647576123476,13,-0.3999999999999999,-0.3899999999999999,1177,-52.92247772216797,41.840118408203125,-0.065439373254776,-0.3935832679271698,0.015786433592438698,y
11,0.014820000529289246,0.0168647576123476,14,-0.3899999999999999,-0.3799999999999999,1398,-62.52335739135742,45.0715446472168,-0.0045586260966956615,-0.385474294424057,0.01582511141896248,y
11,0.014820000529289246,0.0168647576123476,15,-0.3799999999999999,-0.3699999999999999,1111,-63.846717834472656,45.79755783081055,0.0006698708166368306,-0.3750854730606079,0.01576056517660618,y
11,0.014820000529289246,0.0168647576123476,16,-0.3699999999999999,-0.3599999999999999,939,-58.64910125732422,46.94547653198242,-0.029160279780626297,-0.3653094470500946,0.015771513804793358,y
11,0.014820000529289246,0.0168647576123476,17,-0.3599999999999999,-0.34999999999999987,831,-57.07707595825195,48.03488540649414,-0.035105179995298386,-0.3550213873386383,0.015835190191864967,y
11,0.014820000529289246,0.0168647576123476,18,-0.34999999999999987,-0.33999999999999986,897,-62.58631896972656,47.136539459228516,-0.005003811325877905,-0.3448618948459625,0.015785418450832367,y
11,0.014820000529289246,0.0168647576123476,19,-0.33999999999999986,-0.32999999999999985,862,-62.37211608886719,48.238243103027344,-0.0058412086218595505,-0.3350793719291687,0.01576760597527027,y
11,0.014820000529289246,0.0168647576123476,20,-0.32999999999999985,-0.31999999999999984,847,-58.1993522644043,49.34833526611328,-0.027194753289222717,-0.3250623643398285,0.015769649296998978,y
11,0.014820000529289246,0.0168647576123476,21,-0.31999999999999984,-0.30999999999999983,811,-60.11581802368164,52.71376037597656,-0.017584824934601784,-0.31500980257987976,0.015742182731628418,y
11,0.014820000529289246,0.0168647576123476,22,-0.30999999999999983,-0.2999999999999998,751,-53.110862731933594,53.23299789428711,-0.049663569778203964,-0.3047412633895874,0.015720607712864876,y
11,0.014820000529289246,0.0168647576123476,23,-0.2999999999999998,-0.2899999999999998,2754,-25.96635627746582,39.67451477050781,-0.173721045255661,-0.29462379217147827,0.015788273885846138,y
11,0.014820000529289246,0.0168647576123476,24,-0.2899999999999998,-0.2799999999999998,2073,-33.57441329956055,44.35392761230469,-0.13402795791625977,-0.28536033630371094,0.015779739245772362,y
11,0.014820000529289246,0.0168647576123476,25,-0.2799999999999998,-0.2699999999999998,2451,-37.354705810546875,42.37309646606445,-0.1118088886141777,-0.27444788813591003,0.015813909471035004,y
11,0.014820000529289246,0.0168647576123476,26,-0.2699999999999998,-0.2599999999999998,5126,-43.94382095336914,50.01730728149414,-0.08135587722063065,-0.26524603366851807,0.015774890780448914,y
11,0.014820000529289246,0.0168647576123476,27,-0.2599999999999998,-0.24999999999999978,1849,-51.80256271362305,61.04875183105469,-0.04665784537792206,-0.25595006346702576,0.01582561992108822,y
11,0.014820000529289246,0.0168647576123476,28,-0.24999999999999978,-0.23999999999999977,1115,-64.27994537353516,67.62882232666016,0.004107758402824402,-0.2449362426996231,0.01578390970826149,y
11,0.014820000529289246,0.0168647576123476,29,-0.23999999999999977,-0.22999999999999976,1225,-61.540279388427734,70.66764831542969,-0.007986223325133324,-0.23498037457466125,0.01569921337068081,y
11,0.014820000529289246,0.0168647576123476,30,-0.22999999999999976,-0.21999999999999975,1223,-60.3198127746582,72.9837417602539,-0.01214281190186739,-0.2251080423593521,0.015668969601392746,y
11,0.014820000529289246,0.0168647576123476,31,-0.21999999999999975,-0.20999999999999974,1152,-58.35401153564453,72.52320861816406,-0.0186646468937397,-0.21502582728862762,0.015662219375371933,y
11,0.014820000529289246,0.0168647576123476,32,-0.20999999999999974,-0.19999999999999973,1144,-56.54490661621094,75.0780258178711,-0.0227226372808218,-0.20485153794288635,0.015702782198786736,y
11,0.014820000529289246,0.0168647576123476,33,-0.19999999999999973,-0.18999999999999972,1165,-54.63574981689453,79.16134643554688,-0.027960682287812233,-0.19496086239814758,0.015705669298768044,y
11,0.014820000529289246,0.0168647576123476,34,-0.18999999999999972,-0.17999999999999972,1154,-56.7205696105957,85.92283630371094,-0.019407423213124275,-0.18497367203235626,0.01573898084461689,y
11,0.014820000529289246,0.0168647576123476,35,-0.17999999999999972,-0.1699999999999997,1154,-53.86278533935547,91.00968933105469,-0.026442529633641243,-0.17490197718143463,0.01574862189590931,y
11,0.014820000529289246,0.0168647576123476,36,-0.1699999999999997,-0.1599999999999997,1216,-58.72639465332031,96.13493347167969,-0.0130913145840168,-0.16494226455688477,0.015696456655859947,y
11,0.014820000529289246,0.0168647576123476,37,-0.1599999999999997,-0.1499999999999997,1233,-61.48279571533203,101.78018188476562,-0.005701671354472637,-0.15496647357940674,0.015676477923989296,y
11,0.014820000529289246,0.0168647576123476,38,-0.1499999999999997,-0.13999999999999968,1220,-63.29273223876953,107.9660873413086,-0.0005036885850131512,-0.14501777291297913,0.015757344663143158,y
11,0.014820000529289246,0.0168647576123476,39,-0.13999999999999968,-0.12999999999999967,1261,-68.3296890258789,114.58125305175781,0.01042906753718853,-0.13500434160232544,0.01578538306057453,y
11,0.014820000529289246,0.0168647576123476,40,-0.12999999999999967,-0.11999999999999966,1284,-77.02509307861328,124.45125579833984,0.027165930718183517,-0.12498647719621658,0.015795279294252396,y
11,0.014820000529289246,0.0168647576123476,41,-0.11999999999999966,-0.10999999999999965,1288,-78.2260971069336,134.64549255371094,0.027206655591726303,-0.11503520607948303,0.015783948823809624,y
11,0.014820000529289246,0.0168647576123476,42,-0.10999999999999965,-0.09999999999999964,1257,-80.29537963867188,147.19769287109375,0.028420448303222656,-0.10502319782972336,0.015773789957165718,y
11,0.014820000529289246,0.0168647576123476,43,-0.09999999999999964,-0.08999999999999964,1241,-79.63252258300781,159.74090576171875,0.024266550317406654,-0.0949346125125885,0.015766629949212074,y
11,0.014820000529289246,0.0168647576123476,44,-0.08999999999999964,-0.07999999999999963,1274,-79.34379577636719,177.5051727294922,0.021783985197544098,-0.08499819785356522,0.01578075811266899,y
11,0.014820000529289246,0.0168647576123476,45,-0.07999999999999963,-0.06999999999999962,1255,-89.03984832763672,197.6194305419922,0.03057560697197914,-0.07502856105566025,0.015814058482646942,y
11,0.014820000529289246,0.0168647576123476,46,-0.06999999999999962,-0.05999999999999961,1169,-88.12604522705078,226.55117797851562,0.025337830185890198,-0.06503363698720932,0.015807926654815674,y
11,0.014820000529289246,0.0168647576123476,47,-0.05999999999999961,-0.0499999999999996,1138,-109.30447387695312,259.5946044921875,0.03950398042798042,-0.054953139275312424,0.015801837667822838,y
11,0.014820000529289246,0.0168647576123476,48,-0.0499999999999996,-0.03999999999999959,1128,-128.95225524902344,307.7943115234375,0.04632639139890671,-0.044956449419260025,0.015795761719346046,y
11,0.014820000529289246,0.0168647576123476,49,-0.03999999999999959,-0.029999999999999583,1126,-142.0182647705078,396.7560119628906,0.043151162564754486,-0.034997161477804184,0.015809226781129837,y
11,0.014820000529289246,0.0168647576123476,50,-0.029999999999999583,-0.019999999999999574,1117,-154.9569091796875,583.0416870117188,0.035824935883283615,-0.025011515244841576,0.015795830637216568,y
11,0.014820000529289246,0.0168647576123476,51,-0.019999999999999574,-0.009999999999999565,1127,-175.5568389892578,1026.008544921875,0.025786936283111572,-0.015077856369316578,0.015812447294592857,y
11,0.014820000529289246,0.0168647576123476,52,-0.009999999999999565,4.440892098500626e-16,1017,-381.13360595703125,4525.3134765625,0.015206853859126568,-0.00552175659686327,0.01580219715833664,y
11,0.014820000529289246,0.0168647576123476,53,4.440892098500626e-16,0.010000000000000453,1045,29.134748458862305,4515.1064453125,0.011375031433999538,0.005564775317907333,0.015753772109746933,y
11,0.014820000529289246,0.0168647576123476,54,0.010000000000000453,0.020000000000000462,1163,3.2284367084503174,971.4364013671875,0.01588384062051773,0.015103360638022423,0.015762746334075928,y
11,0.014820000529289246,0.0168647576123476,55,0.020000000000000462,0.03000000000000047,1180,-29.365015029907227,553.29638671875,0.013482252135872841,0.02504696510732174,0.015749726444482803,y
11,0.014820000529289246,0.0168647576123476,56,0.03000000000000047,0.04000000000000048,1196,-52.169254302978516,390.64288330078125,0.006392370443791151,0.035040341317653656,0.01578127034008503,y
11,0.014820000529289246,0.0168647576123476,57,0.04000000000000048,0.05000000000000049,1205,-77.54403686523438,299.7318115234375,-0.009442632086575031,0.04502251371741295,0.0157979317009449,y
11,0.014820000529289246,0.0168647576123476,58,0.05000000000000049,0.0600000000000005,1224,-66.25752258300781,238.4217071533203,-0.0027899197302758694,0.054887495934963226,0.01584823802113533,y
11,0.014820000529289246,0.0168647576123476,59,0.0600000000000005,0.0700000000000005,1226,-70.74950408935547,198.4182586669922,-0.007654883898794651,0.06490534543991089,0.01584829017519951,y
11,0.014820000529289246,0.0168647576123476,60,0.0700000000000005,0.08000000000000052,1191,-72.37605285644531,169.29563903808594,-0.010836350731551647,0.0750090554356575,0.015848055481910706,y
11,0.014820000529289246,0.0168647576123476,61,0.08000000000000052,0.09000000000000052,1232,-68.6706314086914,151.9564208984375,-0.007627770304679871,0.08511528372764587,0.015833532437682152,y
11,0.014820000529289246,0.0168647576123476,62,0.09000000000000052,0.10000000000000053,1246,-69.15422058105469,135.26429748535156,-0.00932238344103098,0.09489172697067261,0.015818657353520393,y
11,0.014820000529289246,0.0168647576123476,63,0.10000000000000053,0.11000000000000054,1230,-65.9800033569336,126.01742553710938,-0.0048555899411439896,0.10490622371435165,0.015825942158699036,y
11,0.014820000529289246,0.0168647576123476,64,0.11000000000000054,0.12000000000000055,1204,-62.832889556884766,120.7147445678711,0.0004937001504004002,0.11504940688610077,0.015818459913134575,y
11,0.014820000529289246,0.0168647576123476,65,0.12000000000000055,0.13000000000000056,1296,-64.32213592529297,111.98127746582031,-0.0026942389085888863,0.12495633214712143,0.015829671174287796,y
11,0.014820000529289246,0.0168647576123476,66,0.13000000000000056,0.14000000000000057,1354,-57.70264434814453,104.4581298828125,0.011450408026576042,0.13503152132034302,0.0158371701836586,y
11,0.014820000529289246,0.0168647576123476,67,0.14000000000000057,0.15000000000000058,1384,-58.530269622802734,100.1230697631836,0.011312509886920452,0.14500784873962402,0.015816638246178627,y
11,0.014820000529289246,0.0168647576123476,68,0.15000000000000058,0.1600000000000006,1375,-60.24454116821289,96.633056640625,0.007503847125917673,0.15493246912956238,0.015827223658561707,y
11,0.014820000529289246,0.0168647576123476,69,0.1600000000000006,0.1700000000000006,1403,-60.02285385131836,92.02580261230469,0.009501236490905285,0.16509564220905304,0.015813911333680153,y
11,0.014820000529289246,0.0168647576123476,70,0.1700000000000006,0.1800000000000006,1421,-58.62993621826172,86.48487854003906,0.014681070111691952,0.17504261434078217,0.01580905169248581,y
11,0.014820000529289246,0.0168647576123476,71,0.1800000000000006,0.1900000000000006,1431,-51.871620178222656,82.79530334472656,0.034525658935308456,0.18500182032585144,0.01585407927632332,y
11,0.014820000529289246,0.0168647576123476,72,0.1900000000000006,0.20000000000000062,1417,-49.46321487426758,78.7968521118164,0.043968524783849716,0.19489961862564087,0.01583845168352127,y
11,0.014820000529289246,0.0168647576123476,73,0.20000000000000062,0.21000000000000063,1358,-45.345115661621094,75.99606323242188,0.05930662527680397,0.20493708550930023,0.015829961746931076,y
11,0.014820000529289246,0.0168647576123476,74,0.21000000000000063,0.22000000000000064,1394,-40.80211639404297,69.77967071533203,0.07662543654441833,0.2149735689163208,0.01580585539340973,y
11,0.014820000529289246,0.0168647576123476,75,0.22000000000000064,0.23000000000000065,1541,-36.07719039916992,64.95909118652344,0.0969209372997284,0.22500358521938324,0.015806997194886208,y
11,0.014820000529289246,0.0168647576123476,76,0.23000000000000065,0.24000000000000066,1583,-34.348079681396484,62.74424743652344,0.10852137207984924,0.23503084480762482,0.015735385939478874,y
11,0.014820000529289246,0.0168647576123476,77,0.24000000000000066,0.25000000000000067,1384,-39.62541961669922,59.833831787109375,0.09280041605234146,0.24480699002742767,0.015694519504904747,y
11,0.014820000529289246,0.0168647576123476,78,0.25000000000000067,0.2600000000000007,1295,-41.08824920654297,58.49580383300781,0.09117627143859863,0.25505226850509644,0.015646327286958694,y
11,0.014820000529289246,0.0168647576123476,79,0.2600000000000007,0.2700000000000007,1326,-46.50154113769531,56.504207611083984,0.07198134064674377,0.2649247646331787,0.015677249059081078,y
11,0.014820000529289246,0.0168647576123476,80,0.2700000000000007,0.2800000000000007,1266,-54.04030227661133,55.83695602416992,0.041330691426992416,0.27488765120506287,0.015685005113482475,y
11,0.014820000529289246,0.0168647576123476,81,0.2800000000000007,0.2900000000000007,1165,-52.509681701660156,53.204349517822266,0.04950624704360962,0.28491175174713135,0.015707800164818764,y
11,0.014820000529289246,0.0168647576123476,82,0.2900000000000007,0.3000000000000007,1256,-53.096736907958984,51.79733657836914,0.04831815883517265,0.2950780689716339,0.015762222930788994,y
11,0.014820000529289246,0.0168647576123476,83,0.3000000000000007,0.3100000000000007,3020,-32.1015510559082,44.000362396240234,0.15156708657741547,0.3064705431461334,0.015767833217978477,y
11,0.014820000529289246,0.0168647576123476,84,0.3100000000000007,0.32000000000000073,5875,-23.74662208557129,38.29409408569336,0.19631840288639069,0.314492404460907,0.015786482021212578,y
11,0.014820000529289246,0.0168647576123476,85,0.32000000000000073,0.33000000000000074,3988,-17.767459869384766,33.05259704589844,0.2346898764371872,0.3253383934497833,0.015734786167740822,y
11,0.014820000529289246,0.0168647576123476,86,0.33000000000000074,0.34000000000000075,3149,-13.899996757507324,31.132205963134766,0.25996893644332886,0.3330332040786743,0.0157010518014431,y
11,0.014820000529289246,0.0168647576123476,87,0.34000000000000075,0.35000000000000075,793,-44.29986572265625,40.145347595214844,0.10402028262615204,0.34496715664863586,0.015790021046996117,y
11,0.014820000529289246,0.0168647576123476,88,0.35000000000000075,0.36000000000000076,736,-50.68501663208008,42.68376159667969,0.07138430327177048,0.3548527956008911,0.015844253823161125,y
11,0.014820000529289246,0.0168647576123476,89,0.36000000000000076,0.3700000000000008,884,-49.317806243896484,41.5135612487793,0.08095592260360718,0.36519330739974976,0.015787474811077118,y
11,0.014820000529289246,0.0168647576123476,90,0.3700000000000008,0.3800000000000008,1186,-43.235225677490234,39.76421356201172,0.11892983317375183,0.3753472864627838,0.015798551961779594,y
11,0.014820000529289246,0.0168647576123476,91,0.3800000000000008,0.3900000000000008,1795,-40.798770904541016,39.10640335083008,0.13695870339870453,0.38535019755363464,0.015785273164510727,y
11,0.014820000529289246,0.0168647576123476,92,0.3900000000000008,0.4000000000000008,2108,-45.17836380004883,39.23674392700195,0.11332447826862335,0.39463114738464355,0.015761258080601692,y
11,0.014820000529289246,0.0168647576123476,93,0.4000000000000008,0.4100000000000008,1195,-52.27452087402344,38.680213928222656,0.07023622840642929,0.40437063574790955,0.015816165134310722,y
11,0.014820000529289246,0.0168647576123476,94,0.4100000000000008,0.4200000000000008,813,-49.605045318603516,40.70097732543945,0.08935997635126114,0.41465047001838684,0.015834752470254898,y
11,0.014820000529289246,0.0168647576123476,95,0.4200000000000008,0.4300000000000008,675,-45.982627868652344,41.811859130859375,0.11638909578323364,0.42496800422668457,0.015823237597942352,y
11,0.014820000529289246,0.0168647576123476,96,0.4300000000000008,0.44000000000000083,575,-45.5045051574707,40.425872802734375,0.12415529042482376,0.43479618430137634,0.01571953482925892,y
11,0.014820000529289246,0.0168647576123476,97,0.44000000000000083,0.45000000000000084,496,-52.284976959228516,39.742923736572266,0.07930345833301544,0.44504812359809875,0.01574855111539364,y
11,0.014820000529289246,0.0168647576123476,98,0.45000000000000084,0.46000000000000085,481,-53.243370056152344,37.87034606933594,0.07260593771934509,0.45517265796661377,0.01581154204905033,y
11,0.014820000529289246,0.0168647576123476,99,0.46000000000000085,0.47000000000000086,651,-66.73756408691406,41.81986999511719,-0.024063820019364357,0.464896023273468,0.01578189618885517,y
11,0.014820000529289246,0.0168647576123476,100,0.47000000000000086,0.48000000000000087,562,-52.941192626953125,39.34764862060547,0.07561545073986053,0.47460243105888367,0.015868298709392548,y
11,0.014820000529289246,0.0168647576123476,101,0.48000000000000087,0.4900000000000009,358,-47.6711311340332,43.71986389160156,0.11838871240615845,0.4842303693294525,0.01585085690021515,y
11,0.014820000529289246,0.0168647576123476,102,0.4900000000000009,0.5000000000000009,176,-49.778995513916016,46.837059020996094,0.10443446785211563,0.4943023920059204,0.015879644080996513,y
11,0.014820000529289246,0.0168647576123476,103,0.5000000000000009,0.5100000000000009,29,-59.49054718017578,42.66605758666992,0.03712425008416176,0.5045425891876221,0.01574220135807991,y
11,0.014820000529289246,0.0168647576123476,104,0.5100000000000009,0.5200000000000009,8,-1.2124215364456177,0.7347077131271362,0.5027458667755127,0.5127139687538147,0.016043825075030327,y
12,0.0168647576123476,0.02014182768762112,0,-inf,-0.52,379,-22.56025505065918,32.67829132080078,-0.3256337642669678,-0.5473974943161011,0.01831819675862789,y
12,0.0168647576123476,0.02014182768762112,1,-0.52,-0.51,54,-41.521759033203125,35.8452033996582,-0.12489236146211624,-0.5154001116752625,0.018335795029997826,y
12,0.0168647576123476,0.02014182768762112,2,-0.51,-0.5,61,-44.89331817626953,35.128570556640625,-0.08446736633777618,-0.5043548345565796,0.018482958897948265,y
12,0.0168647576123476,0.02014182768762112,3,-0.5,-0.49,56,-50.90581130981445,36.58085632324219,-0.027910277247428894,-0.49457502365112305,0.018515219911932945,y
12,0.0168647576123476,0.02014182768762112,4,-0.49,-0.48,69,-45.04018783569336,37.606201171875,-0.08324027061462402,-0.48525023460388184,0.018488982692360878,y
12,0.0168647576123476,0.02014182768762112,5,-0.48,-0.47,77,-47.6866340637207,38.744041442871094,-0.06027491018176079,-0.47506511211395264,0.018329456448554993,y
12,0.0168647576123476,0.02014182768762112,6,-0.47,-0.45999999999999996,73,-49.81892776489258,38.53473663330078,-0.04688763990998268,-0.4646068811416626,0.0181429386138916,y
12,0.0168647576123476,0.02014182768762112,7,-0.45999999999999996,-0.44999999999999996,61,-52.217796325683594,38.91194534301758,-0.01704350858926773,-0.4546274244785309,0.018575726076960564,y
12,0.0168647576123476,0.02014182768762112,8,-0.44999999999999996,-0.43999999999999995,77,-57.33210754394531,38.68852996826172,0.023371104151010513,-0.44509822130203247,0.018378615379333496,y
12,0.0168647576123476,0.02014182768762112,9,-0.43999999999999995,-0.42999999999999994,70,-40.75807571411133,35.370628356933594,-0.1051303967833519,-0.43548646569252014,0.018587371334433556,y
12,0.0168647576123476,0.02014182768762112,10,-0.42999999999999994,-0.41999999999999993,81,-40.44088363647461,34.5373649597168,-0.11054059118032455,-0.4246610999107361,0.01829666830599308,y
12,0.0168647576123476,0.02014182768762112,11,-0.41999999999999993,-0.4099999999999999,81,-47.730838775634766,38.136600494384766,-0.048895612359046936,-0.41423001885414124,0.018438538536429405,y
12,0.0168647576123476,0.02014182768762112,12,-0.4099999999999999,-0.3999999999999999,79,-38.122901916503906,37.79501724243164,-0.11805946379899979,-0.404607892036438,0.018356474116444588,y
12,0.0168647576123476,0.02014182768762112,13,-0.3999999999999999,-0.3899999999999999,1444,-44.781898498535156,36.774600982666016,-0.07141800969839096,-0.39350414276123047,0.018366515636444092,y
12,0.0168647576123476,0.02014182768762112,14,-0.3899999999999999,-0.3799999999999999,1762,-49.64086151123047,36.82802200317383,-0.03453937917947769,-0.3857603371143341,0.01842544972896576,y
12,0.0168647576123476,0.02014182768762112,15,-0.3799999999999999,-0.3699999999999999,976,-42.45908737182617,36.1436767578125,-0.08159049600362778,-0.3748936355113983,0.01845666952431202,y
12,0.0168647576123476,0.02014182768762112,16,-0.3699999999999999,-0.3599999999999999,871,-41.96988296508789,38.044918060302734,-0.0840219184756279,-0.3652026355266571,0.018327653408050537,y
12,0.0168647576123476,0.02014182768762112,17,-0.3599999999999999,-0.34999999999999987,736,-48.103885650634766,39.099998474121094,-0.04187317192554474,-0.3548700511455536,0.01836630143225193,y
12,0.0168647576123476,0.02014182768762112,18,-0.34999999999999987,-0.33999999999999986,836,-50.143287658691406,40.83642578125,-0.028127996250987053,-0.34501001238822937,0.018396342173218727,y
12,0.0168647576123476,0.02014182768762112,19,-0.33999999999999986,-0.32999999999999985,839,-47.77141189575195,42.51750183105469,-0.03953416645526886,-0.3349164128303528,0.018416628241539,y
12,0.0168647576123476,0.02014182768762112,20,-0.32999999999999985,-0.31999999999999984,877,-42.67156219482422,42.08000183105469,-0.07040134817361832,-0.32478204369544983,0.018418926745653152,y
12,0.0168647576123476,0.02014182768762112,21,-0.31999999999999984,-0.30999999999999983,913,-41.86536407470703,43.4504280090332,-0.07186823338270187,-0.31509923934936523,0.018560325726866722,y
12,0.0168647576123476,0.02014182768762112,22,-0.30999999999999983,-0.2999999999999998,894,-41.31123733520508,43.234344482421875,-0.07326433062553406,-0.30483734607696533,0.018513914197683334,y
12,0.0168647576123476,0.02014182768762112,23,-0.2999999999999998,-0.2899999999999998,2905,-47.68946838378906,51.60852813720703,-0.03854643926024437,-0.29433345794677734,0.01828416809439659,y
12,0.0168647576123476,0.02014182768762112,24,-0.2899999999999998,-0.2799999999999998,2882,-40.989871978759766,47.5478515625,-0.07078024744987488,-0.285268098115921,0.018383407965302467,y
12,0.0168647576123476,0.02014182768762112,25,-0.2799999999999998,-0.2699999999999998,3026,-42.12664794921875,39.84212112426758,-0.060964591801166534,-0.2745205760002136,0.01845952495932579,y
12,0.0168647576123476,0.02014182768762112,26,-0.2699999999999998,-0.2599999999999998,5752,-34.865596771240234,42.96608352661133,-0.09539079666137695,-0.2651236951351166,0.018392357975244522,y
12,0.0168647576123476,0.02014182768762112,27,-0.2599999999999998,-0.24999999999999978,2341,-43.2193717956543,51.91911315917969,-0.053213123232126236,-0.2558775246143341,0.018400900065898895,y
12,0.0168647576123476,0.02014182768762112,28,-0.24999999999999978,-0.23999999999999977,1341,-56.003997802734375,58.92965316772461,0.0052940514869987965,-0.2450648844242096,0.018440064042806625,y
12,0.0168647576123476,0.02014182768762112,29,-0.23999999999999977,-0.22999999999999976,1130,-55.960052490234375,58.26791000366211,0.0064734602347016335,-0.2351885437965393,0.018467498943209648,y
12,0.0168647576123476,0.02014182768762112,30,-0.22999999999999976,-0.21999999999999975,1008,-51.06584167480469,61.17546081542969,-0.015550750307738781,-0.22511745989322662,0.01837841607630253,y
12,0.0168647576123476,0.02014182768762112,31,-0.21999999999999975,-0.20999999999999974,971,-49.663978576660156,65.17214965820312,-0.020026111975312233,-0.214927539229393,0.018322447314858437,y
12,0.0168647576123476,0.02014182768762112,32,-0.20999999999999974,-0.19999999999999973,946,-51.93476104736328,69.20482635498047,-0.010405191220343113,-0.2049141824245453,0.01833014376461506,y
12,0.0168647576123476,0.02014182768762112,33,-0.19999999999999973,-0.18999999999999972,992,-51.18478012084961,72.24752044677734,-0.012662399560213089,-0.19500449299812317,0.018359864130616188,y
12,0.0168647576123476,0.02014182768762112,34,-0.18999999999999972,-0.17999999999999972,1071,-47.570289611816406,74.95285034179688,-0.02308885008096695,-0.18494422733783722,0.018404072150588036,y
12,0.0168647576123476,0.02014182768762112,35,-0.17999999999999972,-0.1699999999999997,1105,-49.13645935058594,80.46392822265625,-0.01776904985308647,-0.17491836845874786,0.018371034413576126,y
12,0.0168647576123476,0.02014182768762112,36,-0.1699999999999997,-0.1599999999999997,1151,-54.750823974609375,85.91752624511719,0.0019192881882190704,-0.16496309638023376,0.018369780853390694,y
12,0.0168647576123476,0.02014182768762112,37,-0.1599999999999997,-0.1499999999999997,1166,-56.724021911621094,90.27786254882812,0.006125327665358782,-0.1550532877445221,0.01824284717440605,y
12,0.0168647576123476,0.02014182768762112,38,-0.1499999999999997,-0.13999999999999968,1103,-61.753719329833984,96.63301086425781,0.01812797784805298,-0.14501598477363586,0.01821361482143402,y
12,0.0168647576123476,0.02014182768762112,39,-0.13999999999999968,-0.12999999999999967,1045,-61.63062286376953,103.17818450927734,0.016874276101589203,-0.13501901924610138,0.01824904978275299,y
12,0.0168647576123476,0.02014182768762112,40,-0.12999999999999967,-0.11999999999999966,1046,-64.48434448242188,108.06045532226562,0.023335808888077736,-0.1250172108411789,0.018315866589546204,y
12,0.0168647576123476,0.02014182768762112,41,-0.11999999999999966,-0.10999999999999965,1043,-71.09051513671875,115.16638946533203,0.03481902927160263,-0.11491784453392029,0.01836242713034153,y
12,0.0168647576123476,0.02014182768762112,42,-0.10999999999999965,-0.09999999999999964,1054,-76.68373107910156,126.01908111572266,0.04230355843901634,-0.1049315333366394,0.0183746088296175,y
12,0.0168647576123476,0.02014182768762112,43,-0.09999999999999964,-0.08999999999999964,1086,-90.52130889892578,134.8477783203125,0.0630001425743103,-0.09502049535512924,0.01842680014669895,y
12,0.0168647576123476,0.02014182768762112,44,-0.08999999999999964,-0.07999999999999963,1095,-89.14562225341797,149.95147705078125,0.054450105875730515,-0.08504308760166168,0.018473941832780838,y
12,0.0168647576123476,0.02014182768762112,45,-0.07999999999999963,-0.06999999999999962,1067,-98.2438735961914,163.4247283935547,0.06040731444954872,-0.07505594938993454,0.018428698182106018,y
12,0.0168647576123476,0.02014182768762112,46,-0.06999999999999962,-0.05999999999999961,1132,-93.16549682617188,189.027587890625,0.045429062098264694,-0.06503717601299286,0.018378175795078278,y
12,0.0168647576123476,0.02014182768762112,47,-0.05999999999999961,-0.0499999999999996,1132,-86.40594482421875,221.6854705810547,0.03135913610458374,-0.05505356192588806,0.01829136162996292,y
12,0.0168647576123476,0.02014182768762112,48,-0.0499999999999996,-0.03999999999999959,1157,-92.56881713867188,271.16070556640625,0.030436329543590546,-0.04501776769757271,0.018240079283714294,y
12,0.0168647576123476,0.02014182768762112,49,-0.03999999999999959,-0.029999999999999583,1181,-96.85592651367188,353.6034851074219,0.02584276907145977,-0.03497171774506569,0.018209878355264664,y
12,0.0168647576123476,0.02014182768762112,50,-0.029999999999999583,-0.019999999999999574,1199,-106.26597595214844,484.6814880371094,0.023181037977337837,-0.024903642013669014,0.018233228474855423,y
12,0.0168647576123476,0.02014182768762112,51,-0.019999999999999574,-0.009999999999999565,1186,-182.39097595214844,824.0744018554688,0.03305212780833244,-0.014982400462031364,0.018224414438009262,y
12,0.0168647576123476,0.02014182768762112,52,-0.009999999999999565,4.440892098500626e-16,1148,-623.6907348632812,3563.6103515625,0.038642171770334244,-0.005566417705267668,0.018244251608848572,y
12,0.0168647576123476,0.02014182768762112,53,4.440892098500626e-16,0.010000000000000453,1192,758.51953125,3730.182373046875,0.05073057860136032,0.005534683354198933,0.01828848198056221,y
12,0.0168647576123476,0.02014182768762112,54,0.010000000000000453,0.020000000000000462,1293,153.3104248046875,816.2023315429688,0.055332135409116745,0.01501522958278656,0.01840122416615486,y
12,0.0168647576123476,0.02014182768762112,55,0.020000000000000462,0.03000000000000047,1261,50.29698181152344,471.4953918457031,0.048508163541555405,0.024951230734586716,0.018342701718211174,y
12,0.0168647576123476,0.02014182768762112,56,0.03000000000000047,0.04000000000000048,1273,16.697011947631836,335.0570983886719,0.046045415103435516,0.035039592534303665,0.018344372510910034,y
12,0.0168647576123476,0.02014182768762112,57,0.04000000000000048,0.05000000000000049,1270,8.488805770874023,263.25933837890625,0.052982792258262634,0.04500413313508034,0.018354730680584908,y
12,0.0168647576123476,0.02014182768762112,58,0.05000000000000049,0.0600000000000005,1315,-5.8318023681640625,218.9554901123047,0.050950147211551666,0.055067598819732666,0.01838754490017891,y
12,0.0168647576123476,0.02014182768762112,59,0.0600000000000005,0.0700000000000005,1327,-14.235224723815918,184.86180114746094,0.0497240349650383,0.06504348665475845,0.01837312802672386,y
12,0.0168647576123476,0.02014182768762112,60,0.0700000000000005,0.08000000000000052,1399,-21.84902572631836,164.75364685058594,0.04681967943906784,0.07496997714042664,0.018345559015870094,y
12,0.0168647576123476,0.02014182768762112,61,0.08000000000000052,0.09000000000000052,1402,-24.29697036743164,141.33079528808594,0.0490880124270916,0.0849558413028717,0.018367966637015343,y
12,0.0168647576123476,0.02014182768762112,62,0.09000000000000052,0.10000000000000053,1331,-21.435544967651367,124.69756317138672,0.0591779462993145,0.09507312625646591,0.018363554030656815,y
12,0.0168647576123476,0.02014182768762112,63,0.10000000000000053,0.11000000000000054,1453,-20.971349716186523,112.97166442871094,0.06660441309213638,0.10500016063451767,0.01839149370789528,y
12,0.0168647576123476,0.02014182768762112,64,0.11000000000000054,0.12000000000000055,1473,-25.18208122253418,103.74628448486328,0.06351536512374878,0.1150001659989357,0.018354112282395363,y
12,0.0168647576123476,0.02014182768762112,65,0.12000000000000055,0.13000000000000056,1379,-26.839115142822266,99.17106628417969,0.06465188413858414,0.12495328485965729,0.018359318375587463,y
12,0.0168647576123476,0.02014182768762112,66,0.13000000000000056,0.14000000000000057,1373,-27.94487953186035,94.47537231445312,0.06770248711109161,0.1349252611398697,0.01832428388297558,y
12,0.0168647576123476,0.02014182768762112,67,0.14000000000000057,0.15000000000000058,1348,-29.92205238342285,89.99694061279297,0.06765827536582947,0.14501526951789856,0.01825648732483387,y
12,0.0168647576123476,0.02014182768762112,68,0.15000000000000058,0.1600000000000006,1313,-28.14055633544922,82.44983673095703,0.0759582370519638,0.15498165786266327,0.018256234005093575,y
12,0.0168647576123476,0.02014182768762112,69,0.1600000000000006,0.1700000000000006,1334,-30.453550338745117,78.16024780273438,0.0730821043252945,0.16504280269145966,0.01824740134179592,y
12,0.0168647576123476,0.02014182768762112,70,0.1700000000000006,0.1800000000000006,1292,-32.606353759765625,75.43516540527344,0.07053710520267487,0.17504878342151642,0.018261773511767387,y
12,0.0168647576123476,0.02014182768762112,71,0.1800000000000006,0.1900000000000006,1210,-33.735477447509766,69.56476593017578,0.07175689190626144,0.1849738359451294,0.018311912193894386,y
12,0.0168647576123476,0.02014182768762112,72,0.1900000000000006,0.20000000000000062,1222,-36.971031188964844,65.61107635498047,0.06564103811979294,0.19502553343772888,0.018271034583449364,y
12,0.0168647576123476,0.02014182768762112,73,0.20000000000000062,0.21000000000000063,1264,-28.452571868896484,60.59721755981445,0.10074696689844131,0.2049550861120224,0.018315890803933144,y
12,0.0168647576123476,0.02014182768762112,74,0.21000000000000063,0.22000000000000064,1258,-28.497251510620117,58.44829177856445,0.10492777824401855,0.21503350138664246,0.018285948783159256,y
12,0.0168647576123476,0.02014182768762112,75,0.22000000000000064,0.23000000000000065,1286,-30.843036651611328,55.79618835449219,0.09891683608293533,0.2250802367925644,0.018298912793397903,y
12,0.0168647576123476,0.02014182768762112,76,0.23000000000000065,0.24000000000000066,1264,-30.438161849975586,52.75304412841797,0.103938028216362,0.23496203124523163,0.018392248079180717,y
12,0.0168647576123476,0.02014182768762112,77,0.24000000000000066,0.25000000000000067,1181,-32.866546630859375,50.20674514770508,0.09840254485607147,0.24492031335830688,0.018398433923721313,y
12,0.0168647576123476,0.02014182768762112,78,0.25000000000000067,0.2600000000000007,1203,-34.12910461425781,47.79924392700195,0.09562963247299194,0.25485166907310486,0.01840962842106819,y
12,0.0168647576123476,0.02014182768762112,79,0.2600000000000007,0.2700000000000007,1145,-37.76214599609375,46.842742919921875,0.08117065578699112,0.2650417387485504,0.018468990921974182,y
12,0.0168647576123476,0.02014182768762112,80,0.2700000000000007,0.2800000000000007,1185,-42.03206253051758,46.95624542236328,0.06413007527589798,0.27500754594802856,0.018419981002807617,y
12,0.0168647576123476,0.02014182768762112,81,0.2800000000000007,0.2900000000000007,1151,-48.251182556152344,47.2576789855957,0.03205975890159607,0.28485074639320374,0.018496403470635414,y
12,0.0168647576123476,0.02014182768762112,82,0.2900000000000007,0.3000000000000007,1309,-46.67676544189453,45.86159133911133,0.04196513071656227,0.2952583134174347,0.018375687301158905,y
12,0.0168647576123476,0.02014182768762112,83,0.3000000000000007,0.3100000000000007,2968,-27.190492630004883,40.00551223754883,0.15466904640197754,0.3063873052597046,0.018341461196541786,y
12,0.0168647576123476,0.02014182768762112,84,0.3100000000000007,0.32000000000000073,5090,-21.71624183654785,36.30951690673828,0.18998025357723236,0.31467998027801514,0.018248237669467926,y
12,0.0168647576123476,0.02014182768762112,85,0.32000000000000073,0.33000000000000074,3412,-19.308992385864258,32.41389083862305,0.21023783087730408,0.32552415132522583,0.018327319994568825,y
12,0.0168647576123476,0.02014182768762112,86,0.33000000000000074,0.34000000000000075,2032,-20.79365348815918,32.156002044677734,0.20594394207000732,0.33328911662101746,0.01831139251589775,y
12,0.0168647576123476,0.02014182768762112,87,0.34000000000000075,0.35000000000000075,653,-40.7395133972168,38.40315246582031,0.08694890886545181,0.3449302315711975,0.018378520384430885,y
12,0.0168647576123476,0.02014182768762112,88,0.35000000000000075,0.36000000000000076,768,-37.312740325927734,37.01176834106445,0.11233041435480118,0.3553663194179535,0.018247323110699654,y
12,0.0168647576123476,0.02014182768762112,89,0.36000000000000076,0.3700000000000008,1009,-36.99197006225586,36.36888122558594,0.11712837964296341,0.3651798665523529,0.018355147913098335,y
12,0.0168647576123476,0.02014182768762112,90,0.3700000000000008,0.3800000000000008,1213,-39.92880630493164,36.050052642822266,0.09954815357923508,0.37522584199905396,0.018427258357405663,y
12,0.0168647576123476,0.02014182768762112,91,0.3800000000000008,0.3900000000000008,1841,-39.745399475097656,34.86865234375,0.10525692254304886,0.3853618800640106,0.018329201266169548,y
12,0.0168647576123476,0.02014182768762112,92,0.3900000000000008,0.4000000000000008,2238,-39.8197021484375,35.8222541809082,0.10589040070772171,0.39482754468917847,0.01840064488351345,y
12,0.0168647576123476,0.02014182768762112,93,0.4000000000000008,0.4100000000000008,1544,-43.40178680419922,34.17527389526367,0.0814468041062355,0.40442588925361633,0.018437005579471588,y
12,0.0168647576123476,0.02014182768762112,94,0.4100000000000008,0.4200000000000008,883,-43.19725799560547,35.19321823120117,0.08637366443872452,0.41476595401763916,0.018348073586821556,y
12,0.0168647576123476,0.02014182768762112,95,0.4200000000000008,0.4300000000000008,727,-46.157470703125,37.786808013916016,0.06594575941562653,0.4248946011066437,0.018376054242253304,y
12,0.0168647576123476,0.02014182768762112,96,0.4300000000000008,0.44000000000000083,605,-45.62637710571289,36.94325637817383,0.07021317631006241,0.43476128578186035,0.018382256850600243,y
12,0.0168647576123476,0.02014182768762112,97,0.44000000000000083,0.45000000000000084,577,-49.528594970703125,34.63092041015625,0.03953234851360321,0.4450737535953522,0.01840895041823387,y
12,0.0168647576123476,0.02014182768762112,98,0.45000000000000084,0.46000000000000085,658,-53.93130111694336,33.22636032104492,0.0025090533308684826,0.4553043246269226,0.018461190164089203,y
12,0.0168647576123476,0.02014182768762112,99,0.46000000000000085,0.47000000000000086,663,-51.90306854248047,35.014610290527344,0.023671278730034828,0.4651683568954468,0.01834506168961525,y
12,0.0168647576123476,0.02014182768762112,100,0.47000000000000086,0.48000000000000087,775,-58.52935028076172,33.98905563354492,-0.037706486880779266,0.4746699333190918,0.018450215458869934,y
12,0.0168647576123476,0.02014182768762112,101,0.48000000000000087,0.4900000000000009,538,-41.742042541503906,38.091766357421875,0.11162018775939941,0.4845433533191681,0.018455862998962402,y
12,0.0168647576123476,0.02014182768762112,102,0.4900000000000009,0.5000000000000009,246,-36.00542449951172,40.11666488647461,0.16924414038658142,0.4946828782558441,0.018371257930994034,y
12,0.0168647576123476,0.02014182768762112,103,0.5000000000000009,0.5100000000000009,96,-13.800655364990234,29.372610092163086,0.3730015456676483,0.5033199191093445,0.018871882930397987,y
12,0.0168647576123476,0.02014182768762112,104,0.5100000000000009,0.5200000000000009,6,-0.934161901473999,0.8856245279312134,0.5056958794593811,0.514880895614624,0.018983541056513786,y
13,0.02014182768762112,0.025558633357286455,0,-inf,-0.52,430,-18.937271118164062,28.229578018188477,-0.3150712549686432,-0.5504486560821533,0.02276640012860298,y
13,0.02014182768762112,0.025558633357286455,1,-0.52,-0.51,78,-37.78053665161133,31.634382247924805,-0.07787729799747467,-0.5147322416305542,0.022711845114827156,y
13,0.02014182768762112,0.025558633357286455,2,-0.51,-0.5,74,-38.645362854003906,30.767379760742188,-0.06279504299163818,-0.5050512552261353,0.022814327850937843,y
13,0.02014182768762112,0.025558633357286455,3,-0.5,-0.49,80,-42.89105224609375,30.909137725830078,-0.01675591804087162,-0.4950289726257324,0.022704217582941055,y
13,0.02014182768762112,0.025558633357286455,4,-0.49,-0.48,79,-40.74112319946289,29.77247428894043,-0.04449848085641861,-0.48493722081184387,0.022602900862693787,y
13,0.02014182768762112,0.025558633357286455,5,-0.48,-0.47,80,-42.66019058227539,29.327163696289062,-0.018521742895245552,-0.4750078618526459,0.022692041471600533,y
13,0.02014182768762112,0.025558633357286455,6,-0.47,-0.45999999999999996,69,-44.4294319152832,31.21959686279297,-0.00968145951628685,-0.4648647606372833,0.022311478853225708,y
13,0.02014182768762112,0.025558633357286455,7,-0.45999999999999996,-0.44999999999999996,67,-47.864112854003906,34.73263931274414,0.03269055858254433,-0.4546654224395752,0.022785769775509834,y
13,0.02014182768762112,0.025558633357286455,8,-0.44999999999999996,-0.43999999999999995,70,-40.49867630004883,33.74599838256836,-0.03976248949766159,-0.44537776708602905,0.022671548649668694,y
13,0.02014182768762112,0.025558633357286455,9,-0.43999999999999995,-0.42999999999999994,88,-45.827640533447266,34.791603088378906,0.018226109445095062,-0.4349450170993805,0.02277587726712227,y
13,0.02014182768762112,0.025558633357286455,10,-0.42999999999999994,-0.41999999999999993,72,-33.771087646484375,29.071889877319336,-0.10325879603624344,-0.42489200830459595,0.02245548740029335,y
13,0.02014182768762112,0.025558633357286455,11,-0.41999999999999993,-0.4099999999999999,65,-29.482515335083008,29.952686309814453,-0.13659876585006714,-0.4152313768863678,0.02277248725295067,y
13,0.02014182768762112,0.025558633357286455,12,-0.4099999999999999,-0.3999999999999999,95,-35.58794021606445,32.33720016479492,-0.07501716911792755,-0.4043242931365967,0.02266233041882515,y
13,0.02014182768762112,0.025558633357286455,13,-0.3999999999999999,-0.3899999999999999,1835,-33.425411224365234,29.899656295776367,-0.09522292017936707,-0.3934744596481323,0.022748330608010292,y
13,0.02014182768762112,0.025558633357286455,14,-0.3899999999999999,-0.3799999999999999,2085,-36.98759460449219,30.453969955444336,-0.0653710588812828,-0.38585785031318665,0.022695356979966164,y
13,0.02014182768762112,0.025558633357286455,15,-0.3799999999999999,-0.3699999999999999,945,-38.23359680175781,33.61014938354492,-0.050956372171640396,-0.3751228451728821,0.02261319011449814,y
13,0.02014182768762112,0.025558633357286455,16,-0.3699999999999999,-0.3599999999999999,934,-33.026405334472656,32.88373565673828,-0.09262409806251526,-0.36500558257102966,0.0227207038551569,y
13,0.02014182768762112,0.025558633357286455,17,-0.3599999999999999,-0.34999999999999987,819,-40.61690139770508,36.358882904052734,-0.029956607148051262,-0.3553890883922577,0.02262640930712223,y
13,0.02014182768762112,0.025558633357286455,18,-0.34999999999999987,-0.33999999999999986,636,-37.128150939941406,36.18245315551758,-0.05556803569197655,-0.34522199630737305,0.02271909825503826,y
13,0.02014182768762112,0.025558633357286455,19,-0.33999999999999986,-0.32999999999999985,600,-36.31204605102539,37.05918884277344,-0.062246356159448624,-0.3349716067314148,0.022573081776499748,y
13,0.02014182768762112,0.025558633357286455,20,-0.32999999999999985,-0.31999999999999984,691,-40.443119049072266,38.20188903808594,-0.03351640701293945,-0.32487916946411133,0.02225963957607746,y
13,0.02014182768762112,0.025558633357286455,21,-0.31999999999999984,-0.30999999999999983,902,-40.18789291381836,37.643470764160156,-0.03342275321483612,-0.31478992104530334,0.022361446171998978,y
13,0.02014182768762112,0.025558633357286455,22,-0.30999999999999983,-0.2999999999999998,1059,-35.925682067871094,36.99644470214844,-0.06150491535663605,-0.304718554019928,0.02242317982017994,y
13,0.02014182768762112,0.025558633357286455,23,-0.2999999999999998,-0.2899999999999998,1992,-32.29127883911133,36.468536376953125,-0.08265198767185211,-0.2940138876438141,0.022532645612955093,y
13,0.02014182768762112,0.025558633357286455,24,-0.2899999999999998,-0.2799999999999998,2487,-32.60100173950195,34.22481918334961,-0.07816044241189957,-0.2851387560367584,0.022434884682297707,y
13,0.02014182768762112,0.025558633357286455,25,-0.2799999999999998,-0.2699999999999998,3159,-36.10715866088867,33.766258239746094,-0.05306435003876686,-0.2741769254207611,0.022492079064249992,y
13,0.02014182768762112,0.025558633357286455,26,-0.2699999999999998,-0.2599999999999998,5945,-33.507999420166016,37.0366325378418,-0.06404440104961395,-0.26504966616630554,0.022672001272439957,y
13,0.02014182768762112,0.025558633357286455,27,-0.2599999999999998,-0.24999999999999978,2425,-36.175025939941406,42.04893112182617,-0.04668283835053444,-0.2559932768344879,0.022684292867779732,y
13,0.02014182768762112,0.025558633357286455,28,-0.24999999999999978,-0.23999999999999977,1513,-40.80561828613281,46.57553482055664,-0.01884159818291664,-0.2452767938375473,0.022672448307275772,y
13,0.02014182768762112,0.025558633357286455,29,-0.23999999999999977,-0.22999999999999976,1135,-35.544708251953125,47.967254638671875,-0.0445256344974041,-0.23500260710716248,0.022917522117495537,y
13,0.02014182768762112,0.025558633357286455,30,-0.22999999999999976,-0.21999999999999975,1068,-37.14304733276367,49.873958587646484,-0.03538700193166733,-0.22501948475837708,0.02277330867946148,y
13,0.02014182768762112,0.025558633357286455,31,-0.21999999999999975,-0.20999999999999974,1095,-35.754520416259766,51.04717254638672,-0.040632884949445724,-0.21503809094429016,0.0227066557854414,y
13,0.02014182768762112,0.025558633357286455,32,-0.20999999999999974,-0.19999999999999973,1081,-34.9139404296875,53.10369110107422,-0.04336589574813843,-0.20499557256698608,0.02270384319126606,y
13,0.02014182768762112,0.025558633357286455,33,-0.19999999999999973,-0.18999999999999972,1103,-39.666954040527344,57.501739501953125,-0.02070504054427147,-0.19492009282112122,0.02273913100361824,y
13,0.02014182768762112,0.025558633357286455,34,-0.18999999999999972,-0.17999999999999972,1133,-44.88932418823242,62.199520111083984,0.001608150778338313,-0.18505683541297913,0.022853439673781395,y
13,0.02014182768762112,0.025558633357286455,35,-0.17999999999999972,-0.1699999999999997,1174,-48.54245376586914,66.78585815429688,0.012667727656662464,-0.17505943775177002,0.022672172635793686,y
13,0.02014182768762112,0.025558633357286455,36,-0.1699999999999997,-0.1599999999999997,1192,-40.199684143066406,69.20289611816406,-0.01763731986284256,-0.16500163078308105,0.022756166756153107,y
13,0.02014182768762112,0.025558633357286455,37,-0.1599999999999997,-0.1499999999999997,1219,-35.80794906616211,70.1221694946289,-0.03220681473612785,-0.15492360293865204,0.022754497826099396,y
13,0.02014182768762112,0.025558633357286455,38,-0.1499999999999997,-0.13999999999999968,1246,-31.1146297454834,72.94971466064453,-0.04643135517835617,-0.14486899971961975,0.022762099280953407,y
13,0.02014182768762112,0.025558633357286455,39,-0.13999999999999968,-0.12999999999999967,1271,-31.587505340576172,78.05329132080078,-0.04213748127222061,-0.13496620953083038,0.022760014981031418,y
13,0.02014182768762112,0.025558633357286455,40,-0.12999999999999967,-0.11999999999999966,1270,-30.58158302307129,83.1463623046875,-0.04145228490233421,-0.12501008808612823,0.022729920223355293,y
13,0.02014182768762112,0.025558633357286455,41,-0.11999999999999966,-0.10999999999999965,1294,-29.446130752563477,89.64202880859375,-0.04203113168478012,-0.1149853765964508,0.022671028971672058,y
13,0.02014182768762112,0.025558633357286455,42,-0.10999999999999965,-0.09999999999999964,1242,-28.679153442382812,97.4088134765625,-0.040895070880651474,-0.10495943576097488,0.022602133452892303,y
13,0.02014182768762112,0.025558633357286455,43,-0.09999999999999964,-0.08999999999999964,1243,-29.55155372619629,110.97820281982422,-0.035108208656311035,-0.09502163529396057,0.022643238306045532,y
13,0.02014182768762112,0.025558633357286455,44,-0.08999999999999964,-0.07999999999999963,1252,-35.46669387817383,126.01153564453125,-0.02020173706114292,-0.08506044000387192,0.02267247624695301,y
13,0.02014182768762112,0.025558633357286455,45,-0.07999999999999963,-0.06999999999999962,1246,-42.72722625732422,143.76307678222656,-0.005877919029444456,-0.07500235736370087,0.02255074493587017,y
13,0.02014182768762112,0.025558633357286455,46,-0.06999999999999962,-0.05999999999999961,1205,-54.136436462402344,166.0438995361328,0.011312239803373814,-0.0649288222193718,0.022609049454331398,y
13,0.02014182768762112,0.025558633357286455,47,-0.05999999999999961,-0.0499999999999996,1202,-69.25335693359375,200.274658203125,0.027564577758312225,-0.054930198937654495,0.022579796612262726,y
13,0.02014182768762112,0.025558633357286455,48,-0.0499999999999996,-0.03999999999999959,1165,-75.02334594726562,248.9949951171875,0.028486529365181923,-0.044985439628362656,0.022632943466305733,y
13,0.02014182768762112,0.025558633357286455,49,-0.03999999999999959,-0.029999999999999583,1196,-107.9775161743164,321.942138671875,0.047352135181427,-0.03500327840447426,0.02268776297569275,y
13,0.02014182768762112,0.025558633357286455,50,-0.029999999999999583,-0.019999999999999574,1193,-138.26612854003906,450.778564453125,0.04925484210252762,-0.02504614181816578,0.022731369361281395,y
13,0.02014182768762112,0.025558633357286455,51,-0.019999999999999574,-0.009999999999999565,1210,-221.02133178710938,795.7520141601562,0.05748544633388519,-0.014906410127878189,0.02266121283173561,y
13,0.02014182768762112,0.025558633357286455,52,-0.009999999999999565,4.440892098500626e-16,1047,-707.9840087890625,3725.961669921875,0.06569588929414749,-0.005440463311970234,0.02256818674504757,y
13,0.02014182768762112,0.025558633357286455,53,4.440892098500626e-16,0.010000000000000453,1076,814.5242309570312,3584.786865234375,0.06849105656147003,0.005390276201069355,0.022541509941220284,y
13,0.02014182768762112,0.025558633357286455,54,0.010000000000000453,0.020000000000000462,1217,187.00408935546875,754.6575317382812,0.07211538404226303,0.015089650638401508,0.0224610585719347,y
13,0.02014182768762112,0.025558633357286455,55,0.020000000000000462,0.03000000000000047,1254,113.7356185913086,429.8568115234375,0.08464258164167404,0.025108635425567627,0.022357873618602753,y
13,0.02014182768762112,0.025558633357286455,56,0.03000000000000047,0.04000000000000048,1290,67.99337768554688,305.8942565917969,0.0844988003373146,0.035000331699848175,0.022380802780389786,y
13,0.02014182768762112,0.025558633357286455,57,0.04000000000000048,0.05000000000000049,1330,38.683956146240234,238.05343627929688,0.08176825940608978,0.04500557854771614,0.022396432235836983,y
13,0.02014182768762112,0.025558633357286455,58,0.05000000000000049,0.0600000000000005,1328,20.54830551147461,192.6554412841797,0.07884520292282104,0.05501500144600868,0.022451108321547508,y
13,0.02014182768762112,0.025558633357286455,59,0.0600000000000005,0.0700000000000005,1324,14.670307159423828,164.3885955810547,0.0855485200881958,0.06500237435102463,0.02244451269507408,y
13,0.02014182768762112,0.025558633357286455,60,0.0700000000000005,0.08000000000000052,1276,5.969519138336182,140.7473907470703,0.08433444797992706,0.0749591663479805,0.022489424794912338,y
13,0.02014182768762112,0.025558633357286455,61,0.08000000000000052,0.09000000000000052,1308,-1.5208176374435425,123.82929229736328,0.08057831972837448,0.08499090373516083,0.022524632513523102,y
13,0.02014182768762112,0.025558633357286455,62,0.09000000000000052,0.10000000000000053,1293,-7.2934417724609375,109.09892272949219,0.07803802937269211,0.09502344578504562,0.02245953679084778,y
13,0.02014182768762112,0.025558633357286455,63,0.10000000000000053,0.11000000000000054,1260,-20.25861167907715,100.50969696044922,0.056183163076639175,0.10503464937210083,0.022560663521289825,y
13,0.02014182768762112,0.025558633357286455,64,0.11000000000000054,0.12000000000000055,1258,-23.365713119506836,91.3370590209961,0.054786451160907745,0.1150437742471695,0.02264263853430748,y
13,0.02014182768762112,0.025558633357286455,65,0.12000000000000055,0.13000000000000056,1288,-22.771484375,83.47456359863281,0.061223048716783524,0.1250072568655014,0.022528592497110367,y
13,0.02014182768762112,0.025558633357286455,66,0.13000000000000056,0.14000000000000057,1298,-26.56272315979004,75.52210235595703,0.05579865723848343,0.13506054878234863,0.022578643634915352,y
13,0.02014182768762112,0.025558633357286455,67,0.14000000000000057,0.15000000000000058,1232,-28.960309982299805,70.79793548583984,0.05165483430027962,0.14496451616287231,0.022595802322030067,y
13,0.02014182768762112,0.025558633357286455,68,0.15000000000000058,0.1600000000000006,1250,-26.97957420349121,66.39993286132812,0.061993200331926346,0.1549122929573059,0.022550350055098534,y
13,0.02014182768762112,0.025558633357286455,69,0.1600000000000006,0.1700000000000006,1229,-21.412399291992188,59.249996185302734,0.08582955598831177,0.16495022177696228,0.02261359430849552,y
13,0.02014182768762112,0.025558633357286455,70,0.1700000000000006,0.1800000000000006,1111,-16.53732681274414,52.31645584106445,0.10982690006494522,0.17494900524616241,0.02262391895055771,y
13,0.02014182768762112,0.025558633357286455,71,0.1800000000000006,0.1900000000000006,1095,-14.043990135192871,47.61128234863281,0.12574301660060883,0.1848859041929245,0.022629432380199432,y
13,0.02014182768762112,0.025558633357286455,72,0.1900000000000006,0.20000000000000062,1043,-13.610190391540527,46.64593505859375,0.1339147984981537,0.19495895504951477,0.02250034548342228,y
13,0.02014182768762112,0.025558633357286455,73,0.20000000000000062,0.21000000000000063,1010,-18.365781784057617,45.108341217041016,0.11954034119844437,0.20507150888442993,0.02255232259631157,y
13,0.02014182768762112,0.025558633357286455,74,0.21000000000000063,0.22000000000000064,1054,-18.58757972717285,44.957275390625,0.12553930282592773,0.21491046249866486,0.022468050941824913,y
13,0.02014182768762112,0.025558633357286455,75,0.22000000000000064,0.23000000000000065,1096,-15.052295684814453,41.687042236328125,0.14800134301185608,0.22481030225753784,0.022512052208185196,y
13,0.02014182768762112,0.025558633357286455,76,0.23000000000000065,0.24000000000000066,1068,-23.677602767944336,40.45976638793945,0.1095799133181572,0.2349400669336319,0.022480979561805725,y
13,0.02014182768762112,0.025558633357286455,77,0.24000000000000066,0.25000000000000067,1009,-22.07052230834961,37.384037017822266,0.12296542525291443,0.24502070248126984,0.022655393928289413,y
13,0.02014182768762112,0.025558633357286455,78,0.25000000000000067,0.2600000000000007,997,-23.88105583190918,37.47102355957031,0.11586900800466537,0.25508612394332886,0.02278565615415573,y
13,0.02014182768762112,0.025558633357286455,79,0.2600000000000007,0.2700000000000007,950,-22.02358055114746,34.84611129760742,0.1326170712709427,0.26483410596847534,0.022745992988348007,y
13,0.02014182768762112,0.025558633357286455,80,0.2700000000000007,0.2800000000000007,925,-27.127931594848633,35.09941101074219,0.1065153032541275,0.2749210596084595,0.022707127034664154,y
13,0.02014182768762112,0.025558633357286455,81,0.2800000000000007,0.2900000000000007,1058,-30.95353126525879,35.87514877319336,0.08714929968118668,0.2851333022117615,0.022579848766326904,y
13,0.02014182768762112,0.025558633357286455,82,0.2900000000000007,0.3000000000000007,1176,-33.846561431884766,38.961917877197266,0.07261601090431213,0.29522213339805603,0.0225716233253479,y
13,0.02014182768762112,0.025558633357286455,83,0.3000000000000007,0.3100000000000007,3168,-21.230791091918945,33.169315338134766,0.160307839512825,0.30609130859375,0.02265082858502865,y
13,0.02014182768762112,0.025558633357286455,84,0.3100000000000007,0.32000000000000073,4801,-20.92305564880371,30.334505081176758,0.16415360569953918,0.31447121500968933,0.022757982835173607,y
13,0.02014182768762112,0.025558633357286455,85,0.32000000000000073,0.33000000000000074,3148,-20.081832885742188,28.46955108642578,0.17655396461486816,0.3256160318851471,0.022772012278437614,y
13,0.02014182768762112,0.025558633357286455,86,0.33000000000000074,0.34000000000000075,2198,-23.293495178222656,26.720508575439453,0.1569869965314865,0.334018349647522,0.022797955200076103,y
13,0.02014182768762112,0.025558633357286455,87,0.34000000000000075,0.35000000000000075,916,-27.839054107666016,30.757291793823242,0.12684473395347595,0.3445184826850891,0.02268916554749012,y
13,0.02014182768762112,0.025558633357286455,88,0.35000000000000075,0.36000000000000076,837,-32.802364349365234,31.542247772216797,0.09209407866001129,0.3553573489189148,0.02273617871105671,y
13,0.02014182768762112,0.025558633357286455,89,0.36000000000000076,0.3700000000000008,987,-34.68312454223633,30.86302375793457,0.07968931645154953,0.3650168776512146,0.02263132482767105,y
13,0.02014182768762112,0.025558633357286455,90,0.3700000000000008,0.3800000000000008,1106,-32.546268463134766,30.63759422302246,0.10254999995231628,0.3751165270805359,0.022494066506624222,y
13,0.02014182768762112,0.025558633357286455,91,0.3800000000000008,0.3900000000000008,1429,-28.7723445892334,28.519771575927734,0.13742198050022125,0.3855166733264923,0.02254439704120159,y
13,0.02014182768762112,0.025558633357286455,92,0.3900000000000008,0.4000000000000008,2137,-32.54937744140625,28.587677001953125,0.1044781357049942,0.39453354477882385,0.022673506289720535,y
13,0.02014182768762112,0.025558633357286455,93,0.4000000000000008,0.4100000000000008,1799,-38.2076416015625,28.474966049194336,0.055416420102119446,0.4049835503101349,0.022661693394184113,y
13,0.02014182768762112,0.025558633357286455,94,0.4100000000000008,0.4200000000000008,1231,-38.144142150878906,28.465185165405273,0.05323563888669014,0.41457653045654297,0.02288270741701126,y
13,0.02014182768762112,0.025558633357286455,95,0.4200000000000008,0.4300000000000008,957,-39.513832092285156,28.45296287536621,0.04299106448888779,0.4250366687774658,0.022807827219367027,y
13,0.02014182768762112,0.025558633357286455,96,0.4300000000000008,0.44000000000000083,887,-40.51637649536133,27.984378814697266,0.03666776046156883,0.43486660718917847,0.02272571250796318,y
13,0.02014182768762112,0.025558633357286455,97,0.44000000000000083,0.45000000000000084,711,-42.4576530456543,27.190738677978516,0.016798850148916245,0.4449138343334198,0.02275080606341362,y
13,0.02014182768762112,0.025558633357286455,98,0.45000000000000084,0.46000000000000085,766,-42.10763168334961,26.68060874938965,0.01967691443860531,0.45511525869369507,0.022722531110048294,y
13,0.02014182768762112,0.025558633357286455,99,0.46000000000000085,0.47000000000000086,885,-41.218563079833984,27.099834442138672,0.02997520938515663,0.46505236625671387,0.02277207002043724,y
13,0.02014182768762112,0.025558633357286455,100,0.47000000000000086,0.48000000000000087,879,-42.289276123046875,28.54095458984375,0.021927643567323685,0.47465792298316956,0.022695032879710197,y
13,0.02014182768762112,0.025558633357286455,101,0.48000000000000087,0.4900000000000009,624,-44.11751174926758,30.53713035583496,0.002099734963849187,0.48482534289360046,0.022709425538778305,y
13,0.02014182768762112,0.025558633357286455,102,0.4900000000000009,0.5000000000000009,375,-41.83041763305664,35.39488983154297,0.014237355440855026,0.4945259094238281,0.023021291941404343,y
13,0.02014182768762112,0.025558633357286455,103,0.5000000000000009,0.5100000000000009,239,-41.77420425415039,34.67360305786133,0.00963309220969677,0.5041119456291199,0.02307395078241825,y
13,0.02014182768762112,0.025558633357286455,104,0.5100000000000009,0.5200000000000009,36,-3.981668710708618,13.525650978088379,0.464898943901062,0.5139435529708862,0.02289685234427452,y
14,0.025558633357286455,0.03380106762051582,0,-inf,-0.52,573,-16.60483741760254,21.999290466308594,-0.28637945652008057,-0.5551525950431824,0.029429005458950996,y
14,0.025558633357286455,0.03380106762051582,1,-0.52,-0.51,88,-26.558021545410156,17.24034881591797,-0.11680982261896133,-0.5149468779563904,0.02923409827053547,y
14,0.025558633357286455,0.03380106762051582,2,-0.51,-0.5,94,-30.254215240478516,19.56177520751953,-0.05089626833796501,-0.5048956871032715,0.029812904074788094,y
14,0.025558633357286455,0.03380106762051582,3,-0.5,-0.49,86,-28.285907745361328,19.391063690185547,-0.08198760449886322,-0.4950753152370453,0.02971823886036873,y
14,0.025558633357286455,0.03380106762051582,4,-0.49,-0.48,71,-30.657773971557617,21.274982452392578,-0.05416858196258545,-0.485488623380661,0.02923453412950039,y
14,0.025558633357286455,0.03380106762051582,5,-0.48,-0.47,78,-30.64339828491211,20.883256912231445,-0.046981070190668106,-0.47503089904785156,0.02960432507097721,y
14,0.025558633357286455,0.03380106762051582,6,-0.47,-0.45999999999999996,95,-32.65376663208008,20.62225341796875,-0.02205536514520645,-0.4647923409938812,0.02941119112074375,y
14,0.025558633357286455,0.03380106762051582,7,-0.45999999999999996,-0.44999999999999996,110,-29.046613693237305,20.762664794921875,-0.0704682469367981,-0.45514780282974243,0.029322635382413864,y
14,0.025558633357286455,0.03380106762051582,8,-0.44999999999999996,-0.43999999999999995,113,-28.759065628051758,21.26340675354004,-0.0704818144440651,-0.4450496435165405,0.029521053656935692,y
14,0.025558633357286455,0.03380106762051582,9,-0.43999999999999995,-0.42999999999999994,109,-29.480510711669922,21.078250885009766,-0.06344778090715408,-0.43478599190711975,0.028939545154571533,y
14,0.025558633357286455,0.03380106762051582,10,-0.42999999999999994,-0.41999999999999993,113,-29.007610321044922,23.662508010864258,-0.06541594862937927,-0.4250442683696747,0.02938440814614296,y
14,0.025558633357286455,0.03380106762051582,11,-0.41999999999999993,-0.4099999999999999,94,-26.3558349609375,23.925832748413086,-0.08611498773097992,-0.4152049124240875,0.02990967594087124,y
14,0.025558633357286455,0.03380106762051582,12,-0.4099999999999999,-0.3999999999999999,314,-36.77577590942383,28.289710998535156,0.03687053546309471,-0.4037068784236908,0.029613088816404343,y
14,0.025558633357286455,0.03380106762051582,13,-0.3999999999999999,-0.3899999999999999,1789,-26.375267028808594,23.741844177246094,-0.09278891235589981,-0.3935564160346985,0.029156846925616264,y
14,0.025558633357286455,0.03380106762051582,14,-0.3899999999999999,-0.3799999999999999,2423,-25.823232650756836,24.196456909179688,-0.09506560862064362,-0.3855344355106354,0.029482977464795113,y
14,0.025558633357286455,0.03380106762051582,15,-0.3799999999999999,-0.3699999999999999,1380,-24.44611930847168,26.993852615356445,-0.10862836986780167,-0.3753783702850342,0.02946491539478302,y
14,0.025558633357286455,0.03380106762051582,16,-0.3699999999999999,-0.3599999999999999,998,-21.783626556396484,27.00320816040039,-0.13607828319072723,-0.3652399480342865,0.029293671250343323,y
14,0.025558633357286455,0.03380106762051582,17,-0.3599999999999999,-0.34999999999999987,733,-22.328083038330078,27.90989112854004,-0.12825272977352142,-0.35516124963760376,0.02925078198313713,y
14,0.025558633357286455,0.03380106762051582,18,-0.34999999999999987,-0.33999999999999986,658,-21.65268898010254,27.42209815979004,-0.127405047416687,-0.3448735475540161,0.029657531529664993,y
14,0.025558633357286455,0.03380106762051582,19,-0.33999999999999986,-0.32999999999999985,773,-24.443124771118164,27.994897842407227,-0.09422536939382553,-0.33479607105255127,0.029769375920295715,y
14,0.025558633357286455,0.03380106762051582,20,-0.32999999999999985,-0.31999999999999984,822,-25.787622451782227,29.22532081604004,-0.07904021441936493,-0.3249026834964752,0.029664164409041405,y
14,0.025558633357286455,0.03380106762051582,21,-0.31999999999999984,-0.30999999999999983,825,-20.849687576293945,29.709983825683594,-0.12655378878116608,-0.3149351477622986,0.029342031106352806,y
14,0.025558633357286455,0.03380106762051582,22,-0.30999999999999983,-0.2999999999999998,813,-21.145828247070312,27.476552963256836,-0.1194060668349266,-0.30498558282852173,0.029072972014546394,y
14,0.025558633357286455,0.03380106762051582,23,-0.2999999999999998,-0.2899999999999998,1787,-19.804603576660156,24.343374252319336,-0.12410187721252441,-0.2943600118160248,0.029312442988157272,y
14,0.025558633357286455,0.03380106762051582,24,-0.2899999999999998,-0.2799999999999998,1967,-24.233047485351562,24.689876556396484,-0.08264461159706116,-0.28500378131866455,0.02930559776723385,y
14,0.025558633357286455,0.03380106762051582,25,-0.2799999999999998,-0.2699999999999998,2468,-25.98324203491211,26.977741241455078,-0.06682675331830978,-0.2744010090827942,0.029247188940644264,y
14,0.025558633357286455,0.03380106762051582,26,-0.2699999999999998,-0.2599999999999998,4877,-28.975221633911133,29.891815185546875,-0.041841231286525726,-0.26545625925064087,0.02902943082153797,y
14,0.025558633357286455,0.03380106762051582,27,-0.2599999999999998,-0.24999999999999978,2211,-26.597829818725586,34.26179504394531,-0.05811608210206032,-0.2559261918067932,0.029188156127929688,y
14,0.025558633357286455,0.03380106762051582,28,-0.24999999999999978,-0.23999999999999977,1105,-26.07878303527832,36.662139892578125,-0.06239248439669609,-0.24512389302253723,0.02891106903553009,y
14,0.025558633357286455,0.03380106762051582,29,-0.23999999999999977,-0.22999999999999976,1064,-27.715192794799805,36.63955307006836,-0.04394154250621796,-0.23504522442817688,0.02903202921152115,y
14,0.025558633357286455,0.03380106762051582,30,-0.22999999999999976,-0.21999999999999975,1083,-27.477399826049805,39.000125885009766,-0.04549442231655121,-0.2250175178050995,0.028947163373231888,y
14,0.025558633357286455,0.03380106762051582,31,-0.21999999999999975,-0.20999999999999974,987,-27.0981388092041,41.35188674926758,-0.04338464140892029,-0.21505123376846313,0.02905918098986149,y
14,0.025558633357286455,0.03380106762051582,32,-0.20999999999999974,-0.19999999999999973,1014,-30.580551147460938,45.67852020263672,-0.021832741796970367,-0.2049684226512909,0.02903350070118904,y
14,0.025558633357286455,0.03380106762051582,33,-0.19999999999999973,-0.18999999999999972,1105,-32.56480026245117,48.660430908203125,-0.007392170373350382,-0.19498984515666962,0.02915988117456436,y
14,0.025558633357286455,0.03380106762051582,34,-0.18999999999999972,-0.17999999999999972,1116,-34.32709503173828,51.512672424316406,0.0014817056944593787,-0.1850830465555191,0.029086953029036522,y
14,0.025558633357286455,0.03380106762051582,35,-0.17999999999999972,-0.1699999999999997,1138,-31.51675796508789,52.18941116333008,-0.015042430721223354,-0.17503340542316437,0.028789030387997627,y
14,0.025558633357286455,0.03380106762051582,36,-0.1699999999999997,-0.1599999999999997,1111,-30.78515625,53.24164962768555,-0.016359061002731323,-0.16491395235061646,0.02888127602636814,y
14,0.025558633357286455,0.03380106762051582,37,-0.1599999999999997,-0.1499999999999997,1085,-34.74868392944336,57.518985748291016,0.0025658849626779556,-0.15493296086788177,0.028916653245687485,y
14,0.025558633357286455,0.03380106762051582,38,-0.1499999999999997,-0.13999999999999968,1062,-38.13910675048828,62.73030471801758,0.01640969328582287,-0.14505721628665924,0.028876468539237976,y
14,0.025558633357286455,0.03380106762051582,39,-0.13999999999999968,-0.12999999999999967,1064,-41.064720153808594,65.1516342163086,0.025953805074095726,-0.13509806990623474,0.02892919071018696,y
14,0.025558633357286455,0.03380106762051582,40,-0.12999999999999967,-0.11999999999999966,1081,-40.34905242919922,69.20665740966797,0.023371297866106033,-0.12510575354099274,0.029137741774320602,y
14,0.025558633357286455,0.03380106762051582,41,-0.11999999999999966,-0.10999999999999965,1148,-41.58037185668945,75.18052673339844,0.026861364021897316,-0.11502835154533386,0.029313676059246063,y
14,0.025558633357286455,0.03380106762051582,42,-0.10999999999999965,-0.09999999999999964,1203,-45.57589340209961,82.89299011230469,0.03860567882657051,-0.10495053976774216,0.02938152477145195,y
14,0.025558633357286455,0.03380106762051582,43,-0.09999999999999964,-0.08999999999999964,1218,-44.47830581665039,91.32430267333984,0.03165455907583237,-0.09494876116514206,0.029455285519361496,y
14,0.025558633357286455,0.03380106762051582,44,-0.08999999999999964,-0.07999999999999963,1191,-44.73850631713867,99.69618225097656,0.02902822569012642,-0.08496463298797607,0.029467450454831123,y
14,0.025558633357286455,0.03380106762051582,45,-0.07999999999999963,-0.06999999999999962,1199,-48.69254684448242,113.93061828613281,0.034447576850652695,-0.074988953769207,0.02931363508105278,y
14,0.025558633357286455,0.03380106762051582,46,-0.06999999999999962,-0.05999999999999961,1194,-50.49452209472656,133.1399383544922,0.03375483304262161,-0.06496130675077438,0.02926897071301937,y
14,0.025558633357286455,0.03380106762051582,47,-0.05999999999999961,-0.0499999999999996,1198,-51.89984130859375,156.55929565429688,0.030277058482170105,-0.05494331941008568,0.029237693175673485,y
14,0.025558633357286455,0.03380106762051582,48,-0.0499999999999996,-0.03999999999999959,1212,-61.14302444458008,187.42735290527344,0.0359102264046669,-0.04504638910293579,0.02925221249461174,y
14,0.025558633357286455,0.03380106762051582,49,-0.03999999999999959,-0.029999999999999583,1240,-69.97550201416016,242.6364288330078,0.037167783826589584,-0.035034582018852234,0.029363349080085754,y
14,0.025558633357286455,0.03380106762051582,50,-0.029999999999999583,-0.019999999999999574,1252,-81.71121215820312,338.42083740234375,0.03530518710613251,-0.024982985109090805,0.029466355219483376,y
14,0.025558633357286455,0.03380106762051582,51,-0.019999999999999574,-0.009999999999999565,1260,-112.32782745361328,591.5540771484375,0.03306277468800545,-0.014970176853239536,0.029569128528237343,y
14,0.025558633357286455,0.03380106762051582,52,-0.009999999999999565,4.440892098500626e-16,1099,-304.16009521484375,2678.482177734375,0.036560818552970886,-0.005444150883704424,0.029560349881649017,y
14,0.025558633357286455,0.03380106762051582,53,4.440892098500626e-16,0.010000000000000453,1117,341.47930908203125,2764.68359375,0.04330599308013916,0.005425581708550453,0.029609745368361473,y
14,0.025558633357286455,0.03380106762051582,54,0.010000000000000453,0.020000000000000462,1238,92.32392120361328,593.1968383789062,0.052691224962472916,0.015026671811938286,0.029595494270324707,y
14,0.025558633357286455,0.03380106762051582,55,0.020000000000000462,0.03000000000000047,1254,52.5362663269043,345.9293518066406,0.0641070082783699,0.025023264810442924,0.029542576521635056,y
14,0.025558633357286455,0.03380106762051582,56,0.03000000000000047,0.04000000000000048,1210,24.571922302246094,242.58201599121094,0.06081944704055786,0.035071197897195816,0.029547011479735374,y
14,0.025558633357286455,0.03380106762051582,57,0.04000000000000048,0.05000000000000049,1189,11.619213104248047,189.65667724609375,0.061563074588775635,0.045045968145132065,0.029503587633371353,y
14,0.025558633357286455,0.03380106762051582,58,0.05000000000000049,0.0600000000000005,1122,3.7584478855133057,154.29150390625,0.06351874023675919,0.0549950934946537,0.029566284269094467,y
14,0.025558633357286455,0.03380106762051582,59,0.0600000000000005,0.0700000000000005,1134,1.0029056072235107,127.2429428100586,0.06923820078372955,0.06495268642902374,0.02952679991722107,y
14,0.025558633357286455,0.03380106762051582,60,0.0700000000000005,0.08000000000000052,1114,-1.2329434156417847,108.69828033447266,0.07436354458332062,0.07505081593990326,0.02955448627471924,y
14,0.025558633357286455,0.03380106762051582,61,0.08000000000000052,0.09000000000000052,1107,-0.6626757383346558,95.04293823242188,0.08400379121303558,0.08509282022714615,0.029535440728068352,y
14,0.025558633357286455,0.03380106762051582,62,0.09000000000000052,0.10000000000000053,1105,-0.4883696138858795,82.59320068359375,0.0945124626159668,0.09500555694103241,0.029484372586011887,y
14,0.025558633357286455,0.03380106762051582,63,0.10000000000000053,0.11000000000000054,1142,-0.3761116862297058,72.78119659423828,0.10306597501039505,0.10487478971481323,0.029454223811626434,y
14,0.025558633357286455,0.03380106762051582,64,0.11000000000000054,0.12000000000000055,1117,-2.097705125808716,66.008056640625,0.10703037679195404,0.11494475603103638,0.029360730201005936,y
14,0.025558633357286455,0.03380106762051582,65,0.12000000000000055,0.13000000000000056,1112,-4.396038055419922,59.899658203125,0.10769639909267426,0.12497985363006592,0.02930416166782379,y
14,0.025558633357286455,0.03380106762051582,66,0.13000000000000056,0.14000000000000057,1112,-6.390217304229736,54.81883239746094,0.10879450291395187,0.1349245011806488,0.029418326914310455,y
14,0.025558633357286455,0.03380106762051582,67,0.14000000000000057,0.15000000000000058,1112,-7.156874179840088,50.53572082519531,0.11363298445940018,0.1448507457971573,0.029429642483592033,y
14,0.025558633357286455,0.03380106762051582,68,0.15000000000000058,0.1600000000000006,1085,-10.212162971496582,47.29597091674805,0.10786332190036774,0.15492737293243408,0.02936638705432415,y
14,0.025558633357286455,0.03380106762051582,69,0.1600000000000006,0.1700000000000006,1013,-13.846054077148438,44.04528045654297,0.09804297983646393,0.16496914625167847,0.02935718558728695,y
14,0.025558633357286455,0.03380106762051582,70,0.1700000000000006,0.1800000000000006,1048,-16.52023696899414,41.0030517578125,0.09048037230968475,0.1749587506055832,0.02931124158203602,y
14,0.025558633357286455,0.03380106762051582,71,0.1800000000000006,0.1900000000000006,954,-17.08751678466797,38.26570129394531,0.0928792878985405,0.18492375314235687,0.029457444325089455,y
14,0.025558633357286455,0.03380106762051582,72,0.1900000000000006,0.20000000000000062,958,-18.009172439575195,36.39582061767578,0.09214328974485397,0.19495463371276855,0.0294302050024271,y
14,0.025558633357286455,0.03380106762051582,73,0.20000000000000062,0.21000000000000063,1038,-20.897377014160156,36.88064956665039,0.07926285266876221,0.20511144399642944,0.02944544330239296,y
14,0.025558633357286455,0.03380106762051582,74,0.21000000000000063,0.22000000000000064,1096,-19.327741622924805,35.05142593383789,0.09242402017116547,0.21513386070728302,0.029460830613970757,y
14,0.025558633357286455,0.03380106762051582,75,0.22000000000000064,0.23000000000000065,1146,-19.171171188354492,32.91829299926758,0.09654305875301361,0.22510699927806854,0.029347451403737068,y
14,0.025558633357286455,0.03380106762051582,76,0.23000000000000065,0.24000000000000066,1156,-21.342266082763672,32.3772087097168,0.08751431107521057,0.23511439561843872,0.029221059754490852,y
14,0.025558633357286455,0.03380106762051582,77,0.24000000000000066,0.25000000000000067,1196,-22.578323364257812,31.123016357421875,0.08336956799030304,0.24508707225322723,0.02906801924109459,y
14,0.025558633357286455,0.03380106762051582,78,0.25000000000000067,0.2600000000000007,1096,-20.862674713134766,28.9139404296875,0.09903945028781891,0.2548050582408905,0.029203742742538452,y
14,0.025558633357286455,0.03380106762051582,79,0.2600000000000007,0.2700000000000007,1092,-19.81846809387207,28.46369171142578,0.11278139799833298,0.26499229669570923,0.02918100729584694,y
14,0.025558633357286455,0.03380106762051582,80,0.2700000000000007,0.2800000000000007,994,-20.092975616455078,27.050230026245117,0.1135675311088562,0.2746916115283966,0.02928435057401657,y
14,0.025558633357286455,0.03380106762051582,81,0.2800000000000007,0.2900000000000007,961,-18.734397888183594,25.902849197387695,0.12699536979198456,0.2850617468357086,0.029461272060871124,y
14,0.025558633357286455,0.03380106762051582,82,0.2900000000000007,0.3000000000000007,1211,-21.18712615966797,27.445295333862305,0.11045846343040466,0.29530221223831177,0.02955336682498455,y
14,0.025558633357286455,0.03380106762051582,83,0.3000000000000007,0.3100000000000007,3575,-12.217543601989746,24.448373794555664,0.19800379872322083,0.3065855801105499,0.029485037550330162,y
14,0.025558633357286455,0.03380106762051582,84,0.3100000000000007,0.32000000000000073,5495,-13.927940368652344,23.628398895263672,0.18707019090652466,0.31427624821662903,0.029424477368593216,y
14,0.025558633357286455,0.03380106762051582,85,0.32000000000000073,0.33000000000000074,4096,-24.018478393554688,21.502635955810547,0.09821976721286774,0.32545703649520874,0.029283441603183746,y
14,0.025558633357286455,0.03380106762051582,86,0.33000000000000074,0.34000000000000075,3236,-22.154605865478516,19.657184600830078,0.11492140591144562,0.33352622389793396,0.029759155586361885,y
14,0.025558633357286455,0.03380106762051582,87,0.34000000000000075,0.35000000000000075,1031,-20.725570678710938,23.418453216552734,0.1327236443758011,0.34504836797714233,0.029598210006952286,y
14,0.025558633357286455,0.03380106762051582,88,0.35000000000000075,0.36000000000000076,1076,-24.58394432067871,23.724525451660156,0.09944535791873932,0.35488224029541016,0.02939329855144024,y
14,0.025558633357286455,0.03380106762051582,89,0.36000000000000076,0.3700000000000008,971,-22.913177490234375,23.27712631225586,0.12184236198663712,0.3650203049182892,0.029398763552308083,y
14,0.025558633357286455,0.03380106762051582,90,0.3700000000000008,0.3800000000000008,1134,-21.563852310180664,21.784868240356445,0.13926105201244354,0.37515658140182495,0.029203306883573532,y
14,0.025558633357286455,0.03380106762051582,91,0.3800000000000008,0.3900000000000008,1349,-22.62833595275879,20.650253295898438,0.13161078095436096,0.3851521611213684,0.029339607805013657,y
14,0.025558633357286455,0.03380106762051582,92,0.3900000000000008,0.4000000000000008,1838,-27.84137535095215,22.01300621032715,0.07553672790527344,0.3947814404964447,0.029166394844651222,y
14,0.025558633357286455,0.03380106762051582,93,0.4000000000000008,0.4100000000000008,1602,-33.19420623779297,21.17914390563965,0.013566666282713413,0.4052552580833435,0.029289396479725838,y
14,0.025558633357286455,0.03380106762051582,94,0.4100000000000008,0.4200000000000008,1731,-33.37199020385742,21.363189697265625,0.006740395911037922,0.4147964119911194,0.029558053240180016,y
14,0.025558633357286455,0.03380106762051582,95,0.4200000000000008,0.4300000000000008,1232,-30.7932071685791,21.19584083557129,0.03937390074133873,0.42488718032836914,0.02957630529999733,y
14,0.025558633357286455,0.03380106762051582,96,0.4300000000000008,0.44000000000000083,1148,-34.66603088378906,20.9696102142334,-0.009636632166802883,0.43507251143455505,0.029607752338051796,y
14,0.025558633357286455,0.03380106762051582,97,0.44000000000000083,0.45000000000000084,1081,-37.5239372253418,19.699138641357422,-0.05030699074268341,0.4444316029548645,0.029740342870354652,y
14,0.025558633357286455,0.03380106762051582,98,0.45000000000000084,0.46000000000000085,859,-37.5322265625,19.89718246459961,-0.04910046607255936,0.4548870027065277,0.029607145115733147,y
14,0.025558633357286455,0.03380106762051582,99,0.46000000000000085,0.47000000000000086,940,-36.547889709472656,21.080066680908203,-0.03772515803575516,0.4652121067047119,0.029603244736790657,y
14,0.025558633357286455,0.03380106762051582,100,0.47000000000000086,0.48000000000000087,907,-38.20860290527344,21.139827728271484,-0.06302037835121155,0.4744546115398407,0.02962176315486431,y
14,0.025558633357286455,0.03380106762051582,101,0.48000000000000087,0.4900000000000009,730,-39.44766616821289,23.338218688964844,-0.06792880594730377,0.48484835028648376,0.029061583802103996,y
14,0.025558633357286455,0.03380106762051582,102,0.4900000000000009,0.5000000000000009,695,-45.900482177734375,21.531505584716797,-0.1757107526063919,0.49436843395233154,0.029491910710930824,y
14,0.025558633357286455,0.03380106762051582,103,0.5000000000000009,0.5100000000000009,195,-41.06266403198242,26.31402587890625,-0.08336200565099716,0.5029066801071167,0.028865354135632515,y
14,0.025558633357286455,0.03380106762051582,104,0.5100000000000009,0.5200000000000009,30,-6.01118803024292,17.115249633789062,0.42314833402633667,0.514238178730011,0.02884201891720295,y
15,0.03380106762051582,0.05121441781520845,0,-inf,-0.52,490,-20.182605743408203,19.400999069213867,-0.08395069092512131,-0.5578492283821106,0.04177699238061905,y
15,0.03380106762051582,0.05121441781520845,1,-0.52,-0.51,76,-26.220706939697266,17.446138381958008,0.03454521298408508,-0.5150404572486877,0.04143946245312691,y
15,0.03380106762051582,0.05121441781520845,2,-0.51,-0.5,82,-24.843280792236328,17.704137802124023,-0.002094903262332082,-0.5050382018089294,0.04107682406902313,y
15,0.03380106762051582,0.05121441781520845,3,-0.5,-0.49,116,-21.238439559936523,13.692075729370117,-0.05963285267353058,-0.4943642020225525,0.04146146401762962,y
15,0.03380106762051582,0.05121441781520845,4,-0.49,-0.48,133,-19.061336517333984,12.64671802520752,-0.10751508921384811,-0.48536205291748047,0.041560448706150055,y
15,0.03380106762051582,0.05121441781520845,5,-0.48,-0.47,106,-18.7227783203125,14.385859489440918,-0.11548074334859848,-0.47490277886390686,0.04116023704409599,y
15,0.03380106762051582,0.05121441781520845,6,-0.47,-0.45999999999999996,103,-20.685964584350586,16.34377670288086,-0.06979571282863617,-0.4648548662662506,0.041447825729846954,y
15,0.03380106762051582,0.05121441781520845,7,-0.45999999999999996,-0.44999999999999996,91,-23.36172866821289,16.180578231811523,-0.011858470737934113,-0.45499587059020996,0.041617609560489655,y
15,0.03380106762051582,0.05121441781520845,8,-0.44999999999999996,-0.43999999999999995,87,-23.999279022216797,16.623994827270508,-0.0031748071778565645,-0.444957435131073,0.04147786274552345,y
15,0.03380106762051582,0.05121441781520845,9,-0.43999999999999995,-0.42999999999999994,97,-22.377920150756836,16.48943328857422,-0.040256522595882416,-0.4347473978996277,0.04109662026166916,y
15,0.03380106762051582,0.05121441781520845,10,-0.42999999999999994,-0.41999999999999993,139,-24.786720275878906,17.276235580444336,0.028069600462913513,-0.4245600402355194,0.04311642423272133,y
15,0.03380106762051582,0.05121441781520845,11,-0.41999999999999993,-0.4099999999999999,232,-24.729917526245117,18.905139923095703,0.01559270266443491,-0.41492316126823425,0.04226384311914444,y
15,0.03380106762051582,0.05121441781520845,12,-0.4099999999999999,-0.3999999999999999,492,-19.529943466186523,18.84578514099121,-0.08150754123926163,-0.40456563234329224,0.04261826351284981,y
15,0.03380106762051582,0.05121441781520845,13,-0.3999999999999999,-0.3899999999999999,2287,-21.47945213317871,20.376937866210938,-0.05079266056418419,-0.3936988413333893,0.04140336066484451,y
15,0.03380106762051582,0.05121441781520845,14,-0.3899999999999999,-0.3799999999999999,2728,-17.811872482299805,16.908615112304688,-0.10107696056365967,-0.38545745611190796,0.04137803986668587,y
15,0.03380106762051582,0.05121441781520845,15,-0.3799999999999999,-0.3699999999999999,1552,-20.730648040771484,19.483980178833008,-0.05692409723997116,-0.3757876455783844,0.04120119288563728,y
15,0.03380106762051582,0.05121441781520845,16,-0.3699999999999999,-0.3599999999999999,1199,-17.159713745117188,19.43385887145996,-0.10796806216239929,-0.3650684356689453,0.041503917425870895,y
15,0.03380106762051582,0.05121441781520845,17,-0.3599999999999999,-0.34999999999999987,1046,-19.33539581298828,20.45730972290039,-0.06993230432271957,-0.3551582098007202,0.041413091123104095,y
15,0.03380106762051582,0.05121441781520845,18,-0.34999999999999987,-0.33999999999999986,819,-23.444454193115234,21.66455841064453,-0.01943918690085411,-0.3450847268104553,0.04058558866381645,y
15,0.03380106762051582,0.05121441781520845,19,-0.33999999999999986,-0.32999999999999985,714,-22.940277099609375,23.589282989501953,-0.029567977413535118,-0.3351023197174072,0.04032556340098381,y
15,0.03380106762051582,0.05121441781520845,20,-0.32999999999999985,-0.31999999999999984,763,-19.67836570739746,23.63764190673828,-0.06215822696685791,-0.3249596059322357,0.04094100371003151,y
15,0.03380106762051582,0.05121441781520845,21,-0.31999999999999984,-0.30999999999999983,735,-23.004150390625,23.921859741210938,-0.014153450727462769,-0.3150634467601776,0.0413387157022953,y
15,0.03380106762051582,0.05121441781520845,22,-0.30999999999999983,-0.2999999999999998,781,-18.43358612060547,22.41964340209961,-0.07288113236427307,-0.30491170287132263,0.041210755705833435,y
15,0.03380106762051582,0.05121441781520845,23,-0.2999999999999998,-0.2899999999999998,1741,-15.044971466064453,20.203752517700195,-0.11411259323358536,-0.29417887330055237,0.04099471494555473,y
15,0.03380106762051582,0.05121441781520845,24,-0.2899999999999998,-0.2799999999999998,2163,-17.308813095092773,20.48090362548828,-0.08424875885248184,-0.28499722480773926,0.04145277664065361,y
15,0.03380106762051582,0.05121441781520845,25,-0.2799999999999998,-0.2699999999999998,2855,-18.563838958740234,20.426929473876953,-0.06772341579198837,-0.2749583423137665,0.04154752194881439,y
15,0.03380106762051582,0.05121441781520845,26,-0.2699999999999998,-0.2599999999999998,4518,-23.09315299987793,22.799951553344727,-0.013835514895617962,-0.26551833748817444,0.04153827577829361,y
15,0.03380106762051582,0.05121441781520845,27,-0.2599999999999998,-0.24999999999999978,2265,-19.175189971923828,27.557764053344727,-0.05667882785201073,-0.25565433502197266,0.04128485172986984,y
15,0.03380106762051582,0.05121441781520845,28,-0.24999999999999978,-0.23999999999999977,1089,-23.401084899902344,29.303747177124023,-0.01653841882944107,-0.24504326283931732,0.04084467142820358,y
15,0.03380106762051582,0.05121441781520845,29,-0.23999999999999977,-0.22999999999999976,916,-27.908557891845703,29.936534881591797,0.02928844653069973,-0.23498566448688507,0.04141152650117874,y
15,0.03380106762051582,0.05121441781520845,30,-0.22999999999999976,-0.21999999999999975,871,-28.13188934326172,30.73577308654785,0.030524905771017075,-0.22486364841461182,0.04137171059846878,y
15,0.03380106762051582,0.05121441781520845,31,-0.21999999999999975,-0.20999999999999974,868,-30.315105438232422,32.42327880859375,0.04965673014521599,-0.2148972600698471,0.041430190205574036,y
15,0.03380106762051582,0.05121441781520845,32,-0.20999999999999974,-0.19999999999999973,899,-30.929122924804688,34.3355827331543,0.04462561011314392,-0.20498766005039215,0.04067911580204964,y
15,0.03380106762051582,0.05121441781520845,33,-0.19999999999999973,-0.18999999999999972,842,-28.05317497253418,35.083152770996094,0.017326058819890022,-0.19500058889389038,0.04088164493441582,y
15,0.03380106762051582,0.05121441781520845,34,-0.18999999999999972,-0.17999999999999972,840,-24.75939178466797,35.51327133178711,-0.005141807720065117,-0.18498586118221283,0.0412055142223835,y
15,0.03380106762051582,0.05121441781520845,35,-0.17999999999999972,-0.1699999999999997,860,-21.60641860961914,35.043460845947266,-0.023922836408019066,-0.17501255869865417,0.041587963700294495,y
15,0.03380106762051582,0.05121441781520845,36,-0.1699999999999997,-0.1599999999999997,826,-18.779653549194336,35.4549560546875,-0.03828205168247223,-0.16503798961639404,0.0418887697160244,y
15,0.03380106762051582,0.05121441781520845,37,-0.1599999999999997,-0.1499999999999997,829,-16.580854415893555,35.13312911987305,-0.049803949892520905,-0.1550024300813675,0.042002856731414795,y
15,0.03380106762051582,0.05121441781520845,38,-0.1499999999999997,-0.13999999999999968,843,-16.836315155029297,38.368553161621094,-0.045676905661821365,-0.1449439823627472,0.04198380187153816,y
15,0.03380106762051582,0.05121441781520845,39,-0.13999999999999968,-0.12999999999999967,860,-19.132051467895508,42.65068817138672,-0.03112473152577877,-0.13500991463661194,0.04179903864860535,y
15,0.03380106762051582,0.05121441781520845,40,-0.12999999999999967,-0.11999999999999966,906,-19.991769790649414,46.50130081176758,-0.024949122220277786,-0.1249820664525032,0.04199158027768135,y
15,0.03380106762051582,0.05121441781520845,41,-0.11999999999999966,-0.10999999999999965,890,-19.159194946289062,50.39763259887695,-0.02667689509689808,-0.11499850451946259,0.0423477441072464,y
15,0.03380106762051582,0.05121441781520845,42,-0.10999999999999965,-0.09999999999999964,847,-15.406532287597656,53.811580657958984,-0.03886406868696213,-0.10509780049324036,0.04222119599580765,y
15,0.03380106762051582,0.05121441781520845,43,-0.09999999999999964,-0.08999999999999964,820,-13.374702453613281,60.50808334350586,-0.04395776614546776,-0.09498473256826401,0.04187297821044922,y
15,0.03380106762051582,0.05121441781520845,44,-0.08999999999999964,-0.07999999999999963,805,-11.328128814697266,68.82556915283203,-0.04393550381064415,-0.08496689051389694,0.041299398988485336,y
15,0.03380106762051582,0.05121441781520845,45,-0.07999999999999963,-0.06999999999999962,848,-6.977084636688232,78.44475555419922,-0.05171147361397743,-0.07499214261770248,0.040957558900117874,y
15,0.03380106762051582,0.05121441781520845,46,-0.06999999999999962,-0.05999999999999961,870,-2.6752116680145264,91.27054595947266,-0.055900689214468,-0.06499402225017548,0.041062191128730774,y
15,0.03380106762051582,0.05121441781520845,47,-0.05999999999999961,-0.0499999999999996,872,-1.621214747428894,110.57482147216797,-0.051764145493507385,-0.05505771189928055,0.041099339723587036,y
15,0.03380106762051582,0.05121441781520845,48,-0.0499999999999996,-0.03999999999999959,907,-2.1527259349823,135.63778686523438,-0.04463845491409302,-0.045088764280080795,0.041366297751665115,y
15,0.03380106762051582,0.05121441781520845,49,-0.03999999999999959,-0.029999999999999583,943,-2.1098129749298096,173.9173583984375,-0.033518265932798386,-0.03499962389469147,0.041552651673555374,y
15,0.03380106762051582,0.05121441781520845,50,-0.029999999999999583,-0.019999999999999574,987,-11.833187103271484,247.79725646972656,-0.01623160019516945,-0.02493489347398281,0.04186495393514633,y
15,0.03380106762051582,0.05121441781520845,51,-0.019999999999999574,-0.009999999999999565,1022,-9.641778945922852,420.4963073730469,-0.010463385842740536,-0.01500876434147358,0.04161041975021362,y
15,0.03380106762051582,0.05121441781520845,52,-0.009999999999999565,4.440892098500626e-16,965,14.86175537109375,1878.1971435546875,-0.0005671348189935088,-0.0054641785100102425,0.04117158055305481,y
15,0.03380106762051582,0.05121441781520845,53,4.440892098500626e-16,0.010000000000000453,998,22.460201263427734,1841.875732421875,0.00851593166589737,0.005559062119573355,0.04115379974246025,y
15,0.03380106762051582,0.05121441781520845,54,0.010000000000000453,0.020000000000000462,1105,-24.985883712768555,410.16534423828125,0.0029429111164063215,0.014926289208233356,0.04072880744934082,y
15,0.03380106762051582,0.05121441781520845,55,0.020000000000000462,0.03000000000000047,1137,-10.501766204833984,232.6671600341797,0.015286622568964958,0.024997644126415253,0.0406499020755291,y
15,0.03380106762051582,0.05121441781520845,56,0.03000000000000047,0.04000000000000048,1133,-9.811590194702148,161.28982543945312,0.020044174045324326,0.03501184657216072,0.04067234322428703,y
15,0.03380106762051582,0.05121441781520845,57,0.04000000000000048,0.05000000000000049,1136,-6.9195709228515625,124.01305389404297,0.030053164809942245,0.04497369006276131,0.04071585088968277,y
15,0.03380106762051582,0.05121441781520845,58,0.05000000000000049,0.0600000000000005,1145,-10.44558334350586,98.04255676269531,0.02929225005209446,0.054893698543310165,0.0409255251288414,y
15,0.03380106762051582,0.05121441781520845,59,0.0600000000000005,0.0700000000000005,1126,-8.842890739440918,85.10027313232422,0.0393490307033062,0.06492482125759125,0.04080740362405777,y
15,0.03380106762051582,0.05121441781520845,60,0.0700000000000005,0.08000000000000052,1149,-11.946564674377441,73.65853118896484,0.036599524319171906,0.07499814033508301,0.041016463190317154,y
15,0.03380106762051582,0.05121441781520845,61,0.08000000000000052,0.09000000000000052,1141,-14.393848419189453,64.39866638183594,0.032573066651821136,0.08505430817604065,0.04152591899037361,y
15,0.03380106762051582,0.05121441781520845,62,0.09000000000000052,0.10000000000000053,1103,-14.402872085571289,58.15574645996094,0.035960935056209564,0.09502356499433517,0.04159000143408775,y
15,0.03380106762051582,0.05121441781520845,63,0.10000000000000053,0.11000000000000054,1044,-14.28568172454834,52.74381637573242,0.04166999086737633,0.10508996993303299,0.04125726595520973,y
15,0.03380106762051582,0.05121441781520845,64,0.11000000000000054,0.12000000000000055,1061,-13.846449851989746,49.11650085449219,0.04745443910360336,0.11501380801200867,0.04080631583929062,y
15,0.03380106762051582,0.05121441781520845,65,0.12000000000000055,0.13000000000000056,1047,-15.59134292602539,45.05818176269531,0.04365495219826698,0.1249929741024971,0.0408196784555912,y
15,0.03380106762051582,0.05121441781520845,66,0.13000000000000056,0.14000000000000057,995,-16.463308334350586,41.69955825805664,0.04197843000292778,0.1350214183330536,0.040782149881124496,y
15,0.03380106762051582,0.05121441781520845,67,0.14000000000000057,0.15000000000000058,979,-16.73249626159668,37.468753814697266,0.04329020157456398,0.14504127204418182,0.04088447615504265,y
15,0.03380106762051582,0.05121441781520845,68,0.15000000000000058,0.1600000000000006,984,-16.144500732421875,34.971858978271484,0.05055733025074005,0.1550263613462448,0.04098806157708168,y
15,0.03380106762051582,0.05121441781520845,69,0.1600000000000006,0.1700000000000006,991,-16.507104873657227,32.180484771728516,0.051894672214984894,0.16502930223941803,0.041140273213386536,y
15,0.03380106762051582,0.05121441781520845,70,0.1700000000000006,0.1800000000000006,992,-16.953067779541016,30.87557029724121,0.05233864113688469,0.1750303953886032,0.0410674512386322,y
15,0.03380106762051582,0.05121441781520845,71,0.1800000000000006,0.1900000000000006,1023,-19.28399085998535,29.02927589416504,0.03860922157764435,0.18501441180706024,0.04123498499393463,y
15,0.03380106762051582,0.05121441781520845,72,0.1900000000000006,0.20000000000000062,1065,-19.002883911132812,27.60956382751465,0.0442272312939167,0.19487103819847107,0.041099514812231064,y
15,0.03380106762051582,0.05121441781520845,73,0.20000000000000062,0.21000000000000063,1091,-18.729429244995117,26.409231185913086,0.05026766657829285,0.20498596131801605,0.04089296609163284,y
15,0.03380106762051582,0.05121441781520845,74,0.21000000000000063,0.22000000000000064,1043,-20.269073486328125,25.560546875,0.03636888414621353,0.21497032046318054,0.04117853567004204,y
15,0.03380106762051582,0.05121441781520845,75,0.22000000000000064,0.23000000000000065,1081,-20.532297134399414,24.463308334350586,0.03271675854921341,0.22494561970233917,0.041761741042137146,y
15,0.03380106762051582,0.05121441781520845,76,0.23000000000000065,0.24000000000000066,1124,-20.996601104736328,24.90962791442871,0.031546350568532944,0.23519739508628845,0.04178914055228233,y
15,0.03380106762051582,0.05121441781520845,77,0.24000000000000066,0.25000000000000067,1250,-21.54157257080078,26.04571533203125,0.03070916421711445,0.24493369460105896,0.041421160101890564,y
15,0.03380106762051582,0.05121441781520845,78,0.25000000000000067,0.2600000000000007,1085,-20.142169952392578,24.85719871520996,0.04816627502441406,0.2550574839115143,0.041068244725465775,y
15,0.03380106762051582,0.05121441781520845,79,0.2600000000000007,0.2700000000000007,979,-16.44022560119629,22.360074996948242,0.08778280019760132,0.26491010189056396,0.04141126573085785,y
15,0.03380106762051582,0.05121441781520845,80,0.2700000000000007,0.2800000000000007,1094,-15.408970832824707,20.610483169555664,0.10069748759269714,0.2750470042228699,0.041513629257678986,y
15,0.03380106762051582,0.05121441781520845,81,0.2800000000000007,0.2900000000000007,1039,-15.946940422058105,21.188142776489258,0.09798640757799149,0.28509238362312317,0.04177819564938545,y
15,0.03380106762051582,0.05121441781520845,82,0.2900000000000007,0.3000000000000007,1402,-13.319014549255371,20.43653106689453,0.13518910109996796,0.2954532206058502,0.04188704118132591,y
15,0.03380106762051582,0.05121441781520845,83,0.3000000000000007,0.3100000000000007,3480,-12.780669212341309,18.953624725341797,0.14410647749900818,0.3060792088508606,0.04109590873122215,y
15,0.03380106762051582,0.05121441781520845,84,0.3100000000000007,0.32000000000000073,6111,-14.597474098205566,17.788040161132812,0.12526169419288635,0.3148376941680908,0.04139890521764755,y
15,0.03380106762051582,0.05121441781520845,85,0.32000000000000073,0.33000000000000074,5122,-16.834796905517578,16.616453170776367,0.10114455968141556,0.3251086473464966,0.04154441878199577,y
15,0.03380106762051582,0.05121441781520845,86,0.33000000000000074,0.34000000000000075,3493,-15.068321228027344,15.116085052490234,0.1331666260957718,0.3334810435771942,0.040585365146398544,y
15,0.03380106762051582,0.05121441781520845,87,0.34000000000000075,0.35000000000000075,1144,-18.16303062438965,18.797245025634766,0.0928938090801239,0.3449077606201172,0.041097864508628845,y
15,0.03380106762051582,0.05121441781520845,88,0.35000000000000075,0.36000000000000076,1103,-19.157180786132812,18.074037551879883,0.08248253166675568,0.354936420917511,0.04105634614825249,y
15,0.03380106762051582,0.05121441781520845,89,0.36000000000000076,0.3700000000000008,1069,-18.40145492553711,17.499414443969727,0.092494897544384,0.3649353086948395,0.04151631146669388,y
15,0.03380106762051582,0.05121441781520845,90,0.3700000000000008,0.3800000000000008,1292,-16.957590103149414,16.378868103027344,0.11319900304079056,0.37510251998901367,0.04173504561185837,y
15,0.03380106762051582,0.05121441781520845,91,0.3800000000000008,0.3900000000000008,1514,-18.234970092773438,16.75250816345215,0.10207962244749069,0.38506758213043213,0.04109347611665726,y
15,0.03380106762051582,0.05121441781520845,92,0.3900000000000008,0.4000000000000008,1931,-20.47895622253418,16.513235092163086,0.06777115166187286,0.3947213292121887,0.041108399629592896,y
15,0.03380106762051582,0.05121441781520845,93,0.4000000000000008,0.4100000000000008,1634,-21.6901912689209,15.7940092086792,0.051632679998874664,0.4052191376686096,0.041040897369384766,y
15,0.03380106762051582,0.05121441781520845,94,0.4100000000000008,0.4200000000000008,2208,-25.024028778076172,16.278244018554688,-0.005507189314812422,0.4148055613040924,0.041252296417951584,y
15,0.03380106762051582,0.05121441781520845,95,0.4200000000000008,0.4300000000000008,1752,-24.263668060302734,16.162567138671875,0.0033606633078306913,0.4249410033226013,0.04154139384627342,y
15,0.03380106762051582,0.05121441781520845,96,0.4300000000000008,0.44000000000000083,1571,-27.019493103027344,15.101276397705078,-0.05001312494277954,0.4349043667316437,0.041815049946308136,y
15,0.03380106762051582,0.05121441781520845,97,0.44000000000000083,0.45000000000000084,1436,-26.997400283813477,15.563618659973145,-0.042239513248205185,0.444722980260849,0.041110217571258545,y
15,0.03380106762051582,0.05121441781520845,98,0.45000000000000084,0.46000000000000085,1289,-25.838865280151367,15.783465385437012,-0.024839432910084724,0.45497822761535645,0.04140884429216385,y
15,0.03380106762051582,0.05121441781520845,99,0.46000000000000085,0.47000000000000086,1325,-27.442588806152344,14.721553802490234,-0.059677258133888245,0.46492308378219604,0.04171425476670265,y
15,0.03380106762051582,0.05121441781520845,100,0.47000000000000086,0.48000000000000087,1023,-28.356277465820312,15.741220474243164,-0.0719807967543602,0.4741978943347931,0.04120389744639397,y
15,0.03380106762051582,0.05121441781520845,101,0.48000000000000087,0.4900000000000009,700,-29.333477020263672,16.739938735961914,-0.10380909591913223,0.4851478040218353,0.04168272390961647,y
15,0.03380106762051582,0.05121441781520845,102,0.4900000000000009,0.5000000000000009,503,-32.36994934082031,16.016908645629883,-0.1544080525636673,0.4940017759799957,0.04116380214691162,y
15,0.03380106762051582,0.05121441781520845,103,0.5000000000000009,0.5100000000000009,172,-24.27037811279297,19.07740592956543,0.009835577569901943,0.5037027597427368,0.04127229005098343,y
15,0.03380106762051582,0.05121441781520845,104,0.5100000000000009,0.5200000000000009,25,-22.595741271972656,22.852563858032227,0.029168751090765,0.5135366320610046,0.04228410869836807,y
16,0.05121441781520845,0.09055922776460647,0,-inf,-0.52,1579,-18.785329818725586,9.086029052734375,0.21391358971595764,-0.5666530132293701,0.07483566552400589,y
16,0.05121441781520845,0.09055922776460647,1,-0.52,-0.51,109,-14.787822723388672,9.56833553314209,0.001271906541660428,-0.5154843330383301,0.06916268914937973,y
16,0.05121441781520845,0.09055922776460647,2,-0.51,-0.5,112,-13.867568969726562,9.949594497680664,-0.04814485087990761,-0.5047026872634888,0.06827955693006516,y
16,0.05121441781520845,0.09055922776460647,3,-0.5,-0.49,120,-12.41375732421875,9.051839828491211,-0.07274738699197769,-0.4947006106376648,0.0724998265504837,y
16,0.05121441781520845,0.09055922776460647,4,-0.49,-0.48,133,-12.910144805908203,10.108991622924805,-0.06272844970226288,-0.4849346876144409,0.07057638466358185,y
16,0.05121441781520845,0.09055922776460647,5,-0.48,-0.47,131,-11.502540588378906,10.273587226867676,-0.1174674928188324,-0.47488096356391907,0.06781485676765442,y
16,0.05121441781520845,0.09055922776460647,6,-0.47,-0.45999999999999996,125,-9.970410346984863,8.794567108154297,-0.15547175705432892,-0.4651002883911133,0.06858696043491364,y
16,0.05121441781520845,0.09055922776460647,7,-0.45999999999999996,-0.44999999999999996,130,-10.147873878479004,9.878259658813477,-0.14773385226726532,-0.4547472298145294,0.06847073137760162,y
16,0.05121441781520845,0.09055922776460647,8,-0.44999999999999996,-0.43999999999999995,157,-11.759464263916016,10.482954025268555,-0.08838192373514175,-0.4449344277381897,0.07140371948480606,y
16,0.05121441781520845,0.09055922776460647,9,-0.43999999999999995,-0.42999999999999994,206,-13.07573413848877,10.373960494995117,-0.04281799495220184,-0.4348280429840088,0.07175437361001968,y
16,0.05121441781520845,0.09055922776460647,10,-0.42999999999999994,-0.41999999999999993,255,-14.530511856079102,11.639871597290039,-0.028727494180202484,-0.4249461591243744,0.06787054240703583,y
16,0.05121441781520845,0.09055922776460647,11,-0.41999999999999993,-0.4099999999999999,343,-11.440037727355957,10.80638599395752,-0.10136987268924713,-0.41446349024772644,0.06973381340503693,y
16,0.05121441781520845,0.09055922776460647,12,-0.4099999999999999,-0.3999999999999999,596,-9.727361679077148,10.738974571228027,-0.1476261019706726,-0.40472498536109924,0.06759073585271835,y
16,0.05121441781520845,0.09055922776460647,13,-0.3999999999999999,-0.3899999999999999,1512,-12.275602340698242,12.236384391784668,-0.08179999142885208,-0.39387327432632446,0.06625284254550934,y
16,0.05121441781520845,0.09055922776460647,14,-0.3899999999999999,-0.3799999999999999,2508,-12.370293617248535,10.94627857208252,-0.06962691247463226,-0.38487133383750916,0.0676310658454895,y
16,0.05121441781520845,0.09055922776460647,15,-0.3799999999999999,-0.3699999999999999,1568,-8.154122352600098,10.823101043701172,-0.17648155987262726,-0.3758029639720917,0.06950611621141434,y
16,0.05121441781520845,0.09055922776460647,16,-0.3699999999999999,-0.3599999999999999,951,-10.969698905944824,12.362932205200195,-0.10245458036661148,-0.365226686000824,0.0683438777923584,y
16,0.05121441781520845,0.09055922776460647,17,-0.3599999999999999,-0.34999999999999987,824,-12.661809921264648,12.85036849975586,-0.051205914467573166,-0.3550214171409607,0.06887074559926987,y
16,0.05121441781520845,0.09055922776460647,18,-0.34999999999999987,-0.33999999999999986,829,-13.805355072021484,12.659066200256348,-0.032931193709373474,-0.34517163038253784,0.06863058358430862,y
16,0.05121441781520845,0.09055922776460647,19,-0.33999999999999986,-0.32999999999999985,826,-13.709547996520996,12.663415908813477,-0.029147671535611153,-0.33533695340156555,0.06875143200159073,y
16,0.05121441781520845,0.09055922776460647,20,-0.32999999999999985,-0.31999999999999984,658,-11.790705680847168,12.693376541137695,-0.06917059421539307,-0.32499584555625916,0.06930467486381531,y
16,0.05121441781520845,0.09055922776460647,21,-0.31999999999999984,-0.30999999999999983,757,-11.112739562988281,13.642465591430664,-0.083707794547081,-0.31503671407699585,0.06840415298938751,y
16,0.05121441781520845,0.09055922776460647,22,-0.30999999999999983,-0.2999999999999998,798,-11.612713813781738,13.905289649963379,-0.06570751965045929,-0.3048999309539795,0.06922250241041183,y
16,0.05121441781520845,0.09055922776460647,23,-0.2999999999999998,-0.2899999999999998,1452,-10.184598922729492,12.075752258300781,-0.0945042297244072,-0.2943478524684906,0.06822363287210464,y
16,0.05121441781520845,0.09055922776460647,24,-0.2899999999999998,-0.2799999999999998,2215,-8.945958137512207,12.7540864944458,-0.1171576976776123,-0.2846950888633728,0.06752458214759827,y
16,0.05121441781520845,0.09055922776460647,25,-0.2799999999999998,-0.2699999999999998,3014,-10.430290222167969,13.024189949035645,-0.08735701441764832,-0.2745152413845062,0.0674290880560875,y
16,0.05121441781520845,0.09055922776460647,26,-0.2699999999999998,-0.2599999999999998,4199,-15.009014129638672,15.986091613769531,-0.009567201137542725,-0.26547059416770935,0.0663672611117363,y
16,0.05121441781520845,0.09055922776460647,27,-0.2599999999999998,-0.24999999999999978,1493,-10.576364517211914,17.696420669555664,-0.08247475326061249,-0.25532642006874084,0.06577111780643463,y
16,0.05121441781520845,0.09055922776460647,28,-0.24999999999999978,-0.23999999999999977,1050,-10.58356761932373,18.150266647338867,-0.07162361592054367,-0.24552734196186066,0.06859058886766434,y
16,0.05121441781520845,0.09055922776460647,29,-0.23999999999999977,-0.22999999999999976,789,-14.130609512329102,18.56484031677246,-0.0017167056212201715,-0.23493365943431854,0.06826386600732803,y
16,0.05121441781520845,0.09055922776460647,30,-0.22999999999999976,-0.21999999999999975,823,-14.198323249816895,19.596939086914062,-0.012819853611290455,-0.22509676218032837,0.06569486111402512,y
16,0.05121441781520845,0.09055922776460647,31,-0.21999999999999975,-0.20999999999999974,794,-12.825152397155762,19.004762649536133,-0.024432703852653503,-0.21509061753749847,0.06645423918962479,y
16,0.05121441781520845,0.09055922776460647,32,-0.20999999999999974,-0.19999999999999973,714,-12.417045593261719,19.981061935424805,-0.021216023713350296,-0.20498614013195038,0.06739307194948196,y
16,0.05121441781520845,0.09055922776460647,33,-0.19999999999999973,-0.18999999999999972,679,-12.932690620422363,20.73689079284668,-0.017945611849427223,-0.19502665102481842,0.06671306490898132,y
16,0.05121441781520845,0.09055922776460647,34,-0.18999999999999972,-0.17999999999999972,652,-12.657979965209961,21.851404190063477,-0.023425035178661346,-0.18508760631084442,0.06584299355745316,y
16,0.05121441781520845,0.09055922776460647,35,-0.17999999999999972,-0.1699999999999997,639,-12.878426551818848,22.86240577697754,-0.02007378451526165,-0.17506401240825653,0.06612183898687363,y
16,0.05121441781520845,0.09055922776460647,36,-0.1699999999999997,-0.1599999999999997,678,-13.51554012298584,24.871675491333008,-0.01687975600361824,-0.16506873071193695,0.06565825641155243,y
16,0.05121441781520845,0.09055922776460647,37,-0.1599999999999997,-0.1499999999999997,699,-15.383804321289062,26.74431610107422,0.0022571601439267397,-0.1549970954656601,0.06577522307634354,y
16,0.05121441781520845,0.09055922776460647,38,-0.1499999999999997,-0.13999999999999968,709,-15.002801895141602,26.240631103515625,-0.0019347562920302153,-0.14499147236347198,0.06596418470144272,y
16,0.05121441781520845,0.09055922776460647,39,-0.13999999999999968,-0.12999999999999967,738,-15.030778884887695,27.479618072509766,0.0004000831686425954,-0.13501855731010437,0.06596191227436066,y
16,0.05121441781520845,0.09055922776460647,40,-0.12999999999999967,-0.11999999999999966,729,-15.93721866607666,29.331138610839844,0.011629167012870312,-0.12488706409931183,0.066249780356884,y
16,0.05121441781520845,0.09055922776460647,41,-0.11999999999999966,-0.10999999999999965,744,-16.60481834411621,31.887874603271484,0.01369447074830532,-0.11491371691226959,0.06619171798229218,y
16,0.05121441781520845,0.09055922776460647,42,-0.10999999999999965,-0.09999999999999964,867,-17.5286922454834,34.40445327758789,0.01876450888812542,-0.10486910492181778,0.06564310193061829,y
16,0.05121441781520845,0.09055922776460647,43,-0.09999999999999964,-0.08999999999999964,924,-19.006736755371094,36.894371032714844,0.027944404631853104,-0.09486714005470276,0.06583849340677261,y
16,0.05121441781520845,0.09055922776460647,44,-0.08999999999999964,-0.07999999999999963,960,-18.74838638305664,41.416568756103516,0.025059755891561508,-0.08492468297481537,0.06625790894031525,y
16,0.05121441781520845,0.09055922776460647,45,-0.07999999999999963,-0.06999999999999962,1005,-18.15273666381836,47.49970245361328,0.01939380168914795,-0.07499456405639648,0.06654499471187592,y
16,0.05121441781520845,0.09055922776460647,46,-0.06999999999999962,-0.05999999999999961,1014,-18.567928314208984,55.205711364746094,0.018640026450157166,-0.06511807441711426,0.0671800971031189,y
16,0.05121441781520845,0.09055922776460647,47,-0.05999999999999961,-0.0499999999999996,951,-19.6536808013916,68.67727661132812,0.017841996625065804,-0.055141132324934006,0.06632838398218155,y
16,0.05121441781520845,0.09055922776460647,48,-0.0499999999999996,-0.03999999999999959,938,-19.161365509033203,85.76342010498047,0.01120431162416935,-0.04507974907755852,0.06604442000389099,y
16,0.05121441781520845,0.09055922776460647,49,-0.03999999999999959,-0.029999999999999583,941,-19.829940795898438,115.41407012939453,0.008982585743069649,-0.035071711987257004,0.065992571413517,y
16,0.05121441781520845,0.09055922776460647,50,-0.029999999999999583,-0.019999999999999574,956,-19.264873504638672,166.52052307128906,0.005534942261874676,-0.02499152161180973,0.06667452305555344,y
16,0.05121441781520845,0.09055922776460647,51,-0.019999999999999574,-0.009999999999999565,948,-9.403725624084473,285.85931396484375,-0.004080713260918856,-0.015004525892436504,0.06714566051959991,y
16,0.05121441781520845,0.09055922776460647,52,-0.009999999999999565,4.440892098500626e-16,861,26.239900588989258,1226.40771484375,-0.004470393992960453,-0.005557709839195013,0.06680165976285934,y
16,0.05121441781520845,0.09055922776460647,53,4.440892098500626e-16,0.010000000000000453,820,-59.67352294921875,1156.3145751953125,-0.0005392272141762078,0.005501403007656336,0.06701613962650299,y
16,0.05121441781520845,0.09055922776460647,54,0.010000000000000453,0.020000000000000462,952,-25.915987014770508,271.02685546875,-0.006618594750761986,0.014978605322539806,0.06701823323965073,y
16,0.05121441781520845,0.09055922776460647,55,0.020000000000000462,0.03000000000000047,923,-27.91192054748535,150.62001037597656,-0.015021062456071377,0.024975610896945,0.06695597618818283,y
16,0.05121441781520845,0.09055922776460647,56,0.03000000000000047,0.04000000000000048,960,-22.485576629638672,106.00675201416016,-0.01130476500838995,0.03489774838089943,0.06735151261091232,y
16,0.05121441781520845,0.09055922776460647,57,0.04000000000000048,0.05000000000000049,982,-20.90019989013672,80.27420043945312,-0.013301871716976166,0.04506060481071472,0.06667395681142807,y
16,0.05121441781520845,0.09055922776460647,58,0.05000000000000049,0.0600000000000005,976,-18.733457565307617,64.98509216308594,-0.010035566985607147,0.05523953586816788,0.06655629724264145,y
16,0.05121441781520845,0.09055922776460647,59,0.0600000000000005,0.0700000000000005,976,-19.28925895690918,53.87083435058594,-0.013505580835044384,0.0649605393409729,0.06611106544733047,y
16,0.05121441781520845,0.09055922776460647,60,0.0700000000000005,0.08000000000000052,983,-19.629016876220703,47.55105972290039,-0.018947435542941093,0.07496556639671326,0.06626825779676437,y
16,0.05121441781520845,0.09055922776460647,61,0.08000000000000052,0.09000000000000052,949,-16.19234848022461,41.380252838134766,-0.005710084456950426,0.08494652062654495,0.06724778562784195,y
16,0.05121441781520845,0.09055922776460647,62,0.09000000000000052,0.10000000000000053,970,-15.92563533782959,37.019493103027344,-0.00503660598769784,0.094989113509655,0.06735963374376297,y
16,0.05121441781520845,0.09055922776460647,63,0.10000000000000053,0.11000000000000054,987,-16.001230239868164,32.54886245727539,-0.004755339119583368,0.10506723821163177,0.06721153110265732,y
16,0.05121441781520845,0.09055922776460647,64,0.11000000000000054,0.12000000000000055,987,-13.01573371887207,29.76112174987793,0.013439218513667583,0.1150897964835167,0.06817326694726944,y
16,0.05121441781520845,0.09055922776460647,65,0.12000000000000055,0.13000000000000056,1002,-14.2655611038208,27.691978454589844,0.006529637612402439,0.12512093782424927,0.06843612343072891,y
16,0.05121441781520845,0.09055922776460647,66,0.13000000000000056,0.14000000000000057,1034,-13.678582191467285,25.444622039794922,0.007531498558819294,0.13502809405326843,0.069056436419487,y
16,0.05121441781520845,0.09055922776460647,67,0.14000000000000057,0.15000000000000058,1008,-15.015952110290527,23.327777862548828,-0.006365934386849403,0.14504145085811615,0.06906361132860184,y
16,0.05121441781520845,0.09055922776460647,68,0.15000000000000058,0.1600000000000006,968,-15.358235359191895,22.863359451293945,-0.007004956714808941,0.15502649545669556,0.06793925166130066,y
16,0.05121441781520845,0.09055922776460647,69,0.1600000000000006,0.1700000000000006,945,-15.242593765258789,21.79270362854004,-0.005262880586087704,0.16495196521282196,0.06773576140403748,y
16,0.05121441781520845,0.09055922776460647,70,0.1700000000000006,0.1800000000000006,931,-14.3858060836792,20.50055503845215,0.001946589327417314,0.17505447566509247,0.06824769824743271,y
16,0.05121441781520845,0.09055922776460647,71,0.1800000000000006,0.1900000000000006,930,-13.932808876037598,19.529634475708008,0.007797750644385815,0.1849815398454666,0.06837437301874161,y
16,0.05121441781520845,0.09055922776460647,72,0.1900000000000006,0.20000000000000062,954,-13.849212646484375,18.93497085571289,0.006531419698148966,0.1949445605278015,0.06945614516735077,y
16,0.05121441781520845,0.09055922776460647,73,0.20000000000000062,0.21000000000000063,1032,-14.555024147033691,17.586322784423828,-0.006384813226759434,0.20516476035118103,0.0701979398727417,y
16,0.05121441781520845,0.09055922776460647,74,0.21000000000000063,0.22000000000000064,1027,-14.329399108886719,16.70175552368164,0.0016263563884422183,0.2151293158531189,0.06920395791530609,y
16,0.05121441781520845,0.09055922776460647,75,0.22000000000000064,0.23000000000000065,1135,-13.39176082611084,17.12753677368164,0.023293064907193184,0.22518473863601685,0.0685889720916748,y
16,0.05121441781520845,0.09055922776460647,76,0.23000000000000065,0.24000000000000066,1258,-14.012831687927246,16.779329299926758,0.01753503829240799,0.235029935836792,0.0688626766204834,y
16,0.05121441781520845,0.09055922776460647,77,0.24000000000000066,0.25000000000000067,1192,-11.279409408569336,15.82501220703125,0.06257577240467072,0.24514570832252502,0.06828666478395462,y
16,0.05121441781520845,0.09055922776460647,78,0.25000000000000067,0.2600000000000007,1360,-10.908964157104492,14.639808654785156,0.07027152925729752,0.25490719079971313,0.0678170844912529,y
16,0.05121441781520845,0.09055922776460647,79,0.2600000000000007,0.2700000000000007,1369,-10.499343872070312,13.869677543640137,0.0727526992559433,0.2649982273578644,0.06911411881446838,y
16,0.05121441781520845,0.09055922776460647,80,0.2700000000000007,0.2800000000000007,1861,-15.195545196533203,15.370098114013672,-0.008848677389323711,0.2752442955970764,0.06909647583961487,y
16,0.05121441781520845,0.09055922776460647,81,0.2800000000000007,0.2900000000000007,1495,-11.168763160705566,14.107841491699219,0.06844659894704819,0.2850535809993744,0.06890138238668442,y
16,0.05121441781520845,0.09055922776460647,82,0.2900000000000007,0.3000000000000007,1498,-10.437729835510254,13.574742317199707,0.08779951930046082,0.2949730157852173,0.06790276616811752,y
16,0.05121441781520845,0.09055922776460647,83,0.3000000000000007,0.3100000000000007,3390,-10.847001075744629,11.844542503356934,0.08550345152616501,0.305545449256897,0.06744301319122314,y
16,0.05121441781520845,0.09055922776460647,84,0.3100000000000007,0.32000000000000073,5892,-10.842244148254395,11.422024726867676,0.08827989548444748,0.3148827850818634,0.06744364649057388,y
16,0.05121441781520845,0.09055922776460647,85,0.32000000000000073,0.33000000000000074,4783,-10.437206268310547,11.103753089904785,0.10467726737260818,0.32496294379234314,0.06726985424757004,y
16,0.05121441781520845,0.09055922776460647,86,0.33000000000000074,0.34000000000000075,3093,-10.146949768066406,10.524356842041016,0.10530301928520203,0.3339691758155823,0.0687066987156868,y
16,0.05121441781520845,0.09055922776460647,87,0.34000000000000075,0.35000000000000075,1384,-9.67748737335205,10.630552291870117,0.11390729993581772,0.34474897384643555,0.07004848122596741,y
16,0.05121441781520845,0.09055922776460647,88,0.35000000000000075,0.36000000000000076,1164,-9.824158668518066,10.70650577545166,0.11849160492420197,0.3549753725528717,0.06950506567955017,y
16,0.05121441781520845,0.09055922776460647,89,0.36000000000000076,0.3700000000000008,1423,-9.563286781311035,10.081884384155273,0.1281428188085556,0.3650895655155182,0.06871535629034042,y
16,0.05121441781520845,0.09055922776460647,90,0.3700000000000008,0.3800000000000008,1430,-10.007816314697266,9.907276153564453,0.12496229261159897,0.37504908442497253,0.06775370240211487,y
16,0.05121441781520845,0.09055922776460647,91,0.3800000000000008,0.3900000000000008,1628,-10.694801330566406,9.791611671447754,0.10761409252882004,0.38524317741394043,0.06757433712482452,y
16,0.05121441781520845,0.09055922776460647,92,0.3900000000000008,0.4000000000000008,1743,-12.248476028442383,10.401939392089844,0.07678479701280594,0.39480772614479065,0.06700450927019119,y
16,0.05121441781520845,0.09055922776460647,93,0.4000000000000008,0.4100000000000008,1659,-12.412796974182129,9.918421745300293,0.07026652246713638,0.40502840280532837,0.06821593642234802,y
16,0.05121441781520845,0.09055922776460647,94,0.4100000000000008,0.4200000000000008,1898,-12.913268089294434,9.613078117370605,0.060001518577337265,0.4149625897407532,0.06805624067783356,y
16,0.05121441781520845,0.09055922776460647,95,0.4200000000000008,0.4300000000000008,1991,-13.650703430175781,10.091814041137695,0.0412246435880661,0.4250827133655548,0.06775280833244324,y
16,0.05121441781520845,0.09055922776460647,96,0.4300000000000008,0.44000000000000083,1958,-15.48025131225586,10.116046905517578,-0.016173239797353745,0.43484389781951904,0.06877005845308304,y
16,0.05121441781520845,0.09055922776460647,97,0.44000000000000083,0.45000000000000084,1600,-16.249156951904297,10.02453899383545,-0.043789178133010864,0.44477030634880066,0.06999684125185013,y
16,0.05121441781520845,0.09055922776460647,98,0.45000000000000084,0.46000000000000085,1668,-16.05044174194336,9.744534492492676,-0.03969086334109306,0.4551885724067688,0.06979163736104965,y
16,0.05121441781520845,0.09055922776460647,99,0.46000000000000085,0.47000000000000086,1922,-16.460323333740234,9.531968116760254,-0.05099346116185188,0.4648965299129486,0.06917185336351395,y
16,0.05121441781520845,0.09055922776460647,100,0.47000000000000086,0.48000000000000087,1416,-16.560813903808594,10.135497093200684,-0.06548096984624863,0.4747799336910248,0.0704079195857048,y
16,0.05121441781520845,0.09055922776460647,101,0.48000000000000087,0.4900000000000009,1089,-18.881175994873047,9.886635780334473,-0.14202547073364258,0.4848862588405609,0.07005791366100311,y
16,0.05121441781520845,0.09055922776460647,102,0.4900000000000009,0.5000000000000009,619,-20.00568962097168,9.31672191619873,-0.17306429147720337,0.4937904477119446,0.0688653439283371,y
16,0.05121441781520845,0.09055922776460647,103,0.5000000000000009,0.5100000000000009,269,-15.552244186401367,10.927887916564941,-0.025693360716104507,0.5043822526931763,0.06926693022251129,y
16,0.05121441781520845,0.09055922776460647,104,0.5100000000000009,0.5200000000000009,103,-20.002552032470703,10.750384330749512,-0.22427763044834137,0.5140541195869446,0.07178638130426407,y
16,0.05121441781520845,0.09055922776460647,105,0.5200000000000009,0.5300000000000009,66,-17.639015197753906,5.751682758331299,-0.25745368003845215,0.5251498818397522,0.08259328454732895,y
16,0.05121441781520845,0.09055922776460647,106,0.5300000000000009,0.5400000000000009,13,-22.995424270629883,2.56720232963562,-0.37984853982925415,0.5356955528259277,0.07526914030313492,y
16,0.05121441781520845,0.09055922776460647,107,0.5400000000000009,0.5500000000000009,7,-21.115398406982422,1.56401526927948,-0.3766610026359558,0.54539954662323,0.0804789662361145,y
17,0.09055922776460647,0.19896979629993433,0,-inf,-0.52,5640,-10.487040519714355,4.0910844802856445,0.20180699229240417,-0.5633344054222107,0.13572564721107483,y
17,0.09055922776460647,0.19896979629993433,1,-0.52,-0.51,355,-7.948744773864746,5.039876937866211,0.01679353229701519,-0.5150957703590393,0.1371517777442932,y
17,0.09055922776460647,0.19896979629993433,2,-0.51,-0.5,297,-7.552853584289551,5.277901649475098,-0.024885093793272972,-0.505177915096283,0.1342356652021408,y
17,0.09055922776460647,0.19896979629993433,3,-0.5,-0.49,291,-7.197995662689209,5.310123443603516,-0.060145676136016846,-0.49519553780555725,0.12936361134052277,y
17,0.09055922776460647,0.19896979629993433,4,-0.49,-0.48,312,-6.903286457061768,5.167556285858154,-0.07051117718219757,-0.48528963327407837,0.13031122088432312,y
17,0.09055922776460647,0.19896979629993433,5,-0.48,-0.47,285,-7.0601911544799805,5.034426689147949,-0.045260366052389145,-0.47490042448043823,0.13441619277000427,y
17,0.09055922776460647,0.19896979629993433,6,-0.47,-0.45999999999999996,320,-7.087298393249512,4.517375469207764,-0.021325377747416496,-0.4646660387516022,0.13939562439918518,y
17,0.09055922776460647,0.19896979629993433,7,-0.45999999999999996,-0.44999999999999996,310,-7.235912322998047,4.54941987991333,-0.023546529933810234,-0.45521530508995056,0.13578107953071594,y
17,0.09055922776460647,0.19896979629993433,8,-0.44999999999999996,-0.43999999999999995,297,-6.404813289642334,4.695580005645752,-0.05799147114157677,-0.4449710547924042,0.14062269032001495,y
17,0.09055922776460647,0.19896979629993433,9,-0.43999999999999995,-0.42999999999999994,360,-5.468459129333496,4.975454330444336,-0.12109703570604324,-0.4346211850643158,0.14327213168144226,y
17,0.09055922776460647,0.19896979629993433,10,-0.42999999999999994,-0.41999999999999993,416,-4.872865676879883,4.615124225616455,-0.15209732949733734,-0.42501339316368103,0.13937586545944214,y
17,0.09055922776460647,0.19896979629993433,11,-0.41999999999999993,-0.4099999999999999,380,-5.585397720336914,5.059358596801758,-0.11380357295274734,-0.4150712788105011,0.13449431955814362,y
17,0.09055922776460647,0.19896979629993433,12,-0.4099999999999999,-0.3999999999999999,446,-6.510232925415039,5.684152603149414,-0.049663495272397995,-0.40465691685676575,0.13817189633846283,y
17,0.09055922776460647,0.19896979629993433,13,-0.3999999999999999,-0.3899999999999999,1387,-6.182375907897949,5.451063632965088,-0.07414151728153229,-0.39450085163116455,0.1389690488576889,y
17,0.09055922776460647,0.19896979629993433,14,-0.3899999999999999,-0.3799999999999999,1799,-6.879091739654541,6.600905895233154,-0.055222731083631516,-0.38512060046195984,0.13185325264930725,y
17,0.09055922776460647,0.19896979629993433,15,-0.3799999999999999,-0.3699999999999999,1627,-4.945302963256836,6.3514885902404785,-0.1311606913805008,-0.37524184584617615,0.13277257978916168,y
17,0.09055922776460647,0.19896979629993433,16,-0.3699999999999999,-0.3599999999999999,1517,-5.5268635749816895,6.141251087188721,-0.0985463485121727,-0.3653450906276703,0.1362675279378891,y
17,0.09055922776460647,0.19896979629993433,17,-0.3599999999999999,-0.34999999999999987,1040,-6.249960422515869,6.60007905960083,-0.07527518272399902,-0.3552027642726898,0.13242065906524658,y
17,0.09055922776460647,0.19896979629993433,18,-0.34999999999999987,-0.33999999999999986,850,-6.266313552856445,6.555179119110107,-0.07401040196418762,-0.3450312316417694,0.13178667426109314,y
17,0.09055922776460647,0.19896979629993433,19,-0.33999999999999986,-0.32999999999999985,796,-6.748852729797363,6.799469470977783,-0.05534427985548973,-0.3349437117576599,0.1286044418811798,y
17,0.09055922776460647,0.19896979629993433,20,-0.32999999999999985,-0.31999999999999984,831,-7.3641743659973145,6.50107479095459,-0.008162223733961582,-0.3249126970767975,0.13416966795921326,y
17,0.09055922776460647,0.19896979629993433,21,-0.31999999999999984,-0.30999999999999983,884,-8.342822074890137,6.588639736175537,0.04256420582532883,-0.3149416744709015,0.13797156512737274,y
17,0.09055922776460647,0.19896979629993433,22,-0.30999999999999983,-0.2999999999999998,859,-8.348057746887207,7.167148113250732,0.031333617866039276,-0.30498266220092773,0.13606850802898407,y
17,0.09055922776460647,0.19896979629993433,23,-0.2999999999999998,-0.2899999999999998,1146,-8.324195861816406,6.849094390869141,0.014216357842087746,-0.2946421504020691,0.12916120886802673,y
17,0.09055922776460647,0.19896979629993433,24,-0.2899999999999998,-0.2799999999999998,1360,-7.859397888183594,6.724769115447998,0.0003016927803400904,-0.2850942611694336,0.13215228915214539,y
17,0.09055922776460647,0.19896979629993433,25,-0.2799999999999998,-0.2699999999999998,2451,-5.44846248626709,7.321913719177246,-0.08398272842168808,-0.2741938829421997,0.133222296833992,y
17,0.09055922776460647,0.19896979629993433,26,-0.2699999999999998,-0.2599999999999998,2763,-7.1764726638793945,8.812777519226074,-0.026870211586356163,-0.26537346839904785,0.1322880983352661,y
17,0.09055922776460647,0.19896979629993433,27,-0.2599999999999998,-0.24999999999999978,1114,-6.558387279510498,9.424854278564453,-0.03638447821140289,-0.2554071843624115,0.13672897219657898,y
17,0.09055922776460647,0.19896979629993433,28,-0.24999999999999978,-0.23999999999999977,1007,-5.990727424621582,10.124883651733398,-0.05353102460503578,-0.24495187401771545,0.13452966511249542,y
17,0.09055922776460647,0.19896979629993433,29,-0.23999999999999977,-0.22999999999999976,819,-8.432392120361328,10.35410213470459,0.013117486611008644,-0.23514044284820557,0.13665449619293213,y
17,0.09055922776460647,0.19896979629993433,30,-0.22999999999999976,-0.21999999999999975,815,-8.191405296325684,10.577116966247559,0.008248288184404373,-0.2251153439283371,0.13476945459842682,y
17,0.09055922776460647,0.19896979629993433,31,-0.21999999999999975,-0.20999999999999974,648,-8.535323143005371,10.966658592224121,0.010737295262515545,-0.2150764763355255,0.13415122032165527,y
17,0.09055922776460647,0.19896979629993433,32,-0.20999999999999974,-0.19999999999999973,540,-9.375810623168945,11.2000150680542,0.03734873607754707,-0.20509757101535797,0.13589203357696533,y
17,0.09055922776460647,0.19896979629993433,33,-0.19999999999999973,-0.18999999999999972,511,-9.1890230178833,11.855988502502441,0.02935919351875782,-0.19503018260002136,0.1357361078262329,y
17,0.09055922776460647,0.19896979629993433,34,-0.18999999999999972,-0.17999999999999972,484,-9.212116241455078,11.933451652526855,0.031365275382995605,-0.18513305485248566,0.13666243851184845,y
17,0.09055922776460647,0.19896979629993433,35,-0.17999999999999972,-0.1699999999999997,492,-8.629100799560547,12.20458698272705,0.021856587380170822,-0.17494511604309082,0.1368018090724945,y
17,0.09055922776460647,0.19896979629993433,36,-0.1699999999999997,-0.1599999999999997,478,-8.561238288879395,12.86973762512207,0.019700733944773674,-0.16498489677906036,0.1383359581232071,y
17,0.09055922776460647,0.19896979629993433,37,-0.1599999999999997,-0.1499999999999997,527,-8.776616096496582,13.863279342651367,0.020548688247799873,-0.154929056763649,0.13869594037532806,y
17,0.09055922776460647,0.19896979629993433,38,-0.1499999999999997,-0.13999999999999968,516,-8.638172149658203,14.787741661071777,0.016026325523853302,-0.1449761837720871,0.13784879446029663,y
17,0.09055922776460647,0.19896979629993433,39,-0.13999999999999968,-0.12999999999999967,559,-9.107404708862305,16.11680793762207,0.01987391896545887,-0.1349194496870041,0.13794519007205963,y
17,0.09055922776460647,0.19896979629993433,40,-0.12999999999999967,-0.11999999999999966,545,-7.48884391784668,17.3791561126709,-0.01344195008277893,-0.12503305077552795,0.13643431663513184,y
17,0.09055922776460647,0.19896979629993433,41,-0.11999999999999966,-0.10999999999999965,560,-6.304659366607666,18.975414276123047,-0.03216737508773804,-0.11501575261354446,0.13550567626953125,y
17,0.09055922776460647,0.19896979629993433,42,-0.10999999999999965,-0.09999999999999964,585,-6.201578140258789,20.397750854492188,-0.02674991637468338,-0.10504457354545593,0.13774307072162628,y
17,0.09055922776460647,0.19896979629993433,43,-0.09999999999999964,-0.08999999999999964,634,-6.132648944854736,21.50238037109375,-0.020876027643680573,-0.0949816182255745,0.13811121881008148,y
17,0.09055922776460647,0.19896979629993433,44,-0.08999999999999964,-0.07999999999999963,666,-6.841216087341309,23.178300857543945,-0.011143215000629425,-0.08510442078113556,0.13719074428081512,y
17,0.09055922776460647,0.19896979629993433,45,-0.07999999999999963,-0.06999999999999962,675,-6.669769287109375,25.544458389282227,-0.012684229761362076,-0.07505279034376144,0.13471925258636475,y
17,0.09055922776460647,0.19896979629993433,46,-0.06999999999999962,-0.05999999999999961,696,-7.658653736114502,28.416427612304688,-0.0031275530345737934,-0.0649297684431076,0.1332213580608368,y
17,0.09055922776460647,0.19896979629993433,47,-0.05999999999999961,-0.0499999999999996,749,-10.880077362060547,31.52952003479004,0.016533425077795982,-0.05498203635215759,0.13099104166030884,y
17,0.09055922776460647,0.19896979629993433,48,-0.0499999999999996,-0.03999999999999959,783,-11.482941627502441,37.556983947753906,0.016421493142843246,-0.045080844312906265,0.13117025792598724,y
17,0.09055922776460647,0.19896979629993433,49,-0.03999999999999959,-0.029999999999999583,798,-12.128430366516113,48.500579833984375,0.019513841718435287,-0.03503286466002464,0.13342618942260742,y
17,0.09055922776460647,0.19896979629993433,50,-0.029999999999999583,-0.019999999999999574,780,-13.420863151550293,71.09831237792969,0.019519925117492676,-0.025126643478870392,0.1347847729921341,y
17,0.09055922776460647,0.19896979629993433,51,-0.019999999999999574,-0.009999999999999565,809,-14.796154022216797,123.2869873046875,0.015913136303424835,-0.015037765726447105,0.13729456067085266,y
17,0.09055922776460647,0.19896979629993433,52,-0.009999999999999565,4.440892098500626e-16,692,-23.138795852661133,542.7447509765625,0.015636790543794632,-0.005502480082213879,0.13861721754074097,y
17,0.09055922776460647,0.19896979629993433,53,4.440892098500626e-16,0.010000000000000453,690,-5.468846321105957,568.5914306640625,0.005208514165133238,0.005553289782255888,0.1376682072877884,y
17,0.09055922776460647,0.19896979629993433,54,0.010000000000000453,0.020000000000000462,753,-8.034026145935059,128.4985809326172,-7.767442730255425e-05,0.015205809846520424,0.1363259255886078,y
17,0.09055922776460647,0.19896979629993433,55,0.020000000000000462,0.03000000000000047,761,-7.996772766113281,74.97330474853516,-0.0009260352817364037,0.025081820785999298,0.13641981780529022,y
17,0.09055922776460647,0.19896979629993433,56,0.03000000000000047,0.04000000000000048,742,-6.906038761138916,53.43264389038086,0.004769953899085522,0.03502846136689186,0.13738493621349335,y
17,0.09055922776460647,0.19896979629993433,57,0.04000000000000048,0.05000000000000049,785,-4.211883068084717,42.184104919433594,0.02071494795382023,0.04505366459488869,0.1363692432641983,y
17,0.09055922776460647,0.19896979629993433,58,0.05000000000000049,0.0600000000000005,715,-4.334567546844482,35.61456298828125,0.02284601330757141,0.05494965240359306,0.13538244366645813,y
17,0.09055922776460647,0.19896979629993433,59,0.0600000000000005,0.0700000000000005,762,-3.153939962387085,30.47153663635254,0.035036202520132065,0.06495343893766403,0.13354402780532837,y
17,0.09055922776460647,0.19896979629993433,60,0.0700000000000005,0.08000000000000052,771,-4.850810527801514,26.539642333984375,0.02488657459616661,0.07509727776050568,0.1330394297838211,y
17,0.09055922776460647,0.19896979629993433,61,0.08000000000000052,0.09000000000000052,746,-5.397722244262695,23.230026245117188,0.020879849791526794,0.08508389443159103,0.13354821503162384,y
17,0.09055922776460647,0.19896979629993433,62,0.09000000000000052,0.10000000000000053,769,-6.001638889312744,21.09013557434082,0.0199748445302248,0.0949578732252121,0.13315078616142273,y
17,0.09055922776460647,0.19896979629993433,63,0.10000000000000053,0.11000000000000054,803,-7.068586349487305,19.329439163208008,0.0077976020984351635,0.10503065586090088,0.13466951251029968,y
17,0.09055922776460647,0.19896979629993433,64,0.11000000000000054,0.12000000000000055,792,-6.843880653381348,17.34388542175293,0.013791385106742382,0.11502519249916077,0.13670186698436737,y
17,0.09055922776460647,0.19896979629993433,65,0.12000000000000055,0.13000000000000056,776,-6.819656848907471,16.24648094177246,0.01617305725812912,0.1250176727771759,0.1364477127790451,y
17,0.09055922776460647,0.19896979629993433,66,0.13000000000000056,0.14000000000000057,860,-7.518003463745117,15.222880363464355,0.002830283483490348,0.13491450250148773,0.1399248242378235,y
17,0.09055922776460647,0.19896979629993433,67,0.14000000000000057,0.15000000000000058,957,-6.976710796356201,13.613779067993164,0.008960754610598087,0.14508050680160522,0.14059802889823914,y
17,0.09055922776460647,0.19896979629993433,68,0.15000000000000058,0.1600000000000006,1023,-8.019781112670898,13.275369644165039,-0.008642222732305527,0.1549224853515625,0.1387745887041092,y
17,0.09055922776460647,0.19896979629993433,69,0.1600000000000006,0.1700000000000006,1073,-7.873061656951904,12.707636833190918,-0.0022486147936433554,0.16494764387607574,0.13621196150779724,y
17,0.09055922776460647,0.19896979629993433,70,0.1700000000000006,0.1800000000000006,1108,-8.165146827697754,11.604265213012695,-0.009111950173974037,0.17499840259552002,0.13670316338539124,y
17,0.09055922776460647,0.19896979629993433,71,0.1800000000000006,0.1900000000000006,1096,-8.42106819152832,10.724038124084473,-0.01214153878390789,0.18501652777194977,0.13660141825675964,y
17,0.09055922776460647,0.19896979629993433,72,0.1900000000000006,0.20000000000000062,1077,-8.558197975158691,10.155646324157715,-0.017924081534147263,0.1950993537902832,0.13696782290935516,y
17,0.09055922776460647,0.19896979629993433,73,0.20000000000000062,0.21000000000000063,1038,-7.788933753967285,9.985830307006836,0.002432006411254406,0.20495660603046417,0.13660039007663727,y
17,0.09055922776460647,0.19896979629993433,74,0.21000000000000063,0.22000000000000064,964,-7.018749237060547,9.612336158752441,0.02081136591732502,0.21494683623313904,0.13557271659374237,y
17,0.09055922776460647,0.19896979629993433,75,0.22000000000000064,0.23000000000000065,1014,-6.663933753967285,9.1748685836792,0.03366320580244064,0.2249792516231537,0.13558031618595123,y
17,0.09055922776460647,0.19896979629993433,76,0.23000000000000065,0.24000000000000066,1043,-7.609932899475098,8.970846176147461,-4.6085420763120055e-05,0.2350984364748001,0.1375921368598938,y
17,0.09055922776460647,0.19896979629993433,77,0.24000000000000066,0.25000000000000067,1383,-6.544809818267822,9.357078552246094,0.04304413124918938,0.2451726794242859,0.13523399829864502,y
17,0.09055922776460647,0.19896979629993433,78,0.25000000000000067,0.2600000000000007,1483,-6.584168910980225,8.89712905883789,0.037589289247989655,0.2549702823162079,0.1368492841720581,y
17,0.09055922776460647,0.19896979629993433,79,0.2600000000000007,0.2700000000000007,1538,-7.250128269195557,8.797182083129883,0.008271368220448494,0.2650742828845978,0.1385059952735901,y
17,0.09055922776460647,0.19896979629993433,80,0.2700000000000007,0.2800000000000007,1510,-7.501098155975342,8.868517875671387,-0.0006024669855833054,0.27495917677879333,0.13595902919769287,y
17,0.09055922776460647,0.19896979629993433,81,0.2800000000000007,0.2900000000000007,1377,-7.671567440032959,9.260427474975586,0.01362160500138998,0.28485479950904846,0.13206687569618225,y
17,0.09055922776460647,0.19896979629993433,82,0.2900000000000007,0.3000000000000007,1428,-6.652230739593506,9.045018196105957,0.053472183644771576,0.2951273024082184,0.13210095465183258,y
17,0.09055922776460647,0.19896979629993433,83,0.3000000000000007,0.3100000000000007,2485,-7.007457256317139,7.778397083282471,0.04118921235203743,0.3057878017425537,0.1298639476299286,y
17,0.09055922776460647,0.19896979629993433,84,0.3100000000000007,0.32000000000000073,5558,-6.277416229248047,7.524508476257324,0.06924024969339371,0.3149467408657074,0.13175132870674133,y
17,0.09055922776460647,0.19896979629993433,85,0.32000000000000073,0.33000000000000074,4206,-5.477797985076904,6.246501445770264,0.10299548506736755,0.32509106397628784,0.1306450366973877,y
17,0.09055922776460647,0.19896979629993433,86,0.33000000000000074,0.34000000000000075,3010,-5.7751569747924805,6.3138957023620605,0.09659656882286072,0.33446434140205383,0.13262315094470978,y
17,0.09055922776460647,0.19896979629993433,87,0.34000000000000075,0.35000000000000075,1911,-6.2840576171875,6.588111877441406,0.07208240032196045,0.3450317680835724,0.13259024918079376,y
17,0.09055922776460647,0.19896979629993433,88,0.35000000000000075,0.36000000000000076,1666,-6.501406192779541,6.029677867889404,0.05730435997247696,0.35482990741729736,0.13535352051258087,y
17,0.09055922776460647,0.19896979629993433,89,0.36000000000000076,0.3700000000000008,1570,-6.218234539031982,5.770602703094482,0.07152057439088821,0.36499908566474915,0.1361178457736969,y
17,0.09055922776460647,0.19896979629993433,90,0.3700000000000008,0.3800000000000008,1584,-6.562074661254883,5.5432963371276855,0.05182046443223953,0.3748321533203125,0.13679029047489166,y
17,0.09055922776460647,0.19896979629993433,91,0.3800000000000008,0.3900000000000008,1721,-6.824826240539551,5.188457489013672,0.04689040035009384,0.3850274980068207,0.1340864598751068,y
17,0.09055922776460647,0.19896979629993433,92,0.3900000000000008,0.4000000000000008,1854,-7.264728546142578,5.574750900268555,0.021093469113111496,0.39464160799980164,0.13616612553596497,y
17,0.09055922776460647,0.19896979629993433,93,0.4000000000000008,0.4100000000000008,1687,-6.996222496032715,5.572673320770264,0.03287672996520996,0.40488848090171814,0.13672474026679993,y
17,0.09055922776460647,0.19896979629993433,94,0.4100000000000008,0.4200000000000008,1880,-7.543532848358154,5.248111248016357,0.0013232961064204574,0.41502371430397034,0.1363636702299118,y
17,0.09055922776460647,0.19896979629993433,95,0.4200000000000008,0.4300000000000008,1832,-6.815781116485596,5.553721904754639,0.044035110622644424,0.4251192510128021,0.13637615740299225,y
17,0.09055922776460647,0.19896979629993433,96,0.4300000000000008,0.44000000000000083,2115,-7.769763946533203,5.772676467895508,0.007174570579081774,0.43526023626327515,0.1359497308731079,y
17,0.09055922776460647,0.19896979629993433,97,0.44000000000000083,0.45000000000000084,2117,-7.794950485229492,5.4697771072387695,-0.005909285042434931,0.44492247700691223,0.13628530502319336,y
17,0.09055922776460647,0.19896979629993433,98,0.45000000000000084,0.46000000000000085,2082,-8.110105514526367,5.583865165710449,-0.03213735297322273,0.45505577325820923,0.1389661431312561,y
17,0.09055922776460647,0.19896979629993433,99,0.46000000000000085,0.47000000000000086,2363,-8.828369140625,5.611997604370117,-0.07217089831829071,0.46495139598846436,0.13653042912483215,y
17,0.09055922776460647,0.19896979629993433,100,0.47000000000000086,0.48000000000000087,2190,-9.135699272155762,5.85418701171875,-0.09513824433088303,0.4750268757343292,0.13863463699817657,y
17,0.09055922776460647,0.19896979629993433,101,0.48000000000000087,0.4900000000000009,1954,-9.46371841430664,5.855586528778076,-0.11877257376909256,0.48477745056152344,0.13857810199260712,y
17,0.09055922776460647,0.19896979629993433,102,0.4900000000000009,0.5000000000000009,1421,-6.862834453582764,5.445667743682861,0.041584644466638565,0.49462658166885376,0.14230695366859436,y
17,0.09055922776460647,0.19896979629993433,103,0.5000000000000009,0.5100000000000009,359,-7.575480937957764,5.645143508911133,0.008630244992673397,0.5032929182052612,0.13993699848651886,y
17,0.09055922776460647,0.19896979629993433,104,0.5100000000000009,0.5200000000000009,618,-12.486028671264648,2.9791553020477295,-0.35835933685302734,0.5163712501525879,0.1421881914138794,y
17,0.09055922776460647,0.19896979629993433,105,0.5200000000000009,0.5300000000000009,510,-13.941974639892578,2.8241002559661865,-0.33399903774261475,0.5227445363998413,0.12172097712755203,y
17,0.09055922776460647,0.19896979629993433,106,0.5300000000000009,0.5400000000000009,18,-13.681819915771484,2.569281578063965,-0.4019835889339447,0.5337487459182739,0.13281793892383575,y
17,0.09055922776460647,0.19896979629993433,107,0.5400000000000009,0.5500000000000009,11,-14.207625389099121,2.9775326251983643,-0.37671172618865967,0.5448118448257446,0.12507739663124084,y
17,0.09055922776460647,0.19896979629993433,108,0.5500000000000009,0.5600000000000009,15,-13.10324478149414,2.8616490364074707,-0.36985424160957336,0.5555230975151062,0.13378575444221497,y
18,0.19896979629993433,0.6484470605850131,0,-inf,-0.52,6654,-3.6184303760528564,2.1923420429229736,0.11389978975057602,-0.5699318647384644,0.38039618730545044,y
18,0.19896979629993433,0.6484470605850131,1,-0.52,-0.51,518,-2.802412748336792,2.17732310295105,-0.042716704308986664,-0.515173614025116,0.37771034240722656,y
18,0.19896979629993433,0.6484470605850131,2,-0.51,-0.5,426,-3.0123772621154785,2.225355625152588,-0.003998326603323221,-0.5050630569458008,0.3745577931404114,y
18,0.19896979629993433,0.6484470605850131,3,-0.5,-0.49,408,-2.973114252090454,2.0510830879211426,0.006614928133785725,-0.49532899260520935,0.37272292375564575,y
18,0.19896979629993433,0.6484470605850131,4,-0.49,-0.48,322,-3.021528720855713,2.161745548248291,0.0007991316961124539,-0.4851732850074768,0.36688095331192017,y
18,0.19896979629993433,0.6484470605850131,5,-0.48,-0.47,315,-2.9546258449554443,2.135009288787842,0.0034039542078971863,-0.4747728109359741,0.373875230550766,y
18,0.19896979629993433,0.6484470605850131,6,-0.47,-0.45999999999999996,324,-3.1433229446411133,2.225080728530884,-0.0015016543911769986,-0.4648323059082031,0.34847092628479004,y
18,0.19896979629993433,0.6484470605850131,7,-0.45999999999999996,-0.44999999999999996,359,-3.163628339767456,2.241647243499756,0.012966047041118145,-0.4548007845878601,0.35612764954566956,y
18,0.19896979629993433,0.6484470605850131,8,-0.44999999999999996,-0.43999999999999995,406,-3.0523970127105713,2.1678225994110107,0.025114139541983604,-0.44486135244369507,0.3750532567501068,y
18,0.19896979629993433,0.6484470605850131,9,-0.43999999999999995,-0.42999999999999994,434,-2.786952495574951,2.313636541366577,-0.03237175941467285,-0.43497687578201294,0.3552713692188263,y
18,0.19896979629993433,0.6484470605850131,10,-0.42999999999999994,-0.41999999999999993,473,-2.6391289234161377,2.3327693939208984,-0.04104248434305191,-0.4248650074005127,0.37253740429878235,y
18,0.19896979629993433,0.6484470605850131,11,-0.41999999999999993,-0.4099999999999999,603,-2.5585954189300537,2.4667885303497314,-0.03312229365110397,-0.4148547053337097,0.39272594451904297,y
18,0.19896979629993433,0.6484470605850131,12,-0.4099999999999999,-0.3999999999999999,823,-3.019282102584839,2.425238847732544,0.02380392886698246,-0.4048643708229065,0.3911258578300476,y
18,0.19896979629993433,0.6484470605850131,13,-0.3999999999999999,-0.3899999999999999,1179,-2.4120941162109375,2.280858039855957,-0.0943179801106453,-0.39474961161613464,0.341213196516037,y
18,0.19896979629993433,0.6484470605850131,14,-0.3899999999999999,-0.3799999999999999,1273,-2.393733501434326,3.010991096496582,-0.10098384320735931,-0.3848002851009369,0.36039265990257263,y
18,0.19896979629993433,0.6484470605850131,15,-0.3799999999999999,-0.3699999999999999,1342,-2.4193994998931885,3.004301071166992,-0.0956416204571724,-0.37509092688560486,0.3435512185096741,y
18,0.19896979629993433,0.6484470605850131,16,-0.3699999999999999,-0.3599999999999999,1224,-2.7196168899536133,2.8894402980804443,-0.041603848338127136,-0.36474841833114624,0.37071576714515686,y
18,0.19896979629993433,0.6484470605850131,17,-0.3599999999999999,-0.34999999999999987,990,-2.446047067642212,2.8572041988372803,-0.05843673273921013,-0.35534414649009705,0.369803249835968,y
18,0.19896979629993433,0.6484470605850131,18,-0.34999999999999987,-0.33999999999999986,878,-3.450385332107544,3.4279863834381104,0.036632876843214035,-0.3449823260307312,0.3546700179576874,y
18,0.19896979629993433,0.6484470605850131,19,-0.33999999999999986,-0.32999999999999985,901,-3.6172735691070557,3.780055046081543,0.026491625234484673,-0.3351697027683258,0.35377615690231323,y
18,0.19896979629993433,0.6484470605850131,20,-0.32999999999999985,-0.31999999999999984,767,-3.5892715454101562,3.52866268157959,0.03614678978919983,-0.325090229511261,0.3588874042034149,y
18,0.19896979629993433,0.6484470605850131,21,-0.31999999999999984,-0.30999999999999983,825,-3.4800260066986084,3.295553684234619,0.042132411152124405,-0.31495147943496704,0.3720473051071167,y
18,0.19896979629993433,0.6484470605850131,22,-0.30999999999999983,-0.2999999999999998,909,-3.4909515380859375,3.1960387229919434,0.04209848865866661,-0.3050538897514343,0.36910712718963623,y
18,0.19896979629993433,0.6484470605850131,23,-0.2999999999999998,-0.2899999999999998,1153,-3.0517189502716064,3.0223515033721924,0.004321443382650614,-0.29511314630508423,0.3742520213127136,y
18,0.19896979629993433,0.6484470605850131,24,-0.2899999999999998,-0.2799999999999998,1526,-3.0775222778320312,2.91875958442688,0.008044293150305748,-0.28473857045173645,0.37210139632225037,y
18,0.19896979629993433,0.6484470605850131,25,-0.2799999999999998,-0.2699999999999998,1903,-2.595733165740967,3.397045612335205,-0.042808130383491516,-0.27508544921875,0.34778058528900146,y
18,0.19896979629993433,0.6484470605850131,26,-0.2699999999999998,-0.2599999999999998,2096,-2.8769991397857666,3.756894588470459,-0.013339538127183914,-0.2654162347316742,0.3553522229194641,y
18,0.19896979629993433,0.6484470605850131,27,-0.2599999999999998,-0.24999999999999978,1214,-2.399242401123047,3.8702635765075684,-0.058828964829444885,-0.25523945689201355,0.3549889624118805,y
18,0.19896979629993433,0.6484470605850131,28,-0.24999999999999978,-0.23999999999999977,883,-2.3574490547180176,3.974682092666626,-0.04390848055481911,-0.24519945681095123,0.37490391731262207,y
18,0.19896979629993433,0.6484470605850131,29,-0.23999999999999977,-0.22999999999999976,711,-2.868776321411133,4.4753289222717285,-0.022541090846061707,-0.23488841950893402,0.35092395544052124,y
18,0.19896979629993433,0.6484470605850131,30,-0.22999999999999976,-0.21999999999999975,528,-2.669607400894165,4.243910789489746,-0.024571537971496582,-0.22526046633720398,0.367977499961853,y
18,0.19896979629993433,0.6484470605850131,31,-0.21999999999999975,-0.20999999999999974,480,-3.276095151901245,4.421124458312988,0.01445602998137474,-0.21488958597183228,0.3505546748638153,y
18,0.19896979629993433,0.6484470605850131,32,-0.20999999999999974,-0.19999999999999973,532,-2.9686269760131836,4.610167503356934,-0.005688220728188753,-0.20497789978981018,0.3525705337524414,y
18,0.19896979629993433,0.6484470605850131,33,-0.19999999999999973,-0.18999999999999972,552,-3.469672203063965,4.693778038024902,0.02667328529059887,-0.1950119286775589,0.369258314371109,y
18,0.19896979629993433,0.6484470605850131,34,-0.18999999999999972,-0.17999999999999972,550,-3.8084800243377686,4.770592212677002,0.04499855637550354,-0.18493178486824036,0.35912010073661804,y
18,0.19896979629993433,0.6484470605850131,35,-0.17999999999999972,-0.1699999999999997,557,-3.835472822189331,5.123080730438232,0.02877063862979412,-0.1749914586544037,0.3448427617549896,y
18,0.19896979629993433,0.6484470605850131,36,-0.1699999999999997,-0.1599999999999997,564,-4.245743751525879,5.21038818359375,0.04419402778148651,-0.16498976945877075,0.3415772318840027,y
18,0.19896979629993433,0.6484470605850131,37,-0.1599999999999997,-0.1499999999999997,607,-3.648005485534668,5.253252983093262,0.015100051648914814,-0.15508383512496948,0.34963980317115784,y
18,0.19896979629993433,0.6484470605850131,38,-0.1499999999999997,-0.13999999999999968,630,-3.6332108974456787,5.374807357788086,0.02157127857208252,-0.1449100375175476,0.3640464246273041,y
18,0.19896979629993433,0.6484470605850131,39,-0.13999999999999968,-0.12999999999999967,658,-3.336773157119751,5.901651382446289,0.005444820038974285,-0.13493946194648743,0.36364638805389404,y
18,0.19896979629993433,0.6484470605850131,40,-0.12999999999999967,-0.11999999999999966,677,-3.6491003036499023,6.090567111968994,0.020304393023252487,-0.1250068098306656,0.3687564432621002,y
18,0.19896979629993433,0.6484470605850131,41,-0.11999999999999966,-0.10999999999999965,685,-4.109094619750977,7.2023420333862305,0.02453656494617462,-0.11507922410964966,0.3510071337223053,y
18,0.19896979629993433,0.6484470605850131,42,-0.10999999999999965,-0.09999999999999964,722,-3.707143783569336,7.137912273406982,0.014294629916548729,-0.10496308654546738,0.37573978304862976,y
18,0.19896979629993433,0.6484470605850131,43,-0.09999999999999964,-0.08999999999999964,719,-3.7827746868133545,8.477693557739258,0.01887856051325798,-0.09494610875844955,0.38203105330467224,y
18,0.19896979629993433,0.6484470605850131,44,-0.08999999999999964,-0.07999999999999963,641,-3.8483190536499023,9.075748443603516,0.018949633464217186,-0.08491189032793045,0.38770103454589844,y
18,0.19896979629993433,0.6484470605850131,45,-0.07999999999999963,-0.06999999999999962,605,-4.34286642074585,10.679861068725586,0.030171727761626244,-0.07489258050918579,0.38686129450798035,y
18,0.19896979629993433,0.6484470605850131,46,-0.06999999999999962,-0.05999999999999961,626,-5.580918788909912,12.882135391235352,0.04601645469665527,-0.06496807187795639,0.37932029366493225,y
18,0.19896979629993433,0.6484470605850131,47,-0.05999999999999961,-0.0499999999999996,650,-6.297318935394287,14.693461418151855,0.05205029994249344,-0.054898470640182495,0.3799588978290558,y
18,0.19896979629993433,0.6484470605850131,48,-0.0499999999999996,-0.03999999999999959,659,-7.643025875091553,17.69641876220703,0.05766921117901802,-0.04499821364879608,0.3773379623889923,y
18,0.19896979629993433,0.6484470605850131,49,-0.03999999999999959,-0.029999999999999583,659,-6.89582633972168,22.662206649780273,0.038530003279447556,-0.035051535815000534,0.3702447712421417,y
18,0.19896979629993433,0.6484470605850131,50,-0.029999999999999583,-0.019999999999999574,679,-10.023788452148438,31.6085262298584,0.04855148866772652,-0.024852095171809196,0.36689671874046326,y
18,0.19896979629993433,0.6484470605850131,51,-0.019999999999999574,-0.009999999999999565,676,-11.868734359741211,54.48759078979492,0.03175749257206917,-0.01489875465631485,0.3597509264945984,y
18,0.19896979629993433,0.6484470605850131,52,-0.009999999999999565,4.440892098500626e-16,691,-50.14226531982422,254.5436248779297,0.04658697172999382,-0.005348145961761475,0.3531709313392639,y
18,0.19896979629993433,0.6484470605850131,53,4.440892098500626e-16,0.010000000000000453,744,36.93101119995117,245.60264587402344,0.0348147489130497,0.005541402846574783,0.35367804765701294,y
18,0.19896979629993433,0.6484470605850131,54,0.010000000000000453,0.020000000000000462,817,4.4344868659973145,52.09052276611328,0.02514522336423397,0.015045843087136745,0.3605070412158966,y
18,0.19896979629993433,0.6484470605850131,55,0.020000000000000462,0.03000000000000047,857,0.017147105187177658,31.91688346862793,0.017597200348973274,0.025020252913236618,0.3552900552749634,y
18,0.19896979629993433,0.6484470605850131,56,0.03000000000000047,0.04000000000000048,855,-0.7549543380737305,21.04161262512207,0.022444626316428185,0.03501291200518608,0.35991597175598145,y
18,0.19896979629993433,0.6484470605850131,57,0.04000000000000048,0.05000000000000049,914,-1.7128292322158813,15.699387550354004,0.01719057932496071,0.04503168165683746,0.36332064867019653,y
18,0.19896979629993433,0.6484470605850131,58,0.05000000000000049,0.0600000000000005,1030,-2.591508150100708,12.972315788269043,0.006440264638513327,0.05505172535777092,0.3672734797000885,y
18,0.19896979629993433,0.6484470605850131,59,0.0600000000000005,0.0700000000000005,1074,-3.837686061859131,11.92336368560791,-0.014319372363388538,0.06509267538785934,0.359652042388916,y
18,0.19896979629993433,0.6484470605850131,60,0.0700000000000005,0.08000000000000052,1102,-3.0959837436676025,9.867829322814941,-0.004494113381952047,0.07488176226615906,0.3731541037559509,y
18,0.19896979629993433,0.6484470605850131,61,0.08000000000000052,0.09000000000000052,1079,-2.3740501403808594,8.640902519226074,0.013828027993440628,0.08488890528678894,0.3788571357727051,y
18,0.19896979629993433,0.6484470605850131,62,0.09000000000000052,0.10000000000000053,1091,-2.60772705078125,7.607633590698242,0.009750843048095703,0.09493342787027359,0.38071393966674805,y
18,0.19896979629993433,0.6484470605850131,63,0.10000000000000053,0.11000000000000054,1117,-2.4181606769561768,6.759080410003662,0.016726186498999596,0.10497019439935684,0.3810148239135742,y
18,0.19896979629993433,0.6484470605850131,64,0.11000000000000054,0.12000000000000055,1076,-2.5945017337799072,6.000398635864258,0.014469772577285767,0.11506810039281845,0.374765545129776,y
18,0.19896979629993433,0.6484470605850131,65,0.12000000000000055,0.13000000000000056,1134,-2.8403480052948,5.621789932250977,0.011141287162899971,0.1250343918800354,0.3658193349838257,y
18,0.19896979629993433,0.6484470605850131,66,0.13000000000000056,0.14000000000000057,1083,-2.91790771484375,5.402444362640381,0.010323171503841877,0.13502144813537598,0.36067894101142883,y
18,0.19896979629993433,0.6484470605850131,67,0.14000000000000057,0.15000000000000058,1029,-2.5521955490112305,5.311585426330566,0.03330766782164574,0.14502917230129242,0.3550063371658325,y
18,0.19896979629993433,0.6484470605850131,68,0.15000000000000058,0.1600000000000006,1019,-2.7154977321624756,5.214125156402588,0.03337462618947029,0.15503618121147156,0.36185222864151,y
18,0.19896979629993433,0.6484470605850131,69,0.1600000000000006,0.1700000000000006,982,-2.6740505695343018,5.257275104522705,0.04106733947992325,0.16487008333206177,0.35714206099510193,y
18,0.19896979629993433,0.6484470605850131,70,0.1700000000000006,0.1800000000000006,929,-2.457669496536255,4.953005790710449,0.04892000928521156,0.17486493289470673,0.36542847752571106,y
18,0.19896979629993433,0.6484470605850131,71,0.1800000000000006,0.1900000000000006,905,-2.619157552719116,5.024240493774414,0.04576875641942024,0.1849886178970337,0.3534097671508789,y
18,0.19896979629993433,0.6484470605850131,72,0.1900000000000006,0.20000000000000062,842,-2.3804194927215576,4.833537578582764,0.05684294551610947,0.19504818320274353,0.3467549681663513,y
18,0.19896979629993433,0.6484470605850131,73,0.20000000000000062,0.21000000000000063,845,-2.351191282272339,4.473893642425537,0.05411050468683243,0.20509669184684753,0.3617161214351654,y
18,0.19896979629993433,0.6484470605850131,74,0.21000000000000063,0.22000000000000064,931,-2.418003797531128,4.261607646942139,0.058663781732320786,0.2150411158800125,0.35887017846107483,y
18,0.19896979629993433,0.6484470605850131,75,0.22000000000000064,0.23000000000000065,1092,-2.7874386310577393,4.135385036468506,0.03062650002539158,0.224982351064682,0.35048505663871765,y
18,0.19896979629993433,0.6484470605850131,76,0.23000000000000065,0.24000000000000066,1107,-2.979301691055298,3.954505443572998,0.0240683164447546,0.23505952954292297,0.34037861227989197,y
18,0.19896979629993433,0.6484470605850131,77,0.24000000000000066,0.25000000000000067,1215,-2.3206398487091064,3.951817750930786,0.07031063735485077,0.24490360915660858,0.3362528681755066,y
18,0.19896979629993433,0.6484470605850131,78,0.25000000000000067,0.2600000000000007,1080,-3.0596323013305664,3.910804510116577,0.017977923154830933,0.25492480397224426,0.3570251762866974,y
18,0.19896979629993433,0.6484470605850131,79,0.2600000000000007,0.2700000000000007,1179,-3.0139214992523193,3.6158385276794434,0.007030087523162365,0.26504379510879517,0.36369606852531433,y
18,0.19896979629993433,0.6484470605850131,80,0.2700000000000007,0.2800000000000007,1423,-3.522028923034668,3.4686038494110107,-0.031632713973522186,0.27511531114578247,0.3509933352470398,y
18,0.19896979629993433,0.6484470605850131,81,0.2800000000000007,0.2900000000000007,1482,-2.9967422485351562,3.0650534629821777,-0.010496112518012524,0.2849981486797333,0.36409908533096313,y
18,0.19896979629993433,0.6484470605850131,82,0.2900000000000007,0.3000000000000007,1474,-2.5227155685424805,2.9721343517303467,0.02413434162735939,0.29496270418167114,0.37618306279182434,y
18,0.19896979629993433,0.6484470605850131,83,0.3000000000000007,0.3100000000000007,1650,-2.489863395690918,3.1558427810668945,0.044779274612665176,0.30538520216941833,0.36115479469299316,y
18,0.19896979629993433,0.6484470605850131,84,0.3100000000000007,0.32000000000000073,3044,-2.2444300651550293,3.061070680618286,0.08555210381746292,0.3153360188007355,0.34345710277557373,y
18,0.19896979629993433,0.6484470605850131,85,0.32000000000000073,0.33000000000000074,2591,-2.502167224884033,2.9296915531158447,0.0692366510629654,0.3250935971736908,0.3545614182949066,y
18,0.19896979629993433,0.6484470605850131,86,0.33000000000000074,0.34000000000000075,2547,-2.371847629547119,2.6871070861816406,0.07852309942245483,0.3345874547958374,0.3582595884799957,y
18,0.19896979629993433,0.6484470605850131,87,0.34000000000000075,0.35000000000000075,2016,-2.7511582374572754,2.6919708251953125,0.030737198889255524,0.34490591287612915,0.3770054280757904,y
18,0.19896979629993433,0.6484470605850131,88,0.35000000000000075,0.36000000000000076,1904,-2.8017444610595703,2.5573573112487793,0.021007979288697243,0.35506099462509155,0.3753078579902649,y
18,0.19896979629993433,0.6484470605850131,89,0.36000000000000076,0.3700000000000008,1843,-2.626070261001587,2.4606215953826904,0.03400488942861557,0.3649120330810547,0.3809237480163574,y
18,0.19896979629993433,0.6484470605850131,90,0.3700000000000008,0.3800000000000008,1953,-2.6900110244750977,2.470734119415283,0.036159977316856384,0.3750458061695099,0.38115423917770386,y
18,0.19896979629993433,0.6484470605850131,91,0.3800000000000008,0.3900000000000008,2032,-3.036259651184082,2.527859926223755,0.005323038436472416,0.3849019408226013,0.3697052597999573,y
18,0.19896979629993433,0.6484470605850131,92,0.3900000000000008,0.4000000000000008,1884,-2.9971930980682373,2.592144727706909,0.01699947379529476,0.39493629336357117,0.3668663203716278,y
18,0.19896979629993433,0.6484470605850131,93,0.4000000000000008,0.4100000000000008,1805,-3.117744207382202,2.5548861026763916,0.0010636263759806752,0.40508535504341125,0.3663100600242615,y
18,0.19896979629993433,0.6484470605850131,94,0.4100000000000008,0.4200000000000008,1890,-2.8485727310180664,2.4801878929138184,0.036071404814720154,0.41510605812072754,0.36173954606056213,y
18,0.19896979629993433,0.6484470605850131,95,0.4200000000000008,0.4300000000000008,2071,-2.771944761276245,2.4182193279266357,0.037346310913562775,0.424999475479126,0.3697289228439331,y
18,0.19896979629993433,0.6484470605850131,96,0.4300000000000008,0.44000000000000083,2325,-2.8043577671051025,2.3402512073516846,0.028760671615600586,0.4351070523262024,0.3664417862892151,y
18,0.19896979629993433,0.6484470605850131,97,0.44000000000000083,0.45000000000000084,2541,-3.1461901664733887,2.472337007522583,-0.0011577302357181907,0.44500353932380676,0.3601279854774475,y
18,0.19896979629993433,0.6484470605850131,98,0.45000000000000084,0.46000000000000085,2406,-3.1942903995513916,2.5429797172546387,-0.005000726319849491,0.4549603760242462,0.35811859369277954,y
18,0.19896979629993433,0.6484470605850131,99,0.46000000000000085,0.47000000000000086,2540,-3.165846586227417,2.652449607849121,-0.001428781310096383,0.4649776518344879,0.36195385456085205,y
18,0.19896979629993433,0.6484470605850131,100,0.47000000000000086,0.48000000000000087,2462,-3.4091567993164062,2.6798698902130127,-0.0348660945892334,0.4748065173625946,0.35878095030784607,y
18,0.19896979629993433,0.6484470605850131,101,0.48000000000000087,0.4900000000000009,2411,-3.2716543674468994,2.774510145187378,-0.015231536701321602,0.48479118943214417,0.35871684551239014,y
18,0.19896979629993433,0.6484470605850131,102,0.4900000000000009,0.5000000000000009,1402,-3.0950660705566406,2.3558762073516846,-0.03245123103260994,0.4943191111087799,0.38168808817863464,y
18,0.19896979629993433,0.6484470605850131,103,0.5000000000000009,0.5100000000000009,972,-3.3672373294830322,2.4628076553344727,-0.04188926890492439,0.5049892663955688,0.37245145440101624,y
18,0.19896979629993433,0.6484470605850131,104,0.5100000000000009,0.5200000000000009,786,-4.909883975982666,2.2734391689300537,-0.23876619338989258,0.5139145851135254,0.3327626883983612,y
18,0.19896979629993433,0.6484470605850131,105,0.5200000000000009,0.5300000000000009,261,-4.923879623413086,2.636375665664673,-0.24349923431873322,0.5231475234031677,0.3502490818500519,y
18,0.19896979629993433,0.6484470605850131,106,0.5300000000000009,0.5400000000000009,29,-4.87028169631958,1.1575605869293213,-0.5227213501930237,0.5343409180641174,0.4289622902870178,y
18,0.19896979629993433,0.6484470605850131,107,0.5400000000000009,0.5500000000000009,11,-4.812042236328125,1.6915028095245361,-0.36074987053871155,0.5454899668693542,0.3903355300426483,y
18,0.19896979629993433,0.6484470605850131,108,0.5500000000000009,0.5600000000000009,6,-5.996170520782471,1.3890584707260132,-0.363675594329834,0.5545477867126465,0.2912733554840088,y
19,0.6484470605850131,794.4554443359375,0,-inf,-0.52,6604,-0.6787195205688477,0.644891619682312,0.06889234483242035,-0.5672200322151184,4.882361888885498,y
19,0.6484470605850131,794.4554443359375,1,-0.52,-0.51,867,-0.5027554035186768,0.6188254356384277,-0.026192866265773773,-0.5147827863693237,6.354800224304199,y
19,0.6484470605850131,794.4554443359375,2,-0.51,-0.5,876,-0.5758216381072998,0.651343584060669,0.04339494928717613,-0.5050861835479736,6.103285312652588,y
19,0.6484470605850131,794.4554443359375,3,-0.5,-0.49,823,-0.4416098892688751,0.5128163695335388,0.015983959659934044,-0.4949367642402649,9.175461769104004,y
19,0.6484470605850131,794.4554443359375,4,-0.49,-0.48,831,-0.4605500400066376,0.5533215999603271,0.02773921564221382,-0.4849652945995331,8.205307006835938,y
19,0.6484470605850131,794.4554443359375,5,-0.48,-0.47,892,-0.38161012530326843,0.44784611463546753,0.0028503250796347857,-0.47492310404777527,10.876806259155273,y
19,0.6484470605850131,794.4554443359375,6,-0.47,-0.45999999999999996,894,-0.4212515354156494,0.497298002243042,0.009953153319656849,-0.46474677324295044,9.521927833557129,y
19,0.6484470605850131,794.4554443359375,7,-0.45999999999999996,-0.44999999999999996,981,-0.4228018522262573,0.5111351013183594,0.005427091382443905,-0.4549896717071533,10.25527286529541,y
19,0.6484470605850131,794.4554443359375,8,-0.44999999999999996,-0.43999999999999995,1067,-0.4710002839565277,0.5723888278007507,0.012601403519511223,-0.4449891746044159,11.064037322998047,y
19,0.6484470605850131,794.4554443359375,9,-0.43999999999999995,-0.42999999999999994,1043,-0.4797555208206177,0.5875124335289001,0.0018234765157103539,-0.43502649664878845,8.93917179107666,y
19,0.6484470605850131,794.4554443359375,10,-0.42999999999999994,-0.41999999999999993,1171,-0.4685743451118469,0.5808348655700684,0.00868164375424385,-0.4251303970813751,8.748076438903809,y
19,0.6484470605850131,794.4554443359375,11,-0.41999999999999993,-0.4099999999999999,1269,-0.5608223080635071,0.7024404406547546,0.01708105392754078,-0.4149063229560852,6.713994026184082,y
19,0.6484470605850131,794.4554443359375,12,-0.4099999999999999,-0.3999999999999999,1203,-0.6306814551353455,0.853049635887146,0.035012438893318176,-0.40491992235183716,7.600099563598633,y
19,0.6484470605850131,794.4554443359375,13,-0.3999999999999999,-0.3899999999999999,1201,-0.4681050479412079,0.6621989011764526,-0.0014826665865257382,-0.39483997225761414,7.1266889572143555,y
19,0.6484470605850131,794.4554443359375,14,-0.3899999999999999,-0.3799999999999999,1339,-0.4666122794151306,0.6626371741294861,0.00854889303445816,-0.384967565536499,5.946247577667236,y
19,0.6484470605850131,794.4554443359375,15,-0.3799999999999999,-0.3699999999999999,1321,-0.487150639295578,0.6291782855987549,0.021066052839159966,-0.3748205602169037,5.827915191650391,y
19,0.6484470605850131,794.4554443359375,16,-0.3699999999999999,-0.3599999999999999,1489,-0.5972287654876709,0.6646900177001953,0.09227056056261063,-0.3649890720844269,5.281566619873047,y
19,0.6484470605850131,794.4554443359375,17,-0.3599999999999999,-0.34999999999999987,1396,-0.6454945802688599,0.7638309001922607,0.036395858973264694,-0.3548211455345154,5.243887901306152,y
19,0.6484470605850131,794.4554443359375,18,-0.34999999999999987,-0.33999999999999986,1335,-0.5871115922927856,0.7672665119171143,0.04678099602460861,-0.34483733773231506,6.754922866821289,y
19,0.6484470605850131,794.4554443359375,19,-0.33999999999999986,-0.32999999999999985,1357,-0.5550973415374756,0.7730069160461426,0.013431813567876816,-0.3349291682243347,5.49204158782959,y
19,0.6484470605850131,794.4554443359375,20,-0.32999999999999985,-0.31999999999999984,1237,-0.5443075895309448,0.729853630065918,0.018326284363865852,-0.32525956630706787,4.635222911834717,y
19,0.6484470605850131,794.4554443359375,21,-0.31999999999999984,-0.30999999999999983,990,-0.6081907749176025,0.7642070055007935,0.02286095917224884,-0.3149605095386505,3.863579511642456,y
19,0.6484470605850131,794.4554443359375,22,-0.30999999999999983,-0.2999999999999998,1132,-0.6450629234313965,0.7715016603469849,0.013128682039678097,-0.3049714267253876,3.4236085414886475,y
19,0.6484470605850131,794.4554443359375,23,-0.2999999999999998,-0.2899999999999998,1150,-0.6608601212501526,0.787401020526886,0.01915300078690052,-0.2949761748313904,3.259734630584717,y
19,0.6484470605850131,794.4554443359375,24,-0.2899999999999998,-0.2799999999999998,1164,-0.8373769521713257,0.9714913964271545,0.04756680503487587,-0.28496214747428894,3.210242509841919,y
19,0.6484470605850131,794.4554443359375,25,-0.2799999999999998,-0.2699999999999998,1330,-0.8418261408805847,1.0829565525054932,0.04546765238046646,-0.27485302090644836,3.3135223388671875,y
19,0.6484470605850131,794.4554443359375,26,-0.2699999999999998,-0.2599999999999998,1712,-0.8759265542030334,1.060014247894287,0.029689637944102287,-0.2652058005332947,2.5895185470581055,y
19,0.6484470605850131,794.4554443359375,27,-0.2599999999999998,-0.24999999999999978,1004,-0.7765774130821228,1.0936663150787354,0.02306196838617325,-0.25533929467201233,3.503141164779663,y
19,0.6484470605850131,794.4554443359375,28,-0.24999999999999978,-0.23999999999999977,599,-0.5610784888267517,1.1384170055389404,-0.024543821811676025,-0.24540840089321136,3.623319149017334,y
19,0.6484470605850131,794.4554443359375,29,-0.23999999999999977,-0.22999999999999976,575,-0.45799678564071655,0.9900896549224854,-0.03985713794827461,-0.23492670059204102,3.424316883087158,y
19,0.6484470605850131,794.4554443359375,30,-0.22999999999999976,-0.21999999999999975,563,-0.564891517162323,0.9855826497077942,-0.006232747808098793,-0.22524210810661316,3.311605930328369,y
19,0.6484470605850131,794.4554443359375,31,-0.21999999999999975,-0.20999999999999974,448,-0.7400931119918823,0.9953086376190186,0.031961504369974136,-0.21508656442165375,3.6541483402252197,y
19,0.6484470605850131,794.4554443359375,32,-0.20999999999999974,-0.19999999999999973,401,-0.7565637826919556,1.056907296180725,0.051344674080610275,-0.20498637855052948,2.621718168258667,y
19,0.6484470605850131,794.4554443359375,33,-0.19999999999999973,-0.18999999999999972,381,-0.551406741142273,0.9983722567558289,0.026060743257403374,-0.1948501318693161,2.716653347015381,y
19,0.6484470605850131,794.4554443359375,34,-0.18999999999999972,-0.17999999999999972,438,-0.541737973690033,1.0873409509658813,0.01306168269366026,-0.18498902022838593,2.334324359893799,y
19,0.6484470605850131,794.4554443359375,35,-0.17999999999999972,-0.1699999999999997,471,-0.5183548927307129,1.10343337059021,0.01165527943521738,-0.17492333054542542,2.4601755142211914,y
19,0.6484470605850131,794.4554443359375,36,-0.1699999999999997,-0.1599999999999997,515,-0.5666302442550659,1.1808538436889648,0.006676540710031986,-0.16480709612369537,2.26567006111145,y
19,0.6484470605850131,794.4554443359375,37,-0.1599999999999997,-0.1499999999999997,642,-0.5218832492828369,1.268904447555542,0.0006259074434638023,-0.15472756326198578,2.380160331726074,y
19,0.6484470605850131,794.4554443359375,38,-0.1499999999999997,-0.13999999999999968,636,-0.4777263402938843,1.4068964719772339,-0.005741257220506668,-0.14495711028575897,2.5199685096740723,y
19,0.6484470605850131,794.4554443359375,39,-0.13999999999999968,-0.12999999999999967,628,-0.5937187075614929,1.760759711265564,-0.014204101637005806,-0.13509950041770935,1.988122820854187,y
19,0.6484470605850131,794.4554443359375,40,-0.12999999999999967,-0.11999999999999966,612,-0.649288535118103,1.7421494722366333,0.00013396631402429193,-0.12492046505212784,2.2207908630371094,y
19,0.6484470605850131,794.4554443359375,41,-0.11999999999999966,-0.10999999999999965,639,-0.7714616656303406,1.8669967651367188,0.014119423925876617,-0.11503740400075912,2.05928373336792,y
19,0.6484470605850131,794.4554443359375,42,-0.10999999999999965,-0.09999999999999964,636,-0.7702732086181641,2.184372663497925,0.00010963356180582196,-0.10494031012058258,2.325209856033325,y
19,0.6484470605850131,794.4554443359375,43,-0.09999999999999964,-0.08999999999999964,586,-0.718388557434082,2.2635080814361572,0.00762534886598587,-0.09512369334697723,2.7524454593658447,y
19,0.6484470605850131,794.4554443359375,44,-0.08999999999999964,-0.07999999999999963,596,-0.8230291604995728,2.6499240398406982,0.005728438496589661,-0.08507475256919861,2.1579465866088867,y
19,0.6484470605850131,794.4554443359375,45,-0.07999999999999963,-0.06999999999999962,596,-0.7534283399581909,2.9410386085510254,0.00345445959828794,-0.07491357624530792,2.3800482749938965,y
19,0.6484470605850131,794.4554443359375,46,-0.06999999999999962,-0.05999999999999961,582,-0.5923017859458923,3.3447301387786865,-0.008644551038742065,-0.0649820938706398,2.2432899475097656,y
19,0.6484470605850131,794.4554443359375,47,-0.05999999999999961,-0.0499999999999996,597,-0.25531521439552307,3.640001058578491,-0.021222641691565514,-0.054967001080513,2.7106680870056152,y
19,0.6484470605850131,794.4554443359375,48,-0.0499999999999996,-0.03999999999999959,584,0.05083063244819641,4.346324443817139,-0.02191154472529888,-0.04486099258065224,2.963324546813965,y
19,0.6484470605850131,794.4554443359375,49,-0.03999999999999959,-0.029999999999999583,556,0.4507562518119812,5.405486583709717,-0.04307803139090538,-0.03488203138113022,2.7561395168304443,y
19,0.6484470605850131,794.4554443359375,50,-0.029999999999999583,-0.019999999999999574,564,1.1628565788269043,7.70249080657959,-0.04906446859240532,-0.025035960599780083,2.7495834827423096,y
19,0.6484470605850131,794.4554443359375,51,-0.019999999999999574,-0.009999999999999565,589,1.8788546323776245,14.192543983459473,-0.04183587059378624,-0.014937078580260277,2.7809464931488037,y
19,0.6484470605850131,794.4554443359375,52,-0.009999999999999565,4.440892098500626e-16,527,8.43288803100586,69.65233612060547,-0.03898767754435539,-0.005465119145810604,2.781144142150879,y
19,0.6484470605850131,794.4554443359375,53,4.440892098500626e-16,0.010000000000000453,547,-9.082592964172363,59.791290283203125,-0.030410801991820335,0.005530558526515961,3.541698455810547,y
19,0.6484470605850131,794.4554443359375,54,0.010000000000000453,0.020000000000000462,611,-2.6796798706054688,13.809362411499023,-0.02975129522383213,0.015070144087076187,3.123504877090454,y
19,0.6484470605850131,794.4554443359375,55,0.020000000000000462,0.03000000000000047,613,-1.7346271276474,7.993216037750244,-0.03548615053296089,0.024989662691950798,2.9778008460998535,y
19,0.6484470605850131,794.4554443359375,56,0.03000000000000047,0.04000000000000048,620,-1.8587864637374878,5.453022480010986,-0.04472855105996132,0.034872639924287796,3.0573935508728027,y
19,0.6484470605850131,794.4554443359375,57,0.04000000000000048,0.05000000000000049,651,-1.4227266311645508,4.16604471206665,-0.024360448122024536,0.04494628682732582,3.645145893096924,y
19,0.6484470605850131,794.4554443359375,58,0.05000000000000049,0.0600000000000005,618,-1.2074847221374512,3.4365155696868896,-0.02858939953148365,0.054944515228271484,3.3791282176971436,y
19,0.6484470605850131,794.4554443359375,59,0.0600000000000005,0.0700000000000005,673,-1.187597632408142,2.9278128147125244,-0.03549927845597267,0.06494101881980896,3.0417397022247314,y
19,0.6484470605850131,794.4554443359375,60,0.0700000000000005,0.08000000000000052,699,-1.0633097887039185,2.722989320755005,-0.03299938142299652,0.07513165473937988,3.4206643104553223,y
19,0.6484470605850131,794.4554443359375,61,0.08000000000000052,0.09000000000000052,711,-0.9798612594604492,2.521566152572632,-0.026385296136140823,0.08515244722366333,3.8524065017700195,y
19,0.6484470605850131,794.4554443359375,62,0.09000000000000052,0.10000000000000053,756,-0.8962996602058411,2.206134557723999,-0.02465640753507614,0.09500850737094879,6.552084445953369,y
19,0.6484470605850131,794.4554443359375,63,0.10000000000000053,0.11000000000000054,736,-0.9583564400672913,2.1479101181030273,-0.02360166609287262,0.1048496887087822,4.025726795196533,y
19,0.6484470605850131,794.4554443359375,64,0.11000000000000054,0.12000000000000055,723,-1.0147680044174194,2.0437088012695312,-0.02880123071372509,0.11475082486867905,3.690659999847412,y
19,0.6484470605850131,794.4554443359375,65,0.12000000000000055,0.13000000000000056,675,-1.0284382104873657,1.969343900680542,-0.025759471580386162,0.12479808926582336,3.698443651199341,y
19,0.6484470605850131,794.4554443359375,66,0.13000000000000056,0.14000000000000057,722,-0.8704818487167358,1.790974497795105,-0.008272107690572739,0.1350618302822113,3.609711170196533,y
19,0.6484470605850131,794.4554443359375,67,0.14000000000000057,0.15000000000000058,711,-0.9368406534194946,1.7156035900115967,-0.014406724832952023,0.14501939713954926,4.04182243347168,y
19,0.6484470605850131,794.4554443359375,68,0.15000000000000058,0.1600000000000006,717,-0.725849986076355,1.5929858684539795,0.016533300280570984,0.15506048500537872,4.06912088394165,y
19,0.6484470605850131,794.4554443359375,69,0.1600000000000006,0.1700000000000006,766,-0.702264130115509,1.4854081869125366,0.009168244898319244,0.16507263481616974,4.714610576629639,y
19,0.6484470605850131,794.4554443359375,70,0.1700000000000006,0.1800000000000006,809,-0.674063503742218,1.3804268836975098,0.016743676736950874,0.1750112920999527,4.0449371337890625,y
19,0.6484470605850131,794.4554443359375,71,0.1800000000000006,0.1900000000000006,878,-0.6798571348190308,1.3266886472702026,0.006516404449939728,0.18521982431411743,3.8814494609832764,y
19,0.6484470605850131,794.4554443359375,72,0.1900000000000006,0.20000000000000062,978,-0.764054536819458,1.2733832597732544,-0.012612487189471722,0.1949305683374405,4.068186283111572,y
19,0.6484470605850131,794.4554443359375,73,0.20000000000000062,0.21000000000000063,1046,-0.817740797996521,1.2210280895233154,-0.028005866333842278,0.20497745275497437,3.385714292526245,y
19,0.6484470605850131,794.4554443359375,74,0.21000000000000063,0.22000000000000064,1084,-0.9166806936264038,1.2182631492614746,-0.04381997138261795,0.21504338085651398,3.8024680614471436,y
19,0.6484470605850131,794.4554443359375,75,0.22000000000000064,0.23000000000000065,1033,-0.9068005681037903,1.2091703414916992,-0.04157770425081253,0.22485153377056122,3.601149320602417,y
19,0.6484470605850131,794.4554443359375,76,0.23000000000000065,0.24000000000000066,953,-0.6960275173187256,1.03164541721344,-0.015825625509023666,0.2349507063627243,3.60400128364563,y
19,0.6484470605850131,794.4554443359375,77,0.24000000000000066,0.25000000000000067,984,-0.719905436038971,1.014692783355713,-0.022881492972373962,0.2449212521314621,4.150473594665527,y
19,0.6484470605850131,794.4554443359375,78,0.25000000000000067,0.2600000000000007,984,-0.6584376096725464,0.9680357575416565,-0.01751839742064476,0.2550535202026367,3.6221425533294678,y
19,0.6484470605850131,794.4554443359375,79,0.2600000000000007,0.2700000000000007,972,-0.7302566170692444,0.9760405421257019,-0.03630642592906952,0.2649805545806885,3.9335010051727295,y
19,0.6484470605850131,794.4554443359375,80,0.2700000000000007,0.2800000000000007,888,-0.730526328086853,0.9671893119812012,-0.04038381576538086,0.27489346265792847,4.073760986328125,y
19,0.6484470605850131,794.4554443359375,81,0.2800000000000007,0.2900000000000007,868,-0.7015475034713745,0.9604491591453552,-0.027667084708809853,0.2850361168384552,3.706972122192383,y
19,0.6484470605850131,794.4554443359375,82,0.2900000000000007,0.3000000000000007,1051,-0.8946464657783508,1.1253650188446045,-0.0497230589389801,0.2952078878879547,3.341017007827759,y
19,0.6484470605850131,794.4554443359375,83,0.3000000000000007,0.3100000000000007,1141,-0.853043794631958,1.0213754177093506,-0.04921887814998627,0.30506688356399536,3.2778398990631104,y
19,0.6484470605850131,794.4554443359375,84,0.3100000000000007,0.32000000000000073,1502,-0.7533453702926636,0.9205138683319092,-0.014189734123647213,0.3152889609336853,3.232940673828125,y
19,0.6484470605850131,794.4554443359375,85,0.32000000000000073,0.33000000000000074,1497,-0.7073243260383606,0.842271625995636,-0.017628386616706848,0.3248938024044037,3.2169570922851562,y
19,0.6484470605850131,794.4554443359375,86,0.33000000000000074,0.34000000000000075,1475,-0.6332178711891174,0.7760559320449829,0.011136066168546677,0.3350919783115387,3.4813499450683594,y
19,0.6484470605850131,794.4554443359375,87,0.34000000000000075,0.35000000000000075,1432,-0.6573032140731812,0.7763295769691467,-0.0008273297571577132,0.3450395464897156,3.3989830017089844,y
19,0.6484470605850131,794.4554443359375,88,0.35000000000000075,0.36000000000000076,1493,-0.6421430706977844,0.7376907467842102,-0.016022514551877975,0.3549312353134155,3.2750818729400635,y
19,0.6484470605850131,794.4554443359375,89,0.36000000000000076,0.3700000000000008,1631,-0.6537222862243652,0.7498111128807068,-0.013208888471126556,0.3650262951850891,3.293867588043213,y
19,0.6484470605850131,794.4554443359375,90,0.3700000000000008,0.3800000000000008,1836,-0.6852157711982727,0.7227546572685242,-0.027458341792225838,0.3750746548175812,3.50407338142395,y
19,0.6484470605850131,794.4554443359375,91,0.3800000000000008,0.3900000000000008,1930,-0.6418262124061584,0.6665858030319214,-0.01986061967909336,0.3850814998149872,3.4960923194885254,y
19,0.6484470605850131,794.4554443359375,92,0.3900000000000008,0.4000000000000008,2020,-0.5696118474006653,0.6375756859779358,-0.022486994042992592,0.39516282081604004,4.123016834259033,y
19,0.6484470605850131,794.4554443359375,93,0.4000000000000008,0.4100000000000008,2147,-0.6204685568809509,0.6633719205856323,-0.03401128947734833,0.40493759512901306,4.028622150421143,y
19,0.6484470605850131,794.4554443359375,94,0.4100000000000008,0.4200000000000008,2099,-0.5606825947761536,0.5985554456710815,-0.028930453583598137,0.4149838984012604,4.301709175109863,y
19,0.6484470605850131,794.4554443359375,95,0.4200000000000008,0.4300000000000008,2405,-0.6002137064933777,0.6573479771614075,-0.0382753424346447,0.4251313805580139,4.1928606033325195,y
19,0.6484470605850131,794.4554443359375,96,0.4300000000000008,0.44000000000000083,2799,-0.5984807014465332,0.6528236269950867,-0.05675271525979042,0.43521416187286377,4.177057266235352,y
19,0.6484470605850131,794.4554443359375,97,0.44000000000000083,0.45000000000000084,2970,-0.5470531582832336,0.6255730986595154,-0.039254844188690186,0.44491758942604065,4.332391738891602,y
19,0.6484470605850131,794.4554443359375,98,0.45000000000000084,0.46000000000000085,2797,-0.5539339184761047,0.6912813186645508,-0.00015050255751702935,0.45497748255729675,4.167198657989502,y
19,0.6484470605850131,794.4554443359375,99,0.46000000000000085,0.47000000000000086,3010,-0.5966436266899109,0.7227354049682617,-0.023667410016059875,0.4650782346725464,4.3332624435424805,y
19,0.6484470605850131,794.4554443359375,100,0.47000000000000086,0.48000000000000087,2985,-0.6352514624595642,0.7075949311256409,-0.11721750348806381,0.475047767162323,4.728315830230713,y
19,0.6484470605850131,794.4554443359375,101,0.48000000000000087,0.4900000000000009,3177,-0.5878850221633911,0.6545705199241638,-0.12189749628305435,0.4850095212459564,4.816527843475342,y
19,0.6484470605850131,794.4554443359375,102,0.4900000000000009,0.5000000000000009,2479,-0.6400988101959229,0.7215688228607178,-0.14585869014263153,0.49479565024375916,4.633249759674072,y
19,0.6484470605850131,794.4554443359375,103,0.5000000000000009,0.5100000000000009,2502,-0.6864253878593445,0.7321894764900208,-0.2507277727127075,0.5048486590385437,4.7491984367370605,y
19,0.6484470605850131,794.4554443359375,104,0.5100000000000009,0.5200000000000009,1296,-0.6163337826728821,0.5991438627243042,-0.20936094224452972,0.5143900513648987,3.556135654449463,y
19,0.6484470605850131,794.4554443359375,105,0.5200000000000009,0.5300000000000009,548,-0.49521520733833313,0.5741961002349854,-0.11910826712846756,0.5238479375839233,3.319895029067993,y
19,0.6484470605850131,794.4554443359375,106,0.5300000000000009,0.5400000000000009,169,-0.4043743312358856,0.5497559905052185,-0.22953300178050995,0.5333278179168701,5.474225997924805,y
19,0.6484470605850131,794.4554443359375,107,0.5400000000000009,0.5500000000000009,18,-0.39590030908584595,0.498354434967041,-0.44140440225601196,0.5412020087242126,6.332973480224609,y
0,0.0050119683146476746,0.007173255365341902,0,-inf,0.0,3482,-1846.6187744140625,4730.890625,0.016238272190093994,-0.001507628709077835,0.006810493301600218,z
0,0.0050119683146476746,0.007173255365341902,1,0.0,0.01,3013,4252.47119140625,7896.52392578125,0.07695095986127853,0.004624741617590189,0.0066948821768164635,z
0,0.0050119683146476746,0.007173255365341902,2,0.01,0.02,1881,789.71337890625,1028.4715576171875,0.09432469308376312,0.015228457748889923,0.006668029818683863,z
0,0.0050119683146476746,0.007173255365341902,3,0.02,0.03,2239,426.5392150878906,566.7293701171875,0.09516555070877075,0.02496943436563015,0.006613414268940687,z
0,0.0050119683146476746,0.007173255365341902,4,0.03,0.04,2438,302.70367431640625,411.39892578125,0.10620693117380142,0.03514085337519646,0.0065780566073954105,z
0,0.0050119683146476746,0.007173255365341902,5,0.04,0.05,3001,237.072265625,333.6008605957031,0.11632551997900009,0.045173753052949905,0.006570315919816494,z
0,0.0050119683146476746,0.007173255365341902,6,0.05,0.06,3234,179.86083984375,277.6775207519531,0.12068933993577957,0.05504405125975609,0.006557624787092209,z
0,0.0050119683146476746,0.007173255365341902,7,0.06,0.07,3252,143.84490966796875,240.61647033691406,0.12677159905433655,0.06498657912015915,0.006551134865731001,z
0,0.0050119683146476746,0.007173255365341902,8,0.07,0.08,3198,122.21021270751953,212.66964721679688,0.13587281107902527,0.07497520744800568,0.006557648070156574,z
0,0.0050119683146476746,0.007173255365341902,9,0.08,0.09,3138,99.09786987304688,191.6497802734375,0.14099495112895966,0.08492320030927658,0.006580970250070095,z
0,0.0050119683146476746,0.007173255365341902,10,0.09,0.1,2933,80.3836669921875,171.04312133789062,0.1457766890525818,0.0949869379401207,0.006593850441277027,z
0,0.0050119683146476746,0.007173255365341902,11,0.1,0.11,2895,63.01877212524414,151.0548858642578,0.14894893765449524,0.10494359582662582,0.006658236961811781,z
0,0.0050119683146476746,0.007173255365341902,12,0.11,0.12,2823,51.308349609375,132.24790954589844,0.15422658622264862,0.11491769552230835,0.0067151132971048355,z
0,0.0050119683146476746,0.007173255365341902,13,0.12,0.13,2632,41.749698638916016,118.42808532714844,0.15972639620304108,0.12494653463363647,0.00674092210829258,z
0,0.0050119683146476746,0.007173255365341902,14,0.13,0.14,2512,32.69728469848633,106.97134399414062,0.1644921451807022,0.13497400283813477,0.0067624254152178764,z
0,0.0050119683146476746,0.007173255365341902,15,0.14,0.15,2694,36.198856353759766,105.99974822998047,0.17974483966827393,0.14508762955665588,0.006765661761164665,z
0,0.0050119683146476746,0.007173255365341902,16,0.15,0.16,2821,35.642276763916016,101.42808532714844,0.19133354723453522,0.154991015791893,0.006785115227103233,z
0,0.0050119683146476746,0.007173255365341902,17,0.16,0.17,2690,24.742326736450195,95.62435150146484,0.19165797531604767,0.16491125524044037,0.006808863952755928,z
0,0.0050119683146476746,0.007173255365341902,18,0.17,0.18,2455,19.351890563964844,88.85646057128906,0.19728797674179077,0.17489442229270935,0.006824974901974201,z
0,0.0050119683146476746,0.007173255365341902,19,0.18,0.19,2143,15.839995384216309,81.31413269042969,0.20438067615032196,0.18486280739307404,0.006842989474534988,z
0,0.0050119683146476746,0.007173255365341902,20,0.19,0.2,1706,16.73674774169922,70.25045013427734,0.21677905321121216,0.19476976990699768,0.006843644194304943,z
0,0.0050119683146476746,0.007173255365341902,21,0.2,0.21,1222,24.769092559814453,54.85575866699219,0.2396089881658554,0.2047029435634613,0.006835929583758116,z
0,0.0050119683146476746,0.007173255365341902,22,0.21,0.22,888,26.734663009643555,38.27192306518555,0.2543306052684784,0.2146432101726532,0.006838243454694748,z
0,0.0050119683146476746,0.007173255365341902,23,0.22,0.23,688,21.801130294799805,25.61881446838379,0.25882774591445923,0.22484001517295837,0.0068260859698057175,z
0,0.0050119683146476746,0.007173255365341902,24,0.23,0.24,611,14.776164054870605,22.47428321838379,0.25902631878852844,0.23486563563346863,0.006860184483230114,z
0,0.0050119683146476746,0.007173255365341902,25,0.24,0.25,527,5.82985258102417,24.697233200073242,0.25457605719566345,0.24467913806438446,0.006885298527777195,z
0,0.0050119683146476746,0.007173255365341902,26,0.25,0.26,411,-0.9735664129257202,20.658767700195312,0.2531888782978058,0.2551268935203552,0.00686420314013958,z
0,0.0050119683146476746,0.007173255365341902,27,0.26,0.27,620,-19.382169723510742,38.93405532836914,0.22979691624641418,0.2652400732040405,0.0068771871738135815,z
0,0.0050119683146476746,0.007173255365341902,28,0.27,0.28,539,-17.125356674194336,33.05537414550781,0.2419000118970871,0.2747456729412079,0.00686124712228775,z
0,0.0050119683146476746,0.007173255365341902,29,0.28,0.29,371,-24.630643844604492,45.996368408203125,0.2350912243127823,0.2845843434333801,0.0068937973119318485,z
0,0.0050119683146476746,0.007173255365341902,30,0.29,0.3,287,-17.257579803466797,45.3297119140625,0.2592882812023163,0.29513293504714966,0.006851532030850649,z
0,0.0050119683146476746,0.007173255365341902,31,0.3,0.31,284,-13.925159454345703,41.610626220703125,0.2745046019554138,0.30418235063552856,0.006863727699965239,z
0,0.0050119683146476746,0.007173255365341902,32,0.31,0.32,59,-0.17817077040672302,3.07429575920105,0.3136676251888275,0.31401243805885315,0.006942050065845251,z
0,0.0050119683146476746,0.007173255365341902,33,0.32,0.33,47276,-4.07747220993042,19.0975284576416,0.3183343708515167,0.32721999287605286,0.006786597426980734,z
0,0.0050119683146476746,0.007173255365341902,34,0.33,inf,12,-120.71639251708984,43.22092056274414,0.05805320665240288,0.33024075627326965,0.006855131592601538,z
1,0.007173255365341902,0.007729924749583006,0,-inf,0.0,2441,-3851.2490234375,6024.4365234375,0.03953982889652252,-0.0014712609117850661,0.007462712004780769,z
1,0.007173255365341902,0.007729924749583006,1,0.0,0.01,3395,3088.252685546875,5636.1103515625,0.06837964802980423,0.003771378193050623,0.007468132302165031,z
1,0.007173255365341902,0.007729924749583006,2,0.01,0.02,1193,734.9555053710938,1015.9495849609375,0.09423654526472092,0.015117734670639038,0.007446556817740202,z
1,0.007173255365341902,0.007729924749583006,3,0.02,0.03,1616,486.52203369140625,597.9689331054688,0.11631949245929718,0.025224365293979645,0.007463998161256313,z
1,0.007173255365341902,0.007729924749583006,4,0.03,0.04,1782,350.4366455078125,432.0716857910156,0.12501920759677887,0.034978948533535004,0.007452889811247587,z
1,0.007173255365341902,0.007729924749583006,5,0.04,0.05,1729,256.03680419921875,327.44561767578125,0.1301565021276474,0.04493886977434158,0.007434537634253502,z
1,0.007173255365341902,0.007729924749583006,6,0.05,0.06,1679,181.1108856201172,259.4130859375,0.12851247191429138,0.055067215114831924,0.007442233618348837,z
1,0.007173255365341902,0.007729924749583006,7,0.06,0.07,1742,136.23239135742188,203.70123291015625,0.1305936723947525,0.06504809111356735,0.007449574302881956,z
1,0.007173255365341902,0.007729924749583006,8,0.07,0.08,2023,93.85343170166016,169.7357635498047,0.12748558819293976,0.07508959621191025,0.007453388534486294,z
1,0.007173255365341902,0.007729924749583006,9,0.08,0.09,2124,81.22154235839844,144.5269012451172,0.13654659688472748,0.08504458516836166,0.007466211915016174,z
1,0.007173255365341902,0.007729924749583006,10,0.09,0.1,2136,67.61487579345703,127.6510238647461,0.1427946835756302,0.09494369477033615,0.007468072697520256,z
1,0.007173255365341902,0.007729924749583006,11,0.1,0.11,2088,58.634315490722656,118.86992645263672,0.15088148415088654,0.10495417565107346,0.007482920773327351,z
1,0.007173255365341902,0.007729924749583006,12,0.11,0.12,2047,46.78994369506836,113.18775177001953,0.1552007496356964,0.1150088682770729,0.00747436610981822,z
1,0.007173255365341902,0.007729924749583006,13,0.12,0.13,2078,31.10053825378418,107.6042251586914,0.15418243408203125,0.12506026029586792,0.007460674736648798,z
1,0.007173255365341902,0.007729924749583006,14,0.13,0.14,2186,27.511959075927734,105.35475158691406,0.16275763511657715,0.13500945270061493,0.007448597811162472,z
1,0.007173255365341902,0.007729924749583006,15,0.14,0.15,2134,28.24793815612793,102.4261245727539,0.17553718388080597,0.14504528045654297,0.007423147093504667,z
1,0.007173255365341902,0.007729924749583006,16,0.15,0.16,2252,25.53597640991211,98.37227630615234,0.1847071647644043,0.15513715147972107,0.007425026968121529,z
1,0.007173255365341902,0.007729924749583006,17,0.16,0.17,2345,18.08356285095215,92.26673889160156,0.1875307708978653,0.16502565145492554,0.007442357949912548,z
1,0.007173255365341902,0.007729924749583006,18,0.17,0.18,2315,3.8112833499908447,85.51707458496094,0.1803167760372162,0.174945667386055,0.007441199850291014,z
1,0.007173255365341902,0.007729924749583006,19,0.18,0.19,2223,-7.657042503356934,80.61154174804688,0.17467142641544342,0.18494723737239838,0.007445793133229017,z
1,0.007173255365341902,0.007729924749583006,20,0.19,0.2,2194,-15.704203605651855,75.96394348144531,0.17234571278095245,0.19496901333332062,0.0074498532339930534,z
1,0.007173255365341902,0.007729924749583006,21,0.2,0.21,2089,-20.42525863647461,71.84408569335938,0.1737852543592453,0.20486313104629517,0.0074642798863351345,z
1,0.007173255365341902,0.007729924749583006,22,0.21,0.22,1623,-11.775267601013184,64.7717056274414,0.19593654572963715,0.21488602459430695,0.007480616681277752,z
1,0.007173255365341902,0.007729924749583006,23,0.22,0.23,1252,0.7924602031707764,56.07331085205078,0.2258448302745819,0.22483135759830475,0.007481096778064966,z
1,0.007173255365341902,0.007729924749583006,24,0.23,0.24,1152,5.847786903381348,44.52730178833008,0.24489209055900574,0.23509152233600616,0.007466515060514212,z
1,0.007173255365341902,0.007729924749583006,25,0.24,0.25,1242,2.236237049102783,42.85816955566406,0.24893870949745178,0.24501609802246094,0.00745978020131588,z
1,0.007173255365341902,0.007729924749583006,26,0.25,0.26,1424,-6.7677388191223145,41.044090270996094,0.2419760823249817,0.255295991897583,0.0074719758704304695,z
1,0.007173255365341902,0.007729924749583006,27,0.26,0.27,1648,-28.962745666503906,57.09865188598633,0.20712760090827942,0.26509889960289,0.00749811390414834,z
1,0.007173255365341902,0.007729924749583006,28,0.27,0.28,1754,-34.47431182861328,55.37290954589844,0.20408475399017334,0.2751070261001587,0.00750268530100584,z
1,0.007173255365341902,0.007729924749583006,29,0.28,0.29,1738,-37.6923942565918,48.206642150878906,0.20395228266716003,0.2846861183643341,0.007486248854547739,z
1,0.007173255365341902,0.007729924749583006,30,0.29,0.3,1240,-54.09083938598633,55.52775955200195,0.17497065663337708,0.29451999068260193,0.007485443726181984,z
1,0.007173255365341902,0.007729924749583006,31,0.3,0.31,518,-61.35847091674805,58.329185485839844,0.1640429049730301,0.30430951714515686,0.007463433779776096,z
1,0.007173255365341902,0.007729924749583006,32,0.31,0.32,232,-20.433429718017578,42.43841552734375,0.26582613587379456,0.31431934237480164,0.007531911134719849,z
1,0.007173255365341902,0.007729924749583006,33,0.32,0.33,51334,-4.4538893699646,18.857938766479492,0.31622037291526794,0.32716524600982666,0.0074475412257015705,z
1,0.007173255365341902,0.007729924749583006,34,0.33,inf,7,-113.1555404663086,35.04939270019531,0.05518310144543648,0.3302231729030609,0.007353555876761675,z
2,0.007729924749583006,0.008265643753111363,0,-inf,0.0,2854,-2626.900390625,4870.2421875,0.028163515031337738,-0.0014369483105838299,0.007996351458132267,z
2,0.007729924749583006,0.008265643753111363,1,0.0,0.01,4086,2370.759521484375,4410.72509765625,0.05896546691656113,0.0036350947339087725,0.008010098710656166,z
2,0.007729924749583006,0.008265643753111363,2,0.01,0.02,1236,824.4603271484375,991.6907958984375,0.11398883163928986,0.015242323279380798,0.008006535470485687,z
2,0.007729924749583006,0.008265643753111363,3,0.02,0.03,1545,604.5274047851562,590.4796142578125,0.1447727084159851,0.025085261091589928,0.007997400127351284,z
2,0.007729924749583006,0.008265643753111363,4,0.03,0.04,1607,451.83953857421875,414.9977111816406,0.16117794811725616,0.034978680312633514,0.008006270974874496,z
2,0.007729924749583006,0.008265643753111363,5,0.04,0.05,1569,336.1374206542969,320.6822204589844,0.16522769629955292,0.04495464265346527,0.008002620190382004,z
2,0.007729924749583006,0.008265643753111363,6,0.05,0.06,1607,230.01478576660156,254.82557678222656,0.15612396597862244,0.055042460560798645,0.008005833253264427,z
2,0.007729924749583006,0.008265643753111363,7,0.06,0.07,1822,166.391845703125,213.6629180908203,0.15131312608718872,0.06506811082363129,0.00800121109932661,z
2,0.007729924749583006,0.008265643753111363,8,0.07,0.08,1823,119.66844177246094,180.85403442382812,0.1464514136314392,0.07503987848758698,0.007993725128471851,z
2,0.007729924749583006,0.008265643753111363,9,0.08,0.09,1850,78.85123443603516,154.7491455078125,0.13841001689434052,0.08506938070058823,0.007994109764695168,z
2,0.007729924749583006,0.008265643753111363,10,0.09,0.1,1925,58.27923583984375,141.213134765625,0.13927848637104034,0.09507988393306732,0.00798583123832941,z
2,0.007729924749583006,0.008265643753111363,11,0.1,0.11,2040,45.577571868896484,127.10327911376953,0.1433212012052536,0.10504768043756485,0.008000785484910011,z
2,0.007729924749583006,0.008265643753111363,12,0.11,0.12,2162,43.424495697021484,120.2029800415039,0.15525634586811066,0.11509228497743607,0.00800159852951765,z
2,0.007729924749583006,0.008265643753111363,13,0.12,0.13,2240,40.37241744995117,113.3990707397461,0.16513773798942566,0.12496430426836014,0.007987993769347668,z
2,0.007729924749583006,0.008265643753111363,14,0.13,0.14,2173,28.219921112060547,105.16950988769531,0.1652006208896637,0.13502690196037292,0.00798329059034586,z
2,0.007729924749583006,0.008265643753111363,15,0.14,0.15,2251,15.470179557800293,95.63858032226562,0.16255009174346924,0.14495694637298584,0.007997212000191212,z
2,0.007729924749583006,0.008265643753111363,16,0.15,0.16,2054,14.11793327331543,90.07522583007812,0.1721838414669037,0.15495477616786957,0.008002576418220997,z
2,0.007729924749583006,0.008265643753111363,17,0.16,0.17,2229,10.528197288513184,87.96714782714844,0.17870470881462097,0.16512347757816315,0.008006304502487183,z
2,0.007729924749583006,0.008265643753111363,18,0.17,0.18,2420,2.182152271270752,83.04582214355469,0.17762383818626404,0.17497088015079498,0.00801309198141098,z
2,0.007729924749583006,0.008265643753111363,19,0.18,0.19,2431,-1.414642572402954,78.96456146240234,0.18257072567939758,0.18500596284866333,0.008003544062376022,z
2,0.007729924749583006,0.008265643753111363,20,0.19,0.2,2392,-9.257801055908203,75.63491821289062,0.18047331273555756,0.1949845850467682,0.008003161288797855,z
2,0.007729924749583006,0.008265643753111363,21,0.2,0.21,2356,-18.958791732788086,69.42228698730469,0.17385193705558777,0.2049609273672104,0.00799590814858675,z
2,0.007729924749583006,0.008265643753111363,22,0.21,0.22,2188,-20.894634246826172,63.87504959106445,0.17895576357841492,0.21495449542999268,0.00799593422561884,z
2,0.007729924749583006,0.008265643753111363,23,0.22,0.23,1864,-22.131006240844727,58.93299865722656,0.1848350465297699,0.22492270171642303,0.00799684040248394,z
2,0.007729924749583006,0.008265643753111363,24,0.23,0.24,1752,-16.70050811767578,53.57620620727539,0.2033315896987915,0.23500479757785797,0.008022727444767952,z
2,0.007729924749583006,0.008265643753111363,25,0.24,0.25,1629,-13.585709571838379,50.261417388916016,0.21821817755699158,0.24495206773281097,0.00801573321223259,z
2,0.007729924749583006,0.008265643753111363,26,0.25,0.26,1847,-20.926755905151367,54.183536529541016,0.21206028759479523,0.2553029954433441,0.008007826283574104,z
2,0.007729924749583006,0.008265643753111363,27,0.26,0.27,2547,-41.26144790649414,57.52081298828125,0.17750084400177002,0.26510298252105713,0.008007762022316456,z
2,0.007729924749583006,0.008265643753111363,28,0.27,0.28,2679,-39.61590576171875,53.91584396362305,0.18815360963344574,0.27526041865348816,0.007993491366505623,z
2,0.007729924749583006,0.008265643753111363,29,0.28,0.29,2458,-49.54090118408203,55.73302459716797,0.1717962920665741,0.2846524119377136,0.008001698181033134,z
2,0.007729924749583006,0.008265643753111363,30,0.29,0.3,2045,-55.168121337890625,53.537052154541016,0.1646607369184494,0.2949971556663513,0.008012737147510052,z
2,0.007729924749583006,0.008265643753111363,31,0.3,0.31,1354,-64.17491912841797,53.720123291015625,0.14758820831775665,0.3040299415588379,0.008042662404477596,z
2,0.007729924749583006,0.008265643753111363,32,0.31,0.32,674,-40.92844009399414,52.28324890136719,0.21169151365756989,0.31526345014572144,0.008036299608647823,z
2,0.007729924749583006,0.008265643753111363,33,0.32,0.33,43248,-7.393216133117676,21.45198631286621,0.30796414613723755,0.32736024260520935,0.007986987940967083,z
2,0.007729924749583006,0.008265643753111363,34,0.33,inf,18,-32.117069244384766,43.72227096557617,0.24590693414211273,0.33012858033180237,0.008080082014203072,z
3,0.008265643753111363,0.008819735795259475,0,-inf,0.0,2784,-3252.806640625,6623.16162109375,0.03517889603972435,-0.0013910630950704217,0.008555732667446136,z
3,0.008265643753111363,0.008819735795259475,1,0.0,0.01,4800,2308.3935546875,4915.5703125,0.05725053697824478,0.003357622539624572,0.008543061092495918,z
3,0.008265643753111363,0.008819735795259475,2,0.01,0.02,1537,1021.1060791015625,1023.9944458007812,0.14160363376140594,0.015186074189841747,0.008555691689252853,z
3,0.008265643753111363,0.008819735795259475,3,0.02,0.03,1668,557.7831420898438,555.557373046875,0.14168934524059296,0.024876924231648445,0.008528508245944977,z
3,0.008265643753111363,0.008819735795259475,4,0.03,0.04,1509,397.33740234375,367.40802001953125,0.15283441543579102,0.03509790822863579,0.008531621657311916,z
3,0.008265643753111363,0.008819735795259475,5,0.04,0.05,1691,277.33258056640625,293.1103210449219,0.15111587941646576,0.045047517865896225,0.008539896458387375,z
3,0.008265643753111363,0.008819735795259475,6,0.05,0.06,1712,209.38209533691406,241.0120391845703,0.15269851684570312,0.055052924901247025,0.008539498783648014,z
3,0.008265643753111363,0.008819735795259475,7,0.06,0.07,1653,142.00892639160156,203.87045288085938,0.14343717694282532,0.06510110944509506,0.008529971353709698,z
3,0.008265643753111363,0.008819735795259475,8,0.07,0.08,1904,95.42281341552734,168.72108459472656,0.13609135150909424,0.07505330443382263,0.00853448361158371,z
3,0.008265643753111363,0.008819735795259475,9,0.08,0.09,2087,84.05335998535156,151.05789184570312,0.14583918452262878,0.08502135425806046,0.008543305099010468,z
3,0.008265643753111363,0.008819735795259475,10,0.09,0.1,2128,65.77452850341797,137.20310974121094,0.1484876126050949,0.09496056288480759,0.008562828414142132,z
3,0.008265643753111363,0.008819735795259475,11,0.1,0.11,2005,46.78229522705078,126.27347564697266,0.14695893228054047,0.10502417385578156,0.00855867937207222,z
3,0.008265643753111363,0.008819735795259475,12,0.11,0.12,1923,32.430599212646484,114.7347640991211,0.14686796069145203,0.11503011733293533,0.008556261658668518,z
3,0.008265643753111363,0.008819735795259475,13,0.12,0.13,2139,28.287654876708984,101.44446563720703,0.15552537143230438,0.12510396540164948,0.008559235371649265,z
3,0.008265643753111363,0.008819735795259475,14,0.13,0.14,2417,20.303009033203125,92.8825912475586,0.15845422446727753,0.13503797352313995,0.008562014438211918,z
3,0.008265643753111363,0.008819735795259475,15,0.14,0.15,2475,10.521406173706055,87.37319946289062,0.15803782641887665,0.14504069089889526,0.008547896519303322,z
3,0.008265643753111363,0.008819735795259475,16,0.15,0.16,2424,-0.8023675680160522,83.1142349243164,0.15417824685573578,0.1550014466047287,0.008529825136065483,z
3,0.008265643753111363,0.008819735795259475,17,0.16,0.17,2190,-3.2972731590270996,78.45545959472656,0.16059692203998566,0.16495904326438904,0.008554250933229923,z
3,0.008265643753111363,0.008819735795259475,18,0.17,0.18,1924,-3.913407802581787,78.00817108154297,0.16915170848369598,0.17498861253261566,0.00856073945760727,z
3,0.008265643753111363,0.008819735795259475,19,0.18,0.19,1896,-9.437267303466797,76.57345581054688,0.17018507421016693,0.18505911529064178,0.008542253635823727,z
3,0.008265643753111363,0.008819735795259475,20,0.19,0.2,1945,-10.117968559265137,72.89068603515625,0.17823462188243866,0.1950882077217102,0.008542090654373169,z
3,0.008265643753111363,0.008819735795259475,21,0.2,0.21,2145,-13.730667114257812,70.27333068847656,0.18105314671993256,0.2051425725221634,0.008540035225450993,z
3,0.008265643753111363,0.008819735795259475,22,0.21,0.22,2302,-17.913015365600586,66.7454605102539,0.18210619688034058,0.21496815979480743,0.00854706484824419,z
3,0.008265643753111363,0.008819735795259475,23,0.22,0.23,2261,-15.888520240783691,60.11700439453125,0.19455842673778534,0.2249128520488739,0.00854878406971693,z
3,0.008265643753111363,0.008819735795259475,24,0.23,0.24,2401,-26.280681610107422,57.612571716308594,0.18269646167755127,0.23519384860992432,0.008542797528207302,z
3,0.008265643753111363,0.008819735795259475,25,0.24,0.25,2211,-33.43879318237305,57.043724060058594,0.17480219900608063,0.24488858878612518,0.008559148758649826,z
3,0.008265643753111363,0.008819735795259475,26,0.25,0.26,2229,-41.75904083251953,57.817134857177734,0.16422104835510254,0.25525498390197754,0.008539549075067043,z
3,0.008265643753111363,0.008819735795259475,27,0.26,0.27,2490,-43.597808837890625,54.89669418334961,0.16622300446033478,0.26490193605422974,0.008550191298127174,z
3,0.008265643753111363,0.008819735795259475,28,0.27,0.28,2684,-45.65110397338867,55.19652557373047,0.1676226705312729,0.2752337157726288,0.008545378223061562,z
3,0.008265643753111363,0.008819735795259475,29,0.28,0.29,2557,-56.26816177368164,54.96644973754883,0.1484239250421524,0.2846929728984833,0.00852444302290678,z
3,0.008265643753111363,0.008819735795259475,30,0.29,0.3,2134,-44.25694274902344,52.90549850463867,0.18387830257415771,0.29491478204727173,0.008531169034540653,z
3,0.008265643753111363,0.008819735795259475,31,0.3,0.31,2020,-46.06319046020508,49.097015380859375,0.1849018782377243,0.3045729696750641,0.008550809696316719,z
3,0.008265643753111363,0.008819735795259475,32,0.31,0.32,1203,-45.22564697265625,50.44123077392578,0.19337382912635803,0.3150022327899933,0.008567002601921558,z
3,0.008265643753111363,0.008819735795259475,33,0.32,0.33,39370,-8.409135818481445,22.053638458251953,0.30381324887275696,0.32740819454193115,0.008549824357032776,z
3,0.008265643753111363,0.008819735795259475,34,0.33,inf,157,-1.411495566368103,3.0092647075653076,0.32624703645706177,0.33023372292518616,0.008628581650555134,z
4,0.008819735795259475,0.009343004319816828,0,-inf,0.0,3951,-3547.25,7925.98095703125,0.038404323160648346,-0.0013807557988911867,0.009087655693292618,z
4,0.008819735795259475,0.009343004319816828,1,0.0,0.01,4456,2595.21923828125,5369.8251953125,0.06821152567863464,0.003460064996033907,0.009079896844923496,z
4,0.008819735795259475,0.009343004319816828,2,0.01,0.02,1243,1059.7802734375,988.6072998046875,0.1509421020746231,0.014963360503315926,0.009078284725546837,z
4,0.008819735795259475,0.009343004319816828,3,0.02,0.03,1441,485.0366516113281,553.4202270507812,0.13379888236522675,0.025095032528042793,0.009073935449123383,z
4,0.008819735795259475,0.009343004319816828,4,0.03,0.04,1538,331.1007385253906,385.376220703125,0.13875989615917206,0.03490748628973961,0.009083348326385021,z
4,0.008819735795259475,0.009343004319816828,5,0.04,0.05,1576,226.03036499023438,280.7778015136719,0.137038916349411,0.04509713873267174,0.009089428931474686,z
4,0.008819735795259475,0.009343004319816828,6,0.05,0.06,1754,171.34690856933594,220.5228729248047,0.14016030728816986,0.054943911731243134,0.009087102487683296,z
4,0.008819735795259475,0.009343004319816828,7,0.06,0.07,1831,151.98931884765625,184.25973510742188,0.15438690781593323,0.06499173492193222,0.00907419715076685,z
4,0.008819735795259475,0.009343004319816828,8,0.07,0.08,1724,129.6356964111328,159.13507080078125,0.16279329359531403,0.07491891086101532,0.00907646119594574,z
4,0.008819735795259475,0.009343004319816828,9,0.08,0.09,1776,92.33472442626953,145.49801635742188,0.15633134543895721,0.08510412275791168,0.009076077491044998,z
4,0.008819735795259475,0.009343004319816828,10,0.09,0.1,1914,75.13375854492188,127.7836685180664,0.1597122997045517,0.09504720568656921,0.00907953642308712,z
4,0.008819735795259475,0.009343004319816828,11,0.1,0.11,2049,60.471038818359375,111.9046859741211,0.16258279979228973,0.10502468794584274,0.00907585583627224,z
4,0.008819735795259475,0.009343004319816828,12,0.11,0.12,2277,55.811317443847656,102.91139221191406,0.17354510724544525,0.11504063010215759,0.009077181108295918,z
4,0.008819735795259475,0.009343004319816828,13,0.12,0.13,2276,48.014854431152344,96.80823516845703,0.1796915978193283,0.12503953278064728,0.0090628108009696,z
4,0.008819735795259475,0.009343004319816828,14,0.13,0.14,2363,41.199951171875,90.9130630493164,0.1856609731912613,0.13504274189472198,0.00907103717327118,z
4,0.008819735795259475,0.009343004319816828,15,0.14,0.15,2353,37.95137023925781,82.38368225097656,0.19502660632133484,0.14500166475772858,0.009087626822292805,z
4,0.008819735795259475,0.009343004319816828,16,0.15,0.16,2297,25.111003875732422,77.84636688232422,0.19024422764778137,0.1549326330423355,0.009087815880775452,z
4,0.008819735795259475,0.009343004319816828,17,0.16,0.17,2034,16.964920043945312,72.9827880859375,0.19053153693675995,0.1649826467037201,0.009075957350432873,z
4,0.008819735795259475,0.009343004319816828,18,0.17,0.18,2071,11.40800952911377,67.60148620605469,0.19294866919517517,0.1748477667570114,0.009078468196094036,z
4,0.008819735795259475,0.009343004319816828,19,0.18,0.19,1858,1.9214558601379395,63.5479621887207,0.18795821070671082,0.18482516705989838,0.009083151817321777,z
4,0.008819735795259475,0.009343004319816828,20,0.19,0.2,1683,-5.550572395324707,63.7557487487793,0.18512579798698425,0.19491328299045563,0.00909219030290842,z
4,0.008819735795259475,0.009343004319816828,21,0.2,0.21,1704,-4.776170253753662,60.17719650268555,0.19607403874397278,0.2050067037343979,0.009087883867323399,z
4,0.008819735795259475,0.009343004319816828,22,0.21,0.22,1890,-8.768658638000488,57.08145523071289,0.19820868968963623,0.2151920348405838,0.009077229537069798,z
4,0.008819735795259475,0.009343004319816828,23,0.22,0.23,2183,-13.575605392456055,57.58173370361328,0.19735412299633026,0.22505956888198853,0.00907707866281271,z
4,0.008819735795259475,0.009343004319816828,24,0.23,0.24,2528,-12.565123558044434,52.65630340576172,0.20797032117843628,0.23492933809757233,0.009086614474654198,z
4,0.008819735795259475,0.009343004319816828,25,0.24,0.25,2268,-26.77207374572754,53.89908218383789,0.1853240728378296,0.2450881004333496,0.009082642383873463,z
4,0.008819735795259475,0.009343004319816828,26,0.25,0.26,2370,-40.357177734375,53.52310562133789,0.1615029275417328,0.25509193539619446,0.009089970029890537,z
4,0.008819735795259475,0.009343004319816828,27,0.26,0.27,2504,-40.802696228027344,50.50967788696289,0.1669291853904724,0.2649783790111542,0.009082210250198841,z
4,0.008819735795259475,0.009343004319816828,28,0.27,0.28,2410,-38.45661926269531,51.47981643676758,0.1789589524269104,0.27499401569366455,0.009086327627301216,z
4,0.008819735795259475,0.009343004319816828,29,0.28,0.29,1649,-28.54114532470703,47.77201843261719,0.21102866530418396,0.2845904231071472,0.009081530384719372,z
4,0.008819735795259475,0.009343004319816828,30,0.29,0.3,1589,-28.288162231445312,41.748680114746094,0.2193162888288498,0.2951202690601349,0.00907221995294094,z
4,0.008819735795259475,0.009343004319816828,31,0.3,0.31,1993,-31.34320640563965,45.52779006958008,0.21827007830142975,0.30497509241104126,0.009062635712325573,z
4,0.008819735795259475,0.009343004319816828,32,0.31,0.32,1646,-39.373451232910156,44.28008270263672,0.20216594636440277,0.3146865963935852,0.009089145809412003,z
4,0.008819735795259475,0.009343004319816828,33,0.32,0.33,41609,-11.454825401306152,25.19446563720703,0.29338040947914124,0.3273979723453522,0.009067169390618801,z
4,0.008819735795259475,0.009343004319816828,34,0.33,inf,167,-5.648869037628174,19.662960052490234,0.3131982088088989,0.33029136061668396,0.009088527411222458,z
5,0.009343004319816828,0.009956964664161206,0,-inf,0.0,4420,-4709.751953125,9200.841796875,0.05225712060928345,-0.0013236993690952659,0.009634622372686863,z
5,0.009343004319816828,0.009956964664161206,1,0.0,0.01,6019,2969.251953125,5581.23876953125,0.07876639068126678,0.0033329054713249207,0.009656662121415138,z
5,0.009343004319816828,0.009956964664161206,2,0.01,0.02,1548,947.8584594726562,1010.9737548828125,0.14251285791397095,0.014934773556888103,0.009631817229092121,z
5,0.009343004319816828,0.009956964664161206,3,0.02,0.03,1479,452.7530517578125,520.1636962890625,0.1328447312116623,0.025100253522396088,0.009635754860937595,z
5,0.009343004319816828,0.009956964664161206,4,0.03,0.04,1602,289.0718078613281,348.8663635253906,0.13220159709453583,0.035105038434267044,0.00965102855116129,z
5,0.009343004319816828,0.009956964664161206,5,0.04,0.05,1623,201.53836059570312,269.1697998046875,0.13149744272232056,0.044854164123535156,0.009626694954931736,z
5,0.009343004319816828,0.009956964664161206,6,0.05,0.06,1488,159.52867126464844,222.06533813476562,0.13929149508476257,0.05494954437017441,0.009626900777220726,z
5,0.009343004319816828,0.009956964664161206,7,0.06,0.07,1525,130.1925811767578,188.93894958496094,0.14694933593273163,0.06508862972259521,0.009643604047596455,z
5,0.009343004319816828,0.009956964664161206,8,0.07,0.08,1518,121.64828491210938,162.30426025390625,0.16308163106441498,0.07508067786693573,0.00961956474930048,z
5,0.009343004319816828,0.009956964664161206,9,0.08,0.09,1705,114.98008728027344,140.35687255859375,0.17872071266174316,0.08495128899812698,0.009621228091418743,z
5,0.009343004319816828,0.009956964664161206,10,0.09,0.1,1771,100.3999252319336,125.51753997802734,0.18701286613941193,0.09505577385425568,0.009643311612308025,z
5,0.009343004319816828,0.009956964664161206,11,0.1,0.11,1891,79.09783935546875,115.01377868652344,0.18523366749286652,0.10517432540655136,0.009639641270041466,z
5,0.009343004319816828,0.009956964664161206,12,0.11,0.12,2120,64.57540893554688,100.31658172607422,0.18651562929153442,0.11515785753726959,0.009637127630412579,z
5,0.009343004319816828,0.009956964664161206,13,0.12,0.13,2214,55.33705139160156,91.44660186767578,0.19143430888652802,0.1249101310968399,0.009650524705648422,z
5,0.009343004319816828,0.009956964664161206,14,0.13,0.14,2110,54.934226989746094,81.89836883544922,0.20646150410175323,0.13502049446105957,0.009654547087848186,z
5,0.009343004319816828,0.009956964664161206,15,0.14,0.15,2131,48.56472396850586,78.14250946044922,0.2127659171819687,0.14509107172489166,0.009628557600080967,z
5,0.009343004319816828,0.009956964664161206,16,0.15,0.16,2135,39.51903533935547,69.77257537841797,0.21390146017074585,0.15500454604625702,0.00962098315358162,z
5,0.009343004319816828,0.009956964664161206,17,0.16,0.17,2081,27.533435821533203,64.05513000488281,0.20874738693237305,0.1649640053510666,0.009630286134779453,z
5,0.009343004319816828,0.009956964664161206,18,0.17,0.18,2226,21.569669723510742,60.450260162353516,0.2114984095096588,0.1750907450914383,0.009653424844145775,z
5,0.009343004319816828,0.009956964664161206,19,0.18,0.19,2232,10.564626693725586,58.21139144897461,0.20383696258068085,0.18501916527748108,0.009647157043218613,z
5,0.009343004319816828,0.009956964664161206,20,0.19,0.2,2295,0.45742058753967285,54.82003402709961,0.1956394761800766,0.19491003453731537,0.009632115252315998,z
5,0.009343004319816828,0.009956964664161206,21,0.2,0.21,2138,-5.6141510009765625,54.176639556884766,0.1938273012638092,0.20490704476833344,0.009646211750805378,z
5,0.009343004319816828,0.009956964664161206,22,0.21,0.22,1968,-7.717807769775391,52.78016662597656,0.1990390121936798,0.21497273445129395,0.009634804911911488,z
5,0.009343004319816828,0.009956964664161206,23,0.22,0.23,2198,-14.259637832641602,51.26530838012695,0.19412796199321747,0.22514373064041138,0.009643697179853916,z
5,0.009343004319816828,0.009956964664161206,24,0.23,0.24,2543,-20.549001693725586,52.867515563964844,0.18843922019004822,0.23511944711208344,0.009636195376515388,z
5,0.009343004319816828,0.009956964664161206,25,0.24,0.25,2385,-24.483823776245117,51.375450134277344,0.18711143732070923,0.24500884115695953,0.00963588897138834,z
5,0.009343004319816828,0.009956964664161206,26,0.25,0.26,2776,-31.2230167388916,48.66040802001953,0.17848090827465057,0.2551305592060089,0.009645146317780018,z
5,0.009343004319816828,0.009956964664161206,27,0.26,0.27,3063,-33.48292922973633,47.670249938964844,0.17929033935070038,0.26486626267433167,0.009656112641096115,z
5,0.009343004319816828,0.009956964664161206,28,0.27,0.28,2737,-29.364627838134766,46.68928909301758,0.1971825361251831,0.2749342620372772,0.009654185734689236,z
5,0.009343004319816828,0.009956964664161206,29,0.28,0.29,1823,-25.39539909362793,44.38821029663086,0.21508170664310455,0.2847137451171875,0.009641005657613277,z
5,0.009343004319816828,0.009956964664161206,30,0.29,0.3,1668,-31.083335876464844,43.007015228271484,0.20641423761844635,0.29516279697418213,0.00963745266199112,z
5,0.009343004319816828,0.009956964664161206,31,0.3,0.31,2053,-37.1839599609375,44.10628890991211,0.1954021006822586,0.3048165440559387,0.009644064120948315,z
5,0.009343004319816828,0.009956964664161206,32,0.31,0.32,2415,-33.232791900634766,43.805023193359375,0.21429838240146637,0.3152630031108856,0.009647720493376255,z
5,0.009343004319816828,0.009956964664161206,33,0.32,0.33,36785,-13.50352954864502,25.534666061401367,0.2846134305000305,0.32728084921836853,0.009647148661315441,z
5,0.009343004319816828,0.009956964664161206,34,0.33,inf,290,-10.937273025512695,28.80851936340332,0.2954138517379761,0.3303512632846832,0.009628000669181347,z
6,0.009956964664161206,0.010637285094708205,0,-inf,0.0,4667,-1842.5648193359375,5994.0751953125,0.021581044420599937,-0.0013643595157191157,0.010320620611310005,z
6,0.009956964664161206,0.010637285094708205,1,0.0,0.01,6056,3433.399169921875,5723.54345703125,0.09385192394256592,0.0034534609876573086,0.01027748640626669,z
6,0.009956964664161206,0.010637285094708205,2,0.01,0.02,1271,1084.653076171875,990.9142456054688,0.1671653687953949,0.014658740721642971,0.010281885974109173,z
6,0.009956964664161206,0.010637285094708205,3,0.02,0.03,1456,503.8632507324219,492.5633239746094,0.15279333293437958,0.025198956951498985,0.010305417701601982,z
6,0.009956964664161206,0.010637285094708205,4,0.03,0.04,1556,275.5431823730469,334.0189208984375,0.13188807666301727,0.03489278256893158,0.010267362929880619,z
6,0.009956964664161206,0.010637285094708205,5,0.04,0.05,1463,188.8794708251953,257.6463317871094,0.1319492906332016,0.04499895125627518,0.010278981178998947,z
6,0.009956964664161206,0.010637285094708205,6,0.05,0.06,1329,168.76402282714844,207.85630798339844,0.1499251127243042,0.054945580661296844,0.010279686190187931,z
6,0.009956964664161206,0.010637285094708205,7,0.06,0.07,1263,131.66281127929688,170.42428588867188,0.1522483080625534,0.06491217762231827,0.010291356593370438,z
6,0.009956964664161206,0.010637285094708205,8,0.07,0.08,1362,89.96307373046875,146.7944793701172,0.14421197772026062,0.07506512105464935,0.010287830606102943,z
6,0.009956964664161206,0.010637285094708205,9,0.08,0.09,1491,67.19722747802734,132.42941284179688,0.14340826869010925,0.08500200510025024,0.010290084406733513,z
6,0.009956964664161206,0.010637285094708205,10,0.09,0.1,1566,58.10852813720703,113.80384063720703,0.15141619741916656,0.09506627917289734,0.010274078696966171,z
6,0.009956964664161206,0.010637285094708205,11,0.1,0.11,1623,56.3546028137207,104.21690368652344,0.1653003841638565,0.10496072471141815,0.010269416496157646,z
6,0.009956964664161206,0.010637285094708205,12,0.11,0.12,1691,43.95914077758789,91.94364929199219,0.16665169596672058,0.1149802878499031,0.01027416530996561,z
6,0.009956964664161206,0.010637285094708205,13,0.12,0.13,1844,39.24554443359375,84.21040344238281,0.17546768486499786,0.12514491379261017,0.010264297015964985,z
6,0.009956964664161206,0.010637285094708205,14,0.13,0.14,2099,36.17218780517578,74.8661880493164,0.18516096472740173,0.13506117463111877,0.01027235109359026,z
6,0.009956964664161206,0.010637285094708205,15,0.14,0.15,2102,32.11722946166992,67.61935424804688,0.19291123747825623,0.14496122300624847,0.01028948649764061,z
6,0.009956964664161206,0.010637285094708205,16,0.15,0.16,1859,31.21023941040039,63.92786407470703,0.2046387493610382,0.15490226447582245,0.010303697548806667,z
6,0.009956964664161206,0.010637285094708205,17,0.16,0.17,1777,21.037586212158203,61.28432083129883,0.20068638026714325,0.16502048075199127,0.010274584405124187,z
6,0.009956964664161206,0.010637285094708205,18,0.17,0.18,1716,19.26704978942871,58.21281433105469,0.20963314175605774,0.17500664293766022,0.01027266401797533,z
6,0.009956964664161206,0.010637285094708205,19,0.18,0.19,1793,15.87861442565918,54.82301712036133,0.21511521935462952,0.1849154531955719,0.010252756997942924,z
6,0.009956964664161206,0.010637285094708205,20,0.19,0.2,1756,13.211146354675293,50.974639892578125,0.22150474786758423,0.19507087767124176,0.01025560311973095,z
6,0.009956964664161206,0.010637285094708205,21,0.2,0.21,1856,7.458404064178467,47.786582946777344,0.220794677734375,0.20514707267284393,0.010275381617248058,z
6,0.009956964664161206,0.010637285094708205,22,0.21,0.22,1940,1.158851981163025,47.679664611816406,0.21736566722393036,0.21490783989429474,0.010290421545505524,z
6,0.009956964664161206,0.010637285094708205,23,0.22,0.23,2087,-3.6686601638793945,45.0101432800293,0.2166757732629776,0.2252850979566574,0.0102976243942976,z
6,0.009956964664161206,0.010637285094708205,24,0.23,0.24,2451,-14.6336669921875,47.36103439331055,0.1996614784002304,0.23496851325035095,0.010287746787071228,z
6,0.009956964664161206,0.010637285094708205,25,0.24,0.25,2224,-20.95943260192871,47.738895416259766,0.19205240905284882,0.2448771893978119,0.01028419192880392,z
6,0.009956964664161206,0.010637285094708205,26,0.25,0.26,2708,-27.949825286865234,46.5337028503418,0.18183064460754395,0.2551949918270111,0.010275312699377537,z
6,0.009956964664161206,0.010637285094708205,27,0.26,0.27,3550,-30.91390037536621,45.320552825927734,0.18066827952861786,0.26496031880378723,0.010300824418663979,z
6,0.009956964664161206,0.010637285094708205,28,0.27,0.28,2846,-30.347379684448242,44.4158821105957,0.18879427015781403,0.2745935916900635,0.01030014455318451,z
6,0.009956964664161206,0.010637285094708205,29,0.28,0.29,1854,-23.922693252563477,41.594398498535156,0.21457156538963318,0.28460368514060974,0.010298513807356358,z
6,0.009956964664161206,0.010637285094708205,30,0.29,0.3,1513,-25.166580200195312,40.832794189453125,0.21904708445072174,0.2950814366340637,0.010286634787917137,z
6,0.009956964664161206,0.010637285094708205,31,0.3,0.31,2234,-36.6304817199707,40.85292434692383,0.19013696908950806,0.30500316619873047,0.010297983884811401,z
6,0.009956964664161206,0.010637285094708205,32,0.31,0.32,2433,-29.507070541381836,40.85780334472656,0.21976925432682037,0.31530460715293884,0.01029535848647356,z
6,0.009956964664161206,0.010637285094708205,33,0.32,0.33,41263,-16.37350082397461,25.31285858154297,0.2719718813896179,0.32712963223457336,0.010295555926859379,z
6,0.009956964664161206,0.010637285094708205,34,0.33,inf,276,-12.056068420410156,29.250349044799805,0.2894020080566406,0.3303491771221161,0.010301866568624973,z
7,0.010637285094708205,0.011483410000801088,0,-inf,0.0,5090,-1316.249267578125,4823.9521484375,0.016404492780566216,-0.001359137473627925,0.011021184735000134,z
7,0.010637285094708205,0.011483410000801088,1,0.0,0.01,6029,3099.514404296875,4849.99755859375,0.0983123928308487,0.0034456592984497547,0.011046785861253738,z
7,0.010637285094708205,0.011483410000801088,2,0.01,0.02,1262,971.9686889648438,906.3418579101562,0.16406743228435516,0.01489024143666029,0.011058974079787731,z
7,0.010637285094708205,0.011483410000801088,3,0.02,0.03,1341,465.6546936035156,462.3763732910156,0.15050235390663147,0.024802882224321365,0.011040219105780125,z
7,0.010637285094708205,0.011483410000801088,4,0.03,0.04,1129,286.98828125,343.8668518066406,0.14448945224285126,0.035071153193712234,0.011055750772356987,z
7,0.010637285094708205,0.011483410000801088,5,0.04,0.05,1185,165.6072998046875,245.8903350830078,0.12595780193805695,0.04500839114189148,0.011036129668354988,z
7,0.010637285094708205,0.011483410000801088,6,0.05,0.06,1312,94.7102279663086,190.76760864257812,0.11186425387859344,0.05517745763063431,0.011006481014192104,z
7,0.010637285094708205,0.011483410000801088,7,0.06,0.07,1229,78.88024139404297,156.7561492919922,0.12109211087226868,0.0649309977889061,0.011043664999306202,z
7,0.010637285094708205,0.011483410000801088,8,0.07,0.08,1240,76.31012725830078,142.6441192626953,0.1374598890542984,0.07492566108703613,0.011010831221938133,z
7,0.010637285094708205,0.011483410000801088,9,0.08,0.09,1253,70.05888366699219,120.6169204711914,0.1507512331008911,0.08515584468841553,0.011011439375579357,z
7,0.010637285094708205,0.011483410000801088,10,0.09,0.1,1363,54.89213943481445,104.62934875488281,0.15263129770755768,0.09512469917535782,0.011022347956895828,z
7,0.010637285094708205,0.011483410000801088,11,0.1,0.11,1453,47.41583251953125,94.06647491455078,0.16003887355327606,0.10506416857242584,0.01103032473474741,z
7,0.010637285094708205,0.011483410000801088,12,0.11,0.12,1399,47.75305938720703,89.99118041992188,0.17589862644672394,0.1149946078658104,0.01106717623770237,z
7,0.010637285094708205,0.011483410000801088,13,0.12,0.13,1481,40.92066192626953,87.31956481933594,0.18154171109199524,0.12493179738521576,0.011040759272873402,z
7,0.010637285094708205,0.011483410000801088,14,0.13,0.14,1379,35.99971389770508,82.62755584716797,0.18855082988739014,0.13489384949207306,0.011031700298190117,z
7,0.010637285094708205,0.011483410000801088,15,0.14,0.15,1340,34.1807975769043,72.31340789794922,0.19975043833255768,0.14518000185489655,0.011031502857804298,z
7,0.010637285094708205,0.011483410000801088,16,0.15,0.16,1690,30.908538818359375,64.86715698242188,0.2081238478422165,0.1552152782678604,0.011028393171727657,z
7,0.010637285094708205,0.011483410000801088,17,0.16,0.17,1680,28.324737548828125,57.490848541259766,0.2164471596479416,0.16491495072841644,0.011053557507693768,z
7,0.010637285094708205,0.011483410000801088,18,0.17,0.18,1607,22.718536376953125,53.02463912963867,0.21878188848495483,0.17498725652694702,0.011027563363313675,z
7,0.010637285094708205,0.011483410000801088,19,0.18,0.19,1553,13.34416389465332,48.601837158203125,0.21235136687755585,0.18504562973976135,0.011063722893595695,z
7,0.010637285094708205,0.011483410000801088,20,0.19,0.2,1375,12.273355484008789,44.87287521362305,0.22141744196414948,0.1949773132801056,0.011043489910662174,z
7,0.010637285094708205,0.011483410000801088,21,0.2,0.21,1489,10.955892562866211,43.38318634033203,0.2296900898218155,0.20499491691589355,0.011031728237867355,z
7,0.010637285094708205,0.011483410000801088,22,0.21,0.22,1630,2.6983938217163086,43.62346649169922,0.22129714488983154,0.2150101512670517,0.011021778918802738,z
7,0.010637285094708205,0.011483410000801088,23,0.22,0.23,1822,-3.5619654655456543,43.355587005615234,0.21632322669029236,0.22530286014080048,0.011025926098227501,z
7,0.010637285094708205,0.011483410000801088,24,0.23,0.24,2709,-14.745147705078125,46.03057861328125,0.19683614373207092,0.23515714704990387,0.011037923395633698,z
7,0.010637285094708205,0.011483410000801088,25,0.24,0.25,2406,-16.603879928588867,43.46137619018555,0.2000560611486435,0.24497193098068237,0.011049492284655571,z
7,0.010637285094708205,0.011483410000801088,26,0.25,0.26,2866,-22.685068130493164,43.8583869934082,0.19136591255664825,0.2551902234554291,0.011049889028072357,z
7,0.010637285094708205,0.011483410000801088,27,0.26,0.27,3377,-27.209701538085938,43.6469841003418,0.18549533188343048,0.2650662064552307,0.011042512953281403,z
7,0.010637285094708205,0.011483410000801088,28,0.27,0.28,3108,-26.047000885009766,42.285133361816406,0.19593024253845215,0.27488529682159424,0.011047049425542355,z
7,0.010637285094708205,0.011483410000801088,29,0.28,0.29,2143,-18.088605880737305,35.8100700378418,0.22768667340278625,0.284576952457428,0.011066497303545475,z
7,0.010637285094708205,0.011483410000801088,30,0.29,0.3,1983,-19.123090744018555,34.46974182128906,0.23262745141983032,0.2950233221054077,0.011065742932260036,z
7,0.010637285094708205,0.011483410000801088,31,0.3,0.31,2743,-30.829776763916016,38.221466064453125,0.20115549862384796,0.3053589165210724,0.011061441153287888,z
7,0.010637285094708205,0.011483410000801088,32,0.31,0.32,3593,-25.201976776123047,36.142459869384766,0.22753837704658508,0.315303772687912,0.01106990221887827,z
7,0.010637285094708205,0.011483410000801088,33,0.32,0.33,43413,-14.99891185760498,24.467540740966797,0.27284470200538635,0.3269994556903839,0.011049837805330753,z
7,0.010637285094708205,0.011483410000801088,34,0.33,inf,303,-26.83828353881836,37.12175750732422,0.23231980204582214,0.33040887117385864,0.011010115034878254,z
8,0.011483410000801088,0.012493208143860101,0,-inf,0.0,5168,-1327.5152587890625,4603.44775390625,0.018356874585151672,-0.0014169142814353108,0.012003034353256226,z
8,0.011483410000801088,0.012493208143860101,1,0.0,0.01,5486,3227.42919921875,5010.35498046875,0.1041846051812172,0.0033690643031150103,0.011973048560321331,z
8,0.011483410000801088,0.012493208143860101,2,0.01,0.02,1419,1014.3585205078125,849.6702880859375,0.17902891337871552,0.014497548341751099,0.011978543363511562,z
8,0.011483410000801088,0.012493208143860101,3,0.02,0.03,1006,369.0398254394531,433.6319580078125,0.1316082924604416,0.024929950013756752,0.01196748111397028,z
8,0.011483410000801088,0.012493208143860101,4,0.03,0.04,966,214.43788146972656,298.85565185546875,0.12397224456071854,0.034951914101839066,0.011922474950551987,z
8,0.011483410000801088,0.012493208143860101,5,0.04,0.05,945,158.07362365722656,221.99249267578125,0.1300150603055954,0.0452013723552227,0.011964382603764534,z
8,0.011483410000801088,0.012493208143860101,6,0.05,0.06,1115,97.58332061767578,178.33792114257812,0.11922375112771988,0.05516232177615166,0.011986874043941498,z
8,0.011483410000801088,0.012493208143860101,7,0.06,0.07,1235,66.37141418457031,150.7051544189453,0.11669525504112244,0.06508409976959229,0.011973311193287373,z
8,0.011483410000801088,0.012493208143860101,8,0.07,0.08,1225,70.09452056884766,130.1026611328125,0.1380879133939743,0.07498591393232346,0.011986291036009789,z
8,0.011483410000801088,0.012493208143860101,9,0.08,0.09,1147,66.02608489990234,114.14682006835938,0.15193629264831543,0.08488914370536804,0.011995241977274418,z
8,0.011483410000801088,0.012493208143860101,10,0.09,0.1,1069,56.360076904296875,102.71461486816406,0.15929722785949707,0.09513387084007263,0.011976352892816067,z
8,0.011483410000801088,0.012493208143860101,11,0.1,0.11,1304,48.40135955810547,93.10613250732422,0.16587062180042267,0.10512317717075348,0.011970891617238522,z
8,0.011483410000801088,0.012493208143860101,12,0.11,0.12,1337,42.81523895263672,82.64797973632812,0.17397265136241913,0.11502068489789963,0.011957654729485512,z
8,0.011483410000801088,0.012493208143860101,13,0.12,0.13,1276,44.3483772277832,72.74552154541016,0.19119040668010712,0.12493595480918884,0.011991438455879688,z
8,0.011483410000801088,0.012493208143860101,14,0.13,0.14,1216,34.256614685058594,67.34584045410156,0.19003278017044067,0.13491666316986084,0.011964614503085613,z
8,0.011483410000801088,0.012493208143860101,15,0.14,0.15,1278,26.814556121826172,63.747135162353516,0.1914985626935959,0.14484773576259613,0.011984189040958881,z
8,0.011483410000801088,0.012493208143860101,16,0.15,0.16,1247,23.8872013092041,58.09101104736328,0.19949783384799957,0.15513762831687927,0.011982523836195469,z
8,0.011483410000801088,0.012493208143860101,17,0.16,0.17,1360,19.912803649902344,56.041805267333984,0.2041911631822586,0.1650221347808838,0.011987750418484211,z
8,0.011483410000801088,0.012493208143860101,18,0.17,0.18,1551,17.471168518066406,52.71376037597656,0.21175159513950348,0.17511147260665894,0.011966214515268803,z
8,0.011483410000801088,0.012493208143860101,19,0.18,0.19,1501,18.016481399536133,46.04110336303711,0.22471287846565247,0.18496732413768768,0.011978304013609886,z
8,0.011483410000801088,0.012493208143860101,20,0.19,0.2,1502,10.63106632232666,42.92262268066406,0.21958068013191223,0.1949390172958374,0.011971201747655869,z
8,0.011483410000801088,0.012493208143860101,21,0.2,0.21,1198,6.238275527954102,42.69120788574219,0.22051556408405304,0.20508359372615814,0.011980131268501282,z
8,0.011483410000801088,0.012493208143860101,22,0.21,0.22,1269,3.6012661457061768,42.21076583862305,0.2244836986064911,0.21504929661750793,0.012003172188997269,z
8,0.011483410000801088,0.012493208143860101,23,0.22,0.23,1633,-6.744211196899414,42.33699035644531,0.2071044147014618,0.225283682346344,0.011982611380517483,z
8,0.011483410000801088,0.012493208143860101,24,0.23,0.24,2575,-16.58358383178711,42.54232406616211,0.18841804563999176,0.2350906878709793,0.011984980665147305,z
8,0.011483410000801088,0.012493208143860101,25,0.24,0.25,2452,-15.158533096313477,40.01509475708008,0.2006518840789795,0.245029017329216,0.011997704394161701,z
8,0.011483410000801088,0.012493208143860101,26,0.25,0.26,2845,-20.26563262939453,39.36046600341797,0.19331054389476776,0.25521352887153625,0.011977854184806347,z
8,0.011483410000801088,0.012493208143860101,27,0.26,0.27,3282,-27.381338119506836,40.926326751708984,0.17818042635917664,0.2649803161621094,0.01198344025760889,z
8,0.011483410000801088,0.012493208143860101,28,0.27,0.28,3061,-23.6651554107666,39.79045867919922,0.19711615145206451,0.27498653531074524,0.011965124867856503,z
8,0.011483410000801088,0.012493208143860101,29,0.28,0.29,2571,-19.36463737487793,35.63651657104492,0.21876491606235504,0.28480446338653564,0.01196296326816082,z
8,0.011483410000801088,0.012493208143860101,30,0.29,0.3,2299,-22.573989868164062,35.027984619140625,0.21508102118968964,0.29503729939460754,0.01198821421712637,z
8,0.011483410000801088,0.012493208143860101,31,0.3,0.31,3271,-28.57874870300293,35.20779800415039,0.20070721209049225,0.3052569627761841,0.011967218481004238,z
8,0.011483410000801088,0.012493208143860101,32,0.31,0.32,4355,-23.28549575805664,32.617950439453125,0.22738489508628845,0.3152884840965271,0.011969083920121193,z
8,0.011483410000801088,0.012493208143860101,33,0.32,0.33,45563,-12.492520332336426,22.510181427001953,0.27808570861816406,0.32686883211135864,0.011981943622231483,z
8,0.011483410000801088,0.012493208143860101,34,0.33,inf,248,-18.286762237548828,28.741817474365234,0.25874507427215576,0.3304998576641083,0.011995437555015087,z
9,0.012493208143860101,0.013650151900947094,0,-inf,0.0,6624,-778.3731689453125,2986.258544921875,0.012557204812765121,-0.0014645414194092155,0.013085804879665375,z
9,0.012493208143860101,0.013650151900947094,1,0.0,0.01,5079,2740.592529296875,4264.10107421875,0.10857075452804565,0.003614540211856365,0.013053604401648045,z
9,0.012493208143860101,0.013650151900947094,2,0.01,0.02,1571,995.7393188476562,797.60302734375,0.1906069666147232,0.014338563196361065,0.013072784058749676,z
9,0.012493208143860101,0.013650151900947094,3,0.02,0.03,943,410.8290100097656,420.160888671875,0.15535493195056915,0.024859242141246796,0.013050947338342667,z
9,0.012493208143860101,0.013650151900947094,4,0.03,0.04,900,221.1718292236328,276.3935852050781,0.1353740245103836,0.03502833470702171,0.013041979633271694,z
9,0.012493208143860101,0.013650151900947094,5,0.04,0.05,912,163.83120727539062,213.76649475097656,0.14085127413272858,0.04499903321266174,0.013012059964239597,z
9,0.012493208143860101,0.013650151900947094,6,0.05,0.06,977,110.70478820800781,164.94020080566406,0.133997842669487,0.05506805703043938,0.013007563538849354,z
9,0.012493208143860101,0.013650151900947094,7,0.06,0.07,1060,77.61802673339844,138.22731018066406,0.13079629838466644,0.06510292738676071,0.013001312501728535,z
9,0.012493208143860101,0.013650151900947094,8,0.07,0.08,1134,60.790992736816406,118.80257415771484,0.13435430824756622,0.07500451058149338,0.013049663975834846,z
9,0.012493208143860101,0.013650151900947094,9,0.08,0.09,1062,55.752479553222656,104.09909057617188,0.1471976637840271,0.08502619713544846,0.013088163919746876,z
9,0.012493208143860101,0.013650151900947094,10,0.09,0.1,1103,54.56554412841797,89.99861907958984,0.1629638671875,0.09498413652181625,0.01306849718093872,z
9,0.012493208143860101,0.013650151900947094,11,0.1,0.11,1123,58.08852005004883,82.18959045410156,0.18474054336547852,0.10490810126066208,0.0130843510851264,z
9,0.012493208143860101,0.013650151900947094,12,0.11,0.12,1252,45.47560501098633,71.77257537841797,0.18309588730335236,0.115019790828228,0.013041994534432888,z
9,0.012493208143860101,0.013650151900947094,13,0.12,0.13,1215,34.58393096923828,63.7687873840332,0.18135063350200653,0.1249765157699585,0.013051848858594894,z
9,0.012493208143860101,0.013650151900947094,14,0.13,0.14,1260,27.71605682373047,58.32130432128906,0.1838342249393463,0.13499745726585388,0.013079676777124405,z
9,0.012493208143860101,0.013650151900947094,15,0.14,0.15,1376,25.125341415405273,53.90454864501953,0.19275714457035065,0.14510183036327362,0.013091238215565681,z
9,0.012493208143860101,0.013650151900947094,16,0.15,0.16,1584,22.62738800048828,49.393802642822266,0.20082232356071472,0.1550573706626892,0.01308795902878046,z
9,0.012493208143860101,0.013650151900947094,17,0.16,0.17,1676,21.780813217163086,48.26653289794922,0.2118796706199646,0.16504810750484467,0.013065132312476635,z
9,0.012493208143860101,0.013650151900947094,18,0.17,0.18,1511,21.028621673583984,46.75035095214844,0.22260281443595886,0.17489556968212128,0.01305098831653595,z
9,0.012493208143860101,0.013650151900947094,19,0.18,0.19,1584,19.292387008666992,44.11886215209961,0.23161770403385162,0.1850900799036026,0.013033119961619377,z
9,0.012493208143860101,0.013650151900947094,20,0.19,0.2,1517,10.15423583984375,42.677528381347656,0.22015966475009918,0.19484342634677887,0.013028544373810291,z
9,0.012493208143860101,0.013650151900947094,21,0.2,0.21,1355,4.7829132080078125,39.54559326171875,0.21699340641498566,0.20475909113883972,0.013026071712374687,z
9,0.012493208143860101,0.013650151900947094,22,0.21,0.22,1253,1.8501811027526855,37.172584533691406,0.2198198437690735,0.21512091159820557,0.013018520548939705,z
9,0.012493208143860101,0.013650151900947094,23,0.22,0.23,1614,-5.298254489898682,37.9805908203125,0.20928160846233368,0.22523699700832367,0.013031291775405407,z
9,0.012493208143860101,0.013650151900947094,24,0.23,0.24,2281,-18.362401962280273,39.75004577636719,0.17864637076854706,0.2350625991821289,0.013022077269852161,z
9,0.012493208143860101,0.013650151900947094,25,0.24,0.25,2111,-19.295734405517578,37.890316009521484,0.18314655125141144,0.2449849396944046,0.013031557202339172,z
9,0.012493208143860101,0.013650151900947094,26,0.25,0.26,2206,-19.445524215698242,36.18101501464844,0.19024784862995148,0.25523194670677185,0.013031000271439552,z
9,0.012493208143860101,0.013650151900947094,27,0.26,0.27,3008,-24.956422805786133,36.34987258911133,0.17861583828926086,0.2650066018104553,0.013052954338490963,z
9,0.012493208143860101,0.013650151900947094,28,0.27,0.28,2825,-19.846210479736328,34.0518798828125,0.20366576313972473,0.2749393880367279,0.013063604012131691,z
9,0.012493208143860101,0.013650151900947094,29,0.28,0.29,2499,-22.494192123413086,33.623146057128906,0.20130982995033264,0.28489673137664795,0.013065594248473644,z
9,0.012493208143860101,0.013650151900947094,30,0.29,0.3,2228,-22.194116592407227,32.27556610107422,0.20950248837471008,0.29502469301223755,0.013063013553619385,z
9,0.012493208143860101,0.013650151900947094,31,0.3,0.31,3142,-28.440357208251953,33.77427673339844,0.19189141690731049,0.305240273475647,0.013058478944003582,z
9,0.012493208143860101,0.013650151900947094,32,0.31,0.32,4437,-25.905672073364258,32.235260009765625,0.20876139402389526,0.31529080867767334,0.01305812131613493,z
9,0.012493208143860101,0.013650151900947094,33,0.32,0.33,46300,-6.722428321838379,17.021137237548828,0.29815873503685,0.32676684856414795,0.013045532628893852,z
9,0.012493208143860101,0.013650151900947094,34,0.33,inf,252,-10.820538520812988,19.236230850219727,0.2837982773780823,0.33045148849487305,0.012987662106752396,z
10,0.013650151900947094,0.01512766219675541,0,-inf,0.0,8438,-901.4008178710938,3186.088623046875,0.017287736758589745,-0.0015231851721182466,0.014350520446896553,z
10,0.013650151900947094,0.01512766219675541,1,0.0,0.01,5010,2106.42626953125,3360.77392578125,0.10282392054796219,0.003786413697525859,0.014342408627271652,z
10,0.013650151900947094,0.01512766219675541,2,0.01,0.02,1413,827.150390625,705.3971557617188,0.18231555819511414,0.014567702077329159,0.01434157695621252,z
10,0.013650151900947094,0.01512766219675541,3,0.02,0.03,927,333.2361145019531,367.9315490722656,0.14251112937927246,0.02510531060397625,0.01440091710537672,z
10,0.013650151900947094,0.01512766219675541,4,0.03,0.04,925,205.60989379882812,260.9342346191406,0.1367969512939453,0.035066135227680206,0.014418399892747402,z
10,0.013650151900947094,0.01512766219675541,5,0.04,0.05,953,115.24687194824219,184.6614990234375,0.11913729459047318,0.04526853933930397,0.01442953385412693,z
10,0.013650151900947094,0.01512766219675541,6,0.05,0.06,930,95.77290344238281,150.95028686523438,0.13049441576004028,0.05494846776127815,0.014387466013431549,z
10,0.013650151900947094,0.01512766219675541,7,0.06,0.07,936,83.45066833496094,127.24397277832031,0.14277176558971405,0.06500802934169769,0.014391935430467129,z
10,0.013650151900947094,0.01512766219675541,8,0.07,0.08,1031,56.964256286621094,108.93701934814453,0.1367039531469345,0.07525736093521118,0.014422697015106678,z
10,0.013650151900947094,0.01512766219675541,9,0.08,0.09,1202,46.00846862792969,96.73863983154297,0.141337588429451,0.08512809872627258,0.014401361346244812,z
10,0.013650151900947094,0.01512766219675541,10,0.09,0.1,1440,37.713871002197266,81.72867584228516,0.1465773731470108,0.09517227858304977,0.014421120285987854,z
10,0.013650151900947094,0.01512766219675541,11,0.1,0.11,1517,35.39623260498047,70.4077377319336,0.15846386551856995,0.10509534925222397,0.014386650174856186,z
10,0.013650151900947094,0.01512766219675541,12,0.11,0.12,1550,33.32492446899414,63.24502182006836,0.16980549693107605,0.11503049731254578,0.014380156062543392,z
10,0.013650151900947094,0.01512766219675541,13,0.12,0.13,1664,32.72900390625,54.71915817260742,0.18389402329921722,0.12506507337093353,0.014385940507054329,z
10,0.013650151900947094,0.01512766219675541,14,0.13,0.14,1624,28.237323760986328,49.35271072387695,0.18934279680252075,0.13494570553302765,0.014345422387123108,z
10,0.013650151900947094,0.01512766219675541,15,0.14,0.15,1502,23.864545822143555,47.90568542480469,0.19427210092544556,0.1449672281742096,0.014303112402558327,z
10,0.013650151900947094,0.01512766219675541,16,0.15,0.16,1503,18.12688636779785,46.46656036376953,0.1954132467508316,0.1550346314907074,0.014331500045955181,z
10,0.013650151900947094,0.01512766219675541,17,0.16,0.17,1462,10.323884963989258,42.71018600463867,0.18946656584739685,0.1651245802640915,0.014346001669764519,z
10,0.013650151900947094,0.01512766219675541,18,0.17,0.18,1527,6.96474027633667,39.82775115966797,0.19226989150047302,0.1749432235956192,0.014412450604140759,z
10,0.013650151900947094,0.01512766219675541,19,0.18,0.19,1348,4.792458534240723,38.492618560791016,0.1975371092557907,0.1849544793367386,0.014386988244950771,z
10,0.013650151900947094,0.01512766219675541,20,0.19,0.2,1386,0.8363673090934753,36.64497756958008,0.19737814366817474,0.1950470507144928,0.014383353292942047,z
10,0.013650151900947094,0.01512766219675541,21,0.2,0.21,1367,-6.012834072113037,35.119873046875,0.1871829628944397,0.2050134688615799,0.014349985867738724,z
10,0.013650151900947094,0.01512766219675541,22,0.21,0.22,1305,-9.570134162902832,33.82517623901367,0.18503840267658234,0.21479791402816772,0.014370765537023544,z
10,0.013650151900947094,0.01512766219675541,23,0.22,0.23,1538,-14.258119583129883,34.16233825683594,0.17906008660793304,0.2253165990114212,0.014348565600812435,z
10,0.013650151900947094,0.01512766219675541,24,0.23,0.24,2056,-19.385967254638672,35.5617790222168,0.1696178913116455,0.2351633757352829,0.014363990165293217,z
10,0.013650151900947094,0.01512766219675541,25,0.24,0.25,1878,-21.117900848388672,33.81264877319336,0.17055091261863708,0.2449161559343338,0.014364531263709068,z
10,0.013650151900947094,0.01512766219675541,26,0.25,0.26,2156,-26.63091278076172,33.46634292602539,0.15772445499897003,0.2552306652069092,0.014371226541697979,z
10,0.013650151900947094,0.01512766219675541,27,0.26,0.27,2874,-27.289188385009766,33.511287689208984,0.1612538993358612,0.26495224237442017,0.01436318177729845,z
10,0.013650151900947094,0.01512766219675541,28,0.27,0.28,2792,-24.410696029663086,31.542987823486328,0.1784997135400772,0.2750708758831024,0.014347887597978115,z
10,0.013650151900947094,0.01512766219675541,29,0.28,0.29,2474,-23.242122650146484,29.68048667907715,0.18988549709320068,0.2848656177520752,0.014336024411022663,z
10,0.013650151900947094,0.01512766219675541,30,0.29,0.3,2265,-24.50556755065918,29.142818450927734,0.19089487195014954,0.29486533999443054,0.01435398031026125,z
10,0.013650151900947094,0.01512766219675541,31,0.3,0.31,2740,-28.018077850341797,30.42922592163086,0.18246352672576904,0.30529484152793884,0.01435322966426611,z
10,0.013650151900947094,0.01512766219675541,32,0.31,0.32,4423,-25.405344009399414,29.344350814819336,0.20023216307163239,0.31525978446006775,0.014365407638251781,z
10,0.013650151900947094,0.01512766219675541,33,0.32,0.33,44337,-6.17714262008667,16.079246520996094,0.2976357936859131,0.3265964388847351,0.014332545921206474,z
10,0.013650151900947094,0.01512766219675541,34,0.33,inf,482,-8.558036804199219,15.213850021362305,0.2892610728740692,0.33050045371055603,0.014583049342036247,z
11,0.01512766219675541,0.017334755137562753,0,-inf,0.0,6234,-805.3021240234375,2635.165283203125,0.01848600246012211,-0.0015288335271179676,0.016144245862960815,z
11,0.01512766219675541,0.017334755137562753,1,0.0,0.01,5661,1986.8878173828125,3193.036376953125,0.10082969069480896,0.003863879945129156,0.016166605055332184,z
11,0.01512766219675541,0.017334755137562753,2,0.01,0.02,2069,740.2086791992188,625.4005737304688,0.18839110434055328,0.01486225612461567,0.01626892015337944,z
11,0.01512766219675541,0.017334755137562753,3,0.02,0.03,1481,218.8594512939453,314.3889465332031,0.11049045622348785,0.024905089288949966,0.016220416873693466,z
11,0.01512766219675541,0.017334755137562753,4,0.03,0.04,1577,111.95523834228516,200.2332763671875,0.09787417203187943,0.035148415714502335,0.016253331676125526,z
11,0.01512766219675541,0.017334755137562753,5,0.04,0.05,1769,75.65804290771484,151.90769958496094,0.10001217573881149,0.04502817243337631,0.016273029148578644,z
11,0.01512766219675541,0.017334755137562753,6,0.05,0.06,1590,57.297691345214844,122.99030303955078,0.10621390491724014,0.05501602590084076,0.016225021332502365,z
11,0.01512766219675541,0.017334755137562753,7,0.06,0.07,1610,49.62155532836914,103.21852111816406,0.11783476918935776,0.06502410024404526,0.016212815418839455,z
11,0.01512766219675541,0.017334755137562753,8,0.07,0.08,1648,55.45730209350586,92.12860870361328,0.14301955699920654,0.07484006136655807,0.01625015027821064,z
11,0.01512766219675541,0.017334755137562753,9,0.08,0.09,1820,51.42313766479492,82.03142547607422,0.15625479817390442,0.08502714335918427,0.01616753824055195,z
11,0.01512766219675541,0.017334755137562753,10,0.09,0.1,1791,51.37617492675781,73.64694213867188,0.17383408546447754,0.09496700763702393,0.016134820878505707,z
11,0.01512766219675541,0.017334755137562753,11,0.1,0.11,1666,45.230892181396484,63.439979553222656,0.1815296858549118,0.10497082769870758,0.01608680933713913,z
11,0.01512766219675541,0.017334755137562753,12,0.11,0.12,1527,42.71147537231445,55.764793395996094,0.19402825832366943,0.11494988203048706,0.016075579449534416,z
11,0.01512766219675541,0.017334755137562753,13,0.12,0.13,1422,35.40283203125,51.01806640625,0.1964561641216278,0.12497027963399887,0.016076358035206795,z
11,0.01512766219675541,0.017334755137562753,14,0.13,0.14,1430,33.63253402709961,46.37445068359375,0.20823828876018524,0.13510410487651825,0.016081009060144424,z
11,0.01512766219675541,0.017334755137562753,15,0.14,0.15,1488,31.778823852539062,44.162567138671875,0.21875937283039093,0.14497268199920654,0.016097888350486755,z
11,0.01512766219675541,0.017334755137562753,16,0.15,0.16,1469,28.86183738708496,41.78582000732422,0.22675049304962158,0.15502186119556427,0.01608976721763611,z
11,0.01512766219675541,0.017334755137562753,17,0.16,0.17,1583,24.6256160736084,36.622318267822266,0.23020240664482117,0.16499947011470795,0.016095802187919617,z
11,0.01512766219675541,0.017334755137562753,18,0.17,0.18,1625,15.04952621459961,36.0409049987793,0.21759474277496338,0.1751364767551422,0.016077471897006035,z
11,0.01512766219675541,0.017334755137562753,19,0.18,0.19,1576,9.46252155303955,35.92533493041992,0.21304439008235931,0.18495696783065796,0.016075167804956436,z
11,0.01512766219675541,0.017334755137562753,20,0.19,0.2,1509,6.234359264373779,34.27091979980469,0.2142455130815506,0.19502636790275574,0.016079841181635857,z
11,0.01512766219675541,0.017334755137562753,21,0.2,0.21,1511,0.2101997435092926,33.17898941040039,0.2054917961359024,0.20494593679904938,0.0160469152033329,z
11,0.01512766219675541,0.017334755137562753,22,0.21,0.22,1611,-6.603603363037109,32.24421310424805,0.19229677319526672,0.21506448090076447,0.01606130599975586,z
11,0.01512766219675541,0.017334755137562753,23,0.22,0.23,1967,-10.13124942779541,30.4990234375,0.1886342614889145,0.2253255695104599,0.016145717352628708,z
11,0.01512766219675541,0.017334755137562753,24,0.23,0.24,2572,-15.604878425598145,30.37571144104004,0.17585274577140808,0.23492804169654846,0.016167964786291122,z
11,0.01512766219675541,0.017334755137562753,25,0.24,0.25,2302,-18.856416702270508,30.505504608154297,0.17054477334022522,0.2450670301914215,0.016138307750225067,z
11,0.01512766219675541,0.017334755137562753,26,0.25,0.26,2682,-21.139633178710938,30.7011661529541,0.16795870661735535,0.2553236782550812,0.016200300306081772,z
11,0.01512766219675541,0.017334755137562753,27,0.26,0.27,3535,-23.18926429748535,28.571788787841797,0.1655922830104828,0.26507604122161865,0.01619282364845276,z
11,0.01512766219675541,0.017334755137562753,28,0.27,0.28,2909,-23.373695373535156,29.063262939453125,0.17135260999202728,0.27497896552085876,0.01617777906358242,z
11,0.01512766219675541,0.017334755137562753,29,0.28,0.29,2364,-28.480531692504883,27.290456771850586,0.15354324877262115,0.2846734821796417,0.016163939610123634,z
11,0.01512766219675541,0.017334755137562753,30,0.29,0.3,2286,-30.112628936767578,25.748394012451172,0.1516919583082199,0.29502350091934204,0.01614324375987053,z
11,0.01512766219675541,0.017334755137562753,31,0.3,0.31,2830,-29.87313461303711,26.855283737182617,0.15781180560588837,0.30526861548423767,0.0161716528236866,z
11,0.01512766219675541,0.017334755137562753,32,0.31,0.32,5294,-25.838029861450195,26.647991180419922,0.1834547072649002,0.31542372703552246,0.016180342063307762,z
11,0.01512766219675541,0.017334755137562753,33,0.32,0.33,35977,-10.105670928955078,17.353849411010742,0.27284711599349976,0.3263514041900635,0.016156094148755074,z
11,0.01512766219675541,0.017334755137562753,34,0.33,inf,590,-18.879024505615234,17.641887664794922,0.22990477085113525,0.33057457208633423,0.01596221514046192,z
12,0.017334755137562753,0.021161386743187904,0,-inf,0.0,5843,-889.9139404296875,2476.63671875,0.024745196104049683,-0.0014877667417749763,0.01909644529223442,z
12,0.017334755137562753,0.021161386743187904,1,0.0,0.01,7159,1832.54833984375,2927.54638671875,0.09756139665842056,0.0037244122941046953,0.019133910536766052,z
12,0.017334755137562753,0.021161386743187904,2,0.01,0.02,2610,646.4046630859375,539.321044921875,0.19579830765724182,0.015100939199328423,0.019021878018975258,z
12,0.017334755137562753,0.021161386743187904,3,0.02,0.03,1933,279.9775695800781,307.14874267578125,0.15297049283981323,0.024734986945986748,0.01899666152894497,z
12,0.017334755137562753,0.021161386743187904,4,0.03,0.04,1643,153.6062774658203,198.93678283691406,0.13781386613845825,0.034897394478321075,0.019131148234009743,z
12,0.017334755137562753,0.021161386743187904,5,0.04,0.05,1611,92.1462631225586,149.0176239013672,0.12427612394094467,0.045114822685718536,0.019062908366322517,z
12,0.017334755137562753,0.021161386743187904,6,0.05,0.06,1998,65.94612121582031,115.27865600585938,0.12466230988502502,0.055197544395923615,0.019142204895615578,z
12,0.017334755137562753,0.021161386743187904,7,0.06,0.07,2143,64.28438568115234,97.0692138671875,0.14442060887813568,0.06502147018909454,0.019078075885772705,z
12,0.017334755137562753,0.021161386743187904,8,0.07,0.08,2054,61.64675521850586,83.23383331298828,0.16168075799942017,0.07493110001087189,0.018945517018437386,z
12,0.017334755137562753,0.021161386743187904,9,0.08,0.09,1773,53.4541130065918,72.02628326416016,0.17111530900001526,0.08486887812614441,0.01906754821538925,z
12,0.017334755137562753,0.021161386743187904,10,0.09,0.1,1629,47.387306213378906,65.47030639648438,0.1806209683418274,0.0950193926692009,0.01903732866048813,z
12,0.017334755137562753,0.021161386743187904,11,0.1,0.11,1572,37.17118453979492,61.01011276245117,0.17923524975776672,0.10490848124027252,0.019113797694444656,z
12,0.017334755137562753,0.021161386743187904,12,0.11,0.12,1493,31.43381118774414,56.24125289916992,0.18357396125793457,0.11502371728420258,0.01918398030102253,z
12,0.017334755137562753,0.021161386743187904,13,0.12,0.13,1428,32.651058197021484,49.45098114013672,0.2021811604499817,0.124946229159832,0.019111337140202522,z
12,0.017334755137562753,0.021161386743187904,14,0.13,0.14,1346,27.887943267822266,43.77354431152344,0.20562349259853363,0.13488170504570007,0.01902005448937416,z
12,0.017334755137562753,0.021161386743187904,15,0.14,0.15,1248,22.773765563964844,37.252418518066406,0.20695510506629944,0.14500707387924194,0.018937230110168457,z
12,0.017334755137562753,0.021161386743187904,16,0.15,0.16,1288,17.57048797607422,35.01242446899414,0.20675505697727203,0.15498903393745422,0.018928978592157364,z
12,0.017334755137562753,0.021161386743187904,17,0.16,0.17,1279,15.38530158996582,35.31744384765625,0.21313099563121796,0.16498349606990814,0.019004397094249725,z
12,0.017334755137562753,0.021161386743187904,18,0.17,0.18,1400,12.901721954345703,31.718524932861328,0.21780291199684143,0.1749456524848938,0.01905982941389084,z
12,0.017334755137562753,0.021161386743187904,19,0.18,0.19,1366,8.917481422424316,30.551748275756836,0.21609219908714294,0.18500453233718872,0.019082704558968544,z
12,0.017334755137562753,0.021161386743187904,20,0.19,0.2,1386,8.235771179199219,29.865690231323242,0.2250829041004181,0.19505788385868073,0.018999559804797173,z
12,0.017334755137562753,0.021161386743187904,21,0.2,0.21,1468,5.159101963043213,27.076143264770508,0.22504809498786926,0.20507803559303284,0.019049951806664467,z
12,0.017334755137562753,0.021161386743187904,22,0.21,0.22,1414,-0.6334193348884583,26.454689025878906,0.2125568687915802,0.21499858796596527,0.019092729315161705,z
12,0.017334755137562753,0.021161386743187904,23,0.22,0.23,2015,-4.987598896026611,26.586288452148438,0.20426513254642487,0.22539028525352478,0.019121212884783745,z
12,0.017334755137562753,0.021161386743187904,24,0.23,0.24,3059,-8.721564292907715,26.31867790222168,0.19641965627670288,0.23501166701316833,0.019179347902536392,z
12,0.017334755137562753,0.021161386743187904,25,0.24,0.25,3007,-12.852499008178711,26.586402893066406,0.18542492389678955,0.245273619890213,0.019189389422535896,z
12,0.017334755137562753,0.021161386743187904,26,0.25,0.26,3948,-16.07135772705078,24.82609748840332,0.17583075165748596,0.2551780045032501,0.01927240565419197,z
12,0.017334755137562753,0.021161386743187904,27,0.26,0.27,4510,-16.538244247436523,23.309879302978516,0.18142181634902954,0.2648145854473114,0.01919735036790371,z
12,0.017334755137562753,0.021161386743187904,28,0.27,0.28,3552,-19.122398376464844,24.099842071533203,0.1751847267150879,0.27487438917160034,0.019068777561187744,z
12,0.017334755137562753,0.021161386743187904,29,0.28,0.29,2794,-22.3209285736084,23.750415802001953,0.1639024317264557,0.2848929166793823,0.01913347654044628,z
12,0.017334755137562753,0.021161386743187904,30,0.29,0.3,2589,-20.862911224365234,21.963207244873047,0.17783063650131226,0.29524874687194824,0.019191283732652664,z
12,0.017334755137562753,0.021161386743187904,31,0.3,0.31,3756,-26.667503356933594,22.380868911743164,0.15042927861213684,0.3054848909378052,0.019147388637065887,z
12,0.017334755137562753,0.021161386743187904,32,0.31,0.32,6791,-26.160898208618164,23.056211471557617,0.15790854394435883,0.31523317098617554,0.019127868115901947,z
12,0.017334755137562753,0.021161386743187904,33,0.32,0.33,27517,-14.988075256347656,18.505922317504883,0.23324790596961975,0.3260349631309509,0.01893243007361889,z
12,0.017334755137562753,0.021161386743187904,34,0.33,inf,353,-34.517845153808594,19.452693939208984,0.11173179000616074,0.33089593052864075,0.019278716295957565,z
13,0.021161386743187904,0.027588647603988645,0,-inf,0.0,6106,-1144.9317626953125,2552.673095703125,0.03945780545473099,-0.0013436792651191354,0.023935040459036827,z
13,0.021161386743187904,0.027588647603988645,1,0.0,0.01,7693,1469.62939453125,2459.453857421875,0.0916571095585823,0.0033487651962786913,0.0241041611880064,z
13,0.021161386743187904,0.027588647603988645,2,0.01,0.02,2631,483.34814453125,426.3330993652344,0.18215365707874298,0.014672285877168179,0.024172956123948097,z
13,0.021161386743187904,0.027588647603988645,3,0.02,0.03,2006,254.68983459472656,235.20428466796875,0.1758517473936081,0.025003599002957344,0.024066807702183723,z
13,0.021161386743187904,0.027588647603988645,4,0.03,0.04,1903,160.53131103515625,153.00074768066406,0.17130111157894135,0.03499394282698631,0.024239040911197662,z
13,0.021161386743187904,0.027588647603988645,5,0.04,0.05,1792,127.31999206542969,121.51512145996094,0.18072445690631866,0.04497416689991951,0.023863432928919792,z
13,0.021161386743187904,0.027588647603988645,6,0.05,0.06,1647,89.17733001708984,99.58739471435547,0.17174077033996582,0.05497429147362709,0.02387000434100628,z
13,0.021161386743187904,0.027588647603988645,7,0.06,0.07,1528,67.7312240600586,83.07042694091797,0.17052924633026123,0.06487680971622467,0.024121973663568497,z
13,0.021161386743187904,0.027588647603988645,8,0.07,0.08,1488,53.85633850097656,71.06684875488281,0.1728036105632782,0.07495580613613129,0.024120932444930077,z
13,0.021161386743187904,0.027588647603988645,9,0.08,0.09,1422,42.10536575317383,62.58623123168945,0.17083542048931122,0.08507790416479111,0.02390926703810692,z
13,0.021161386743187904,0.027588647603988645,10,0.09,0.1,1566,32.721614837646484,54.769508361816406,0.16998423635959625,0.09504342824220657,0.023982470855116844,z
13,0.021161386743187904,0.027588647603988645,11,0.1,0.11,1567,27.688875198364258,47.477413177490234,0.17476896941661835,0.10502643138170242,0.024033594876527786,z
13,0.021161386743187904,0.027588647603988645,12,0.11,0.12,1579,23.637393951416016,42.764869689941406,0.17994730174541473,0.11495451629161835,0.024010397493839264,z
13,0.021161386743187904,0.027588647603988645,13,0.12,0.13,1552,17.593286514282227,39.41917037963867,0.1775059849023819,0.12492216378450394,0.024151232093572617,z
13,0.021161386743187904,0.027588647603988645,14,0.13,0.14,1474,16.302949905395508,35.62980651855469,0.18815761804580688,0.1349502056837082,0.024251723662018776,z
13,0.021161386743187904,0.027588647603988645,15,0.14,0.15,1531,14.565295219421387,32.13650894165039,0.19552502036094666,0.14497442543506622,0.024289632216095924,z
13,0.021161386743187904,0.027588647603988645,16,0.15,0.16,1432,12.945806503295898,29.73611831665039,0.20229969918727875,0.1548866629600525,0.024358123540878296,z
13,0.021161386743187904,0.027588647603988645,17,0.16,0.17,1339,10.39235782623291,27.639982223510742,0.2052420675754547,0.16492030024528503,0.024328535422682762,z
13,0.021161386743187904,0.027588647603988645,18,0.17,0.18,1249,7.399813652038574,26.45445442199707,0.2058304399251938,0.17518441379070282,0.02427229844033718,z
13,0.021161386743187904,0.027588647603988645,19,0.18,0.19,1410,2.2913477420806885,24.356374740600586,0.1946958303451538,0.18503734469413757,0.024214258417487144,z
13,0.021161386743187904,0.027588647603988645,20,0.19,0.2,1526,2.7144272327423096,21.748781204223633,0.2070949226617813,0.19507652521133423,0.024238621816039085,z
13,0.021161386743187904,0.027588647603988645,21,0.2,0.21,1582,1.0429272651672363,20.6662654876709,0.20904181897640228,0.20496238768100739,0.02435687556862831,z
13,0.021161386743187904,0.027588647603988645,22,0.21,0.22,1688,-1.6590200662612915,19.75539207458496,0.20603317022323608,0.21508751809597015,0.024398187175393105,z
13,0.021161386743187904,0.027588647603988645,23,0.22,0.23,2147,-4.857190132141113,20.749441146850586,0.1993972212076187,0.2253190577030182,0.024361275136470795,z
13,0.021161386743187904,0.027588647603988645,24,0.23,0.24,3028,-6.935400485992432,21.020721435546875,0.19639426469802856,0.23514918982982635,0.02426314726471901,z
13,0.021161386743187904,0.027588647603988645,25,0.24,0.25,3415,-7.882615566253662,19.936662673950195,0.19886349141597748,0.2451213151216507,0.024239005520939827,z
13,0.021161386743187904,0.027588647603988645,26,0.25,0.26,4056,-11.747681617736816,19.864856719970703,0.18351902067661285,0.25525033473968506,0.02409949339926243,z
13,0.021161386743187904,0.027588647603988645,27,0.26,0.27,4659,-11.420199394226074,18.961055755615234,0.19244563579559326,0.2649189829826355,0.023988177999854088,z
13,0.021161386743187904,0.027588647603988645,28,0.27,0.28,3728,-11.533947944641113,17.79560089111328,0.19837071001529694,0.2748522162437439,0.024082517251372337,z
13,0.021161386743187904,0.027588647603988645,29,0.28,0.29,3047,-14.654364585876465,18.015724182128906,0.1848713606595993,0.2849568724632263,0.024177245795726776,z
13,0.021161386743187904,0.027588647603988645,30,0.29,0.3,2740,-13.700678825378418,17.332870483398438,0.19807587563991547,0.29501762986183167,0.02420349046587944,z
13,0.021161386743187904,0.027588647603988645,31,0.3,0.31,4547,-16.693424224853516,17.741100311279297,0.18312422931194305,0.30557385087013245,0.02425473928451538,z
13,0.021161386743187904,0.027588647603988645,32,0.31,0.32,8879,-19.94583511352539,17.822587966918945,0.16340473294258118,0.315143883228302,0.02427070401608944,z
13,0.021161386743187904,0.027588647603988645,33,0.32,0.33,22365,-16.185089111328125,16.489526748657227,0.20019173622131348,0.3257888853549957,0.02400795742869377,z
13,0.021161386743187904,0.027588647603988645,34,0.33,inf,653,-23.874584197998047,16.350656509399414,0.1405915915966034,0.3314441740512848,0.024380095303058624,z
14,0.027588647603988645,0.037238117307424545,0,-inf,0.0,4780,-1142.5294189453125,2368.32080078125,0.05168388411402702,-0.001387189724482596,0.031851790845394135,z
14,0.027588647603988645,0.037238117307424545,1,0.0,0.01,5770,1238.5341796875,1859.56201171875,0.1136583536863327,0.0036082344595342875,0.03192082792520523,z
14,0.027588647603988645,0.037238117307424545,2,0.01,0.02,2343,440.7890930175781,287.77325439453125,0.22239267826080322,0.01484863180667162,0.03193637728691101,z
14,0.027588647603988645,0.037238117307424545,3,0.02,0.03,1754,270.8838195800781,153.5271453857422,0.23902887105941772,0.025028303265571594,0.032150596380233765,z
14,0.027588647603988645,0.037238117307424545,4,0.03,0.04,1471,167.7488250732422,113.81804656982422,0.21947619318962097,0.0349147655069828,0.03210162743926048,z
14,0.027588647603988645,0.037238117307424545,5,0.04,0.05,1587,115.34075927734375,81.38396453857422,0.20964451134204865,0.045052915811538696,0.031977031379938126,z
14,0.027588647603988645,0.037238117307424545,6,0.05,0.06,1549,87.5660171508789,65.9227066040039,0.20678912103176117,0.05494934320449829,0.031981781125068665,z
14,0.027588647603988645,0.037238117307424545,7,0.06,0.07,1347,64.52864074707031,53.74787139892578,0.19714777171611786,0.06502722948789597,0.03191061317920685,z
14,0.027588647603988645,0.037238117307424545,8,0.07,0.08,1352,46.522865295410156,49.093238830566406,0.1856517493724823,0.07509128004312515,0.031846750527620316,z
14,0.027588647603988645,0.037238117307424545,9,0.08,0.09,1384,37.9494743347168,42.64211654663086,0.18691107630729675,0.08498629182577133,0.0319070890545845,z
14,0.027588647603988645,0.037238117307424545,10,0.09,0.1,1483,32.750938415527344,37.808101654052734,0.19436948001384735,0.09492489695549011,0.03215784952044487,z
14,0.027588647603988645,0.037238117307424545,11,0.1,0.11,1532,26.939754486083984,34.17964553833008,0.1958390325307846,0.10507369786500931,0.03222614899277687,z
14,0.027588647603988645,0.037238117307424545,12,0.11,0.12,1614,21.814788818359375,30.293235778808594,0.1938098520040512,0.11510598659515381,0.03207669034600258,z
14,0.027588647603988645,0.037238117307424545,13,0.12,0.13,1691,19.133333206176758,26.970706939697266,0.1995384842157364,0.12496665120124817,0.031739287078380585,z
14,0.027588647603988645,0.037238117307424545,14,0.13,0.14,1791,16.207714080810547,25.86765480041504,0.20347130298614502,0.1349707394838333,0.03142431378364563,z
14,0.027588647603988645,0.037238117307424545,15,0.14,0.15,1691,13.261772155761719,23.183639526367188,0.20539921522140503,0.14488020539283752,0.03165312111377716,z
14,0.027588647603988645,0.037238117307424545,16,0.15,0.16,1675,9.996537208557129,22.100507736206055,0.2034761607646942,0.15505154430866241,0.03172526881098747,z
14,0.027588647603988645,0.037238117307424545,17,0.16,0.17,1701,8.17613410949707,20.580595016479492,0.20819859206676483,0.16502822935581207,0.03195476159453392,z
14,0.027588647603988645,0.037238117307424545,18,0.17,0.18,1630,5.788120746612549,19.87650489807129,0.2073667198419571,0.17500697076320648,0.03185822069644928,z
14,0.027588647603988645,0.037238117307424545,19,0.18,0.19,1644,4.522350311279297,19.43366241455078,0.21204602718353271,0.18502499163150787,0.0318828821182251,z
14,0.027588647603988645,0.037238117307424545,20,0.19,0.2,1532,-0.16616876423358917,19.405611038208008,0.1951606422662735,0.1949423849582672,0.03210785239934921,z
14,0.027588647603988645,0.037238117307424545,21,0.2,0.21,1554,-1.3519985675811768,18.27033233642578,0.19705550372600555,0.20507937669754028,0.03185231611132622,z
14,0.027588647603988645,0.037238117307424545,22,0.21,0.22,1613,-0.9484571218490601,16.787288665771484,0.20808377861976624,0.2150798887014389,0.03196301683783531,z
14,0.027588647603988645,0.037238117307424545,23,0.22,0.23,2126,-2.77652645111084,16.052766799926758,0.20580360293388367,0.2254258245229721,0.03190499544143677,z
14,0.027588647603988645,0.037238117307424545,24,0.23,0.24,2934,-4.1143107414245605,15.692499160766602,0.2044585794210434,0.2351137101650238,0.03205430507659912,z
14,0.027588647603988645,0.037238117307424545,25,0.24,0.25,3114,-5.326620101928711,15.289168357849121,0.20329348742961884,0.24479436874389648,0.031961239874362946,z
14,0.027588647603988645,0.037238117307424545,26,0.25,0.26,3476,-8.997045516967773,14.84793472290039,0.18291513621807098,0.25518330931663513,0.031868502497673035,z
14,0.027588647603988645,0.037238117307424545,27,0.26,0.27,4014,-6.571868896484375,13.844151496887207,0.21054436266422272,0.26516225934028625,0.031993698328733444,z
14,0.027588647603988645,0.037238117307424545,28,0.27,0.28,3984,-8.538572311401367,14.1416597366333,0.20094625651836395,0.27486860752105713,0.03191670402884483,z
14,0.027588647603988645,0.037238117307424545,29,0.28,0.29,3427,-9.91516399383545,13.977255821228027,0.19486019015312195,0.28493639826774597,0.03208523616194725,z
14,0.027588647603988645,0.037238117307424545,30,0.29,0.3,3161,-9.070841789245605,12.76036548614502,0.20953498780727386,0.29515382647514343,0.032040875405073166,z
14,0.027588647603988645,0.037238117307424545,31,0.3,0.31,5987,-11.91530704498291,12.761545181274414,0.1902191936969757,0.3058775067329407,0.03199324756860733,z
14,0.027588647603988645,0.037238117307424545,32,0.31,0.32,8993,-15.531694412231445,13.199512481689453,0.1589381843805313,0.3149644136428833,0.032051414251327515,z
14,0.027588647603988645,0.037238117307424545,33,0.32,0.33,23787,-13.175043106079102,11.028684616088867,0.1902010142803192,0.32590773701667786,0.031729161739349365,z
14,0.027588647603988645,0.037238117307424545,34,0.33,inf,1484,-16.38930320739746,11.197270393371582,0.1561354249715805,0.33210062980651855,0.03245403617620468,z
15,0.037238117307424545,0.05809192508459102,0,-inf,0.0,3930,-407.04205322265625,1227.052978515625,0.023093467578291893,-0.0015061560552567244,0.04696859419345856,z
15,0.037238117307424545,0.05809192508459102,1,0.0,0.01,6196,1070.7781982421875,1406.9246826171875,0.13721619546413422,0.003707845462486148,0.046062253415584564,z
15,0.037238117307424545,0.05809192508459102,2,0.01,0.02,3157,290.292724609375,210.2408905029297,0.21846498548984528,0.01566861756145954,0.04642658308148384,z
15,0.037238117307424545,0.05809192508459102,3,0.02,0.03,2497,177.65060424804688,120.98406219482422,0.22613678872585297,0.025095980614423752,0.046446751803159714,z
15,0.037238117307424545,0.05809192508459102,4,0.03,0.04,1838,114.16594696044922,87.55836486816406,0.21290108561515808,0.034717101603746414,0.04629858210682869,z
15,0.037238117307424545,0.05809192508459102,5,0.04,0.05,1589,77.1820297241211,67.94863891601562,0.2034507691860199,0.044914256781339645,0.046407680958509445,z
15,0.037238117307424545,0.05809192508459102,6,0.05,0.06,1381,53.609928131103516,53.345542907714844,0.19101665914058685,0.0550692193210125,0.04687914252281189,z
15,0.037238117307424545,0.05809192508459102,7,0.06,0.07,1485,44.808929443359375,43.344993591308594,0.20070163905620575,0.06501719355583191,0.0470593087375164,z
15,0.037238117307424545,0.05809192508459102,8,0.07,0.08,1473,35.31791687011719,36.48857879638672,0.19961214065551758,0.07493698596954346,0.047450970858335495,z
15,0.037238117307424545,0.05809192508459102,9,0.08,0.09,1384,31.296764373779297,32.886409759521484,0.20636524260044098,0.08502495288848877,0.04634924605488777,z
15,0.037238117307424545,0.05809192508459102,10,0.09,0.1,1367,23.63840103149414,29.822954177856445,0.19624575972557068,0.09510572254657745,0.046001892536878586,z
15,0.037238117307424545,0.05809192508459102,11,0.1,0.11,1363,19.708208084106445,26.579500198364258,0.19834265112876892,0.10505499690771103,0.04579944908618927,z
15,0.037238117307424545,0.05809192508459102,12,0.11,0.12,1370,15.914512634277344,24.556903839111328,0.1982106864452362,0.11498560011386871,0.04617813602089882,z
15,0.037238117307424545,0.05809192508459102,13,0.12,0.13,1358,13.444190979003906,22.99726676940918,0.2024458646774292,0.12507416307926178,0.04624946787953377,z
15,0.037238117307424545,0.05809192508459102,14,0.13,0.14,1347,10.345632553100586,20.999347686767578,0.19969959557056427,0.13489064574241638,0.0461849607527256,z
15,0.037238117307424545,0.05809192508459102,15,0.14,0.15,1399,8.253037452697754,19.5924015045166,0.2005814164876938,0.1450028419494629,0.04658897593617439,z
15,0.037238117307424545,0.05809192508459102,16,0.15,0.16,1307,7.042439937591553,17.75164794921875,0.20533351600170135,0.15493851900100708,0.04659782722592354,z
15,0.037238117307424545,0.05809192508459102,17,0.16,0.17,1360,5.2699198722839355,16.323522567749023,0.20460554957389832,0.16512461006641388,0.04622892662882805,z
15,0.037238117307424545,0.05809192508459102,18,0.17,0.18,1474,4.505550861358643,14.771352767944336,0.21062880754470825,0.17496030032634735,0.04627569392323494,z
15,0.037238117307424545,0.05809192508459102,19,0.18,0.19,1472,2.806689500808716,13.5657377243042,0.20829610526561737,0.18496239185333252,0.04632236808538437,z
15,0.037238117307424545,0.05809192508459102,20,0.19,0.2,1608,1.3231667280197144,13.405753135681152,0.20575857162475586,0.19495923817157745,0.04650913178920746,z
15,0.037238117307424545,0.05809192508459102,21,0.2,0.21,1691,-1.0882272720336914,13.260974884033203,0.1947079449892044,0.20507152378559113,0.046404000371694565,z
15,0.037238117307424545,0.05809192508459102,22,0.21,0.22,1896,-2.797905445098877,12.759394645690918,0.18713794648647308,0.21513214707374573,0.04674980789422989,z
15,0.037238117307424545,0.05809192508459102,23,0.22,0.23,2548,-3.8934760093688965,11.889457702636719,0.18475516140460968,0.2252863496541977,0.04657575115561485,z
15,0.037238117307424545,0.05809192508459102,24,0.23,0.24,3429,-4.379795551300049,11.955009460449219,0.18736238777637482,0.2351229041814804,0.04661761596798897,z
15,0.037238117307424545,0.05809192508459102,25,0.24,0.25,3430,-4.903695583343506,11.105330467224121,0.1901613473892212,0.24504564702510834,0.0463411808013916,z
15,0.037238117307424545,0.05809192508459102,26,0.25,0.26,3779,-6.129698753356934,10.810769081115723,0.18364408612251282,0.25520285964012146,0.046547628939151764,z
15,0.037238117307424545,0.05809192508459102,27,0.26,0.27,4148,-5.151693820953369,10.021707534790039,0.20165255665779114,0.264934778213501,0.04618312418460846,z
15,0.037238117307424545,0.05809192508459102,28,0.27,0.28,4035,-6.029703617095947,9.66266918182373,0.19870427250862122,0.27495792508125305,0.04632015526294708,z
15,0.037238117307424545,0.05809192508459102,29,0.28,0.29,3413,-8.74249267578125,10.094114303588867,0.1719159036874771,0.28497907519340515,0.04588623344898224,z
15,0.037238117307424545,0.05809192508459102,30,0.29,0.3,3474,-8.50696849822998,9.763504028320312,0.17959165573120117,0.2951775789260864,0.04630687087774277,z
15,0.037238117307424545,0.05809192508459102,31,0.3,0.31,6584,-9.15414810180664,9.415205955505371,0.17641349136829376,0.30557042360305786,0.04647056385874748,z
15,0.037238117307424545,0.05809192508459102,32,0.31,0.32,10078,-10.823275566101074,9.397631645202637,0.15944041311740875,0.3151630759239197,0.04611174762248993,z
15,0.037238117307424545,0.05809192508459102,33,0.32,0.33,20230,-10.643584251403809,7.251465320587158,0.16509942710399628,0.32578298449516296,0.04677916690707207,z
15,0.037238117307424545,0.05809192508459102,34,0.33,inf,1885,-12.614559173583984,7.947645664215088,0.14114248752593994,0.3328174650669098,0.04641130194067955,z
16,0.05809192508459102,0.10419319048523903,0,-inf,0.0,4269,-502.99102783203125,949.7565307617188,0.0535799115896225,-0.0017465680139139295,0.07953481376171112,z
16,0.05809192508459102,0.10419319048523903,1,0.0,0.01,5113,867.5402221679688,936.4754638671875,0.18818755447864532,0.0041417321190238,0.07768738269805908,z
16,0.05809192508459102,0.10419319048523903,2,0.01,0.02,3001,196.39183044433594,134.07313537597656,0.23176871240139008,0.015074857510626316,0.07754968106746674,z
16,0.05809192508459102,0.10419319048523903,3,0.02,0.03,2246,116.85293579101562,74.59628295898438,0.2414880096912384,0.024934597313404083,0.07726233452558517,z
16,0.05809192508459102,0.10419319048523903,4,0.03,0.04,1943,70.94037628173828,54.97342300415039,0.22159571945667267,0.03469279035925865,0.0789594054222107,z
16,0.05809192508459102,0.10419319048523903,5,0.04,0.05,1744,51.399139404296875,42.922691345214844,0.21670815348625183,0.044870179146528244,0.07748886942863464,z
16,0.05809192508459102,0.10419319048523903,6,0.05,0.06,1574,39.60857391357422,34.2205696105957,0.21760964393615723,0.055061571300029755,0.07678627222776413,z
16,0.05809192508459102,0.10419319048523903,7,0.06,0.07,1532,29.08770751953125,29.694602966308594,0.20522591471672058,0.0650687962770462,0.07611764967441559,z
16,0.05809192508459102,0.10419319048523903,8,0.07,0.08,1453,23.572662353515625,25.665178298950195,0.2051248997449875,0.07486043870449066,0.0773540511727333,z
16,0.05809192508459102,0.10419319048523903,9,0.08,0.09,1375,21.348255157470703,21.686946868896484,0.22037345170974731,0.08505047857761383,0.07643952965736389,z
16,0.05809192508459102,0.10419319048523903,10,0.09,0.1,1305,17.636388778686523,19.43330192565918,0.21826204657554626,0.0949275940656662,0.07694876939058304,z
16,0.05809192508459102,0.10419319048523903,11,0.1,0.11,1312,13.347118377685547,17.666519165039062,0.20818433165550232,0.10505927354097366,0.07685688883066177,z
16,0.05809192508459102,0.10419319048523903,12,0.11,0.12,1335,10.584392547607422,15.646059036254883,0.20435237884521484,0.11491537094116211,0.07675772905349731,z
16,0.05809192508459102,0.10419319048523903,13,0.12,0.13,1418,8.013675689697266,14.325983047485352,0.19953081011772156,0.12508472800254822,0.0768430307507515,z
16,0.05809192508459102,0.10419319048523903,14,0.13,0.14,1510,6.915335178375244,12.916481971740723,0.20385168492794037,0.13502982258796692,0.0765172466635704,z
16,0.05809192508459102,0.10419319048523903,15,0.14,0.15,1508,5.219194412231445,12.045788764953613,0.1990402191877365,0.14509250223636627,0.07686618715524673,z
16,0.05809192508459102,0.10419319048523903,16,0.15,0.16,1644,4.775651931762695,10.892999649047852,0.208400160074234,0.15513262152671814,0.0769536942243576,z
16,0.05809192508459102,0.10419319048523903,17,0.16,0.17,1635,2.8607468605041504,10.270334243774414,0.19969560205936432,0.16499796509742737,0.0773962214589119,z
16,0.05809192508459102,0.10419319048523903,18,0.17,0.18,1702,1.9047154188156128,9.79673957824707,0.2002037912607193,0.17494544386863708,0.07771505415439606,z
16,0.05809192508459102,0.10419319048523903,19,0.18,0.19,1633,0.35239577293395996,9.30468463897705,0.18876391649246216,0.18502052128314972,0.07852426916360855,z
16,0.05809192508459102,0.10419319048523903,20,0.19,0.2,1735,-0.04121012985706329,8.879322052001953,0.19340327382087708,0.19504331052303314,0.07841422408819199,z
16,0.05809192508459102,0.10419319048523903,21,0.2,0.21,1831,-1.5547810792922974,8.586695671081543,0.18006344139575958,0.20518632233142853,0.07819817215204239,z
16,0.05809192508459102,0.10419319048523903,22,0.21,0.22,2151,-2.225597858428955,8.01965045928955,0.1785641610622406,0.21515798568725586,0.0774911567568779,z
16,0.05809192508459102,0.10419319048523903,23,0.22,0.23,2781,-1.9913004636764526,7.362914562225342,0.19031484425067902,0.22554415464401245,0.07898549735546112,z
16,0.05809192508459102,0.10419319048523903,24,0.23,0.24,3819,-3.080026865005493,7.379149913787842,0.1807887852191925,0.23506295680999756,0.07861131429672241,z
16,0.05809192508459102,0.10419319048523903,25,0.24,0.25,3463,-3.227080821990967,6.873044967651367,0.18386463820934296,0.2449827790260315,0.07868102937936783,z
16,0.05809192508459102,0.10419319048523903,26,0.25,0.26,4650,-3.4076433181762695,6.446258068084717,0.18874485790729523,0.255324125289917,0.0794072300195694,z
16,0.05809192508459102,0.10419319048523903,27,0.26,0.27,5349,-4.3556318283081055,5.976933479309082,0.1750115007162094,0.26501065492630005,0.07978589832782745,z
16,0.05809192508459102,0.10419319048523903,28,0.27,0.28,4518,-4.458524227142334,5.844323635101318,0.17941966652870178,0.2747734487056732,0.079325370490551,z
16,0.05809192508459102,0.10419319048523903,29,0.28,0.29,3521,-5.620142936706543,5.853370189666748,0.16245049238204956,0.2849512994289398,0.07845844328403473,z
16,0.05809192508459102,0.10419319048523903,30,0.29,0.3,3796,-5.332441806793213,5.778994083404541,0.17228727042675018,0.2953055202960968,0.07903353124856949,z
16,0.05809192508459102,0.10419319048523903,31,0.3,0.31,7350,-6.154056072235107,5.702025413513184,0.16136287152767181,0.3053674101829529,0.07835384458303452,z
16,0.05809192508459102,0.10419319048523903,32,0.31,0.32,8834,-8.01579475402832,5.534923553466797,0.1253737211227417,0.31508439779281616,0.07704274356365204,z
16,0.05809192508459102,0.10419319048523903,33,0.32,0.33,15874,-7.044922351837158,4.955392360687256,0.15801532566547394,0.3253353238105774,0.0750008076429367,z
16,0.05809192508459102,0.10419319048523903,34,0.33,inf,2051,-8.830574989318848,5.088438987731934,0.10968953371047974,0.3350057005882263,0.07773665338754654,z
17,0.10419319048523903,0.2292260617017746,0,-inf,0.0,5285,-570.43603515625,662.48046875,0.1227920651435852,-0.0015846900641918182,0.15812425315380096,z
17,0.10419319048523903,0.2292260617017746,1,0.0,0.01,5677,406.9527587890625,438.13446044921875,0.17718453705310822,0.004128217231482267,0.15424036979675293,z
17,0.10419319048523903,0.2292260617017746,2,0.01,0.02,2783,95.77706909179688,68.81549835205078,0.22144274413585663,0.015353299677371979,0.1507904827594757,z
17,0.10419319048523903,0.2292260617017746,3,0.02,0.03,2519,59.7244987487793,38.16020202636719,0.24878153204917908,0.02474861964583397,0.16245169937610626,z
17,0.10419319048523903,0.2292260617017746,4,0.03,0.04,2042,35.230045318603516,28.843509674072266,0.21544206142425537,0.03480792045593262,0.15721158683300018,z
17,0.10419319048523903,0.2292260617017746,5,0.04,0.05,1440,23.046201705932617,23.358182907104492,0.19273091852664948,0.04504244029521942,0.15304920077323914,z
17,0.10419319048523903,0.2292260617017746,6,0.05,0.06,1271,14.85264778137207,18.805543899536133,0.17022468149662018,0.05508723482489586,0.15378102660179138,z
17,0.10419319048523903,0.2292260617017746,7,0.06,0.07,1292,10.55581283569336,15.739832878112793,0.16285862028598785,0.06492091715335846,0.1557689905166626,z
17,0.10419319048523903,0.2292260617017746,8,0.07,0.08,1381,8.899075508117676,13.65246295928955,0.17116092145442963,0.07508553564548492,0.15463858842849731,z
17,0.10419319048523903,0.2292260617017746,9,0.08,0.09,1485,7.236580848693848,12.00982666015625,0.17276228964328766,0.08497418463230133,0.15468312799930573,z
17,0.10419319048523903,0.2292260617017746,10,0.09,0.1,1410,7.066384792327881,9.927336692810059,0.19064703583717346,0.09492791444063187,0.15957872569561005,z
17,0.10419319048523903,0.2292260617017746,11,0.1,0.11,1277,6.226059913635254,8.623699188232422,0.2036277800798416,0.1049652099609375,0.15595228970050812,z
17,0.10419319048523903,0.2292260617017746,12,0.11,0.12,1314,5.054392337799072,7.724680423736572,0.20217517018318176,0.11503907293081284,0.15762421488761902,z
17,0.10419319048523903,0.2292260617017746,13,0.12,0.13,1355,4.216500282287598,7.090519428253174,0.20418845117092133,0.12489691376686096,0.15682882070541382,z
17,0.10419319048523903,0.2292260617017746,14,0.13,0.14,1383,2.7609243392944336,6.519049167633057,0.19079196453094482,0.1349775195121765,0.15637221932411194,z
17,0.10419319048523903,0.2292260617017746,15,0.14,0.15,1525,1.9389052391052246,6.13375997543335,0.18678343296051025,0.14517125487327576,0.1558620184659958,z
17,0.10419319048523903,0.2292260617017746,16,0.15,0.16,1567,0.8552844524383545,5.773353099822998,0.17545029520988464,0.15512847900390625,0.15569856762886047,z
17,0.10419319048523903,0.2292260617017746,17,0.16,0.17,1654,0.6683953404426575,5.458243370056152,0.18108981847763062,0.16502031683921814,0.1543230563402176,z
17,0.10419319048523903,0.2292260617017746,18,0.17,0.18,1781,0.34172025322914124,5.077795028686523,0.18361583352088928,0.17506137490272522,0.15437564253807068,z
17,0.10419319048523903,0.2292260617017746,19,0.18,0.19,1750,0.19442307949066162,4.606503486633301,0.18941368162631989,0.18502238392829895,0.15661904215812683,z
17,0.10419319048523903,0.2292260617017746,20,0.19,0.2,1790,-0.2868420481681824,4.398488998413086,0.18575483560562134,0.19508768618106842,0.1559911072254181,z
17,0.10419319048523903,0.2292260617017746,21,0.2,0.21,1895,-0.5971091389656067,4.242822170257568,0.18683266639709473,0.20505471527576447,0.15460526943206787,z
17,0.10419319048523903,0.2292260617017746,22,0.21,0.22,2232,-1.0700757503509521,4.108845233917236,0.18247486650943756,0.2151026725769043,0.155312642455101,z
17,0.10419319048523903,0.2292260617017746,23,0.22,0.23,3172,-0.9653009176254272,3.854320526123047,0.19559933245182037,0.22528168559074402,0.1526116281747818,z
17,0.10419319048523903,0.2292260617017746,24,0.23,0.24,4625,-0.7019755840301514,3.56553316116333,0.21121665835380554,0.23499958217144012,0.15426969528198242,z
17,0.10419319048523903,0.2292260617017746,25,0.24,0.25,3896,-1.0307623147964478,3.32619571685791,0.20762531459331512,0.2454163134098053,0.15654867887496948,z
17,0.10419319048523903,0.2292260617017746,26,0.25,0.26,7073,-0.5679323077201843,3.108435869216919,0.23398981988430023,0.2555181682109833,0.15795640647411346,z
17,0.10419319048523903,0.2292260617017746,27,0.26,0.27,6594,-1.9053205251693726,3.166924238204956,0.19106236100196838,0.2647344768047333,0.15407319366931915,z
17,0.10419319048523903,0.2292260617017746,28,0.27,0.28,4897,-2.359726667404175,2.842689275741577,0.18140634894371033,0.27479955554008484,0.15213239192962646,z
17,0.10419319048523903,0.2292260617017746,29,0.28,0.29,3906,-2.4686810970306396,3.017493724822998,0.18081726133823395,0.2849894165992737,0.1596166044473648,z
17,0.10419319048523903,0.2292260617017746,30,0.29,0.3,5184,-2.6198198795318604,3.123321771621704,0.18081174790859222,0.2952558696269989,0.1568462997674942,z
17,0.10419319048523903,0.2292260617017746,31,0.3,0.31,6365,-3.4253549575805664,3.1176350116729736,0.1527821123600006,0.30521896481513977,0.153238907456398,z
17,0.10419319048523903,0.2292260617017746,32,0.31,0.32,5944,-4.447815418243408,2.8306899070739746,0.1101187989115715,0.31484150886535645,0.1514870524406433,z
17,0.10419319048523903,0.2292260617017746,33,0.32,0.33,10845,-3.377572536468506,2.6466286182403564,0.16259312629699707,0.3250931203365326,0.15461428463459015,z
17,0.10419319048523903,0.2292260617017746,34,0.33,inf,2366,-4.606551647186279,2.609220266342163,0.09826921671628952,0.33459529280662537,0.16200491786003113,z
18,0.2292260617017746,0.7358550667762773,0,-inf,0.0,3232,-359.46661376953125,314.5052490234375,0.16872885823249817,-0.001626096316613257,0.3527466356754303,z
18,0.2292260617017746,0.7358550667762773,1,0.0,0.01,5173,171.22567749023438,187.41201782226562,0.20565013587474823,0.004489355720579624,0.4117933213710785,z
18,0.2292260617017746,0.7358550667762773,2,0.01,0.02,2513,39.988616943359375,30.50274658203125,0.22689081728458405,0.014552626758813858,0.41569483280181885,z
18,0.2292260617017746,0.7358550667762773,3,0.02,0.03,2621,25.14957046508789,16.636686325073242,0.24874486029148102,0.024890854954719543,0.39935970306396484,z
18,0.2292260617017746,0.7358550667762773,4,0.03,0.04,1897,15.925226211547852,11.912321090698242,0.237859308719635,0.03470556437969208,0.4041300117969513,z
18,0.2292260617017746,0.7358550667762773,5,0.04,0.05,1676,10.679272651672363,8.665369033813477,0.23345619440078735,0.044966623187065125,0.4235996901988983,z
18,0.2292260617017746,0.7358550667762773,6,0.05,0.06,1481,6.834153652191162,6.6210408210754395,0.21615928411483765,0.054885134100914,0.4478168785572052,z
18,0.2292260617017746,0.7358550667762773,7,0.06,0.07,1527,4.799632549285889,5.997228622436523,0.1921120136976242,0.06507723778486252,0.4398132562637329,z
18,0.2292260617017746,0.7358550667762773,8,0.07,0.08,1534,3.299003839492798,5.231914043426514,0.1736777275800705,0.07494419068098068,0.4179641604423523,z
18,0.2292260617017746,0.7358550667762773,9,0.08,0.09,1450,2.455594301223755,4.7142791748046875,0.16503030061721802,0.08494004607200623,0.4170447587966919,z
18,0.2292260617017746,0.7358550667762773,10,0.09,0.1,1493,1.3806586265563965,4.266658782958984,0.1478717178106308,0.09522358328104019,0.4038236439228058,z
18,0.2292260617017746,0.7358550667762773,11,0.1,0.11,1811,0.6920228004455566,3.6884818077087402,0.13238723576068878,0.10514645278453827,0.4287360906600952,z
18,0.2292260617017746,0.7358550667762773,12,0.11,0.12,1821,0.5143155455589294,3.202738046646118,0.1318836212158203,0.11490970849990845,0.45619693398475647,z
18,0.2292260617017746,0.7358550667762773,13,0.12,0.13,1870,0.43962401151657104,2.9128782749176025,0.1471310406923294,0.12492368370294571,0.4504011869430542,z
18,0.2292260617017746,0.7358550667762773,14,0.13,0.14,1705,0.46369990706443787,2.678030490875244,0.1658925563097,0.13504759967327118,0.44320014119148254,z
18,0.2292260617017746,0.7358550667762773,15,0.14,0.15,1666,0.35928311944007874,2.380176305770874,0.1693783849477768,0.14494480192661285,0.4493977427482605,z
18,0.2292260617017746,0.7358550667762773,16,0.15,0.16,1753,0.22133032977581024,2.2785704135894775,0.17056012153625488,0.15505963563919067,0.43665218353271484,z
18,0.2292260617017746,0.7358550667762773,17,0.16,0.17,1855,-0.07259433716535568,2.118320941925049,0.16179263591766357,0.16506272554397583,0.42848753929138184,z
18,0.2292260617017746,0.7358550667762773,18,0.17,0.18,2111,-0.04663747921586037,1.9923648834228516,0.17406077682971954,0.17511822283267975,0.43362167477607727,z
18,0.2292260617017746,0.7358550667762773,19,0.18,0.19,2266,-0.10684560239315033,1.8802707195281982,0.17645566165447235,0.1851845383644104,0.4276103079319,z
18,0.2292260617017746,0.7358550667762773,20,0.19,0.2,2432,-0.1820342093706131,1.7900075912475586,0.18150119483470917,0.1949663907289505,0.4215952754020691,z
18,0.2292260617017746,0.7358550667762773,21,0.2,0.21,2330,-0.22866275906562805,1.6754121780395508,0.1849483698606491,0.2050541192293167,0.41145434975624084,z
18,0.2292260617017746,0.7358550667762773,22,0.21,0.22,2399,-0.45799535512924194,1.6043107509613037,0.17611993849277496,0.21513770520687103,0.41552990674972534,z
18,0.2292260617017746,0.7358550667762773,23,0.22,0.23,2927,-0.5784037709236145,1.5672284364700317,0.1766127645969391,0.2251281440258026,0.41560402512550354,z
18,0.2292260617017746,0.7358550667762773,24,0.23,0.24,3522,-0.5171618461608887,1.4498354196548462,0.18531303107738495,0.2350613921880722,0.41212520003318787,z
18,0.2292260617017746,0.7358550667762773,25,0.24,0.25,5436,-0.5451371073722839,1.4041168689727783,0.18868397176265717,0.2453324794769287,0.4161648154258728,z
18,0.2292260617017746,0.7358550667762773,26,0.25,0.26,7791,-0.5088692307472229,1.2555077075958252,0.20262868702411652,0.2552673816680908,0.42397835850715637,z
18,0.2292260617017746,0.7358550667762773,27,0.26,0.27,6907,-0.7072327136993408,1.179495096206665,0.1915486603975296,0.26454097032546997,0.4224265515804291,z
18,0.2292260617017746,0.7358550667762773,28,0.27,0.28,4579,-0.751373827457428,1.158233642578125,0.19778630137443542,0.2750236392021179,0.40828657150268555,z
18,0.2292260617017746,0.7358550667762773,29,0.28,0.29,4960,-0.9037443995475769,1.237720012664795,0.19060079753398895,0.2851111888885498,0.40632307529449463,z
18,0.2292260617017746,0.7358550667762773,30,0.29,0.3,4979,-1.0162025690078735,1.2853330373764038,0.18628379702568054,0.29481950402259827,0.4000908434391022,z
18,0.2292260617017746,0.7358550667762773,31,0.3,0.31,4544,-1.4523996114730835,1.2452930212020874,0.1400311440229416,0.30490219593048096,0.406569242477417,z
18,0.2292260617017746,0.7358550667762773,32,0.31,0.32,3877,-1.8195674419403076,1.1912071704864502,0.10498473793268204,0.3147951364517212,0.41176262497901917,z
18,0.2292260617017746,0.7358550667762773,33,0.32,0.33,10661,-1.547857642173767,0.9128302335739136,0.12695731222629547,0.3255358338356018,0.43713873624801636,z
18,0.2292260617017746,0.7358550667762773,34,0.33,inf,2176,-1.8857089281082153,1.0700103044509888,0.09679166972637177,0.3341083526611328,0.4183010756969452,z
19,0.7358550667762773,794.4554443359375,0,-inf,0.0,572,-97.26510620117188,84.11164093017578,0.23718670010566711,-0.0018924683099612594,2.8844497203826904,z
19,0.7358550667762773,794.4554443359375,1,0.0,0.01,3785,56.909080505371094,62.76382827758789,0.26495039463043213,0.004582155961543322,2.7545504570007324,z
19,0.7358550667762773,794.4554443359375,2,0.01,0.02,2865,10.637774467468262,9.28618335723877,0.2607102692127228,0.014443603344261646,3.5240120887756348,z
19,0.7358550667762773,794.4554443359375,3,0.02,0.03,1494,5.172783374786377,4.948775291442871,0.2548849880695343,0.024775901809334755,4.135066032409668,z
19,0.7358550667762773,794.4554443359375,4,0.03,0.04,1326,3.2581474781036377,3.402024745941162,0.2439846247434616,0.03497568517923355,4.433757781982422,z
19,0.7358550667762773,794.4554443359375,5,0.04,0.05,1273,2.4244325160980225,2.6194634437561035,0.23953522741794586,0.04507990926504135,4.194801330566406,z
19,0.7358550667762773,794.4554443359375,6,0.05,0.06,1210,2.0412654876708984,2.1206929683685303,0.24181272089481354,0.054990820586681366,3.914141893386841,z
19,0.7358550667762773,794.4554443359375,7,0.06,0.07,1390,1.5938464403152466,1.7057136297225952,0.24077565968036652,0.0650375634431839,3.778071165084839,z
19,0.7358550667762773,794.4554443359375,8,0.07,0.08,1656,1.067555546760559,1.2752947807312012,0.23700566589832306,0.0751679539680481,4.0725417137146,z
19,0.7358550667762773,794.4554443359375,9,0.08,0.09,1683,0.9497821927070618,1.1360082626342773,0.22547195851802826,0.08495611697435379,3.3079705238342285,z
19,0.7358550667762773,794.4554443359375,10,0.09,0.1,1944,0.6940786242485046,1.001314640045166,0.2158294916152954,0.09512007981538773,3.7900807857513428,z
19,0.7358550667762773,794.4554443359375,11,0.1,0.11,2086,0.3197455108165741,1.0322856903076172,0.17630283534526825,0.10512682795524597,3.4725234508514404,z
19,0.7358550667762773,794.4554443359375,12,0.11,0.12,1868,0.3922247290611267,0.8685232996940613,0.20988528430461884,0.11504915356636047,3.49052095413208,z
19,0.7358550667762773,794.4554443359375,13,0.12,0.13,1776,0.3508354425430298,0.7685117721557617,0.21545962989330292,0.12480843812227249,3.6305272579193115,z
19,0.7358550667762773,794.4554443359375,14,0.13,0.14,1682,0.3677622079849243,0.6916301250457764,0.2305486798286438,0.13497525453567505,4.245748519897461,z
19,0.7358550667762773,794.4554443359375,15,0.14,0.15,1680,0.3300372064113617,0.6345701217651367,0.2356840968132019,0.14495454728603363,4.893274307250977,z
19,0.7358550667762773,794.4554443359375,16,0.15,0.16,1743,0.233886256814003,0.6118922233581543,0.22473938763141632,0.1551346331834793,4.318121433258057,z
19,0.7358550667762773,794.4554443359375,17,0.16,0.17,1742,0.14111106097698212,0.5519295930862427,0.22057807445526123,0.16499750316143036,4.453819274902344,z
19,0.7358550667762773,794.4554443359375,18,0.17,0.18,1791,0.12352847307920456,0.48531484603881836,0.2232654094696045,0.17510321736335754,5.430572032928467,z
19,0.7358550667762773,794.4554443359375,19,0.18,0.19,2015,0.057918231934309006,0.4529433846473694,0.20524117350578308,0.1851123571395874,7.205094337463379,z
19,0.7358550667762773,794.4554443359375,20,0.19,0.2,2304,0.04031772166490555,0.3942592442035675,0.2000245749950409,0.1950078010559082,7.3811163902282715,z
19,0.7358550667762773,794.4554443359375,21,0.2,0.21,2458,-0.024221627041697502,0.4248204827308655,0.20082110166549683,0.20498020946979523,6.874121189117432,z
19,0.7358550667762773,794.4554443359375,22,0.21,0.22,2702,-0.039198145270347595,0.3908722996711731,0.20745384693145752,0.2151259332895279,7.019620895385742,z
19,0.7358550667762773,794.4554443359375,23,0.22,0.23,3251,-0.0892348363995552,0.39405375719070435,0.20705528557300568,0.22521139681339264,7.481746673583984,z
19,0.7358550667762773,794.4554443359375,24,0.23,0.24,4167,-0.07845297455787659,0.3367330729961395,0.21363189816474915,0.23524858057498932,6.835302829742432,z
19,0.7358550667762773,794.4554443359375,25,0.24,0.25,5859,-0.09341093897819519,0.3234838545322418,0.21647627651691437,0.24539433419704437,7.184677600860596,z
19,0.7358550667762773,794.4554443359375,26,0.25,0.26,9013,-0.06943843513727188,0.2786705493927002,0.22804668545722961,0.25529006123542786,6.264476299285889,z
19,0.7358550667762773,794.4554443359375,27,0.26,0.27,9993,-0.12575680017471313,0.2800011932849884,0.2008020132780075,0.2648412585258484,5.061588764190674,z
19,0.7358550667762773,794.4554443359375,28,0.27,0.28,7669,-0.1469680368900299,0.26108136773109436,0.17115095257759094,0.2748606503009796,5.400132179260254,z
19,0.7358550667762773,794.4554443359375,29,0.28,0.29,6934,-0.18626807630062103,0.28917989134788513,0.17246128618717194,0.28482118248939514,5.360491752624512,z
19,0.7358550667762773,794.4554443359375,30,0.29,0.3,4572,-0.27147209644317627,0.3303493559360504,0.1565665304660797,0.294660747051239,4.1522135734558105,z
19,0.7358550667762773,794.4554443359375,31,0.3,0.31,3787,-0.42677703499794006,0.3946494460105896,0.1310574859380722,0.3050000071525574,3.4646239280700684,z
19,0.7358550667762773,794.4554443359375,32,0.31,0.32,3820,-0.42833584547042847,0.3461010158061981,0.1258925497531891,0.31512048840522766,2.9417953491210938,z
19,0.7358550667762773,794.4554443359375,33,0.32,0.33,8173,-0.6052473187446594,0.3053343594074249,0.09761347621679306,0.3253270983695984,1.4788392782211304,z
19,0.7358550667762773,794.4554443359375,34,0.33,inf,691,-0.8680051565170288,0.25577524304389954,0.03622117266058922,0.33354824781417847,1.1097103357315063,z
